sample_index,ros_time_sec,elapsed_sec,joint_state_valid,joint_state_stamp_sec,joint_state_age_sec,joint_state_observed_count,joint__waist_yaw_joint,joint__waist_yaw_joint__observed,joint__waist_roll_joint,joint__waist_roll_joint__observed,joint__waist_pitch_joint,joint__waist_pitch_joint__observed,joint__left_shoulder_pitch_joint,joint__left_shoulder_pitch_joint__observed,joint__left_shoulder_roll_joint,joint__left_shoulder_roll_joint__observed,joint__left_shoulder_yaw_joint,joint__left_shoulder_yaw_joint__observed,joint__left_elbow_joint,joint__left_elbow_joint__observed,joint__right_shoulder_pitch_joint,joint__right_shoulder_pitch_joint__observed,joint__right_shoulder_roll_joint,joint__right_shoulder_roll_joint__observed,joint__right_shoulder_yaw_joint,joint__right_shoulder_yaw_joint__observed,joint__right_elbow_joint,joint__right_elbow_joint__observed,joint__left_hip_pitch_joint,joint__left_hip_pitch_joint__observed,joint__left_hip_roll_joint,joint__left_hip_roll_joint__observed,joint__left_hip_yaw_joint,joint__left_hip_yaw_joint__observed,joint__right_hip_pitch_joint,joint__right_hip_pitch_joint__observed,joint__right_hip_roll_joint,joint__right_hip_roll_joint__observed,joint__right_hip_yaw_joint,joint__right_hip_yaw_joint__observed,human_valid,human_stamp_sec,human_age_sec,human_source_frame,human_frame_id,human_received_count,human_used_count,human_00_present,human_00_fresh,human_00_name,human_00_a_x_m,human_00_a_y_m,human_00_a_z_m,human_00_b_x_m,human_00_b_y_m,human_00_b_z_m,human_00_radius_m,human_01_present,human_01_fresh,human_01_name,human_01_a_x_m,human_01_a_y_m,human_01_a_z_m,human_01_b_x_m,human_01_b_y_m,human_01_b_z_m,human_01_radius_m,human_02_present,human_02_fresh,human_02_name,human_02_a_x_m,human_02_a_y_m,human_02_a_z_m,human_02_b_x_m,human_02_b_y_m,human_02_b_z_m,human_02_radius_m,human_03_present,human_03_fresh,human_03_name,human_03_a_x_m,human_03_a_y_m,human_03_a_z_m,human_03_b_x_m,human_03_b_y_m,human_03_b_z_m,human_03_radius_m,human_04_present,human_04_fresh,human_04_name,human_04_a_x_m,human_04_a_y_m,human_04_a_z_m,human_04_b_x_m,human_04_b_y_m,human_04_b_z_m,human_04_radius_m,human_05_present,human_05_fresh,human_05_name,human_05_a_x_m,human_05_a_y_m,human_05_a_z_m,human_05_b_x_m,human_05_b_y_m,human_05_b_z_m,human_05_radius_m,human_06_present,human_06_fresh,human_06_name,human_06_a_x_m,human_06_a_y_m,human_06_a_z_m,human_06_b_x_m,human_06_b_y_m,human_06_b_z_m,human_06_radius_m,human_07_present,human_07_fresh,human_07_name,human_07_a_x_m,human_07_a_y_m,human_07_a_z_m,human_07_b_x_m,human_07_b_y_m,human_07_b_z_m,human_07_radius_m,human_08_present,human_08_fresh,human_08_name,human_08_a_x_m,human_08_a_y_m,human_08_a_z_m,human_08_b_x_m,human_08_b_y_m,human_08_b_z_m,human_08_radius_m,human_09_present,human_09_fresh,human_09_name,human_09_a_x_m,human_09_a_y_m,human_09_a_z_m,human_09_b_x_m,human_09_b_y_m,human_09_b_z_m,human_09_radius_m,human_10_present,human_10_fresh,human_10_name,human_10_a_x_m,human_10_a_y_m,human_10_a_z_m,human_10_b_x_m,human_10_b_y_m,human_10_b_z_m,human_10_radius_m,odom_valid,odom_stamp_sec,odom_age_sec,odom_frame_id,odom_child_frame_id,odom_x_m,odom_y_m,cbf_enabled,external_enabled,workspace_valid,workspace_stamp_sec,workspace_age_sec,workspace_frame_id,workspace_child_frame_id,workspace_enabled,workspace_capture_pending,workspace_generation,workspace_center_x_m,workspace_center_y_m,workspace_center_z_m,workspace_qx,workspace_qy,workspace_qz,workspace_qw,workspace_radius_m,workspace_activation_valid,workspace_activation_generation,workspace_activation_stamp_sec,workspace_activation_frame_id,workspace_activation_child_frame_id,workspace_activation_center_x_m,workspace_activation_center_y_m,workspace_activation_qx,workspace_activation_qy,workspace_activation_qz,workspace_activation_qw,workspace_path_valid,workspace_path_stamp_sec,workspace_path_age_sec,workspace_path_frame_id,workspace_path_sequence,workspace_path_point_count,workspace_path_xy_json,tf_valid,tf_stamp_sec,tf_age_sec,tf_world_frame,tf_pelvis_frame,tf_world_pelvis_tx_m,tf_world_pelvis_ty_m,tf_world_pelvis_tz_m,tf_world_pelvis_qx,tf_world_pelvis_qy,tf_world_pelvis_qz,tf_world_pelvis_qw,collision_geometry,internal_margin_phi_m,external_margin_phi_m,external_torso_margin_phi_m,human_timeout_sec,tf_stale_timeout_sec
0,1784928599.4659743,0.10670748446136713,1,1784928599.4648652,0.0011091232299804688,17,0.002243576105684042,1,0.0054705506190657616,1,0.008102229796350002,1,0.3683696985244751,1,0.6180331707000732,1,-1.625440518182586e-06,1,0.8188835978507996,1,0.3227952718734741,1,-0.6726878881454468,1,-4.1759543819352984e-05,1,1.0097898244857788,1,-0.13061194121837616,1,0.002481781877577305,1,0.00816589966416359,1,-0.06181489676237106,1,-0.04050995409488678,1,0.005436825565993786,1,0,,,,,,,,,,,,,,,,,,,,,,,,,,,,,,,,,,,,,,,,,,,,,,,,,,,,,,,,,,,,,,,,,,,,,,,,,,,,,,,,,,,,,,,,,,,,,,,,,,,,,,,,,,,,,,,,,,,,,1,1784928599.4644556,0.0015187263488769531,world,base_footprint,-0.06648018419796717,0.0030190386329215406,1,0,1,1784928593.86561,5.600364446640015,world,workspace,1,0,2,-0.0721911355745298,-0.0005509412263589577,0.0,0.0,0.0,-0.10574687133817579,0.994393080829803,1.5,1,2,1784928593.86561,world,workspace,-0.0721911355745298,-0.0005509412263589577,0.0,0.0,-0.10574687133817579,0.994393080829803,1,1784928593.865948,5.600026369094849,workspace,1,321,"[[0.0,0.0],[0.05,0.0],[0.1,0.0],[0.15,0.0],[0.2,0.0],[0.25,0.0],[0.3,0.0],[0.35,0.0],[0.4,0.0],[0.45,0.0],[0.5,0.0],[0.55,0.0],[0.6,0.0],[0.65,0.0],[0.7,0.0],[0.75,0.0],[0.8,0.0],[0.85,0.0],[0.9,0.0],[0.95,0.0],[1.0,0.0],[1.0,0.05],[1.0,0.1],[1.0,0.15],[1.0,0.2],[1.0,0.25],[1.0,0.3],[1.0,0.35000000000000003],[1.0,0.4],[1.0,0.44999999999999996],[1.0,0.5],[1.0,0.55],[1.0,0.6],[1.0,0.65],[1.0,0.7000000000000001],[1.0,0.75],[1.0,0.8],[1.0,0.8500000000000001],[1.0,0.8999999999999999],[1.0,0.95],[1.0,1.0],[1.0,1.05],[1.0,1.1],[1.0,1.1500000000000001],[1.0,1.2],[1.0,1.25],[1.0,1.3],[1.0,1.35],[1.0,1.4000000000000001],[1.0,1.45],[1.0,1.5],[1.0,1.55],[1.0,1.6],[1.0,1.6500000000000001],[1.0,1.7000000000000002],[1.0,1.75],[1.0,1.7999999999999998],[1.0,1.85],[1.0,1.9],[1.0,1.9500000000000002],[1.0,2.0],[1.0,2.05],[1.0,2.1],[1.0,2.15],[1.0,2.2],[1.0,2.25],[1.0,2.3000000000000003],[1.0,2.3499999999999996],[1.0,2.4],[1.0,2.45],[1.0,2.5],[0.95,2.5],[0.9,2.5],[0.85,2.5],[0.8,2.5],[0.75,2.5],[0.7,2.5],[0.65,2.5],[0.6,2.5],[0.55,2.5],[0.5,2.5],[0.44999999999999996,2.5],[0.4,2.5],[0.35,2.5],[0.30000000000000004,2.5],[0.25,2.5],[0.19999999999999996,2.5],[0.15000000000000002,2.5],[0.09999999999999998,2.5],[0.050000000000000044,2.5],[0.0,2.5],[-0.050000000000000044,2.5],[-0.10000000000000009,2.5],[-0.1499999999999999,2.5],[-0.19999999999999996,2.5],[-0.25,2.5],[-0.30000000000000004,2.5],[-0.3500000000000001,2.5],[-0.3999999999999999,2.5],[-0.44999999999999996,2.5],[-0.5,2.5],[-0.55,2.5],[-0.6000000000000001,2.5],[-0.6499999999999999,2.5],[-0.7,2.5],[-0.75,2.5],[-0.8,2.5],[-0.8500000000000001,2.5],[-0.8999999999999999,2.5],[-0.95,2.5],[-1.0,2.5],[-1.0,2.45],[-1.0,2.4],[-1.0,2.35],[-1.0,2.3],[-1.0,2.25],[-1.0,2.2],[-1.0,2.15],[-1.0,2.1],[-1.0,2.05],[-1.0,2.0],[-1.0,1.95],[-1.0,1.9],[-1.0,1.85],[-1.0,1.7999999999999998],[-1.0,1.75],[-1.0,1.7],[-1.0,1.65],[-1.0,1.6],[-1.0,1.55],[-1.0,1.5],[-1.0,1.45],[-1.0,1.4],[-1.0,1.3499999999999999],[-1.0,1.3],[-1.0,1.25],[-1.0,1.2],[-1.0,1.15],[-1.0,1.0999999999999999],[-1.0,1.05],[-1.0,1.0],[-1.0,0.95],[-1.0,0.8999999999999999],[-1.0,0.8499999999999999],[-1.0,0.7999999999999998],[-1.0,0.75],[-1.0,0.7000000000000002],[-1.0,0.6499999999999999],[-1.0,0.6000000000000001],[-1.0,0.5499999999999998],[-1.0,0.5],[-1.0,0.4500000000000002],[-1.0,0.3999999999999999],[-1.0,0.3500000000000001],[-1.0,0.2999999999999998],[-1.0,0.25],[-1.0,0.19999999999999973],[-1.0,0.15000000000000036],[-1.0,0.10000000000000009],[-1.0,0.04999999999999982],[-1.0,0.0],[-1.0,-0.04999999999999982],[-1.0,-0.10000000000000009],[-1.0,-0.15000000000000036],[-1.0,-0.20000000000000018],[-1.0,-0.25],[-1.0,-0.30000000000000027],[-1.0,-0.34999999999999964],[-1.0,-0.3999999999999999],[-1.0,-0.44999999999999973],[-1.0,-0.5],[-1.0,-0.5499999999999998],[-1.0,-0.6000000000000001],[-1.0,-0.6499999999999999],[-1.0,-0.7000000000000002],[-1.0,-0.75],[-1.0,-0.8000000000000003],[-1.0,-0.8500000000000001],[-1.0,-0.9000000000000004],[-1.0,-0.9499999999999997],[-1.0,-1.0],[-1.0,-1.0499999999999998],[-1.0,-1.0999999999999996],[-1.0,-1.15],[-1.0,-1.2000000000000002],[-1.0,-1.25],[-1.0,-1.2999999999999998],[-1.0,-1.35],[-1.0,-1.4000000000000004],[-1.0,-1.4500000000000002],[-1.0,-1.5],[-1.0,-1.5500000000000007],[-1.0,-1.5999999999999996],[-1.0,-1.6499999999999995],[-1.0,-1.7000000000000002],[-1.0,-1.75],[-1.0,-1.7999999999999998],[-1.0,-1.8499999999999996],[-1.0,-1.9000000000000004],[-1.0,-1.9500000000000002],[-1.0,-2.0],[-1.0,-2.05],[-1.0,-2.1000000000000005],[-1.0,-2.1500000000000004],[-1.0,-2.1999999999999993],[-1.0,-2.25],[-1.0,-2.3],[-1.0,-2.3499999999999996],[-1.0,-2.4000000000000004],[-1.0,-2.45],[-1.0,-2.5],[-0.95,-2.5],[-0.9,-2.5],[-0.85,-2.5],[-0.8,-2.5],[-0.75,-2.5],[-0.7,-2.5],[-0.65,-2.5],[-0.6,-2.5],[-0.55,-2.5],[-0.5,-2.5],[-0.44999999999999996,-2.5],[-0.4,-2.5],[-0.35,-2.5],[-0.30000000000000004,-2.5],[-0.25,-2.5],[-0.19999999999999996,-2.5],[-0.15000000000000002,-2.5],[-0.09999999999999998,-2.5],[-0.050000000000000044,-2.5],[0.0,-2.5],[0.050000000000000044,-2.5],[0.10000000000000009,-2.5],[0.1499999999999999,-2.5],[0.19999999999999996,-2.5],[0.25,-2.5],[0.30000000000000004,-2.5],[0.3500000000000001,-2.5],[0.3999999999999999,-2.5],[0.44999999999999996,-2.5],[0.5,-2.5],[0.55,-2.5],[0.6000000000000001,-2.5],[0.6499999999999999,-2.5],[0.7,-2.5],[0.75,-2.5],[0.8,-2.5],[0.8500000000000001,-2.5],[0.8999999999999999,-2.5],[0.95,-2.5],[1.0,-2.5],[1.0,-2.45],[1.0,-2.4],[1.0,-2.35],[1.0,-2.3],[1.0,-2.25],[1.0,-2.2],[1.0,-2.15],[1.0,-2.1],[1.0,-2.05],[1.0,-2.0],[1.0,-1.95],[1.0,-1.9],[1.0,-1.85],[1.0,-1.7999999999999998],[1.0,-1.75],[1.0,-1.7],[1.0,-1.65],[1.0,-1.6],[1.0,-1.55],[1.0,-1.5],[1.0,-1.45],[1.0,-1.4],[1.0,-1.3499999999999999],[1.0,-1.3],[1.0,-1.25],[1.0,-1.2],[1.0,-1.15],[1.0,-1.0999999999999999],[1.0,-1.05],[1.0,-1.0],[1.0,-0.95],[1.0,-0.8999999999999999],[1.0,-0.8499999999999999],[1.0,-0.7999999999999998],[1.0,-0.75],[1.0,-0.7000000000000002],[1.0,-0.6499999999999999],[1.0,-0.6000000000000001],[1.0,-0.5499999999999998],[1.0,-0.5],[1.0,-0.4500000000000002],[1.0,-0.3999999999999999],[1.0,-0.3500000000000001],[1.0,-0.2999999999999998],[1.0,-0.25],[1.0,-0.19999999999999973],[1.0,-0.15000000000000036],[1.0,-0.10000000000000009],[1.0,-0.04999999999999982],[1.0,0.0],[0.95,0.0],[0.9,0.0],[0.85,0.0],[0.8,0.0],[0.75,0.0],[0.7,0.0],[0.65,0.0],[0.6,0.0],[0.55,0.0],[0.5,0.0],[0.44999999999999996,0.0],[0.4,0.0],[0.35,0.0],[0.30000000000000004,0.0],[0.25,0.0],[0.19999999999999996,0.0],[0.15000000000000002,0.0],[0.09999999999999998,0.0],[0.050000000000000044,0.0],[0.0,0.0]]",1,1784928599.4644556,0.0015187263488769531,world,pelvis,-0.07229897176957992,-0.0005075541282546308,0.7816273154383093,0.002623125504390932,-0.00345536750963876,-0.10426671373630104,0.994539909734443,capsules,0.05,0.5,0.1,0.5,0.5
1,1784928599.566021,0.20675396267324686,1,1784928599.5647302,0.0012907981872558594,17,0.0016982255037873983,1,0.0035935048945248127,1,-0.0020554927177727222,1,0.36922749876976013,1,0.6188701391220093,1,6.26902183284983e-05,1,0.8189632892608643,1,0.3238917291164398,1,-0.6714150905609131,1,4.347192952991463e-05,1,1.0097789764404297,1,-0.1336597353219986,1,0.0047719432041049,1,0.009507124312222004,1,-0.0647512748837471,1,-0.038527511060237885,1,0.0065339067950844765,1,0,,,,,,,,,,,,,,,,,,,,,,,,,,,,,,,,,,,,,,,,,,,,,,,,,,,,,,,,,,,,,,,,,,,,,,,,,,,,,,,,,,,,,,,,,,,,,,,,,,,,,,,,,,,,,,,,,,,,,1,1784928599.564457,0.00156402587890625,world,base_footprint,-0.06965920709960438,0.0026623633494703694,1,0,1,1784928593.86561,5.700411081314087,world,workspace,1,0,2,-0.0721911355745298,-0.0005509412263589577,0.0,0.0,0.0,-0.10574687133817579,0.994393080829803,1.5,1,2,1784928593.86561,world,workspace,-0.0721911355745298,-0.0005509412263589577,0.0,0.0,-0.10574687133817579,0.994393080829803,1,1784928593.865948,5.700073003768921,workspace,1,321,,1,1784928599.5654593,0.0005617141723632812,world,pelvis,-0.07159528884839789,-0.0012510397854430168,0.7817807989009303,0.002611137865666436,-0.0009651967032546677,-0.10515978876563019,0.9944514413389618,capsules,0.05,0.5,0.1,0.5,0.5
2,1784928599.6660473,0.3067813953384757,1,1784928599.6657057,0.00034165382385253906,17,-0.0013135360786691308,1,0.0010458816541358829,1,0.002263906877487898,1,0.3666094243526459,1,0.6180981993675232,1,2.0256080460967496e-05,1,0.8187668323516846,1,0.32404157519340515,1,-0.6717113256454468,1,-2.0218974896124564e-05,1,1.0097342729568481,1,-0.13118699193000793,1,0.0028756384272128344,1,0.00757786026224494,1,-0.06389781087636948,1,-0.04046100005507469,1,0.0046251872554421425,1,0,,,,,,,,,,,,,,,,,,,,,,,,,,,,,,,,,,,,,,,,,,,,,,,,,,,,,,,,,,,,,,,,,,,,,,,,,,,,,,,,,,,,,,,,,,,,,,,,,,,,,,,,,,,,,,,,,,,,,1,1784928599.664454,0.0015933513641357422,world,base_footprint,-0.06839379900384618,0.0031945782557299125,1,0,1,1784928593.86561,5.8004374504089355,world,workspace,1,0,2,-0.0721911355745298,-0.0005509412263589577,0.0,0.0,0.0,-0.10574687133817579,0.994393080829803,1.5,1,2,1784928593.86561,world,workspace,-0.0721911355745298,-0.0005509412263589577,0.0,0.0,-0.10574687133817579,0.994393080829803,1,1784928593.865948,5.8000993728637695,workspace,1,321,,1,1784928599.6644542,0.0015931129455566406,world,pelvis,-0.07148707275870367,-0.001675077751502305,0.7817652855338774,0.0032931901670510445,-0.0016385679537137055,-0.10402557673544377,0.9945678204016271,capsules,0.05,0.5,0.1,0.5,0.5
3,1784928599.7660687,0.4068045802414417,1,1784928599.7649295,0.0011391639709472656,17,-0.002310024341568351,1,8.765581878833473e-05,1,0.0073000285774469376,1,0.3656301498413086,1,0.6187489032745361,1,4.314117904868908e-05,1,0.818617045879364,1,0.3244568407535553,1,-0.6717673540115356,1,-1.8537559299147688e-05,1,1.0096911191940308,1,-0.13560104370117188,1,0.0030170895624905825,1,0.005227621644735336,1,-0.06769609451293945,1,-0.040702756494283676,1,0.0011813004966825247,1,0,,,,,,,,,,,,,,,,,,,,,,,,,,,,,,,,,,,,,,,,,,,,,,,,,,,,,,,,,,,,,,,,,,,,,,,,,,,,,,,,,,,,,,,,,,,,,,,,,,,,,,,,,,,,,,,,,,,,,1,1784928599.764455,0.001613616943359375,world,base_footprint,-0.06974546806731757,0.0029500089434775223,1,0,1,1784928593.86561,5.900458812713623,world,workspace,1,0,2,-0.0721911355745298,-0.0005509412263589577,0.0,0.0,0.0,-0.10574687133817579,0.994393080829803,1.5,1,2,1784928593.86561,world,workspace,-0.0721911355745298,-0.0005509412263589577,0.0,0.0,-0.10574687133817579,0.994393080829803,1,1784928593.865948,5.900120735168457,workspace,1,321,,1,1784928599.7654586,0.0006101131439208984,world,pelvis,-0.07259075411468606,-0.0020210358772330093,0.7815978671387231,0.0033392925848270724,-0.0014785288125534837,-0.10285124115818438,0.9946900448229109,capsules,0.05,0.5,0.1,0.5,0.5
4,1784928599.8659205,0.5066536413505673,1,1784928599.8654,0.0005204677581787109,17,-0.0012922881869599223,1,-0.0008270582766272128,1,0.012593943625688553,1,0.36626601219177246,1,0.6187440156936646,1,4.220434857415967e-05,1,0.8186973333358765,1,0.32439932227134705,1,-0.6711827516555786,1,-1.1883777006005403e-05,1,1.0097662210464478,1,-0.13076063990592957,1,0.0022027050144970417,1,0.0055090999230742455,1,-0.06562642008066177,1,-0.04174758121371269,1,0.001695356797426939,1,0,,,,,,,,,,,,,,,,,,,,,,,,,,,,,,,,,,,,,,,,,,,,,,,,,,,,,,,,,,,,,,,,,,,,,,,,,,,,,,,,,,,,,,,,,,,,,,,,,,,,,,,,,,,,,,,,,,,,,1,1784928599.8644586,0.0014619827270507812,world,base_footprint,-0.06761482579324071,0.0031740041235054145,1,0,1,1784928593.86561,6.000310659408569,world,workspace,1,0,2,-0.0721911355745298,-0.0005509412263589577,0.0,0.0,0.0,-0.10574687133817579,0.994393080829803,1.5,1,2,1784928593.86561,world,workspace,-0.0721911355745298,-0.0005509412263589577,0.0,0.0,-0.10574687133817579,0.994393080829803,1,1784928593.865948,5.999972581863403,workspace,1,321,,1,1784928599.8644586,0.0014619827270507812,world,pelvis,-0.07345729882187849,-0.0019062333275819505,0.7816670271060472,0.003605063560669118,-0.003372296819881886,-0.10283605917838633,0.994686069100971,capsules,0.05,0.5,0.1,0.5,0.5
5,1784928599.965947,0.606678269803524,1,1784928599.9654431,0.0005037784576416016,17,0.00016971127479337156,1,0.0023859147913753986,1,0.00410395348444581,1,0.3683649003505707,1,0.6188188195228577,1,-1.942515154951252e-05,1,0.8187989592552185,1,0.32623177766799927,1,-0.6713337898254395,1,-2.0537961972877383e-05,1,1.0098199844360352,1,-0.1356336921453476,1,0.005120669025927782,1,0.0061287726275622845,1,-0.06614100933074951,1,-0.03920402005314827,1,0.002045129891484976,1,0,,,,,,,,,,,,,,,,,,,,,,,,,,,,,,,,,,,,,,,,,,,,,,,,,,,,,,,,,,,,,,,,,,,,,,,,,,,,,,,,,,,,,,,,,,,,,,,,,,,,,,,,,,,,,,,,,,,,,1,1784928599.9644547,0.0014922618865966797,world,base_footprint,-0.07015919737580521,0.0020707177841584132,1,0,1,1784928593.86561,6.100337028503418,world,workspace,1,0,2,-0.0721911355745298,-0.0005509412263589577,0.0,0.0,0.0,-0.10574687133817579,0.994393080829803,1.5,1,2,1784928593.86561,world,workspace,-0.0721911355745298,-0.0005509412263589577,0.0,0.0,-0.10574687133817579,0.994393080829803,1,1784928593.865948,6.099998950958252,workspace,1,321,,1,1784928599.9644547,0.0014922618865966797,world,pelvis,-0.07344584449608936,-0.0017669860711516214,0.7817262036461385,0.0026505745831033756,-0.001831141306791652,-0.10346099904177179,0.9946282939134461,capsules,0.05,0.5,0.1,0.5,0.5
6,1784928600.0659668,0.7067005531862378,1,1784928600.065314,0.0006527900695800781,17,-0.0014237703289836645,1,0.002139023970812559,1,-0.000633488642051816,1,0.3679361939430237,1,0.6190325021743774,1,-1.1183666401848313e-06,1,0.8188100457191467,1,0.32633453607559204,1,-0.671201229095459,1,-2.625716479087714e-05,1,1.0098679065704346,1,-0.13497118651866913,1,0.004486345686018467,1,0.00418807752430439,1,-0.06404928863048553,1,-0.03958392143249512,1,0.0011473405174911022,1,0,,,,,,,,,,,,,,,,,,,,,,,,,,,,,,,,,,,,,,,,,,,,,,,,,,,,,,,,,,,,,,,,,,,,,,,,,,,,,,,,,,,,,,,,,,,,,,,,,,,,,,,,,,,,,,,,,,,,,1,1784928600.0644581,0.0015087127685546875,world,base_footprint,-0.06946078498683217,0.0019345242870089773,1,0,1,1784928593.86561,6.200356960296631,world,workspace,1,0,2,-0.0721911355745298,-0.0005509412263589577,0.0,0.0,0.0,-0.10574687133817579,0.994393080829803,1.5,1,2,1784928593.86561,world,workspace,-0.0721911355745298,-0.0005509412263589577,0.0,0.0,-0.10574687133817579,0.994393080829803,1,1784928593.865948,6.200018882751465,workspace,1,321,,1,1784928600.0644581,0.0015087127685546875,world,pelvis,-0.07300470903437092,-0.0019223233637293553,0.7817350911219446,0.002678026170925076,-0.0019952692469976975,-0.10263217967914119,0.9947137692677066,capsules,0.05,0.5,0.1,0.5,0.5
7,1784928600.1663375,0.8070868439972401,1,1784928600.1651914,0.001146078109741211,17,0.0006074943230487406,1,0.0018398507963865995,1,0.0043638283386826515,1,0.3666249215602875,1,0.618735134601593,1,-2.0675326595664956e-05,1,0.8187551498413086,1,0.32476985454559326,1,-0.6714802384376526,1,-4.236075983499177e-05,1,1.009771466255188,1,-0.12991727888584137,1,0.0020970662590116262,1,0.007492982782423496,1,-0.0653110221028328,1,-0.042616356164216995,1,0.004496350884437561,1,0,,,,,,,,,,,,,,,,,,,,,,,,,,,,,,,,,,,,,,,,,,,,,,,,,,,,,,,,,,,,,,,,,,,,,,,,,,,,,,,,,,,,,,,,,,,,,,,,,,,,,,,,,,,,,,,,,,,,,1,1784928600.1634545,0.0028829574584960938,world,base_footprint,-0.06644628793480721,0.0036802673601380557,1,0,1,1784928593.86561,6.300727605819702,world,workspace,1,0,2,-0.0721911355745298,-0.0005509412263589577,0.0,0.0,0.0,-0.10574687133817579,0.994393080829803,1.5,1,2,1784928593.86561,world,workspace,-0.0721911355745298,-0.0005509412263589577,0.0,0.0,-0.10574687133817579,0.994393080829803,1,1784928593.865948,6.300389528274536,workspace,1,321,,1,1784928600.1654541,0.0008833408355712891,world,pelvis,-0.07340237731807647,-0.0010131461418035398,0.781557903328205,0.0034509091739401854,-0.0040548971224315675,-0.10402458633548416,0.9945604730095255,capsules,0.05,0.5,0.1,0.5,0.5
8,1784928600.2659552,0.9066879963502288,1,1784928600.2648163,0.001138925552368164,17,0.0012163016945123672,1,0.0036736116744577885,1,0.0005918001406826079,1,0.36726438999176025,1,0.6177344918251038,1,-4.856831219512969e-05,1,0.8187589049339294,1,0.32473891973495483,1,-0.671310544013977,1,-6.493276305263862e-05,1,1.0097585916519165,1,-0.1340702772140503,1,0.0034498758614063263,1,0.008340153843164444,1,-0.0670473650097847,1,-0.041498567909002304,1,0.00554105406627059,1,0,,,,,,,,,,,,,,,,,,,,,,,,,,,,,,,,,,,,,,,,,,,,,,,,,,,,,,,,,,,,,,,,,,,,,,,,,,,,,,,,,,,,,,,,,,,,,,,,,,,,,,,,,,,,,,,,,,,,,1,1784928600.2644584,0.0014967918395996094,world,base_footprint,-0.06954194420698517,0.003729369215959836,1,0,1,1784928593.86561,6.400345325469971,world,workspace,1,0,2,-0.0721911355745298,-0.0005509412263589577,0.0,0.0,0.0,-0.10574687133817579,0.994393080829803,1.5,1,2,1784928593.86561,world,workspace,-0.0721911355745298,-0.0005509412263589577,0.0,0.0,-0.10574687133817579,0.994393080829803,1,1784928593.865948,6.400007247924805,workspace,1,321,,1,1784928600.2644584,0.0014967918395996094,world,pelvis,-0.07357735019036458,-0.0005706104770808406,0.7817585694776444,0.002995908857267773,-0.002271840868668765,-0.10467381924084329,0.9944994996653954,capsules,0.05,0.5,0.1,0.5,0.5
9,1784928600.3659744,1.0067110322415829,1,1784928600.3653114,0.0006630420684814453,17,-0.001213535782881081,1,0.0002000461972784251,1,0.007736900821328163,1,0.36652448773384094,1,0.621674120426178,1,0.00011895368515979499,1,0.818701982498169,1,0.3225260376930237,1,-0.6681609749794006,1,6.31457005511038e-05,1,1.0097124576568604,1,-0.13373762369155884,1,0.005848935805261135,1,0.005700828041881323,1,-0.06586325168609619,1,-0.03904842957854271,1,0.003265947103500366,1,0,,,,,,,,,,,,,,,,,,,,,,,,,,,,,,,,,,,,,,,,,,,,,,,,,,,,,,,,,,,,,,,,,,,,,,,,,,,,,,,,,,,,,,,,,,,,,,,,,,,,,,,,,,,,,,,,,,,,,1,1784928600.3644555,0.0015189647674560547,world,base_footprint,-0.06857047003042249,0.001594110498880022,1,0,1,1784928593.86561,6.500364542007446,world,workspace,1,0,2,-0.0721911355745298,-0.0005509412263589577,0.0,0.0,0.0,-0.10574687133817579,0.994393080829803,1.5,1,2,1784928593.86561,world,workspace,-0.0721911355745298,-0.0005509412263589577,0.0,0.0,-0.10574687133817579,0.994393080829803,1,1784928593.865948,6.50002646446228,workspace,1,321,,1,1784928600.3644555,0.0015189647674560547,world,pelvis,-0.07504136420106161,-0.0017059731151831399,0.7816787684940915,0.0025217376002179344,-0.0038846663251139732,-0.10398250921038187,0.9945683425412911,capsules,0.05,0.5,0.1,0.5,0.5
10,1784928600.465949,1.1066833231598139,1,1784928600.46545,0.0004990100860595703,17,-0.00023098244855646044,1,0.0015037639532238245,1,0.0014936585212126374,1,0.36705318093299866,1,0.619297206401825,1,-2.162640703318175e-05,1,0.8187878727912903,1,0.32425132393836975,1,-0.6696643829345703,1,-2.789803511404898e-05,1,1.009839653968811,1,-0.1342397779226303,1,0.004989798180758953,1,0.005796023178845644,1,-0.0679563581943512,1,-0.040023453533649445,1,0.003744060406461358,1,0,,,,,,,,,,,,,,,,,,,,,,,,,,,,,,,,,,,,,,,,,,,,,,,,,,,,,,,,,,,,,,,,,,,,,,,,,,,,,,,,,,,,,,,,,,,,,,,,,,,,,,,,,,,,,,,,,,,,,1,1784928600.4634564,0.002492666244506836,world,base_footprint,-0.0707198484905523,0.002650591953403964,1,0,1,1784928593.86561,6.60033917427063,world,workspace,1,0,2,-0.0721911355745298,-0.0005509412263589577,0.0,0.0,0.0,-0.10574687133817579,0.994393080829803,1.5,1,2,1784928593.86561,world,workspace,-0.0721911355745298,-0.0005509412263589577,0.0,0.0,-0.10574687133817579,0.994393080829803,1,1784928593.865948,6.600001096725464,workspace,1,321,,1,1784928600.4644554,0.001493692398071289,world,pelvis,-0.07501794168180907,-0.001549065523099121,0.7819124857660519,0.002944117294485203,-0.0024505422145715294,-0.10391730646355564,0.9945785642339022,capsules,0.05,0.5,0.1,0.5,0.5
11,1784928600.565897,1.2066280143335462,1,1784928600.5656269,0.0002701282501220703,17,-0.00031447000219486654,1,0.003900532377883792,1,-0.0035163089632987976,1,0.36828193068504333,1,0.6178736090660095,1,-7.035298767732456e-05,1,0.818806529045105,1,0.3257666826248169,1,-0.6701064109802246,1,-8.202036406146362e-05,1,1.0098508596420288,1,-0.13586854934692383,1,0.005840902216732502,1,0.006888234056532383,1,-0.06668373197317123,1,-0.03963352367281914,1,0.00391056202352047,1,0,,,,,,,,,,,,,,,,,,,,,,,,,,,,,,,,,,,,,,,,,,,,,,,,,,,,,,,,,,,,,,,,,,,,,,,,,,,,,,,,,,,,,,,,,,,,,,,,,,,,,,,,,,,,,,,,,,,,,1,1784928600.5644548,0.0014421939849853516,world,base_footprint,-0.07253260605149475,0.0026494791420578947,1,0,1,1784928593.86561,6.700287103652954,world,workspace,1,0,2,-0.0721911355745298,-0.0005509412263589577,0.0,0.0,0.0,-0.10574687133817579,0.994393080829803,1.5,1,2,1784928593.86561,world,workspace,-0.0721911355745298,-0.0005509412263589577,0.0,0.0,-0.10574687133817579,0.994393080829803,1,1784928593.865948,6.699949026107788,workspace,1,321,,1,1784928600.565455,0.0004420280456542969,world,pelvis,-0.07417645573108081,-0.0013234944048065903,0.7821303251525716,0.002680088668363181,-0.00085562845374951,-0.10442053210683122,0.9945292542199073,capsules,0.05,0.5,0.1,0.5,0.5
12,1784928600.6663463,1.3070814795792103,1,1784928600.6646597,0.0016865730285644531,17,-0.0016938407206907868,1,0.0021439087577164173,1,0.004734272137284279,1,0.3669466972351074,1,0.620871901512146,1,9.938459697877988e-05,1,0.8187462091445923,1,0.324783056974411,1,-0.6674811840057373,1,5.0880524213425815e-05,1,1.0097854137420654,1,-0.13330380618572235,1,0.005792810581624508,1,0.005074786022305489,1,-0.06515633314847946,1,-0.03972996771335602,1,0.0024812298361212015,1,0,,,,,,,,,,,,,,,,,,,,,,,,,,,,,,,,,,,,,,,,,,,,,,,,,,,,,,,,,,,,,,,,,,,,,,,,,,,,,,,,,,,,,,,,,,,,,,,,,,,,,,,,,,,,,,,,,,,,,1,1784928600.664458,0.001888275146484375,world,base_footprint,-0.06973064709830931,0.0019202655021680925,1,0,1,1784928593.86561,6.800736427307129,world,workspace,1,0,2,-0.0721911355745298,-0.0005509412263589577,0.0,0.0,0.0,-0.10574687133817579,0.994393080829803,1.5,1,2,1784928593.86561,world,workspace,-0.0721911355745298,-0.0005509412263589577,0.0,0.0,-0.10574687133817579,0.994393080829803,1,1784928593.865948,6.800398349761963,workspace,1,321,,1,1784928600.6654592,0.0008871555328369141,world,pelvis,-0.07422975505828977,-0.0017755639921919156,0.7818907499883239,0.002640980676843092,-0.0026090165625052585,-0.1036105001656113,0.9946110207056189,capsules,0.05,0.5,0.1,0.5,0.5
13,1784928600.7659512,1.4066838948056102,1,1784928600.7650487,0.0009024143218994141,17,-0.0004922476946376264,1,0.0013687764294445515,1,0.010208451189100742,1,0.36685046553611755,1,0.6201336979866028,1,7.98223936726572e-06,1,0.8187423348426819,1,0.3248213529586792,1,-0.6688205003738403,1,-1.2287453500903212e-05,1,1.0098474025726318,1,-0.13014163076877594,1,0.005156889092177153,1,0.005492259748280048,1,-0.0627961978316307,1,-0.04060543701052666,1,0.003308040788397193,1,0,,,,,,,,,,,,,,,,,,,,,,,,,,,,,,,,,,,,,,,,,,,,,,,,,,,,,,,,,,,,,,,,,,,,,,,,,,,,,,,,,,,,,,,,,,,,,,,,,,,,,,,,,,,,,,,,,,,,,1,1784928600.7644575,0.001493692398071289,world,base_footprint,-0.06608532266814195,0.001711012244056594,1,0,1,1784928593.86561,6.900341272354126,world,workspace,1,0,2,-0.0721911355745298,-0.0005509412263589577,0.0,0.0,0.0,-0.10574687133817579,0.994393080829803,1.5,1,2,1784928593.86561,world,workspace,-0.0721911355745298,-0.0005509412263589577,0.0,0.0,-0.10574687133817579,0.994393080829803,1,1784928593.865948,6.90000319480896,workspace,1,321,,1,1784928600.7644575,0.001493692398071289,world,pelvis,-0.07407891788227206,-0.001961948836465676,0.7815692519276486,0.00285763412417268,-0.004826482212721667,-0.10366679613257715,0.9945962670230918,capsules,0.05,0.5,0.1,0.5,0.5
14,1784928600.8659656,1.5066997269168496,1,1784928600.865203,0.0007627010345458984,17,0.0010930103017017245,1,0.0034686634317040443,1,-0.0022828923538327217,1,0.36967191100120544,1,0.6191095113754272,1,-4.71763669338543e-05,1,0.8189087510108948,1,0.32638072967529297,1,-0.6694777011871338,1,2.416431925666984e-07,1,1.009891152381897,1,-0.13538962602615356,1,0.006863604765385389,1,0.007141205947846174,1,-0.06645216792821884,1,-0.03916046395897865,1,0.005049366038292646,1,0,,,,,,,,,,,,,,,,,,,,,,,,,,,,,,,,,,,,,,,,,,,,,,,,,,,,,,,,,,,,,,,,,,,,,,,,,,,,,,,,,,,,,,,,,,,,,,,,,,,,,,,,,,,,,,,,,,,,,1,1784928600.8644538,0.0015118122100830078,world,base_footprint,-0.07100565662739493,0.0020904260558349697,1,0,1,1784928593.86561,7.0003557205200195,world,workspace,1,0,2,-0.0721911355745298,-0.0005509412263589577,0.0,0.0,0.0,-0.10574687133817579,0.994393080829803,1.5,1,2,1784928593.86561,world,workspace,-0.0721911355745298,-0.0005509412263589577,0.0,0.0,-0.10574687133817579,0.994393080829803,1,1784928593.865948,7.0000176429748535,workspace,1,321,,1,1784928600.864454,0.0015115737915039062,world,pelvis,-0.07319278315586866,-0.0017976262127185642,0.7818424211673507,0.0026114888044650097,-0.0011270194793368562,-0.10479960802351444,0.9944892921049654,capsules,0.05,0.5,0.1,0.5,0.5
15,1784928600.9659193,1.6066530738025904,1,1784928600.9654584,0.0004608631134033203,17,-0.0024986518546938896,1,0.004335506819188595,1,-0.0007920534117147326,1,0.3684108257293701,1,0.6170691251754761,1,-7.586394349345937e-05,1,0.8187836408615112,1,0.327205091714859,1,-0.6714351177215576,1,-8.671515388414264e-05,1,1.0099246501922607,1,-0.13292960822582245,1,0.002366100437939167,1,0.004227953031659126,1,-0.0601862333714962,1,-0.043345857411623,1,0.0024516007397323847,1,0,,,,,,,,,,,,,,,,,,,,,,,,,,,,,,,,,,,,,,,,,,,,,,,,,,,,,,,,,,,,,,,,,,,,,,,,,,,,,,,,,,,,,,,,,,,,,,,,,,,,,,,,,,,,,,,,,,,,,1,1784928600.9644566,0.001462697982788086,world,base_footprint,-0.0684006345033206,0.003674027952937085,1,0,1,1784928593.86561,7.100309371948242,world,workspace,1,0,2,-0.0721911355745298,-0.0005509412263589577,0.0,0.0,0.0,-0.10574687133817579,0.994393080829803,1.5,1,2,1784928593.86561,world,workspace,-0.0721911355745298,-0.0005509412263589577,0.0,0.0,-0.10574687133817579,0.994393080829803,1,1784928593.865948,7.099971294403076,workspace,1,321,,1,1784928600.9654558,0.0004634857177734375,world,pelvis,-0.07194475199025273,-0.000775759268014045,0.7817991909559884,0.003054071866066397,-0.0019566376688038233,-0.10261755185311272,0.9947142716708872,capsules,0.05,0.5,0.1,0.5,0.5
16,1784928601.065971,1.7067035818472505,1,1784928601.065405,0.0005660057067871094,17,0.022518491372466087,1,0.0026127963792532682,1,-0.027317823842167854,1,0.4070291519165039,1,0.6176839470863342,1,-8.770776184974238e-05,1,0.8235179781913757,1,0.3271794617176056,1,-0.6711403727531433,1,-0.00011109784099971876,1,1.0101492404937744,1,-0.09900324791669846,1,2.0818728444282897e-05,1,0.03862849250435829,1,-0.09348100423812866,1,-0.03918671980500221,1,0.04552537202835083,1,0,,,,,,,,,,,,,,,,,,,,,,,,,,,,,,,,,,,,,,,,,,,,,,,,,,,,,,,,,,,,,,,,,,,,,,,,,,,,,,,,,,,,,,,,,,,,,,,,,,,,,,,,,,,,,,,,,,,,,1,1784928601.0644565,0.001514434814453125,world,base_footprint,-0.054164989935400414,0.008209847858796276,1,0,1,1784928593.86561,7.200361013412476,world,workspace,1,0,2,-0.0721911355745298,-0.0005509412263589577,0.0,0.0,0.0,-0.10574687133817579,0.994393080829803,1.5,1,2,1784928593.86561,world,workspace,-0.0721911355745298,-0.0005509412263589577,0.0,0.0,-0.10574687133817579,0.994393080829803,1,1784928593.865948,7.20002293586731,workspace,1,321,,1,1784928601.0644565,0.001514434814453125,world,pelvis,-0.060757970494938335,-0.0003172723886870881,0.7804761680797427,0.005925402286966399,-0.0034815564096129896,-0.12660138431986115,0.9919298653942219,capsules,0.05,0.5,0.1,0.5,0.5
17,1784928601.165886,1.8066165847703815,1,1784928601.1656327,0.0002532005310058594,17,0.021919218823313713,1,-0.043762534856796265,1,-0.052226971834897995,1,0.4399179220199585,1,0.6730446219444275,1,0.006363783963024616,1,0.8394414186477661,1,0.31770360469818115,1,-0.6110491156578064,1,0.004550523590296507,1,1.0078811645507812,1,-0.045717548578977585,1,0.05453651398420334,1,0.08038300275802612,1,-0.20113468170166016,1,4.396138683659956e-05,1,-0.012047558091580868,1,0,,,,,,,,,,,,,,,,,,,,,,,,,,,,,,,,,,,,,,,,,,,,,,,,,,,,,,,,,,,,,,,,,,,,,,,,,,,,,,,,,,,,,,,,,,,,,,,,,,,,,,,,,,,,,,,,,,,,,1,1784928601.1644578,0.0014281272888183594,world,base_footprint,-0.03843002120683962,-0.02254031977025273,1,0,1,1784928593.86561,7.300276041030884,world,workspace,1,0,2,-0.0721911355745298,-0.0005509412263589577,0.0,0.0,0.0,-0.10574687133817579,0.994393080829803,1.5,1,2,1784928593.86561,world,workspace,-0.0721911355745298,-0.0005509412263589577,0.0,0.0,-0.10574687133817579,0.994393080829803,1,1784928593.865948,7.299937963485718,workspace,1,321,,1,1784928601.1644578,0.0014281272888183594,world,pelvis,-0.049794443463046664,-0.024301523006744964,0.7797563949872871,0.00222907051498222,-0.006985518053537361,-0.15450755057565457,0.9879643974340748,capsules,0.05,0.5,0.1,0.5,0.5
18,1784928601.2659502,1.906682200729847,1,1784928601.2653766,0.0005736351013183594,17,-0.02591969631612301,1,-0.08176807314157486,1,-0.04783230274915695,1,0.3927278518676758,1,0.6683557033538818,1,0.011333147995173931,1,0.839827835559845,1,0.370010107755661,1,-0.625136137008667,1,0.0062103369273245335,1,1.0153065919876099,1,-0.027204858139157295,1,0.07803980261087418,1,0.028950955718755722,1,-0.11370322108268738,1,0.017221124842762947,1,-0.01309993490576744,1,0,,,,,,,,,,,,,,,,,,,,,,,,,,,,,,,,,,,,,,,,,,,,,,,,,,,,,,,,,,,,,,,,,,,,,,,,,,,,,,,,,,,,,,,,,,,,,,,,,,,,,,,,,,,,,,,,,,,,,1,1784928601.2644567,0.0014934539794921875,world,base_footprint,0.0009324274306737462,-0.05674179703144286,1,0,1,1784928593.86561,7.40034031867981,world,workspace,1,0,2,-0.0721911355745298,-0.0005509412263589577,0.0,0.0,0.0,-0.10574687133817579,0.994393080829803,1.5,1,2,1784928593.86561,world,workspace,-0.0721911355745298,-0.0005509412263589577,0.0,0.0,-0.10574687133817579,0.994393080829803,1,1784928593.865948,7.4000022411346436,workspace,1,321,,1,1784928601.2644567,0.0014934539794921875,world,pelvis,-0.033272522803414514,-0.05526704610666538,0.7736582550152648,0.001976066135194496,-0.021744624558904104,-0.13328569189366976,0.9908371161809834,capsules,0.05,0.5,0.1,0.5,0.5
19,1784928601.3659694,2.0067022927105427,1,1784928601.3656442,0.00032520294189453125,17,-0.043594229966402054,1,-0.008377407677471638,1,-0.05918474867939949,1,0.3407402038574219,1,0.5209556818008423,1,-0.021129125729203224,1,0.8164018392562866,1,0.4053836762905121,1,-0.7372934818267822,1,-0.007016982417553663,1,1.0356181859970093,1,-0.20734216272830963,1,0.01734043098986149,1,0.03164983540773392,1,-0.018013644963502884,1,-0.00740771321579814,1,-0.04338431730866432,1,0,,,,,,,,,,,,,,,,,,,,,,,,,,,,,,,,,,,,,,,,,,,,,,,,,,,,,,,,,,,,,,,,,,,,,,,,,,,,,,,,,,,,,,,,,,,,,,,,,,,,,,,,,,,,,,,,,,,,,1,1784928601.3644564,0.0015130043029785156,world,base_footprint,0.030359451536085432,-0.05478522876426631,1,0,1,1784928593.86561,7.500359535217285,world,workspace,1,0,2,-0.0721911355745298,-0.0005509412263589577,0.0,0.0,0.0,-0.10574687133817579,0.994393080829803,1.5,1,2,1784928593.86561,world,workspace,-0.0721911355745298,-0.0005509412263589577,0.0,0.0,-0.10574687133817579,0.994393080829803,1,1784928593.865948,7.500021457672119,workspace,1,321,,1,1784928601.3644567,0.001512765884399414,world,pelvis,-0.005562128412781742,-0.05362573283945565,0.7779129812040056,0.0018446342845571237,-0.02284687415647702,-0.112562757598711,0.9933802108293723,capsules,0.05,0.5,0.1,0.5,0.5
20,1784928601.465913,2.1066466234624386,1,1784928601.4654374,0.0004756450653076172,17,-0.03899293392896652,1,0.0765344575047493,1,-0.061317142099142075,1,0.32849791646003723,1,0.4866179823875427,1,-0.03635306656360626,1,0.797073483467102,1,0.40243810415267944,1,-0.7800016403198242,1,-0.01582120545208454,1,1.0377848148345947,1,-0.3365880846977234,1,0.009237186051905155,1,0.07283587753772736,1,0.07540857046842575,1,-0.032052624970674515,1,-0.09302819520235062,1,0,,,,,,,,,,,,,,,,,,,,,,,,,,,,,,,,,,,,,,,,,,,,,,,,,,,,,,,,,,,,,,,,,,,,,,,,,,,,,,,,,,,,,,,,,,,,,,,,,,,,,,,,,,,,,,,,,,,,,1,1784928601.4644554,0.0014576911926269531,world,base_footprint,0.05063612973666884,-0.04871877377439578,1,0,1,1784928593.86561,7.6003031730651855,world,workspace,1,0,2,-0.0721911355745298,-0.0005509412263589577,0.0,0.0,0.0,-0.10574687133817579,0.994393080829803,1.5,1,2,1784928593.86561,world,workspace,-0.0721911355745298,-0.0005509412263589577,0.0,0.0,-0.10574687133817579,0.994393080829803,1,1784928593.865948,7.5999650955200195,workspace,1,321,,1,1784928601.4644556,0.0014574527740478516,world,pelvis,0.02527119500034403,-0.04027040638380692,0.7781463134673992,-0.0039002181270546047,-0.016596276056479828,-0.09056121990987366,0.995744955984239,capsules,0.05,0.5,0.1,0.5,0.5
21,1784928601.566027,2.206760539673269,1,1784928601.5657644,0.0002624988555908203,17,0.002577785635367036,1,0.13193178176879883,1,-0.013209936209022999,1,0.3485362231731415,1,0.5518362522125244,1,-0.026118876412510872,1,0.7988377213478088,1,0.34806278347969055,1,-0.755843997001648,1,-0.01580064930021763,1,1.0325018167495728,1,-0.24909184873104095,1,0.012832160107791424,1,0.0742398351430893,1,0.13904941082000732,1,-0.057498201727867126,1,-0.09972209483385086,1,0,,,,,,,,,,,,,,,,,,,,,,,,,,,,,,,,,,,,,,,,,,,,,,,,,,,,,,,,,,,,,,,,,,,,,,,,,,,,,,,,,,,,,,,,,,,,,,,,,,,,,,,,,,,,,,,,,,,,,1,1784928601.564457,0.001569986343383789,world,base_footprint,0.10014521247082661,-0.04640541585500447,1,0,1,1784928593.86561,7.7004170417785645,world,workspace,1,0,2,-0.0721911355745298,-0.0005509412263589577,0.0,0.0,0.0,-0.10574687133817579,0.994393080829803,1.5,1,2,1784928593.86561,world,workspace,-0.0721911355745298,-0.0005509412263589577,0.0,0.0,-0.10574687133817579,0.994393080829803,1,1784928593.865948,7.700078964233398,workspace,1,321,,1,1784928601.5644572,0.0015697479248046875,world,pelvis,0.0603039766428816,-0.022970410047726837,0.770703226033479,-0.01250021899006658,-0.026702886913842584,-0.0937046467384222,0.9951633732886749,capsules,0.05,0.5,0.1,0.5,0.5
22,1784928601.6662757,2.3070192243903875,1,1784928601.6646602,0.0016155242919921875,17,0.014520877972245216,1,0.07133898138999939,1,0.05487914755940437,1,0.34211137890815735,1,0.6827645301818848,1,0.010497570037841797,1,0.8061921000480652,1,0.2759012281894684,1,-0.5990310311317444,1,0.007348700426518917,1,1.0042715072631836,1,-0.1892833262681961,1,-0.015343534760177135,1,0.05052045360207558,1,-0.10464473813772202,1,0.018000105395913124,1,0.01772988960146904,1,0,,,,,,,,,,,,,,,,,,,,,,,,,,,,,,,,,,,,,,,,,,,,,,,,,,,,,,,,,,,,,,,,,,,,,,,,,,,,,,,,,,,,,,,,,,,,,,,,,,,,,,,,,,,,,,,,,,,,,1,1784928601.6644561,0.001819610595703125,world,base_footprint,0.1370400291327803,-0.04167616829309985,1,0,1,1784928593.86561,7.800665855407715,world,workspace,1,0,2,-0.0721911355745298,-0.0005509412263589577,0.0,0.0,0.0,-0.10574687133817579,0.994393080829803,1.5,1,2,1784928593.86561,world,workspace,-0.0721911355745298,-0.0005509412263589577,0.0,0.0,-0.10574687133817579,0.994393080829803,1,1784928593.865948,7.800327777862549,workspace,1,321,,1,1784928601.6644564,0.0018193721771240234,world,pelvis,0.0792952034291932,-0.02496629027967684,0.7746984095910211,-0.007678408718426337,-0.0375799032303048,-0.07998763099302583,0.9960576146995099,capsules,0.05,0.5,0.1,0.5,0.5
23,1784928601.7659702,2.406703873537481,1,1784928601.7651114,0.0008587837219238281,17,0.0398818738758564,1,-0.0027710129506886005,1,0.03751301020383835,1,0.37352269887924194,1,0.7433245778083801,1,0.03333749994635582,1,0.823458731174469,1,0.25732359290122986,1,-0.5358147025108337,1,0.025363467633724213,1,0.9851598739624023,1,-0.1688271015882492,1,-0.000527367286849767,1,0.05987460911273956,1,-0.2566196322441101,1,0.04790152236819267,1,-0.04003005474805832,1,0,,,,,,,,,,,,,,,,,,,,,,,,,,,,,,,,,,,,,,,,,,,,,,,,,,,,,,,,,,,,,,,,,,,,,,,,,,,,,,,,,,,,,,,,,,,,,,,,,,,,,,,,,,,,,,,,,,,,,1,1784928601.764455,0.0015151500701904297,world,base_footprint,0.1402244591089581,-0.048167758528221326,1,0,1,1784928593.86561,7.900360345840454,world,workspace,1,0,2,-0.0721911355745298,-0.0005509412263589577,0.0,0.0,0.0,-0.10574687133817579,0.994393080829803,1.5,1,2,1784928593.86561,world,workspace,-0.0721911355745298,-0.0005509412263589577,0.0,0.0,-0.10574687133817579,0.994393080829803,1,1784928593.865948,7.900022268295288,workspace,1,321,,1,1784928601.7644553,0.0015149116516113281,world,pelvis,0.09841962658362885,-0.04065935743783099,0.7766225719949575,-0.0025038144814607827,-0.026974868149732673,-0.08502216252465726,0.9960107023927894,capsules,0.05,0.5,0.1,0.5,0.5
24,1784928601.865968,2.506699649617076,1,1784928601.8646433,0.0013246536254882812,17,0.028290221467614174,1,-0.06718181818723679,1,0.019237926229834557,1,0.3946243226528168,1,0.712139368057251,1,0.03257199749350548,1,0.831062376499176,1,0.2787431478500366,1,-0.5805637240409851,1,0.02470211498439312,1,0.985839307308197,1,-0.13184712827205658,1,0.005781895015388727,1,0.060512419790029526,1,-0.1530720740556717,1,-0.00147165113594383,1,0.03092358633875847,1,0,,,,,,,,,,,,,,,,,,,,,,,,,,,,,,,,,,,,,,,,,,,,,,,,,,,,,,,,,,,,,,,,,,,,,,,,,,,,,,,,,,,,,,,,,,,,,,,,,,,,,,,,,,,,,,,,,,,,,1,1784928601.863454,0.002513885498046875,world,base_footprint,0.16541081328144544,-0.05322909796442659,1,0,1,1784928593.86561,8.00035810470581,world,workspace,1,0,2,-0.0721911355745298,-0.0005509412263589577,0.0,0.0,0.0,-0.10574687133817579,0.994393080829803,1.5,1,2,1784928593.86561,world,workspace,-0.0721911355745298,-0.0005509412263589577,0.0,0.0,-0.10574687133817579,0.994393080829803,1,1784928593.865948,8.000020027160645,workspace,1,321,,1,1784928601.8644547,0.0015132427215576172,world,pelvis,0.12304727238463482,-0.061626231296392886,0.7741603117706587,0.006852207864168579,-0.026945586096545644,-0.08216443051613795,0.9962308914078396,capsules,0.05,0.5,0.1,0.5,0.5
25,1784928601.9659739,2.60670770984143,1,1784928601.9652452,0.000728607177734375,17,0.0029286600183695555,1,-0.016224730759859085,1,-0.014183457009494305,1,0.3756459057331085,1,0.5727511644363403,1,-0.002875499427318573,1,0.8301833271980286,1,0.3291526138782501,1,-0.7066079378128052,1,0.001203254098072648,1,1.004778265953064,1,-0.23578624427318573,1,0.011166554875671864,1,0.07080680876970291,1,-0.08484522998332977,1,0.014426031149923801,1,-0.002241474809125066,1,0,,,,,,,,,,,,,,,,,,,,,,,,,,,,,,,,,,,,,,,,,,,,,,,,,,,,,,,,,,,,,,,,,,,,,,,,,,,,,,,,,,,,,,,,,,,,,,,,,,,,,,,,,,,,,,,,,,,,,1,1784928601.9644542,0.0015196800231933594,world,base_footprint,0.18204017128270178,-0.07575231282870076,1,0,1,1784928593.86561,8.100363969802856,world,workspace,1,0,2,-0.0721911355745298,-0.0005509412263589577,0.0,0.0,0.0,-0.10574687133817579,0.994393080829803,1.5,1,2,1784928593.86561,world,workspace,-0.0721911355745298,-0.0005509412263589577,0.0,0.0,-0.10574687133817579,0.994393080829803,1,1784928593.865948,8.10002589225769,workspace,1,321,,1,1784928601.965454,0.0005197525024414062,world,pelvis,0.1503057643744876,-0.06553731695355464,0.7766537419311791,-0.005165953483485721,-0.02062361451515561,-0.06591665405840687,0.9975986037313209,capsules,0.05,0.5,0.1,0.5,0.5
26,1784928602.0659583,2.7066917857155204,1,1784928602.0647287,0.0012295246124267578,17,-0.00593575881794095,1,0.04343349486589432,1,-0.03956333175301552,1,0.3780103325843811,1,0.4952563941478729,1,-0.029903803020715714,1,0.8253448605537415,1,0.3612609803676605,1,-0.7840988636016846,1,-0.017110245302319527,1,1.0250543355941772,1,-0.2961370646953583,1,0.01498904637992382,1,0.04531453922390938,1,0.009634042158722878,1,0.0036149462684988976,1,-0.02453179843723774,1,0,,,,,,,,,,,,,,,,,,,,,,,,,,,,,,,,,,,,,,,,,,,,,,,,,,,,,,,,,,,,,,,,,,,,,,,,,,,,,,,,,,,,,,,,,,,,,,,,,,,,,,,,,,,,,,,,,,,,,1,1784928602.0644565,0.0015017986297607422,world,base_footprint,0.20620885322545485,-0.07671179296806983,1,0,1,1784928593.86561,8.200348377227783,world,workspace,1,0,2,-0.0721911355745298,-0.0005509412263589577,0.0,0.0,0.0,-0.10574687133817579,0.994393080829803,1.5,1,2,1784928593.86561,world,workspace,-0.0721911355745298,-0.0005509412263589577,0.0,0.0,-0.10574687133817579,0.994393080829803,1,1784928593.865948,8.200010299682617,workspace,1,321,,1,1784928602.0644565,0.0015017986297607422,world,pelvis,0.1831086742747656,-0.0545200913837019,0.7778994736635301,-0.013329957308812685,-0.01547948816217291,-0.05438022570527963,0.9983113185457857,capsules,0.05,0.5,0.1,0.5,0.5
27,1784928602.16596,2.8066934449598193,1,1784928602.1651866,0.0007734298706054688,17,0.016655106097459793,1,0.03505982086062431,1,-0.012138549238443375,1,0.3816119134426117,1,0.5339836478233337,1,-0.02679501660168171,1,0.8231590986251831,1,0.33861294388771057,1,-0.755741536617279,1,-0.017379527911543846,1,1.0250526666641235,1,-0.20161768794059753,1,0.004508852493017912,1,0.055041711777448654,1,0.046044353395700455,1,-0.04837106168270111,1,-0.004909427370876074,1,0,,,,,,,,,,,,,,,,,,,,,,,,,,,,,,,,,,,,,,,,,,,,,,,,,,,,,,,,,,,,,,,,,,,,,,,,,,,,,,,,,,,,,,,,,,,,,,,,,,,,,,,,,,,,,,,,,,,,,1,1784928602.1644576,0.0015025138854980469,world,base_footprint,0.257690453501167,-0.048479053815182166,1,0,1,1784928593.86561,8.300350189208984,world,workspace,1,0,2,-0.0721911355745298,-0.0005509412263589577,0.0,0.0,0.0,-0.10574687133817579,0.994393080829803,1.5,1,2,1784928593.86561,world,workspace,-0.0721911355745298,-0.0005509412263589577,0.0,0.0,-0.10574687133817579,0.994393080829803,1,1784928593.865948,8.300012111663818,workspace,1,321,,1,1784928602.1654568,0.0005033016204833984,world,pelvis,0.21745081250155585,-0.040088226847958736,0.7731454341256495,-0.00371298826321698,-0.02595303326335394,-0.0634098131554936,0.99764314731179,capsules,0.05,0.5,0.1,0.5,0.5
28,1784928602.2659478,2.9066931698471308,1,1784928602.2646534,0.0012943744659423828,17,0.017604170367121696,1,-0.03288630396127701,1,0.033398162573575974,1,0.37046319246292114,1,0.6629520058631897,1,0.0043477704748511314,1,0.8231961131095886,1,0.29012876749038696,1,-0.6082316637039185,1,0.0060071879997849464,1,1.00287663936615,1,-0.13798648118972778,1,0.012745138257741928,1,0.0526704266667366,1,-0.15840613842010498,1,0.053827736526727676,1,-0.015301045961678028,1,0,,,,,,,,,,,,,,,,,,,,,,,,,,,,,,,,,,,,,,,,,,,,,,,,,,,,,,,,,,,,,,,,,,,,,,,,,,,,,,,,,,,,,,,,,,,,,,,,,,,,,,,,,,,,,,,,,,,,,1,1784928602.264458,0.001489877700805664,world,base_footprint,0.2889148969311984,-0.05727041807056548,1,0,1,1784928593.86561,8.400337934494019,world,workspace,1,0,2,-0.0721911355745298,-0.0005509412263589577,0.0,0.0,0.0,-0.10574687133817579,0.994393080829803,1.5,1,2,1784928593.86561,world,workspace,-0.0721911355745298,-0.0005509412263589577,0.0,0.0,-0.10574687133817579,0.994393080829803,1,1784928593.865948,8.399999856948853,workspace,1,321,,1,1784928602.2654567,0.0004911422729492188,world,pelvis,0.238797218832123,-0.05104858739244073,0.7761064376383655,-0.0018853109227259875,-0.032112266665537896,-0.06715353762788721,0.9972239719924436,capsules,0.05,0.5,0.1,0.5,0.5
29,1784928602.365945,3.006679850630462,1,1784928602.3656714,0.00027370452880859375,17,0.02213868498802185,1,-0.08980026841163635,1,-0.00911704171448946,1,0.38674721121788025,1,0.7109254002571106,1,0.021055249497294426,1,0.8290150165557861,1,0.29728958010673523,1,-0.5659676790237427,1,0.016903847455978394,1,0.9955337047576904,1,-0.10100602358579636,1,0.03538251668214798,1,0.08356154710054398,1,-0.30191394686698914,1,0.02212805487215519,1,-0.07891707867383957,1,0,,,,,,,,,,,,,,,,,,,,,,,,,,,,,,,,,,,,,,,,,,,,,,,,,,,,,,,,,,,,,,,,,,,,,,,,,,,,,,,,,,,,,,,,,,,,,,,,,,,,,,,,,,,,,,,,,,,,,1,1784928602.3644543,0.0014908313751220703,world,base_footprint,0.2924636734573886,-0.0647778652643048,1,0,1,1784928593.86561,8.500335216522217,world,workspace,1,0,2,-0.0721911355745298,-0.0005509412263589577,0.0,0.0,0.0,-0.10574687133817579,0.994393080829803,1.5,1,2,1784928593.86561,world,workspace,-0.0721911355745298,-0.0005509412263589577,0.0,0.0,-0.10574687133817579,0.994393080829803,1,1784928593.865948,8.49999713897705,workspace,1,321,,1,1784928602.3644545,0.0014905929565429688,world,pelvis,0.2648709834914533,-0.06918426561887743,0.7770417082402981,0.0042759276682367165,-0.017297938007888095,-0.08386561399720885,0.9963177487991081,capsules,0.05,0.5,0.1,0.5,0.5
30,1784928602.4659607,3.1066946433857083,1,1784928602.464754,0.0012066364288330078,17,-0.003239043289795518,1,-0.1280597746372223,1,-0.02258307673037052,1,0.3817603588104248,1,0.6959312558174133,1,0.0209545586258173,1,0.8293502330780029,1,0.33029115200042725,1,-0.6026356816291809,1,0.016440749168395996,1,0.9977155923843384,1,-0.041871216148138046,1,0.049107883125543594,1,0.08517076075077057,1,-0.22231164574623108,1,-0.013750217854976654,1,-0.0178780909627676,1,0,,,,,,,,,,,,,,,,,,,,,,,,,,,,,,,,,,,,,,,,,,,,,,,,,,,,,,,,,,,,,,,,,,,,,,,,,,,,,,,,,,,,,,,,,,,,,,,,,,,,,,,,,,,,,,,,,,,,,1,1784928602.4644554,0.0015053749084472656,world,base_footprint,0.32459977740408985,-0.07719215350237082,1,0,1,1784928593.86561,8.600350856781006,world,workspace,1,0,2,-0.0721911355745298,-0.0005509412263589577,0.0,0.0,0.0,-0.10574687133817579,0.994393080829803,1.5,1,2,1784928593.86561,world,workspace,-0.0721911355745298,-0.0005509412263589577,0.0,0.0,-0.10574687133817579,0.994393080829803,1,1784928593.865948,8.60001277923584,workspace,1,321,,1,1784928602.4644556,0.001505136489868164,world,pelvis,0.29540693273656815,-0.09534439215538415,0.7727851869541397,0.013083126569238985,-0.01759148855702819,-0.08305535674953693,0.9963037584214608,capsules,0.05,0.5,0.1,0.5,0.5
31,1784928602.5660186,3.206753388978541,1,1784928602.56484,0.0011785030364990234,17,-0.03087024949491024,1,-0.04934341832995415,1,0.014808429405093193,1,0.3298453688621521,1,0.5747435092926025,1,-0.003600127063691616,1,0.820194661617279,1,0.34956759214401245,1,-0.7037627100944519,1,0.0013574040494859219,1,1.014559030532837,1,-0.1775801032781601,1,0.05102913826704025,1,0.04774215817451477,1,-0.11911872029304504,1,0.011226953938603401,1,-0.05688941851258278,1,0,,,,,,,,,,,,,,,,,,,,,,,,,,,,,,,,,,,,,,,,,,,,,,,,,,,,,,,,,,,,,,,,,,,,,,,,,,,,,,,,,,,,,,,,,,,,,,,,,,,,,,,,,,,,,,,,,,,,,1,1784928602.5644555,0.0015630722045898438,world,base_footprint,0.3657438739339969,-0.10863715041239227,1,0,1,1784928593.86561,8.700408697128296,world,workspace,1,0,2,-0.0721911355745298,-0.0005509412263589577,0.0,0.0,0.0,-0.10574687133817579,0.994393080829803,1.5,1,2,1784928593.86561,world,workspace,-0.0721911355745298,-0.0005509412263589577,0.0,0.0,-0.10574687133817579,0.994393080829803,1,1784928593.865948,8.70007061958313,workspace,1,321,,1,1784928602.565456,0.0005626678466796875,world,pelvis,0.3232483388920072,-0.10389570064226064,0.7752710549214848,-0.001329943540283443,-0.027356156121011926,-0.06565231019991778,0.9974666140467441,capsules,0.05,0.5,0.1,0.5,0.5
32,1784928602.6659858,3.3067189007997513,1,1784928602.6647377,0.0012481212615966797,17,-0.03122100979089737,1,0.05188225209712982,1,-0.0011944120051339269,1,0.3311309814453125,1,0.5048896670341492,1,-0.029109183698892593,1,0.8052844405174255,1,0.36132240295410156,1,-0.7748298048973083,1,-0.01446553785353899,1,1.0238372087478638,1,-0.31372520327568054,1,0.014643899165093899,1,0.053378861397504807,1,-0.040076810866594315,1,0.014359564520418644,1,-0.07917477190494537,1,0,,,,,,,,,,,,,,,,,,,,,,,,,,,,,,,,,,,,,,,,,,,,,,,,,,,,,,,,,,,,,,,,,,,,,,,,,,,,,,,,,,,,,,,,,,,,,,,,,,,,,,,,,,,,,,,,,,,,,1,1784928602.6634576,0.0025281906127929688,world,base_footprint,0.38294389472794815,-0.11653914895341513,1,0,1,1784928593.86561,8.800375938415527,world,workspace,1,0,2,-0.0721911355745298,-0.0005509412263589577,0.0,0.0,0.0,-0.10574687133817579,0.994393080829803,1.5,1,2,1784928593.86561,world,workspace,-0.0721911355745298,-0.0005509412263589577,0.0,0.0,-0.10574687133817579,0.994393080829803,1,1784928593.865948,8.800037860870361,workspace,1,321,,1,1784928602.6654568,0.0005290508270263672,world,pelvis,0.3546754181266339,-0.09614972385801275,0.7771829761510669,-0.011967210738495071,-0.01904017151926085,-0.056179665728286594,0.9981673721848033,capsules,0.05,0.5,0.1,0.5,0.5
33,1784928602.76595,3.406686596572399,1,1784928602.7648277,0.0011222362518310547,17,-0.002448004437610507,1,0.09717285633087158,1,-0.006072611548006535,1,0.35699501633644104,1,0.5435692071914673,1,-0.02649752050638199,1,0.8059276938438416,1,0.3518461287021637,1,-0.7556884288787842,1,-0.014644484966993332,1,1.024232268333435,1,-0.23151624202728271,1,0.011754370294511318,1,0.054337579756975174,1,0.03863096237182617,1,-0.003903027391061187,1,-0.08046959340572357,1,0,,,,,,,,,,,,,,,,,,,,,,,,,,,,,,,,,,,,,,,,,,,,,,,,,,,,,,,,,,,,,,,,,,,,,,,,,,,,,,,,,,,,,,,,,,,,,,,,,,,,,,,,,,,,,,,,,,,,,1,1784928602.7644546,0.001495361328125,world,base_footprint,0.4268995946510221,-0.10953486459527156,1,0,1,1784928593.86561,8.90034008026123,world,workspace,1,0,2,-0.0721911355745298,-0.0005509412263589577,0.0,0.0,0.0,-0.10574687133817579,0.994393080829803,1.5,1,2,1784928593.86561,world,workspace,-0.0721911355745298,-0.0005509412263589577,0.0,0.0,-0.10574687133817579,0.994393080829803,1,1784928593.865948,8.900002002716064,workspace,1,321,,1,1784928602.7654579,0.000492095947265625,world,pelvis,0.39215130103258755,-0.08586132792986477,0.7744297256203044,-0.013781197682344091,-0.023006046126204736,-0.058299323208239114,0.997938870545456,capsules,0.05,0.5,0.1,0.5,0.5
34,1784928602.866,3.5067331986501813,1,1784928602.8652277,0.0007722377777099609,17,0.016938090324401855,1,0.03029751591384411,1,0.03801392763853073,1,0.3663780093193054,1,0.6649672389030457,1,0.0059074838645756245,1,0.8146121501922607,1,0.28685203194618225,1,-0.6159790754318237,1,0.002940483158454299,1,1.0055112838745117,1,-0.14262883365154266,1,-0.006595715414732695,1,0.07027098536491394,1,-0.12049197405576706,1,0.062123898416757584,1,-0.03894639387726784,1,0,,,,,,,,,,,,,,,,,,,,,,,,,,,,,,,,,,,,,,,,,,,,,,,,,,,,,,,,,,,,,,,,,,,,,,,,,,,,,,,,,,,,,,,,,,,,,,,,,,,,,,,,,,,,,,,,,,,,,1,1784928602.8644562,0.0015437602996826172,world,base_footprint,0.4690317008723235,-0.10054852239750227,1,0,1,1784928593.86561,9.00039005279541,world,workspace,1,0,2,-0.0721911355745298,-0.0005509412263589577,0.0,0.0,0.0,-0.10574687133817579,0.994393080829803,1.5,1,2,1784928593.86561,world,workspace,-0.0721911355745298,-0.0005509412263589577,0.0,0.0,-0.10574687133817579,0.994393080829803,1,1784928593.865948,9.000051975250244,workspace,1,321,,1,1784928602.865454,0.0005459785461425781,world,pelvis,0.417056375276382,-0.09517472079028122,0.7768734570083142,-0.0012662517036216203,-0.03331011023608858,-0.06494765542177616,0.9973317578508653,capsules,0.05,0.5,0.1,0.5,0.5
35,1784928602.965918,3.606653898023069,1,1784928602.964362,0.0015561580657958984,17,0.03518516942858696,1,-0.028235234320163727,1,0.012895549647510052,1,0.38622328639030457,1,0.7170498371124268,1,0.02360033430159092,1,0.8254559636116028,1,0.2700640857219696,1,-0.5624209046363831,1,0.018446698784828186,1,0.9897425770759583,1,-0.11012781411409378,1,0.012700802646577358,1,0.10374084860086441,1,-0.312467485666275,1,0.0438595749437809,1,-0.08548419177532196,1,0,,,,,,,,,,,,,,,,,,,,,,,,,,,,,,,,,,,,,,,,,,,,,,,,,,,,,,,,,,,,,,,,,,,,,,,,,,,,,,,,,,,,,,,,,,,,,,,,,,,,,,,,,,,,,,,,,,,,,1,1784928602.9634588,0.002459287643432617,world,base_footprint,0.47250280194707805,-0.10528364396018802,1,0,1,1784928593.86561,9.100308179855347,world,workspace,1,0,2,-0.0721911355745298,-0.0005509412263589577,0.0,0.0,0.0,-0.10574687133817579,0.994393080829803,1.5,1,2,1784928593.86561,world,workspace,-0.0721911355745298,-0.0005509412263589577,0.0,0.0,-0.10574687133817579,0.994393080829803,1,1784928593.865948,9.09997010231018,workspace,1,321,,1,1784928602.9644604,0.0014576911926269531,world,pelvis,0.43936524368197516,-0.11435899247763157,0.7776932405270587,0.007517852889879405,-0.020581431271861544,-0.08278704929781545,0.9963263476608901,capsules,0.05,0.5,0.1,0.5,0.5
36,1784928603.0662203,3.7069575479254127,1,1784928603.065103,0.0011172294616699219,17,0.014286386780440807,1,-0.07844947278499603,1,-0.012265397235751152,1,0.3901503384113312,1,0.7066514492034912,1,0.023537009954452515,1,0.8278374671936035,1,0.3082234859466553,1,-0.5850895047187805,1,0.018424417823553085,1,0.9905219674110413,1,-0.04977951943874359,1,0.02523324452340603,1,0.10227696597576141,1,-0.23117205500602722,1,-0.03685407340526581,1,0.0005415771738626063,1,0,,,,,,,,,,,,,,,,,,,,,,,,,,,,,,,,,,,,,,,,,,,,,,,,,,,,,,,,,,,,,,,,,,,,,,,,,,,,,,,,,,,,,,,,,,,,,,,,,,,,,,,,,,,,,,,,,,,,,1,1784928603.063454,0.0027663707733154297,world,base_footprint,0.5022482598328125,-0.11602834305231456,1,0,1,1784928593.86561,9.200610399246216,world,workspace,1,0,2,-0.0721911355745298,-0.0005509412263589577,0.0,0.0,0.0,-0.10574687133817579,0.994393080829803,1.5,1,2,1784928593.86561,world,workspace,-0.0721911355745298,-0.0005509412263589577,0.0,0.0,-0.10574687133817579,0.994393080829803,1,1784928593.865948,9.20027232170105,workspace,1,321,,1,1784928603.064455,0.0017652511596679688,world,pelvis,0.47006941296557514,-0.14210525200245275,0.7745859780749538,0.017514680691589752,-0.019816049660695074,-0.08067733576980136,0.9963893454012861,capsules,0.05,0.5,0.1,0.5,0.5
37,1784928603.1660504,3.8067844239994884,1,1784928603.1650095,0.0010409355163574219,17,-0.015914078801870346,1,-0.011623403988778591,1,0.003955587279051542,1,0.3473946452140808,1,0.588894784450531,1,0.0016486330423504114,1,0.8242467641830444,1,0.3376741409301758,1,-0.6858105659484863,1,0.00527871772646904,1,1.0088527202606201,1,-0.1593211144208908,1,0.037405405193567276,1,0.05775132775306702,1,-0.13078652322292328,1,0.002079402795061469,1,-0.04394994676113129,1,0,,,,,,,,,,,,,,,,,,,,,,,,,,,,,,,,,,,,,,,,,,,,,,,,,,,,,,,,,,,,,,,,,,,,,,,,,,,,,,,,,,,,,,,,,,,,,,,,,,,,,,,,,,,,,,,,,,,,,1,1784928603.1644576,0.001592874526977539,world,base_footprint,0.5416592273193136,-0.1591348990355017,1,0,1,1784928593.86561,9.300440549850464,world,workspace,1,0,2,-0.0721911355745298,-0.0005509412263589577,0.0,0.0,0.0,-0.10574687133817579,0.994393080829803,1.5,1,2,1784928593.86561,world,workspace,-0.0721911355745298,-0.0005509412263589577,0.0,0.0,-0.10574687133817579,0.994393080829803,1,1784928593.865948,9.300102472305298,workspace,1,321,,1,1784928603.1654544,0.0005960464477539062,world,pelvis,0.49882075248683744,-0.15547647980586057,0.7760443095744278,-0.0006051387351596184,-0.027643324663367906,-0.06505369132990949,0.9974986203764995,capsules,0.05,0.5,0.1,0.5,0.5
38,1784928603.2659297,3.9066638061776757,1,1784928603.2651622,0.0007674694061279297,17,-0.02447051927447319,1,0.06706609576940536,1,-0.009284697473049164,1,0.34412315487861633,1,0.5091763138771057,1,-0.02706213854253292,1,0.8084959387779236,1,0.356576144695282,1,-0.7667292356491089,1,-0.012809010222554207,1,1.021860122680664,1,-0.28216978907585144,1,0.0030006400775164366,1,0.055434953421354294,1,-0.04617484658956528,1,0.007608824875205755,1,-0.06850187480449677,1,0,,,,,,,,,,,,,,,,,,,,,,,,,,,,,,,,,,,,,,,,,,,,,,,,,,,,,,,,,,,,,,,,,,,,,,,,,,,,,,,,,,,,,,,,,,,,,,,,,,,,,,,,,,,,,,,,,,,,,1,1784928603.2644567,0.0014729499816894531,world,base_footprint,0.5641569947529208,-0.1696540391321672,1,0,1,1784928593.86561,9.400319814682007,world,workspace,1,0,2,-0.0721911355745298,-0.0005509412263589577,0.0,0.0,0.0,-0.10574687133817579,0.994393080829803,1.5,1,2,1784928593.86561,world,workspace,-0.0721911355745298,-0.0005509412263589577,0.0,0.0,-0.10574687133817579,0.994393080829803,1,1784928593.865948,9.39998173713684,workspace,1,321,,1,1784928603.2644567,0.0014729499816894531,world,pelvis,0.5299260769766448,-0.15092973547860103,0.7780731420349825,-0.010740522532428022,-0.022447620269998726,-0.05421733999941801,0.9982190268489837,capsules,0.05,0.5,0.1,0.5,0.5
39,1784928603.3661513,4.006885525770485,1,1784928603.3652482,0.0009031295776367188,17,-0.0025866180658340454,1,0.09668850153684616,1,-0.010599752888083458,1,0.3596540093421936,1,0.5393322706222534,1,-0.02600250206887722,1,0.8084392547607422,1,0.3553878962993622,1,-0.7539710998535156,1,-0.013451514765620232,1,1.023202657699585,1,-0.21120837330818176,1,0.0036138719879090786,1,0.07112792134284973,1,0.03607761859893799,1,-0.0022314726375043392,1,-0.07443489879369736,1,0,,,,,,,,,,,,,,,,,,,,,,,,,,,,,,,,,,,,,,,,,,,,,,,,,,,,,,,,,,,,,,,,,,,,,,,,,,,,,,,,,,,,,,,,,,,,,,,,,,,,,,,,,,,,,,,,,,,,,1,1784928603.3644578,0.0016934871673583984,world,base_footprint,0.608067184544205,-0.16987156274055104,1,0,1,1784928593.86561,9.50054144859314,world,workspace,1,0,2,-0.0721911355745298,-0.0005509412263589577,0.0,0.0,0.0,-0.10574687133817579,0.994393080829803,1.5,1,2,1784928593.86561,world,workspace,-0.0721911355745298,-0.0005509412263589577,0.0,0.0,-0.10574687133817579,0.994393080829803,1,1784928593.865948,9.500203371047974,workspace,1,321,,1,1784928603.3644578,0.0016934871673583984,world,pelvis,0.5661554201737531,-0.14343978816800296,0.7750455252145175,-0.015412939120157792,-0.02759613354549928,-0.05324267400627452,0.998081215325526,capsules,0.05,0.5,0.1,0.5,0.5
40,1784928603.466021,4.106752075254917,1,1784928603.4648728,0.001148223876953125,17,0.011908489279448986,1,0.01130092516541481,1,0.022596202790737152,1,0.3658255934715271,1,0.6571471691131592,1,0.00399325555190444,1,0.8155776262283325,1,0.29807671904563904,1,-0.6246169209480286,1,0.0014882866526022553,1,1.0077837705612183,1,-0.13469909131526947,1,-0.017655570060014725,1,0.08188275992870331,1,-0.1407184898853302,1,0.06545479595661163,1,-0.019783979281783104,1,0,,,,,,,,,,,,,,,,,,,,,,,,,,,,,,,,,,,,,,,,,,,,,,,,,,,,,,,,,,,,,,,,,,,,,,,,,,,,,,,,,,,,,,,,,,,,,,,,,,,,,,,,,,,,,,,,,,,,,1,1784928603.4644544,0.0015666484832763672,world,base_footprint,0.6474393749659866,-0.15880643379136555,1,0,1,1784928593.86561,9.600411176681519,world,workspace,1,0,2,-0.0721911355745298,-0.0005509412263589577,0.0,0.0,0.0,-0.10574687133817579,0.994393080829803,1.5,1,2,1784928593.86561,world,workspace,-0.0721911355745298,-0.0005509412263589577,0.0,0.0,-0.10574687133817579,0.994393080829803,1,1784928593.865948,9.600073099136353,workspace,1,321,,1,1784928603.4644544,0.0015666484832763672,world,pelvis,0.5930199032291468,-0.1546784410541871,0.7757150941857075,-0.0005941887390781358,-0.03481307787944201,-0.058574615614627144,0.9976756541852172,capsules,0.05,0.5,0.1,0.5,0.5
41,1784928603.565942,4.2066736267879605,1,1784928603.5647268,0.001215219497680664,17,0.024706320837140083,1,-0.04298069700598717,1,-0.002440536394715309,1,0.3794136941432953,1,0.6993120908737183,1,0.01874486729502678,1,0.823523998260498,1,0.285877525806427,1,-0.5787373781204224,1,0.013217411004006863,1,0.9957258105278015,1,-0.10502176731824875,1,0.005235405173152685,1,0.10280884057283401,1,-0.31526708602905273,1,0.03729352355003357,1,-0.07523258030414581,1,0,,,,,,,,,,,,,,,,,,,,,,,,,,,,,,,,,,,,,,,,,,,,,,,,,,,,,,,,,,,,,,,,,,,,,,,,,,,,,,,,,,,,,,,,,,,,,,,,,,,,,,,,,,,,,,,,,,,,,1,1784928603.5644605,0.0014815330505371094,world,base_footprint,0.649338246613157,-0.1684109523977933,1,0,1,1784928593.86561,9.700332164764404,world,workspace,1,0,2,-0.0721911355745298,-0.0005509412263589577,0.0,0.0,0.0,-0.10574687133817579,0.994393080829803,1.5,1,2,1784928593.86561,world,workspace,-0.0721911355745298,-0.0005509412263589577,0.0,0.0,-0.10574687133817579,0.994393080829803,1,1784928593.865948,9.699994087219238,workspace,1,321,,1,1784928603.5644608,0.0014812946319580078,world,pelvis,0.617996403573163,-0.17329018735183604,0.7775677144219652,0.004540556688826951,-0.019711924214521413,-0.07188157550624953,0.9972080337078397,capsules,0.05,0.5,0.1,0.5,0.5
42,1784928603.6659262,4.30666103027761,1,1784928603.6646962,0.001230001449584961,17,0.007014553528279066,1,-0.09316997230052948,1,-0.011744996532797813,1,0.38520142436027527,1,0.694729208946228,1,0.018755901604890823,1,0.8248640894889832,1,0.31613537669181824,1,-0.6002072691917419,1,0.013286980800330639,1,0.9960518479347229,1,-0.0377303808927536,1,0.020004354417324066,1,0.099615678191185,1,-0.21931716799736023,1,-0.02223232015967369,1,-0.016244953498244286,1,0,,,,,,,,,,,,,,,,,,,,,,,,,,,,,,,,,,,,,,,,,,,,,,,,,,,,,,,,,,,,,,,,,,,,,,,,,,,,,,,,,,,,,,,,,,,,,,,,,,,,,,,,,,,,,,,,,,,,,1,1784928603.664455,0.0014712810516357422,world,base_footprint,0.6845340346892784,-0.18202568473562258,1,0,1,1784928593.86561,9.800316333770752,world,workspace,1,0,2,-0.0721911355745298,-0.0005509412263589577,0.0,0.0,0.0,-0.10574687133817579,0.994393080829803,1.5,1,2,1784928593.86561,world,workspace,-0.0721911355745298,-0.0005509412263589577,0.0,0.0,-0.10574687133817579,0.994393080829803,1,1784928593.865948,9.799978256225586,workspace,1,321,,1,1784928603.664455,0.0014712810516357422,world,pelvis,0.6504042953169316,-0.19953336775993802,0.7746138172210022,0.012664323265898256,-0.020931140222366657,-0.07007057667404719,0.9972420050167236,capsules,0.05,0.5,0.1,0.5,0.5
43,1784928603.765968,4.406704138033092,1,1784928603.765531,0.00043702125549316406,17,-0.0198800228536129,1,-0.027994589880108833,1,0.016804516315460205,1,0.3384355306625366,1,0.5797869563102722,1,-0.0018939785659313202,1,0.8194771409034729,1,0.33906176686286926,1,-0.6981216669082642,1,0.0022342458833009005,1,1.0106360912322998,1,-0.1749473363161087,1,0.021136227995157242,1,0.060838352888822556,1,-0.1255922168493271,1,0.0033397171646356583,1,-0.059902358800172806,1,0,,,,,,,,,,,,,,,,,,,,,,,,,,,,,,,,,,,,,,,,,,,,,,,,,,,,,,,,,,,,,,,,,,,,,,,,,,,,,,,,,,,,,,,,,,,,,,,,,,,,,,,,,,,,,,,,,,,,,1,1784928603.7644572,0.0015108585357666016,world,base_footprint,0.7238172723266774,-0.21397344651158368,1,0,1,1784928593.86561,9.900358200073242,world,workspace,1,0,2,-0.0721911355745298,-0.0005509412263589577,0.0,0.0,0.0,-0.10574687133817579,0.994393080829803,1.5,1,2,1784928593.86561,world,workspace,-0.0721911355745298,-0.0005509412263589577,0.0,0.0,-0.10574687133817579,0.994393080829803,1,1784928593.865948,9.900020122528076,workspace,1,321,,1,1784928603.7644572,0.0015108585357666016,world,pelvis,0.678879577981228,-0.20876340875206378,0.7761227178546531,-0.0018300514623698697,-0.028797712384416457,-0.05191564363175704,0.9982344958071575,capsules,0.05,0.5,0.1,0.5,0.5
44,1784928603.8659532,4.506685369648039,1,1784928603.8649487,0.0010044574737548828,17,-0.02865934930741787,1,0.055016882717609406,1,0.0014680683379992843,1,0.33732420206069946,1,0.5086806416511536,1,-0.028185559436678886,1,0.8086432814598083,1,0.35854557156562805,1,-0.7686669826507568,1,-0.013362281955778599,1,1.0221000909805298,1,-0.29650500416755676,1,-0.004382843617349863,1,0.051894161850214005,1,-0.032124876976013184,1,0.003143425565212965,1,-0.09335029870271683,1,0,,,,,,,,,,,,,,,,,,,,,,,,,,,,,,,,,,,,,,,,,,,,,,,,,,,,,,,,,,,,,,,,,,,,,,,,,,,,,,,,,,,,,,,,,,,,,,,,,,,,,,,,,,,,,,,,,,,,,1,1784928603.8634565,0.0024967193603515625,world,base_footprint,0.748595047877705,-0.22141711121006305,1,0,1,1784928593.86561,10.000343322753906,world,workspace,1,0,2,-0.0721911355745298,-0.0005509412263589577,0.0,0.0,0.0,-0.10574687133817579,0.994393080829803,1.5,1,2,1784928593.86561,world,workspace,-0.0721911355745298,-0.0005509412263589577,0.0,0.0,-0.10574687133817579,0.994393080829803,1,1784928593.865948,10.00000524520874,workspace,1,321,,1,1784928603.8634567,0.002496480941772461,world,pelvis,0.7116444157649974,-0.20106612205596272,0.7785400292031998,-0.012110544561017908,-0.024026436796612174,-0.03652338990880405,0.9989705236066095,capsules,0.05,0.5,0.1,0.5,0.5
45,1784928603.965978,4.606712667271495,1,1784928603.9647717,0.0012061595916748047,17,-0.012526403181254864,1,0.10106965899467468,1,-0.018237393349409103,1,0.359375,1,0.5378746390342712,1,-0.027605153620243073,1,0.8085736632347107,1,0.3628498911857605,1,-0.7580181360244751,1,-0.013696864247322083,1,1.023787021636963,1,-0.23097865283489227,1,0.015599383972585201,1,0.08274702727794647,1,0.06189325079321861,1,-0.009361736476421356,1,-0.11588668078184128,1,0,,,,,,,,,,,,,,,,,,,,,,,,,,,,,,,,,,,,,,,,,,,,,,,,,,,,,,,,,,,,,,,,,,,,,,,,,,,,,,,,,,,,,,,,,,,,,,,,,,,,,,,,,,,,,,,,,,,,,1,1784928603.9644551,0.0015227794647216797,world,base_footprint,0.7896876167200151,-0.21904741720298102,1,0,1,1784928593.86561,10.100368022918701,world,workspace,1,0,2,-0.0721911355745298,-0.0005509412263589577,0.0,0.0,0.0,-0.10574687133817579,0.994393080829803,1.5,1,2,1784928593.86561,world,workspace,-0.0721911355745298,-0.0005509412263589577,0.0,0.0,-0.10574687133817579,0.994393080829803,1,1784928593.865948,10.100029945373535,workspace,1,321,,1,1784928603.9644554,0.0015225410461425781,world,pelvis,0.7512501391116336,-0.1886864625853633,0.7754032659610236,-0.0186919735609201,-0.025038012585856737,-0.02723687203765071,0.9991405611082722,capsules,0.05,0.5,0.1,0.5,0.5
46,1784928604.0660448,4.706777786836028,1,1784928604.0649076,0.0011372566223144531,17,-0.0008145993924699724,1,0.03519664332270622,1,0.02029738575220108,1,0.3523617684841156,1,0.6473539471626282,1,0.00040759352850727737,1,0.8112850189208984,1,0.3088729679584503,1,-0.6321810483932495,1,-0.00032469266443513334,1,1.0135060548782349,1,-0.14220930635929108,1,-0.02704998105764389,1,0.07103675603866577,1,-0.10415348410606384,1,0.04225334897637367,1,-0.01830260083079338,1,0,,,,,,,,,,,,,,,,,,,,,,,,,,,,,,,,,,,,,,,,,,,,,,,,,,,,,,,,,,,,,,,,,,,,,,,,,,,,,,,,,,,,,,,,,,,,,,,,,,,,,,,,,,,,,,,,,,,,,1,1784928604.0644555,0.0015892982482910156,world,base_footprint,0.8347931822741004,-0.19985723049831206,1,0,1,1784928593.86561,10.200434923171997,world,workspace,1,0,2,-0.0721911355745298,-0.0005509412263589577,0.0,0.0,0.0,-0.10574687133817579,0.994393080829803,1.5,1,2,1784928593.86561,world,workspace,-0.0721911355745298,-0.0005509412263589577,0.0,0.0,-0.10574687133817579,0.994393080829803,1,1784928593.865948,10.200096845626831,workspace,1,321,,1,1784928604.0644555,0.0015892982482910156,world,pelvis,0.7804181027595891,-0.19081818108675977,0.7770907045088506,-0.005154074106253989,-0.03478681811564577,-0.01762535333027508,0.9992260303482287,capsules,0.05,0.5,0.1,0.5,0.5
47,1784928604.1660945,4.806828269734979,1,1784928604.1650486,0.0010459423065185547,17,0.013003324158489704,1,-0.013535495847463608,1,0.005330804735422134,1,0.3564418852329254,1,0.7000353932380676,1,0.018873324617743492,1,0.8133567571640015,1,0.29082340002059937,1,-0.5767943859100342,1,0.014035586267709732,1,0.9974946975708008,1,-0.11996001750230789,1,-0.020552564412355423,1,0.058961182832717896,1,-0.2971983551979065,1,0.04830966517329216,1,-0.019207119941711426,1,0,,,,,,,,,,,,,,,,,,,,,,,,,,,,,,,,,,,,,,,,,,,,,,,,,,,,,,,,,,,,,,,,,,,,,,,,,,,,,,,,,,,,,,,,,,,,,,,,,,,,,,,,,,,,,,,,,,,,,1,1784928604.1644554,0.0016391277313232422,world,base_footprint,0.8365551287598565,-0.20628491559531303,1,0,1,1784928593.86561,10.300484657287598,world,workspace,1,0,2,-0.0721911355745298,-0.0005509412263589577,0.0,0.0,0.0,-0.10574687133817579,0.994393080829803,1.5,1,2,1784928593.86561,world,workspace,-0.0721911355745298,-0.0005509412263589577,0.0,0.0,-0.10574687133817579,0.994393080829803,1,1784928593.865948,10.300146579742432,workspace,1,321,,1,1784928604.165458,0.0006365776062011719,world,pelvis,0.8056123921091776,-0.20253585891016798,0.7798550266542678,-0.002300447245688041,-0.019922664898429032,-0.012610605196366,0.9997193446174762,capsules,0.05,0.5,0.1,0.5,0.5
48,1784928604.2659943,4.906726809218526,1,1784928604.2648773,0.0011169910430908203,17,-0.02197135053575039,1,-0.04164506122469902,1,0.010550267994403839,1,0.34478524327278137,1,0.6850740909576416,1,0.01891791634261608,1,0.8168990015983582,1,0.32986363768577576,1,-0.6079710721969604,1,0.013942217454314232,1,1.0040713548660278,1,-0.11556234955787659,1,-0.029947366565465927,1,-0.014003799296915531,1,-0.17659032344818115,1,0.003992469049990177,1,0.07373221963644028,1,0,,,,,,,,,,,,,,,,,,,,,,,,,,,,,,,,,,,,,,,,,,,,,,,,,,,,,,,,,,,,,,,,,,,,,,,,,,,,,,,,,,,,,,,,,,,,,,,,,,,,,,,,,,,,,,,,,,,,,1,1784928604.26446,0.0015342235565185547,world,base_footprint,0.8697559344034116,-0.21442767292726822,1,0,1,1784928593.86561,10.400384426116943,world,workspace,1,0,2,-0.0721911355745298,-0.0005509412263589577,0.0,0.0,0.0,-0.10574687133817579,0.994393080829803,1.5,1,2,1784928593.86561,world,workspace,-0.0721911355745298,-0.0005509412263589577,0.0,0.0,-0.10574687133817579,0.994393080829803,1,1784928593.865948,10.400046348571777,workspace,1,321,,1,1784928604.26446,0.0015342235565185547,world,pelvis,0.8367381046067396,-0.21582191301654124,0.7751411560515739,0.0002889933237800081,-0.021073325390898796,0.02847878937953549,0.9993721979299325,capsules,0.05,0.5,0.1,0.5,0.5
49,1784928604.365961,5.006694267503917,1,1784928604.3650253,0.0009357929229736328,17,-0.04433268681168556,1,0.030248913913965225,1,0.04489177465438843,1,0.30394744873046875,1,0.5575962662696838,1,-0.01095416210591793,1,0.8028785586357117,1,0.3622151017189026,1,-0.7208441495895386,1,-0.0007555993506684899,1,1.019352674484253,1,-0.29890042543411255,1,-0.016126418486237526,1,0.06372233480215073,1,-0.09564458578824997,1,-0.033849552273750305,1,-0.029627010226249695,1,0,,,,,,,,,,,,,,,,,,,,,,,,,,,,,,,,,,,,,,,,,,,,,,,,,,,,,,,,,,,,,,,,,,,,,,,,,,,,,,,,,,,,,,,,,,,,,,,,,,,,,,,,,,,,,,,,,,,,,1,1784928604.3644552,0.0015058517456054688,world,base_footprint,0.8963482378543645,-0.21470112758450158,1,0,1,1784928593.86561,10.500351190567017,world,workspace,1,0,2,-0.0721911355745298,-0.0005509412263589577,0.0,0.0,0.0,-0.10574687133817579,0.994393080829803,1.5,1,2,1784928593.86561,world,workspace,-0.0721911355745298,-0.0005509412263589577,0.0,0.0,-0.10574687133817579,0.994393080829803,1,1784928593.865948,10.50001311302185,workspace,1,321,,1,1784928604.3644552,0.0015058517456054688,world,pelvis,0.8564263477180426,-0.2053575933243666,0.7775705419936219,-0.008048688093389541,-0.02488119416009151,0.08283028398818564,0.9962205021236914,capsules,0.05,0.5,0.1,0.5,0.5
50,1784928604.4659212,5.106653810478747,1,1784928604.4646966,0.001224517822265625,17,-0.018368098884820938,1,0.11529579013586044,1,0.026124313473701477,1,0.33195874094963074,1,0.5104024410247803,1,-0.026448983699083328,1,0.8014104962348938,1,0.3648197054862976,1,-0.7873750329017639,1,-0.015900207683444023,1,1.028072714805603,1,-0.39339739084243774,1,0.02221253700554371,1,0.03549061715602875,1,-0.02097323350608349,1,-0.05739210173487663,1,-0.0953037217259407,1,0,,,,,,,,,,,,,,,,,,,,,,,,,,,,,,,,,,,,,,,,,,,,,,,,,,,,,,,,,,,,,,,,,,,,,,,,,,,,,,,,,,,,,,,,,,,,,,,,,,,,,,,,,,,,,,,,,,,,,1,1784928604.4644551,0.0014660358428955078,world,base_footprint,0.9065877636429309,-0.20951589953706778,1,0,1,1784928593.86561,10.600311279296875,world,workspace,1,0,2,-0.0721911355745298,-0.0005509412263589577,0.0,0.0,0.0,-0.10574687133817579,0.994393080829803,1.5,1,2,1784928593.86561,world,workspace,-0.0721911355745298,-0.0005509412263589577,0.0,0.0,-0.10574687133817579,0.994393080829803,1,1784928593.865948,10.599973201751709,workspace,1,321,,1,1784928604.4644554,0.0014657974243164062,world,pelvis,0.8741578125218258,-0.17925511610314696,0.7766197724292111,-0.021496329730037827,-0.018394206100557628,0.11191693541771683,0.9933147338868856,capsules,0.05,0.5,0.1,0.5,0.5
51,1784928604.5659401,5.2066730642691255,1,1784928604.564417,0.0015232563018798828,17,0.010647203773260117,1,0.16219963133335114,1,0.013483638875186443,1,0.3833375573158264,1,0.5408028364181519,1,-0.0257803276181221,1,0.8076769709587097,1,0.33991047739982605,1,-0.783897340297699,1,-0.01633865013718605,1,1.026863694190979,1,-0.28747648000717163,1,0.08278467506170273,1,0.013575882650911808,1,0.06344059854745865,1,-0.10184471309185028,1,-0.14037667214870453,1,0,,,,,,,,,,,,,,,,,,,,,,,,,,,,,,,,,,,,,,,,,,,,,,,,,,,,,,,,,,,,,,,,,,,,,,,,,,,,,,,,,,,,,,,,,,,,,,,,,,,,,,,,,,,,,,,,,,,,,1,1784928604.5634563,0.002483844757080078,world,base_footprint,0.9367221042987567,-0.17908513217617605,1,0,1,1784928593.86561,10.700330257415771,world,workspace,1,0,2,-0.0721911355745298,-0.0005509412263589577,0.0,0.0,0.0,-0.10574687133817579,0.994393080829803,1.5,1,2,1784928593.86561,world,workspace,-0.0721911355745298,-0.0005509412263589577,0.0,0.0,-0.10574687133817579,0.994393080829803,1,1784928593.865948,10.699992179870605,workspace,1,321,,1,1784928604.564461,0.0014791488647460938,world,pelvis,0.8934186034233692,-0.1402662964661181,0.7714395939602289,-0.026937743676037983,-0.024676353873403032,0.1309827596945898,0.9907113364587831,capsules,0.05,0.5,0.1,0.5,0.5
52,1784928604.6659498,5.306683823466301,1,1784928604.6653488,0.0006010532379150391,17,0.030035343021154404,1,0.0828787088394165,1,0.0481567420065403,1,0.3811893165111542,1,0.6400888562202454,1,-0.003393125720322132,1,0.8144674301147461,1,0.2713331878185272,1,-0.6556262373924255,1,-0.0048972247168421745,1,1.005702018737793,1,-0.21795512735843658,1,-0.014626472257077694,1,0.021179648116230965,1,-0.1566898673772812,1,-0.06393756717443466,1,0.06719991564750671,1,0,,,,,,,,,,,,,,,,,,,,,,,,,,,,,,,,,,,,,,,,,,,,,,,,,,,,,,,,,,,,,,,,,,,,,,,,,,,,,,,,,,,,,,,,,,,,,,,,,,,,,,,,,,,,,,,,,,,,,1,1784928604.6644552,0.0014946460723876953,world,base_footprint,0.9464098899658836,-0.11606599121805626,1,0,1,1784928593.86561,10.800339937210083,world,workspace,1,0,2,-0.0721911355745298,-0.0005509412263589577,0.0,0.0,0.0,-0.10574687133817579,0.994393080829803,1.5,1,2,1784928593.86561,world,workspace,-0.0721911355745298,-0.0005509412263589577,0.0,0.0,-0.10574687133817579,0.994393080829803,1,1784928593.865948,10.800001859664917,workspace,1,321,,1,1784928604.6654544,0.0004954338073730469,world,pelvis,0.9012793248068687,-0.1151521589382615,0.773698082414511,-0.004912209833645085,-0.028370548713901673,0.15056116657635346,0.9881813180177967,capsules,0.05,0.5,0.1,0.5,0.5
53,1784928604.7659745,5.406706303358078,1,1784928604.7648597,0.0011148452758789062,17,0.03092796728014946,1,0.002697124844416976,1,0.04280170798301697,1,0.3789054751396179,1,0.7202492952346802,1,0.0244184210896492,1,0.817952573299408,1,0.2516770362854004,1,-0.5627688765525818,1,0.01839894987642765,1,0.982809841632843,1,-0.21449053287506104,1,-0.04000800475478172,1,-0.011204910464584827,1,-0.30402040481567383,1,0.0527200810611248,1,0.029048031195998192,1,0,,,,,,,,,,,,,,,,,,,,,,,,,,,,,,,,,,,,,,,,,,,,,,,,,,,,,,,,,,,,,,,,,,,,,,,,,,,,,,,,,,,,,,,,,,,,,,,,,,,,,,,,,,,,,,,,,,,,,1,1784928604.76446,0.001514434814453125,world,base_footprint,0.9418947619185276,-0.1106600195078643,1,0,1,1784928593.86561,10.900364637374878,world,workspace,1,0,2,-0.0721911355745298,-0.0005509412263589577,0.0,0.0,0.0,-0.10574687133817579,0.994393080829803,1.5,1,2,1784928593.86561,world,workspace,-0.0721911355745298,-0.0005509412263589577,0.0,0.0,-0.10574687133817579,0.994393080829803,1,1784928593.865948,10.900026559829712,workspace,1,321,,1,1784928604.76446,0.001514434814453125,world,pelvis,0.9128466099177934,-0.10972836226361714,0.7757201539368157,-0.0038090487361463433,-0.018137897507834518,0.17401432792351681,0.9845686982120891,capsules,0.05,0.5,0.1,0.5,0.5
54,1784928604.8659506,5.506683169864118,1,1784928604.8651633,0.0007872581481933594,17,0.011157365515828133,1,-0.04567708075046539,1,0.032696884125471115,1,0.3697941303253174,1,0.7020880579948425,1,0.024551352486014366,1,0.8218398690223694,1,0.2840113043785095,1,-0.5917497873306274,1,0.018532024696469307,1,0.9864040017127991,1,-0.2222823202610016,1,-0.07255049794912338,1,-0.05730845779180527,1,-0.1907431185245514,1,0.05884145200252533,1,0.07124272733926773,1,0,,,,,,,,,,,,,,,,,,,,,,,,,,,,,,,,,,,,,,,,,,,,,,,,,,,,,,,,,,,,,,,,,,,,,,,,,,,,,,,,,,,,,,,,,,,,,,,,,,,,,,,,,,,,,,,,,,,,,1,1784928604.8644574,0.001493215560913086,world,base_footprint,0.95225059002902,-0.09989842006786372,1,0,1,1784928593.86561,11.000340700149536,world,workspace,1,0,2,-0.0721911355745298,-0.0005509412263589577,0.0,0.0,0.0,-0.10574687133817579,0.994393080829803,1.5,1,2,1784928593.86561,world,workspace,-0.0721911355745298,-0.0005509412263589577,0.0,0.0,-0.10574687133817579,0.994393080829803,1,1784928593.865948,11.00000262260437,workspace,1,321,,1,1784928604.8644576,0.0014929771423339844,world,pelvis,0.9277371461132751,-0.10241720468906973,0.7724591815176713,-0.001631870738628914,-0.01562881294222739,0.20494079601482112,0.9786482245080307,capsules,0.05,0.5,0.1,0.5,0.5
55,1784928604.9659986,5.606730265542865,1,1784928604.9647222,0.0012764930725097656,17,-0.020973416045308113,1,-0.006716732867062092,1,0.0390055812895298,1,0.3333544135093689,1,0.5753515362739563,1,-0.005110137164592743,1,0.8155447840690613,1,0.33097729086875916,1,-0.6997594237327576,1,0.002742588520050049,1,1.0058257579803467,1,-0.35250070691108704,1,-0.029274748638272285,1,0.07490622252225876,1,-0.12520894408226013,1,0.005624107550829649,1,-0.013215268962085247,1,0,,,,,,,,,,,,,,,,,,,,,,,,,,,,,,,,,,,,,,,,,,,,,,,,,,,,,,,,,,,,,,,,,,,,,,,,,,,,,,,,,,,,,,,,,,,,,,,,,,,,,,,,,,,,,,,,,,,,,1,1784928604.964455,0.0015437602996826172,world,base_footprint,0.9609996028535529,-0.08499554761446057,1,0,1,1784928593.86561,11.100388765335083,world,workspace,1,0,2,-0.0721911355745298,-0.0005509412263589577,0.0,0.0,0.0,-0.10574687133817579,0.994393080829803,1.5,1,2,1784928593.86561,world,workspace,-0.0721911355745298,-0.0005509412263589577,0.0,0.0,-0.10574687133817579,0.994393080829803,1,1784928593.865948,11.100050687789917,workspace,1,321,,1,1784928604.9644551,0.0015435218811035156,world,pelvis,0.9295286003343194,-0.07943630314907185,0.776701932267835,-0.008493593276153852,-0.018526312403967637,0.2522171952340636,0.9674560047104117,capsules,0.05,0.5,0.1,0.5,0.5
56,1784928605.0659502,5.706683407537639,1,1784928605.0652869,0.0006632804870605469,17,-0.01990814134478569,1,0.06640084832906723,1,0.005283331032842398,1,0.35054337978363037,1,0.510586678981781,1,-0.025581318885087967,1,0.8129916191101074,1,0.3632829487323761,1,-0.7780174016952515,1,-0.014283644035458565,1,1.0270944833755493,1,-0.40740951895713806,1,0.055724576115608215,1,0.0004449344123713672,1,-0.05653538182377815,1,-0.0324593149125576,1,-0.07822726666927338,1,0,,,,,,,,,,,,,,,,,,,,,,,,,,,,,,,,,,,,,,,,,,,,,,,,,,,,,,,,,,,,,,,,,,,,,,,,,,,,,,,,,,,,,,,,,,,,,,,,,,,,,,,,,,,,,,,,,,,,,1,1784928605.064455,0.0014951229095458984,world,base_footprint,0.9603828254487594,-0.07380690693369062,1,0,1,1784928593.86561,11.200340270996094,world,workspace,1,0,2,-0.0721911355745298,-0.0005509412263589577,0.0,0.0,0.0,-0.10574687133817579,0.994393080829803,1.5,1,2,1784928593.86561,world,workspace,-0.0721911355745298,-0.0005509412263589577,0.0,0.0,-0.10574687133817579,0.994393080829803,1,1784928593.865948,11.200002193450928,workspace,1,321,,1,1784928605.064455,0.0014951229095458984,world,pelvis,0.9257909224060338,-0.04243798689371802,0.7761133342114468,-0.025439760640735692,-0.015494238226423965,0.28311328781647416,0.9586238122548757,capsules,0.05,0.5,0.1,0.5,0.5
57,1784928605.1663804,5.8071442833170295,1,1784928605.1648278,0.001552581787109375,17,-0.0013510154094547033,1,0.08584583550691605,1,0.001411254284903407,1,0.3739413619041443,1,0.5334316492080688,1,-0.02494911476969719,1,0.8148699402809143,1,0.3576587438583374,1,-0.7714022397994995,1,-0.015290523879230022,1,1.0282261371612549,1,-0.26425549387931824,1,0.10057383030653,1,0.0009320609970018268,1,-0.002488779602572322,1,-0.11415881663560867,1,-0.10190693289041519,1,0,,,,,,,,,,,,,,,,,,,,,,,,,,,,,,,,,,,,,,,,,,,,,,,,,,,,,,,,,,,,,,,,,,,,,,,,,,,,,,,,,,,,,,,,,,,,,,,,,,,,,,,,,,,,,,,,,,,,,1,1784928605.1634552,0.0029251575469970703,world,base_footprint,0.9670874256288358,-0.01559554793940289,1,0,1,1784928593.86561,11.30077052116394,world,workspace,1,0,2,-0.0721911355745298,-0.0005509412263589577,0.0,0.0,0.0,-0.10574687133817579,0.994393080829803,1.5,1,2,1784928593.86561,world,workspace,-0.0721911355745298,-0.0005509412263589577,0.0,0.0,-0.10574687133817579,0.994393080829803,1,1784928593.865948,11.300432443618774,workspace,1,321,,1,1784928605.164456,0.0019245147705078125,world,pelvis,0.9192633888248081,0.007219055519494564,0.7701084598286793,-0.021530512137189536,-0.02488683813857536,0.30699745567987685,0.9511412326992542,capsules,0.05,0.5,0.1,0.5,0.5
58,1784928605.2660193,5.906752425245941,1,1784928605.2655404,0.00047898292541503906,17,0.01296018436551094,1,-0.022044993937015533,1,0.011255363002419472,1,0.37984398007392883,1,0.6665262579917908,1,0.005620166659355164,1,0.8186994194984436,1,0.31086379289627075,1,-0.6071024537086487,1,0.005713241640478373,1,1.0132960081100464,1,-0.17683225870132446,1,0.014694827608764172,1,-0.014827662147581577,1,-0.15902957320213318,1,-0.007169794291257858,1,0.026378914713859558,1,0,,,,,,,,,,,,,,,,,,,,,,,,,,,,,,,,,,,,,,,,,,,,,,,,,,,,,,,,,,,,,,,,,,,,,,,,,,,,,,,,,,,,,,,,,,,,,,,,,,,,,,,,,,,,,,,,,,,,,1,1784928605.2644556,0.0015637874603271484,world,base_footprint,0.9713401956217362,0.04759892947804885,1,0,1,1784928593.86561,11.400409460067749,world,workspace,1,0,2,-0.0721911355745298,-0.0005509412263589577,0.0,0.0,0.0,-0.10574687133817579,0.994393080829803,1.5,1,2,1784928593.86561,world,workspace,-0.0721911355745298,-0.0005509412263589577,0.0,0.0,-0.10574687133817579,0.994393080829803,1,1784928593.865948,11.400071382522583,workspace,1,321,,1,1784928605.2654548,0.0005645751953125,world,pelvis,0.9255110401800997,0.032933119627435364,0.7744842884382611,-0.0008449534671560076,-0.03068279393835631,0.33073153468152316,0.943225584988543,capsules,0.05,0.5,0.1,0.5,0.5
59,1784928605.3659241,6.006659132428467,1,1784928605.3646972,0.0012269020080566406,17,0.01641332171857357,1,-0.0976819097995758,1,-0.016700536012649536,1,0.38164281845092773,1,0.7241576313972473,1,0.025298452004790306,1,0.8219782114028931,1,0.29908668994903564,1,-0.5557494163513184,1,0.018890611827373505,1,0.996229350566864,1,-0.1479397416114807,1,-0.024857554584741592,1,-0.03949730843305588,1,-0.27269718050956726,1,0.05162740498781204,1,-0.016389209777116776,1,0,,,,,,,,,,,,,,,,,,,,,,,,,,,,,,,,,,,,,,,,,,,,,,,,,,,,,,,,,,,,,,,,,,,,,,,,,,,,,,,,,,,,,,,,,,,,,,,,,,,,,,,,,,,,,,,,,,,,,1,1784928605.363456,0.002468109130859375,world,base_footprint,0.9676975027465922,0.06833925039860037,1,0,1,1784928593.86561,11.500314235687256,world,workspace,1,0,2,-0.0721911355745298,-0.0005509412263589577,0.0,0.0,0.0,-0.10574687133817579,0.994393080829803,1.5,1,2,1784928593.86561,world,workspace,-0.0721911355745298,-0.0005509412263589577,0.0,0.0,-0.10574687133817579,0.994393080829803,1,1784928593.865948,11.49997615814209,workspace,1,321,,1,1784928605.3644595,0.0014646053314208984,world,pelvis,0.9389825978886315,0.050523402326081726,0.7757671131247238,0.004232160470993483,-0.021131315025103806,0.3499915730723091,0.9365049146274824,capsules,0.05,0.5,0.1,0.5,0.5
60,1784928605.4659932,6.106729372404516,1,1784928605.4647627,0.001230478286743164,17,0.00499434769153595,1,-0.12537673115730286,1,-0.039571888744831085,1,0.37889233231544495,1,0.68875652551651,1,0.024965960532426834,1,0.8228269815444946,1,0.3175305724143982,1,-0.6024420857429504,1,0.018388306722044945,1,0.9972297549247742,1,-0.12702327966690063,1,-0.05290726572275162,1,-0.07919687032699585,1,-0.19237791001796722,1,0.0566294826567173,1,0.04861330986022949,1,0,,,,,,,,,,,,,,,,,,,,,,,,,,,,,,,,,,,,,,,,,,,,,,,,,,,,,,,,,,,,,,,,,,,,,,,,,,,,,,,,,,,,,,,,,,,,,,,,,,,,,,,,,,,,,,,,,,,,,1,1784928605.4644556,0.0015375614166259766,world,base_footprint,0.9751913439310886,0.08715361673538435,1,0,1,1784928593.86561,11.600383281707764,world,workspace,1,0,2,-0.0721911355745298,-0.0005509412263589577,0.0,0.0,0.0,-0.10574687133817579,0.994393080829803,1.5,1,2,1784928593.86561,world,workspace,-0.0721911355745298,-0.0005509412263589577,0.0,0.0,-0.10574687133817579,0.994393080829803,1,1784928593.865948,11.600045204162598,workspace,1,321,,1,1784928605.4644558,0.001537322998046875,world,pelvis,0.9581057337810417,0.07073157060104972,0.774301085867146,0.005613498687384173,-0.01403011931150063,0.37551798608885867,0.9266919048466753,capsules,0.05,0.5,0.1,0.5,0.5
61,1784928605.5659108,6.206647400744259,1,1784928605.565121,0.0007898807525634766,17,-0.020771779119968414,1,-0.0663248598575592,1,0.014268266037106514,1,0.33353930711746216,1,0.5821635127067566,1,-0.002555872779339552,1,0.8155190348625183,1,0.32943058013916016,1,-0.6989388465881348,1,0.002930368296802044,1,1.003454566001892,1,-0.2372628003358841,1,-0.021473655477166176,1,0.043758489191532135,1,-0.09736188501119614,1,0.028286518529057503,1,-0.03182697296142578,1,0,,,,,,,,,,,,,,,,,,,,,,,,,,,,,,,,,,,,,,,,,,,,,,,,,,,,,,,,,,,,,,,,,,,,,,,,,,,,,,,,,,,,,,,,,,,,,,,,,,,,,,,,,,,,,,,,,,,,,1,1784928605.5644562,0.0014545917510986328,world,base_footprint,0.9987347404593063,0.10753073123457957,1,0,1,1784928593.86561,11.700300931930542,world,workspace,1,0,2,-0.0721911355745298,-0.0005509412263589577,0.0,0.0,0.0,-0.10574687133817579,0.994393080829803,1.5,1,2,1784928593.86561,world,workspace,-0.0721911355745298,-0.0005509412263589577,0.0,0.0,-0.10574687133817579,0.994393080829803,1,1784928593.865948,11.699962854385376,workspace,1,321,,1,1784928605.5644562,0.0014545917510986328,world,pelvis,0.9619865101790415,0.09233684587927138,0.7771348078922354,-0.0009659431805886049,-0.02534380775894903,0.41687296779390576,0.9086108556938722,capsules,0.05,0.5,0.1,0.5,0.5
62,1784928605.6660535,6.306789073161781,1,1784928605.6653826,0.0006709098815917969,17,-0.014525449834764004,1,0.029781008139252663,1,-0.00017514453793410212,1,0.3483665883541107,1,0.5138700604438782,1,-0.02510138601064682,1,0.8121006488800049,1,0.35197120904922485,1,-0.7809239625930786,1,-0.01468332763761282,1,1.0208014249801636,1,-0.3329441249370575,1,0.038098424673080444,1,0.04140463471412659,1,-0.02169966511428356,1,-0.004340190440416336,1,-0.08886664360761642,1,0,,,,,,,,,,,,,,,,,,,,,,,,,,,,,,,,,,,,,,,,,,,,,,,,,,,,,,,,,,,,,,,,,,,,,,,,,,,,,,,,,,,,,,,,,,,,,,,,,,,,,,,,,,,,,,,,,,,,,1,1784928605.6634579,0.002595663070678711,world,base_footprint,0.9981490455928503,0.12224834738766935,1,0,1,1784928593.86561,11.800443649291992,world,workspace,1,0,2,-0.0721911355745298,-0.0005509412263589577,0.0,0.0,0.0,-0.10574687133817579,0.994393080829803,1.5,1,2,1784928593.86561,world,workspace,-0.0721911355745298,-0.0005509412263589577,0.0,0.0,-0.10574687133817579,0.994393080829803,1,1784928593.865948,11.800105571746826,workspace,1,321,,1,1784928605.6644583,0.0015952587127685547,world,pelvis,0.9558592515997782,0.12828933889226662,0.7775352554907387,-0.01546399194728896,-0.022434047421337464,0.4452401408873121,0.8949965337430072,capsules,0.05,0.5,0.1,0.5,0.5
63,1784928605.7659647,6.406699606217444,1,1784928605.7653818,0.0005829334259033203,17,0.02041149139404297,1,0.06639966368675232,1,-0.0009223072556778789,1,0.3937327563762665,1,0.5444398522377014,1,-0.02314554713666439,1,0.8181495666503906,1,0.33889713883399963,1,-0.7682359218597412,1,-0.016212837770581245,1,1.0227365493774414,1,-0.22384165227413177,1,0.05415402725338936,1,0.06280525773763657,1,0.04359907656908035,1,-0.07604295015335083,1,-0.09134447574615479,1,0,,,,,,,,,,,,,,,,,,,,,,,,,,,,,,,,,,,,,,,,,,,,,,,,,,,,,,,,,,,,,,,,,,,,,,,,,,,,,,,,,,,,,,,,,,,,,,,,,,,,,,,,,,,,,,,,,,,,,1,1784928605.7644565,0.0015082359313964844,world,base_footprint,0.9919734182892116,0.1873831253158583,1,0,1,1784928593.86561,11.900354862213135,world,workspace,1,0,2,-0.0721911355745298,-0.0005509412263589577,0.0,0.0,0.0,-0.10574687133817579,0.994393080829803,1.5,1,2,1784928593.86561,world,workspace,-0.0721911355745298,-0.0005509412263589577,0.0,0.0,-0.10574687133817579,0.994393080829803,1,1784928593.865948,11.900016784667969,workspace,1,321,,1,1784928605.7644565,0.0015082359313964844,world,pelvis,0.9484398547932826,0.17565225771562235,0.7732537256384071,-0.005938680282488254,-0.028138724232346028,0.45377956054392493,0.8906497935258508,capsules,0.05,0.5,0.1,0.5,0.5
64,1784928605.8659253,6.506663689389825,1,1784928605.8650498,0.0008754730224609375,17,0.03198612481355667,1,-0.0018023957964032888,1,0.014765356667339802,1,0.3997548520565033,1,0.6707454919815063,1,0.008041284047067165,1,0.8269733786582947,1,0.2879248261451721,1,-0.6119871139526367,1,0.0048271846026182175,1,1.0045689344406128,1,-0.14294563233852386,1,0.003538955934345722,1,0.05297379195690155,1,-0.1655438095331192,1,0.038277752697467804,1,-0.005973096936941147,1,0,,,,,,,,,,,,,,,,,,,,,,,,,,,,,,,,,,,,,,,,,,,,,,,,,,,,,,,,,,,,,,,,,,,,,,,,,,,,,,,,,,,,,,,,,,,,,,,,,,,,,,,,,,,,,,,,,,,,,1,1784928605.8634553,0.0024700164794921875,world,base_footprint,0.9900271344960445,0.23068290824823467,1,0,1,1784928593.86561,12.000315427780151,world,workspace,1,0,2,-0.0721911355745298,-0.0005509412263589577,0.0,0.0,0.0,-0.10574687133817579,0.994393080829803,1.5,1,2,1784928593.86561,world,workspace,-0.0721911355745298,-0.0005509412263589577,0.0,0.0,-0.10574687133817579,0.994393080829803,1,1784928593.865948,11.999977350234985,workspace,1,321,,1,1784928605.8654554,0.0004699230194091797,world,pelvis,0.958457819870644,0.20069073370097396,0.7765308944574375,0.007839075986346521,-0.026894790100688386,0.46490816406029944,0.8849155994461856,capsules,0.05,0.5,0.1,0.5,0.5
65,1784928605.9659834,6.60671791061759,1,1784928605.965149,0.0008344650268554688,17,0.03475742042064667,1,-0.04292652755975723,1,-0.002234138548374176,1,0.40064212679862976,1,0.710885226726532,1,0.021315377205610275,1,0.8305605053901672,1,0.2739478349685669,1,-0.5616841912269592,1,0.018018370494246483,1,0.9888105392456055,1,-0.0940689668059349,1,-0.005363272503018379,1,0.05659153684973717,1,-0.31932732462882996,1,0.043542228639125824,1,-0.06461623311042786,1,0,,,,,,,,,,,,,,,,,,,,,,,,,,,,,,,,,,,,,,,,,,,,,,,,,,,,,,,,,,,,,,,,,,,,,,,,,,,,,,,,,,,,,,,,,,,,,,,,,,,,,,,,,,,,,,,,,,,,,1,1784928605.963456,0.002527475357055664,world,base_footprint,0.993182386590273,0.24655714082086944,1,0,1,1784928593.86561,12.10037350654602,world,workspace,1,0,2,-0.0721911355745298,-0.0005509412263589577,0.0,0.0,0.0,-0.10574687133817579,0.994393080829803,1.5,1,2,1784928593.86561,world,workspace,-0.0721911355745298,-0.0005509412263589577,0.0,0.0,-0.10574687133817579,0.994393080829803,1,1784928593.865948,12.100035429000854,workspace,1,321,,1,1784928605.9654543,0.0005290508270263672,world,pelvis,0.9750778446621335,0.2217537414566546,0.7784447399009138,0.008862148662343056,-0.017727347934929062,0.4662561047847549,0.8844277518300906,capsules,0.05,0.5,0.1,0.5,0.5
66,1784928606.0660255,6.706757695414126,1,1784928606.0657563,0.00026917457580566406,17,0.005329504143446684,1,-0.07719850540161133,1,-0.028249671682715416,1,0.3922864496707916,1,0.698046088218689,1,0.02120637148618698,1,0.830297589302063,1,0.3172929584980011,1,-0.5891061425209045,1,0.01798243075609207,1,0.9916026592254639,1,-0.04589107632637024,1,-0.019113514572381973,1,0.025156939402222633,1,-0.22009874880313873,1,0.024267209693789482,1,0.025626735761761665,1,0,,,,,,,,,,,,,,,,,,,,,,,,,,,,,,,,,,,,,,,,,,,,,,,,,,,,,,,,,,,,,,,,,,,,,,,,,,,,,,,,,,,,,,,,,,,,,,,,,,,,,,,,,,,,,,,,,,,,,1,1784928606.0644536,0.0015718936920166016,world,base_footprint,1.0071546241423452,0.2749271225184313,1,0,1,1784928593.86561,12.20041561126709,world,workspace,1,0,2,-0.0721911355745298,-0.0005509412263589577,0.0,0.0,0.0,-0.10574687133817579,0.994393080829803,1.5,1,2,1784928593.86561,world,workspace,-0.0721911355745298,-0.0005509412263589577,0.0,0.0,-0.10574687133817579,0.994393080829803,1,1784928593.865948,12.200077533721924,workspace,1,321,,1,1784928606.0644538,0.0015716552734375,world,pelvis,1.0019907691249132,0.24685570530531045,0.7753463827330168,0.014061592759776566,-0.011556930112809392,0.48461945409018736,0.8745357017828115,capsules,0.05,0.5,0.1,0.5,0.5
67,1784928606.1659496,6.80668159481138,1,1784928606.164901,0.0010485649108886719,17,-0.024919327348470688,1,-0.02115662395954132,1,0.027737418189644814,1,0.326381117105484,1,0.5900329947471619,1,0.00024046358885243535,1,0.8157311081886292,1,0.3336520493030548,1,-0.6843957901000977,1,0.006431447342038155,1,1.0062280893325806,1,-0.18487350642681122,1,-0.0018284507095813751,1,0.059427034109830856,1,-0.1267552524805069,1,0.0130695141851902,1,-0.036063507199287415,1,0,,,,,,,,,,,,,,,,,,,,,,,,,,,,,,,,,,,,,,,,,,,,,,,,,,,,,,,,,,,,,,,,,,,,,,,,,,,,,,,,,,,,,,,,,,,,,,,,,,,,,,,,,,,,,,,,,,,,,1,1784928606.1644592,0.0014903545379638672,world,base_footprint,1.0370141033715765,0.3069927670171573,1,0,1,1784928593.86561,12.300339698791504,world,workspace,1,0,2,-0.0721911355745298,-0.0005509412263589577,0.0,0.0,0.0,-0.10574687133817579,0.994393080829803,1.5,1,2,1784928593.86561,world,workspace,-0.0721911355745298,-0.0005509412263589577,0.0,0.0,-0.10574687133817579,0.994393080829803,1,1784928593.865948,12.300001621246338,workspace,1,321,,1,1784928606.1644595,0.0014901161193847656,world,pelvis,1.011529560777743,0.2691392280962559,0.7776566039061585,0.01235139659884217,-0.026356839191770936,0.5139392410310316,0.8573326172252661,capsules,0.05,0.5,0.1,0.5,0.5
68,1784928606.2659917,6.906727240420878,1,1784928606.2648823,0.0011093616485595703,17,-0.020085304975509644,1,0.06866437196731567,1,0.014276091009378433,1,0.3303290605545044,1,0.5194021463394165,1,-0.023356540128588676,1,0.8051716685295105,1,0.3467318117618561,1,-0.7677221894264221,1,-0.01217706874012947,1,1.017069697380066,1,-0.3031134605407715,1,0.0147901251912117,1,0.05361887440085411,1,-0.06585770845413208,1,0.0034200281370431185,1,-0.06599518656730652,1,0,,,,,,,,,,,,,,,,,,,,,,,,,,,,,,,,,,,,,,,,,,,,,,,,,,,,,,,,,,,,,,,,,,,,,,,,,,,,,,,,,,,,,,,,,,,,,,,,,,,,,,,,,,,,,,,,,,,,,1,1784928606.2644544,0.001537322998046875,world,base_footprint,1.043664638836218,0.3185501589409673,1,0,1,1784928593.86561,12.400381803512573,world,workspace,1,0,2,-0.0721911355745298,-0.0005509412263589577,0.0,0.0,0.0,-0.10574687133817579,0.994393080829803,1.5,1,2,1784928593.86561,world,workspace,-0.0721911355745298,-0.0005509412263589577,0.0,0.0,-0.10574687133817579,0.994393080829803,1,1784928593.865948,12.400043725967407,workspace,1,321,,1,1784928606.2644546,0.0015370845794677734,world,pelvis,1.0068202730935425,0.3001762505113003,0.778328071556246,-0.0024306531211880523,-0.02614701037927501,0.5270109319276425,0.849452708161195,capsules,0.05,0.5,0.1,0.5,0.5
69,1784928606.36596,7.006693158298731,1,1784928606.364846,0.0011138916015625,17,-0.003169018542394042,1,0.11586081236600876,1,0.0016164641128852963,1,0.3572880029678345,1,0.538606584072113,1,-0.023586558178067207,1,0.8056222796440125,1,0.3452877700328827,1,-0.76637202501297,1,-0.013876798562705517,1,1.0186333656311035,1,-0.23066912591457367,1,0.038626786321401596,1,0.038453031331300735,1,0.0059405225329101086,1,-0.03240619972348213,1,-0.09026747941970825,1,0,,,,,,,,,,,,,,,,,,,,,,,,,,,,,,,,,,,,,,,,,,,,,,,,,,,,,,,,,,,,,,,,,,,,,,,,,,,,,,,,,,,,,,,,,,,,,,,,,,,,,,,,,,,,,,,,,,,,,1,1784928606.364457,0.00150299072265625,world,base_footprint,1.0411644979544998,0.3541581286469299,1,0,1,1784928593.86561,12.500349998474121,world,workspace,1,0,2,-0.0721911355745298,-0.0005509412263589577,0.0,0.0,0.0,-0.10574687133817579,0.994393080829803,1.5,1,2,1784928593.86561,world,workspace,-0.0721911355745298,-0.0005509412263589577,0.0,0.0,-0.10574687133817579,0.994393080829803,1,1784928593.865948,12.500011920928955,workspace,1,321,,1,1784928606.3644571,0.0015027523040771484,world,pelvis,0.9977371941274931,0.3385929251515052,0.7760527862677093,-0.006528586625084522,-0.02869303332036211,0.5376123933612024,0.8426784688717253,capsules,0.05,0.5,0.1,0.5,0.5
70,1784928606.4659367,7.106670598499477,1,1784928606.4656734,0.000263214111328125,17,0.02273404411971569,1,0.05242537707090378,1,0.026504259556531906,1,0.37611767649650574,1,0.6394914984703064,1,-0.0013864281354472041,1,0.8152190446853638,1,0.28897497057914734,1,-0.6437836289405823,1,-0.0027343658730387688,1,1.0072333812713623,1,-0.13983067870140076,1,-0.007768961135298014,1,0.06603724509477615,1,-0.13034425675868988,1,0.010274934582412243,1,0.010585987940430641,1,0,,,,,,,,,,,,,,,,,,,,,,,,,,,,,,,,,,,,,,,,,,,,,,,,,,,,,,,,,,,,,,,,,,,,,,,,,,,,,,,,,,,,,,,,,,,,,,,,,,,,,,,,,,,,,,,,,,,,,1,1784928606.464454,0.0014827251434326172,world,base_footprint,1.0251773684317573,0.40089856876855184,1,0,1,1784928593.86561,12.600326776504517,world,workspace,1,0,2,-0.0721911355745298,-0.0005509412263589577,0.0,0.0,0.0,-0.10574687133817579,0.994393080829803,1.5,1,2,1784928593.86561,world,workspace,-0.0721911355745298,-0.0005509412263589577,0.0,0.0,-0.10574687133817579,0.994393080829803,1,1784928593.865948,12.59998869895935,workspace,1,321,,1,1784928606.464454,0.0014827251434326172,world,pelvis,0.9987903331310718,0.3661159159931281,0.7791324393901765,0.009774238368938464,-0.026075674656983888,0.5336586668405878,0.8452413565138758,capsules,0.05,0.5,0.1,0.5,0.5
71,1784928606.5659168,7.206649680621922,1,1784928606.5646617,0.001255035400390625,17,0.036988917738199234,1,-0.020848261192440987,1,0.019287940114736557,1,0.3847896456718445,1,0.7132090926170349,1,0.021649301052093506,1,0.8227037787437439,1,0.26787716150283813,1,-0.569663941860199,1,0.01656198315322399,1,0.9864078164100647,1,-0.11937227845191956,1,-0.00725829740986228,1,0.08527137339115143,1,-0.30012866854667664,1,0.044349394738674164,1,-0.0720093846321106,1,0,,,,,,,,,,,,,,,,,,,,,,,,,,,,,,,,,,,,,,,,,,,,,,,,,,,,,,,,,,,,,,,,,,,,,,,,,,,,,,,,,,,,,,,,,,,,,,,,,,,,,,,,,,,,,,,,,,,,,1,1784928606.564459,0.0014576911926269531,world,base_footprint,1.0219159204944048,0.40380850954013076,1,0,1,1784928593.86561,12.70030689239502,world,workspace,1,0,2,-0.0721911355745298,-0.0005509412263589577,0.0,0.0,0.0,-0.10574687133817579,0.994393080829803,1.5,1,2,1784928593.86561,world,workspace,-0.0721911355745298,-0.0005509412263589577,0.0,0.0,-0.10574687133817579,0.994393080829803,1,1784928593.865948,12.699968814849854,workspace,1,321,,1,1784928606.564459,0.0014576911926269531,world,pelvis,1.0120776325696779,0.38163433237108146,0.7798322259625345,0.008709659444983737,-0.012784038882353431,0.5270071093864613,0.8497200814611442,capsules,0.05,0.5,0.1,0.5,0.5
72,1784928606.6659603,7.3066950757056475,1,1784928606.6652517,0.0007085800170898438,17,0.0032243840396404266,1,-0.06726299971342087,1,0.025561537593603134,1,0.3753278851509094,1,0.6993266344070435,1,0.021984223276376724,1,0.8255046010017395,1,0.29749658703804016,1,-0.6004140973091125,1,0.01647590473294258,1,0.9890762567520142,1,-0.09797730296850204,1,-0.01956954039633274,1,0.06515830755233765,1,-0.2062971442937851,1,0.031653959304094315,1,0.004102884326130152,1,0,,,,,,,,,,,,,,,,,,,,,,,,,,,,,,,,,,,,,,,,,,,,,,,,,,,,,,,,,,,,,,,,,,,,,,,,,,,,,,,,,,,,,,,,,,,,,,,,,,,,,,,,,,,,,,,,,,,,,1,1784928606.6644568,0.0015034675598144531,world,base_footprint,1.0327469707275083,0.43641777237703316,1,0,1,1784928593.86561,12.800350427627563,world,workspace,1,0,2,-0.0721911355745298,-0.0005509412263589577,0.0,0.0,0.0,-0.10574687133817579,0.994393080829803,1.5,1,2,1784928593.86561,world,workspace,-0.0721911355745298,-0.0005509412263589577,0.0,0.0,-0.10574687133817579,0.994393080829803,1,1784928593.865948,12.800012350082397,workspace,1,321,,1,1784928606.6644568,0.0015034675598144531,world,pelvis,1.0294293291228367,0.4016376460411003,0.7740389759431963,0.017517355369015157,-0.013770096709764545,0.5404202173215374,0.8411001815524841,capsules,0.05,0.5,0.1,0.5,0.5
73,1784928606.7659662,7.406700958497822,1,1784928606.7652278,0.0007383823394775391,17,-0.018022781237959862,1,-0.0039816624484956264,1,0.03750242665410042,1,0.33373674750328064,1,0.5695626735687256,1,-0.0050750733353197575,1,0.8190798163414001,1,0.3308323323726654,1,-0.705902099609375,1,0.0009681842639110982,1,1.0102442502975464,1,-0.24314092099666595,1,-0.0202708188444376,1,0.06651902943849564,1,-0.13936841487884521,1,0.021887682378292084,1,-0.027656398713588715,1,0,,,,,,,,,,,,,,,,,,,,,,,,,,,,,,,,,,,,,,,,,,,,,,,,,,,,,,,,,,,,,,,,,,,,,,,,,,,,,,,,,,,,,,,,,,,,,,,,,,,,,,,,,,,,,,,,,,,,,1,1784928606.7644603,0.0015058517456054688,world,base_footprint,1.0462683760483582,0.46178037674361494,1,0,1,1784928593.86561,12.90035629272461,world,workspace,1,0,2,-0.0721911355745298,-0.0005509412263589577,0.0,0.0,0.0,-0.10574687133817579,0.994393080829803,1.5,1,2,1784928593.86561,world,workspace,-0.0721911355745298,-0.0005509412263589577,0.0,0.0,-0.10574687133817579,0.994393080829803,1,1784928593.865948,12.900018215179443,workspace,1,321,,1,1784928606.7654548,0.0005114078521728516,world,pelvis,1.025572718356048,0.4249866758291749,0.7763918395644853,0.012235109563668096,-0.024051817187594724,0.5564446746332911,0.8304463476084356,capsules,0.05,0.5,0.1,0.5,0.5
74,1784928606.8659763,7.506715235300362,1,1784928606.8647096,0.0012667179107666016,17,-0.016762185841798782,1,0.06554918736219406,1,0.013520270586013794,1,0.3380448818206787,1,0.5112960338592529,1,-0.025753334164619446,1,0.8115787506103516,1,0.34454402327537537,1,-0.7652539610862732,1,-0.011896674521267414,1,1.016602635383606,1,-0.34533992409706116,1,0.015697665512561798,1,0.026619382202625275,1,-0.09458217769861221,1,0.0016795066185295582,1,-0.04329846799373627,1,0,,,,,,,,,,,,,,,,,,,,,,,,,,,,,,,,,,,,,,,,,,,,,,,,,,,,,,,,,,,,,,,,,,,,,,,,,,,,,,,,,,,,,,,,,,,,,,,,,,,,,,,,,,,,,,,,,,,,,1,1784928606.8644576,0.0015187263488769531,world,base_footprint,1.0414251705031683,0.47142696113525084,1,0,1,1784928593.86561,13.000366449356079,world,workspace,1,0,2,-0.0721911355745298,-0.0005509412263589577,0.0,0.0,0.0,-0.10574687133817579,0.994393080829803,1.5,1,2,1784928593.86561,world,workspace,-0.0721911355745298,-0.0005509412263589577,0.0,0.0,-0.10574687133817579,0.994393080829803,1,1784928593.865948,13.000028371810913,workspace,1,321,,1,1784928606.8644578,0.0015184879302978516,world,pelvis,1.0101513072737947,0.45108583101540484,0.7775716275738139,-0.0005322209870896745,-0.023787416504737237,0.5636905799763343,0.8256432677632604,capsules,0.05,0.5,0.1,0.5,0.5
75,1784928606.9659004,7.6066332049667835,1,1784928606.965573,0.0003273487091064453,17,-9.051498636836186e-05,1,0.11017955839633942,1,0.002785818185657263,1,0.3588889539241791,1,0.5354870557785034,1,-0.025192206725478172,1,0.8122493028640747,1,0.3402022123336792,1,-0.7577149868011475,1,-0.012551939114928246,1,1.0170140266418457,1,-0.2302369475364685,1,0.05596078932285309,1,0.0038254361134022474,1,-0.04242045059800148,1,-0.03742662072181702,1,-0.04576236009597778,1,0,,,,,,,,,,,,,,,,,,,,,,,,,,,,,,,,,,,,,,,,,,,,,,,,,,,,,,,,,,,,,,,,,,,,,,,,,,,,,,,,,,,,,,,,,,,,,,,,,,,,,,,,,,,,,,,,,,,,,1,1784928606.9644563,0.001444101333618164,world,base_footprint,1.0304881976994502,0.5040211645982122,1,0,1,1784928593.86561,13.100290536880493,world,workspace,1,0,2,-0.0721911355745298,-0.0005509412263589577,0.0,0.0,0.0,-0.10574687133817579,0.994393080829803,1.5,1,2,1784928593.86561,world,workspace,-0.0721911355745298,-0.0005509412263589577,0.0,0.0,-0.10574687133817579,0.994393080829803,1,1784928593.865948,13.099952459335327,workspace,1,321,,1,1784928606.9654539,0.00044655799865722656,world,pelvis,0.9867913882523586,0.4843120671615808,0.774570159855415,-0.005396995193403732,-0.03009779604040795,0.5653265775251645,0.8243002219216471,capsules,0.05,0.5,0.1,0.5,0.5
76,1784928607.0659308,7.706666698679328,1,1784928607.0652094,0.0007214546203613281,17,0.01936216838657856,1,0.022591905668377876,1,0.03728571906685829,1,0.3631715178489685,1,0.6501490473747253,1,0.0008421092643402517,1,0.8149315118789673,1,0.2903905510902405,1,-0.6264016032218933,1,0.0021080258302390575,1,1.00503671169281,1,-0.1527843028306961,1,-0.001778900739736855,1,0.039700694382190704,1,-0.17733775079250336,1,0.002108133165165782,1,0.00692335469648242,1,0,,,,,,,,,,,,,,,,,,,,,,,,,,,,,,,,,,,,,,,,,,,,,,,,,,,,,,,,,,,,,,,,,,,,,,,,,,,,,,,,,,,,,,,,,,,,,,,,,,,,,,,,,,,,,,,,,,,,,1,1784928607.0634592,0.0024716854095458984,world,base_footprint,0.998852454217668,0.5443445310711945,1,0,1,1784928593.86561,13.200320959091187,world,workspace,1,0,2,-0.0721911355745298,-0.0005509412263589577,0.0,0.0,0.0,-0.10574687133817579,0.994393080829803,1.5,1,2,1784928593.86561,world,workspace,-0.0721911355745298,-0.0005509412263589577,0.0,0.0,-0.10574687133817579,0.994393080829803,1,1784928593.865948,13.19998288154602,workspace,1,321,,1,1784928607.0654593,0.0004715919494628906,world,pelvis,0.9778804834843902,0.5013449160765635,0.7773815133967634,0.015492375193119544,-0.02632523319611075,0.5603623140391946,0.8276841459232411,capsules,0.05,0.5,0.1,0.5,0.5
77,1784928607.1659675,7.806702167727053,1,1784928607.164884,0.0010833740234375,17,0.02352120541036129,1,-0.049963533878326416,1,0.02050677500665188,1,0.3757424056529999,1,0.7195498943328857,1,0.023201515898108482,1,0.8231330513954163,1,0.28215155005455017,1,-0.5659394264221191,1,0.016641754657030106,1,0.9928132891654968,1,-0.13910572230815887,1,-0.008717702701687813,1,0.06190348044037819,1,-0.290607213973999,1,0.0486501082777977,1,-0.046343494206666946,1,0,,,,,,,,,,,,,,,,,,,,,,,,,,,,,,,,,,,,,,,,,,,,,,,,,,,,,,,,,,,,,,,,,,,,,,,,,,,,,,,,,,,,,,,,,,,,,,,,,,,,,,,,,,,,,,,,,,,,,1,1784928607.1644561,0.0015113353729248047,world,base_footprint,0.990622931027419,0.5495787249755361,1,0,1,1784928593.86561,13.300357580184937,world,workspace,1,0,2,-0.0721911355745298,-0.0005509412263589577,0.0,0.0,0.0,-0.10574687133817579,0.994393080829803,1.5,1,2,1784928593.86561,world,workspace,-0.0721911355745298,-0.0005509412263589577,0.0,0.0,-0.10574687133817579,0.994393080829803,1,1784928593.865948,13.30001950263977,workspace,1,321,,1,1784928607.1644564,0.0015110969543457031,world,pelvis,0.9814226747104375,0.5130279472108062,0.7771980876494544,0.01613679464227706,-0.01781697651358628,0.5547483874601893,0.8316708398260138,capsules,0.05,0.5,0.1,0.5,0.5
78,1784928607.2659838,7.906720724888146,1,1784928607.2655654,0.0004184246063232422,17,0.007540444377809763,1,-0.09997594356536865,1,-0.005505680572241545,1,0.3762074410915375,1,0.7009375691413879,1,0.023267129436135292,1,0.8245446681976318,1,0.3125402629375458,1,-0.5941727161407471,1,0.016597801819443703,1,0.9944462776184082,1,-0.11591890454292297,1,-0.024026921018958092,1,0.0671890452504158,1,-0.19371087849140167,1,0.014095352031290531,1,-0.0031482623890042305,1,0,,,,,,,,,,,,,,,,,,,,,,,,,,,,,,,,,,,,,,,,,,,,,,,,,,,,,,,,,,,,,,,,,,,,,,,,,,,,,,,,,,,,,,,,,,,,,,,,,,,,,,,,,,,,,,,,,,,,,1,1784928607.264455,0.0015287399291992188,world,base_footprint,0.9855748688684018,0.567884792826793,1,0,1,1784928593.86561,13.400373935699463,world,workspace,1,0,2,-0.0721911355745298,-0.0005509412263589577,0.0,0.0,0.0,-0.10574687133817579,0.994393080829803,1.5,1,2,1784928593.86561,world,workspace,-0.0721911355745298,-0.0005509412263589577,0.0,0.0,-0.10574687133817579,0.994393080829803,1,1784928593.865948,13.400035858154297,workspace,1,321,,1,1784928607.2654552,0.0005285739898681641,world,pelvis,0.9903199169227161,0.5283641189018227,0.7748399000034141,0.022622071257117744,-0.011521739838561395,0.5566501613321914,0.8303590122904524,capsules,0.05,0.5,0.1,0.5,0.5
79,1784928607.3659909,8.006725485436618,1,1784928607.36536,0.0006308555603027344,17,-0.016604652628302574,1,-0.043625831604003906,1,0.00208102073520422,1,0.33879444003105164,1,0.5886542797088623,1,0.0005968240438960493,1,0.8190215826034546,1,0.3340164124965668,1,-0.6899288296699524,1,0.004249068442732096,1,1.0054986476898193,1,-0.2203582376241684,1,-0.011735369451344013,1,0.0675094947218895,1,-0.13454009592533112,1,0.018369806930422783,1,-0.031789157539606094,1,0,,,,,,,,,,,,,,,,,,,,,,,,,,,,,,,,,,,,,,,,,,,,,,,,,,,,,,,,,,,,,,,,,,,,,,,,,,,,,,,,,,,,,,,,,,,,,,,,,,,,,,,,,,,,,,,,,,,,,1,1784928607.3644588,0.0015320777893066406,world,base_footprint,1.0007293091720366,0.579032824126588,1,0,1,1784928593.86561,13.500380992889404,world,workspace,1,0,2,-0.0721911355745298,-0.0005509412263589577,0.0,0.0,0.0,-0.10574687133817579,0.994393080829803,1.5,1,2,1784928593.86561,world,workspace,-0.0721911355745298,-0.0005509412263589577,0.0,0.0,-0.10574687133817579,0.994393080829803,1,1784928593.865948,13.500042915344238,workspace,1,321,,1,1784928607.3644588,0.0015320777893066406,world,pelvis,0.984829613799198,0.54366621867959,0.7771663361125478,0.012771571603231809,-0.021177970274833056,0.5691107404030037,0.8218888888966481,capsules,0.05,0.5,0.1,0.5,0.5
80,1784928607.46623,8.106965734623373,1,1784928607.4656692,0.000560760498046875,17,-0.016604138538241386,1,0.04327927902340889,1,0.00237674661912024,1,0.3381531834602356,1,0.5132939219474792,1,-0.02525041066110134,1,0.8096279501914978,1,0.33902305364608765,1,-0.7718939781188965,1,-0.013794423080980778,1,1.013335108757019,1,-0.2955213785171509,1,0.014981906861066818,1,0.02435293234884739,1,-0.0993884801864624,1,0.0023951309267431498,1,-0.040401238948106766,1,0,,,,,,,,,,,,,,,,,,,,,,,,,,,,,,,,,,,,,,,,,,,,,,,,,,,,,,,,,,,,,,,,,,,,,,,,,,,,,,,,,,,,,,,,,,,,,,,,,,,,,,,,,,,,,,,,,,,,,1,1784928607.4644547,0.0017752647399902344,world,base_footprint,0.9955416121533153,0.5841960993355612,1,0,1,1784928593.86561,13.600620031356812,world,workspace,1,0,2,-0.0721911355745298,-0.0005509412263589577,0.0,0.0,0.0,-0.10574687133817579,0.994393080829803,1.5,1,2,1784928593.86561,world,workspace,-0.0721911355745298,-0.0005509412263589577,0.0,0.0,-0.10574687133817579,0.994393080829803,1,1784928593.865948,13.600281953811646,workspace,1,321,,1,1784928607.4644547,0.0017752647399902344,world,pelvis,0.9635320021827409,0.5622940956885385,0.7777226904859216,-0.0002571456015025252,-0.024735494485710094,0.57306932540786,0.8191334674308377,capsules,0.05,0.5,0.1,0.5,0.5
81,1784928607.5659726,8.20670872926712,1,1784928607.5655577,0.00041484832763671875,17,0.005418847315013409,1,0.08226391673088074,1,0.0024993412662297487,1,0.361324667930603,1,0.5333502888679504,1,-0.025370687246322632,1,0.8121476173400879,1,0.3300474286079407,1,-0.7611912488937378,1,-0.015191394835710526,1,1.0138157606124878,1,-0.20061145722866058,1,0.04872123897075653,1,-0.010608545504510403,1,-0.08025019615888596,1,-0.04401397332549095,1,-0.02040678821504116,1,0,,,,,,,,,,,,,,,,,,,,,,,,,,,,,,,,,,,,,,,,,,,,,,,,,,,,,,,,,,,,,,,,,,,,,,,,,,,,,,,,,,,,,,,,,,,,,,,,,,,,,,,,,,,,,,,,,,,,,1,1784928607.5644548,0.0015177726745605469,world,base_footprint,0.9721576358564727,0.6094721730349241,1,0,1,1784928593.86561,13.70036268234253,world,workspace,1,0,2,-0.0721911355745298,-0.0005509412263589577,0.0,0.0,0.0,-0.10574687133817579,0.994393080829803,1.5,1,2,1784928593.86561,world,workspace,-0.0721911355745298,-0.0005509412263589577,0.0,0.0,-0.10574687133817579,0.994393080829803,1,1784928593.865948,13.700024604797363,workspace,1,321,,1,1784928607.564455,0.0015175342559814453,world,pelvis,0.935946442426007,0.5875894604361095,0.7754069367341097,-0.0016252547257745772,-0.026937065727277314,0.5676035192217862,0.8228596466008794,capsules,0.05,0.5,0.1,0.5,0.5
82,1784928607.6659837,8.306715985760093,1,1784928607.6651225,0.0008611679077148438,17,0.021922962740063667,1,0.013703861273825169,1,0.021494725719094276,1,0.37911221385002136,1,0.6445335149765015,1,-0.001462106010876596,1,0.8171417713165283,1,0.29366016387939453,1,-0.6312999129295349,1,0.0002086585300276056,1,1.0051225423812866,1,-0.13755787909030914,1,0.0030367085710167885,1,0.03341614082455635,1,-0.20942561328411102,1,-0.014284184202551842,1,0.0178216565400362,1,0,,,,,,,,,,,,,,,,,,,,,,,,,,,,,,,,,,,,,,,,,,,,,,,,,,,,,,,,,,,,,,,,,,,,,,,,,,,,,,,,,,,,,,,,,,,,,,,,,,,,,,,,,,,,,,,,,,,,,1,1784928607.6644595,0.001524209976196289,world,base_footprint,0.9415462982256823,0.6356113057337607,1,0,1,1784928593.86561,13.800373792648315,world,workspace,1,0,2,-0.0721911355745298,-0.0005509412263589577,0.0,0.0,0.0,-0.10574687133817579,0.994393080829803,1.5,1,2,1784928593.86561,world,workspace,-0.0721911355745298,-0.0005509412263589577,0.0,0.0,-0.10574687133817579,0.994393080829803,1,1784928593.865948,13.80003571510315,workspace,1,321,,1,1784928607.6644597,0.0015239715576171875,world,pelvis,0.9249716462801856,0.6009941628310163,0.7783194949087555,0.012427237392630809,-0.021089250654433945,0.5576566360251586,0.8297107228273753,capsules,0.05,0.5,0.1,0.5,0.5
83,1784928607.765924,8.406659493222833,1,1784928607.7648246,0.0010993480682373047,17,0.02009081095457077,1,-0.055447354912757874,1,0.004678822588175535,1,0.3887019753456116,1,0.7207534909248352,1,0.02356959506869316,1,0.827936589717865,1,0.30037808418273926,1,-0.5604328513145447,1,0.017592009156942368,1,0.9994043111801147,1,-0.12264446914196014,1,-0.0036296406760811806,1,0.05597779154777527,1,-0.2922959625720978,1,0.03952448070049286,1,-0.040959905833005905,1,0,,,,,,,,,,,,,,,,,,,,,,,,,,,,,,,,,,,,,,,,,,,,,,,,,,,,,,,,,,,,,,,,,,,,,,,,,,,,,,,,,,,,,,,,,,,,,,,,,,,,,,,,,,,,,,,,,,,,,1,1784928607.7644563,0.0014677047729492188,world,base_footprint,0.9337027164123322,0.6418114939541427,1,0,1,1784928593.86561,13.900314092636108,world,workspace,1,0,2,-0.0721911355745298,-0.0005509412263589577,0.0,0.0,0.0,-0.10574687133817579,0.994393080829803,1.5,1,2,1784928593.86561,world,workspace,-0.0721911355745298,-0.0005509412263589577,0.0,0.0,-0.10574687133817579,0.994393080829803,1,1784928593.865948,13.899976015090942,workspace,1,321,,1,1784928607.7644565,0.0014674663543701172,world,pelvis,0.9291516453853514,0.6105787506072589,0.7776902459525133,0.015011736703521624,-0.013408495613023885,0.5515452217164172,0.8339021096077932,capsules,0.05,0.5,0.1,0.5,0.5
84,1784928607.8659527,8.5066858548671,1,1784928607.8649254,0.0010273456573486328,17,0.0023806695826351643,1,-0.09310657531023026,1,-0.0030172723345458508,1,0.3834521174430847,1,0.6980507373809814,1,0.024154724553227425,1,0.8290145397186279,1,0.3185672163963318,1,-0.5950219035148621,1,0.01730663888156414,1,1.0008695125579834,1,-0.10656673461198807,1,-0.012125827372074127,1,0.07336131483316422,1,-0.2003607153892517,1,0.0217000562697649,1,0.00272033317014575,1,0,,,,,,,,,,,,,,,,,,,,,,,,,,,,,,,,,,,,,,,,,,,,,,,,,,,,,,,,,,,,,,,,,,,,,,,,,,,,,,,,,,,,,,,,,,,,,,,,,,,,,,,,,,,,,,,,,,,,,1,1784928607.8644552,0.001497507095336914,world,base_footprint,0.9315007402853389,0.6636338770204567,1,0,1,1784928593.86561,14.000342845916748,world,workspace,1,0,2,-0.0721911355745298,-0.0005509412263589577,0.0,0.0,0.0,-0.10574687133817579,0.994393080829803,1.5,1,2,1784928593.86561,world,workspace,-0.0721911355745298,-0.0005509412263589577,0.0,0.0,-0.10574687133817579,0.994393080829803,1,1784928593.865948,14.000004768371582,workspace,1,321,,1,1784928607.8644552,0.001497507095336914,world,pelvis,0.936877866814691,0.6225282408653097,0.7730869682099611,0.023813865894455864,-0.011490519071609036,0.5475269780850505,0.8363701788273411,capsules,0.05,0.5,0.1,0.5,0.5
85,1784928607.966277,8.60701351519674,1,1784928607.9648445,0.0014324188232421875,17,-0.021794293075799942,1,-0.020603714510798454,1,0.009000280871987343,1,0.33556967973709106,1,0.5733882188796997,1,-0.003996531944721937,1,0.8175010681152344,1,0.3409285843372345,1,-0.7016287446022034,1,0.001850359607487917,1,1.011264681816101,1,-0.22821103036403656,1,-0.010372243821620941,1,0.06966235488653183,1,-0.15167757868766785,1,0.016639607027173042,1,-0.018535640090703964,1,0,,,,,,,,,,,,,,,,,,,,,,,,,,,,,,,,,,,,,,,,,,,,,,,,,,,,,,,,,,,,,,,,,,,,,,,,,,,,,,,,,,,,,,,,,,,,,,,,,,,,,,,,,,,,,,,,,,,,,1,1784928607.964456,0.0018208026885986328,world,base_footprint,0.9409507985100419,0.6767981336061858,1,0,1,1784928593.86561,14.100666999816895,world,workspace,1,0,2,-0.0721911355745298,-0.0005509412263589577,0.0,0.0,0.0,-0.10574687133817579,0.994393080829803,1.5,1,2,1784928593.86561,world,workspace,-0.0721911355745298,-0.0005509412263589577,0.0,0.0,-0.10574687133817579,0.994393080829803,1,1784928593.865948,14.100328922271729,workspace,1,321,,1,1784928607.965459,0.0008177757263183594,world,pelvis,0.9264888146886869,0.6376100071538576,0.7751574555780172,0.015572100858656887,-0.021545529731973188,0.5583633635178485,0.8291704614278366,capsules,0.05,0.5,0.1,0.5,0.5
86,1784928608.066426,8.707163006998599,1,1784928608.0651073,0.0013186931610107422,17,-0.021471340209245682,1,0.06605271995067596,1,0.00856257788836956,1,0.32929715514183044,1,0.5154449939727783,1,-0.025240294635295868,1,0.8030231595039368,1,0.3449113667011261,1,-0.7663949131965637,1,-0.012663102708756924,1,1.0153707265853882,1,-0.3122907280921936,1,0.02732805721461773,1,0.019247744232416153,1,-0.12385715544223785,1,0.001184490043669939,1,-0.028384972363710403,1,0,,,,,,,,,,,,,,,,,,,,,,,,,,,,,,,,,,,,,,,,,,,,,,,,,,,,,,,,,,,,,,,,,,,,,,,,,,,,,,,,,,,,,,,,,,,,,,,,,,,,,,,,,,,,,,,,,,,,,1,1784928608.0634556,0.002970457077026367,world,base_footprint,0.9352806481215215,0.6782860909809273,1,0,1,1784928593.86561,14.20081615447998,world,workspace,1,0,2,-0.0721911355745298,-0.0005509412263589577,0.0,0.0,0.0,-0.10574687133817579,0.994393080829803,1.5,1,2,1784928593.86561,world,workspace,-0.0721911355745298,-0.0005509412263589577,0.0,0.0,-0.10574687133817579,0.994393080829803,1,1784928593.865948,14.200478076934814,workspace,1,321,,1,1784928608.064466,0.0019600391387939453,world,pelvis,0.9035095367073881,0.6550122692719078,0.7756948740925615,0.001045967307197618,-0.025249957106209524,0.5625547744517391,0.8263736874804763,capsules,0.05,0.5,0.1,0.5,0.5
87,1784928608.1659884,8.806722573004663,1,1784928608.165617,0.0003714561462402344,17,0.005781043320894241,1,0.09771282970905304,1,0.015363980084657669,1,0.3534863293170929,1,0.549920916557312,1,-0.022421708330512047,1,0.8062081336975098,1,0.3285931944847107,1,-0.7458387613296509,1,-0.013081862591207027,1,1.0155823230743408,1,-0.2076522260904312,1,0.05144640803337097,1,-0.028346717357635498,1,-0.11337396502494812,1,-0.041837841272354126,1,-0.0012605733936652541,1,0,,,,,,,,,,,,,,,,,,,,,,,,,,,,,,,,,,,,,,,,,,,,,,,,,,,,,,,,,,,,,,,,,,,,,,,,,,,,,,,,,,,,,,,,,,,,,,,,,,,,,,,,,,,,,,,,,,,,,1,1784928608.1644604,0.001528024673461914,world,base_footprint,0.9154898694685074,0.7049360581809638,1,0,1,1784928593.86561,14.300378561019897,world,workspace,1,0,2,-0.0721911355745298,-0.0005509412263589577,0.0,0.0,0.0,-0.10574687133817579,0.994393080829803,1.5,1,2,1784928593.86561,world,workspace,-0.0721911355745298,-0.0005509412263589577,0.0,0.0,-0.10574687133817579,0.994393080829803,1,1784928593.865948,14.300040483474731,workspace,1,321,,1,1784928608.1644607,0.0015277862548828125,world,pelvis,0.876830292062132,0.676866875581279,0.7725082350525263,0.0012103315010897882,-0.03045095444458644,0.5546705744189411,0.8315117728239529,capsules,0.05,0.5,0.1,0.5,0.5
88,1784928608.2659862,8.906727154739201,1,1784928608.26546,0.0005261898040771484,17,0.020223375409841537,1,0.004307723604142666,1,0.02001347206532955,1,0.37313705682754517,1,0.6707239151000977,1,0.00781923159956932,1,0.8187137842178345,1,0.2948130965232849,1,-0.6030756831169128,1,0.006370910443365574,1,1.006057858467102,1,-0.16123056411743164,1,0.009892064146697521,1,0.009245646186172962,1,-0.23537962138652802,1,-0.007488874718546867,1,0.021820737048983574,1,0,,,,,,,,,,,,,,,,,,,,,,,,,,,,,,,,,,,,,,,,,,,,,,,,,,,,,,,,,,,,,,,,,,,,,,,,,,,,,,,,,,,,,,,,,,,,,,,,,,,,,,,,,,,,,,,,,,,,,1,1784928608.2634542,0.0025320053100585938,world,base_footprint,0.8831975878423859,0.7225297929153124,1,0,1,1784928593.86561,14.400376319885254,world,workspace,1,0,2,-0.0721911355745298,-0.0005509412263589577,0.0,0.0,0.0,-0.10574687133817579,0.994393080829803,1.5,1,2,1784928593.86561,world,workspace,-0.0721911355745298,-0.0005509412263589577,0.0,0.0,-0.10574687133817579,0.994393080829803,1,1784928593.865948,14.400038242340088,workspace,1,321,,1,1784928608.2644546,0.0015316009521484375,world,pelvis,0.870205978155795,0.6851119177497531,0.775880633659732,0.01542994451912068,-0.02000270348610982,0.5474832026764441,0.8364352643525543,capsules,0.05,0.5,0.1,0.5,0.5
89,1784928608.3662243,9.006960031576455,1,1784928608.3655713,0.0006530284881591797,17,0.017215872183442116,1,-0.063561350107193,1,0.00866120494902134,1,0.3836023509502411,1,0.725612998008728,1,0.02487664856016636,1,0.8273164629936218,1,0.2949412167072296,1,-0.5497820377349854,1,0.020123865455389023,1,0.9975297451019287,1,-0.14695250988006592,1,0.018852856010198593,1,0.030985960736870766,1,-0.2944216728210449,1,0.02000761590898037,1,-0.02063220925629139,1,0,,,,,,,,,,,,,,,,,,,,,,,,,,,,,,,,,,,,,,,,,,,,,,,,,,,,,,,,,,,,,,,,,,,,,,,,,,,,,,,,,,,,,,,,,,,,,,,,,,,,,,,,,,,,,,,,,,,,,1,1784928608.3644571,0.0017671585083007812,world,base_footprint,0.8814313561378815,0.7199069962543416,1,0,1,1784928593.86561,14.500614404678345,world,workspace,1,0,2,-0.0721911355745298,-0.0005509412263589577,0.0,0.0,0.0,-0.10574687133817579,0.994393080829803,1.5,1,2,1784928593.86561,world,workspace,-0.0721911355745298,-0.0005509412263589577,0.0,0.0,-0.10574687133817579,0.994393080829803,1,1784928593.865948,14.500276327133179,workspace,1,321,,1,1784928608.3644571,0.0017671585083007812,world,pelvis,0.8757221826858574,0.6881720243976653,0.7773554670854693,0.015057231937240994,-0.014004313868112512,0.5405156095254962,0.8410826563535554,capsules,0.05,0.5,0.1,0.5,0.5
90,1784928608.4659722,9.106705822981894,1,1784928608.4654138,0.0005583763122558594,17,-0.0007947226404212415,1,-0.10487812012434006,1,0.0035633814986795187,1,0.37354546785354614,1,0.696457028388977,1,0.024479510262608528,1,0.8291341662406921,1,0.3155566453933716,1,-0.597339928150177,1,0.018530916422605515,1,0.9997687339782715,1,-0.16090147197246552,1,0.022371169179677963,1,0.035211365669965744,1,-0.1665101945400238,1,0.01333907712250948,1,0.01618150807917118,1,0,,,,,,,,,,,,,,,,,,,,,,,,,,,,,,,,,,,,,,,,,,,,,,,,,,,,,,,,,,,,,,,,,,,,,,,,,,,,,,,,,,,,,,,,,,,,,,,,,,,,,,,,,,,,,,,,,,,,,1,1784928608.4644547,0.0015175342559814453,world,base_footprint,0.8837760244218617,0.7269370855697089,1,0,1,1784928593.86561,14.600362300872803,world,workspace,1,0,2,-0.0721911355745298,-0.0005509412263589577,0.0,0.0,0.0,-0.10574687133817579,0.994393080829803,1.5,1,2,1784928593.86561,world,workspace,-0.0721911355745298,-0.0005509412263589577,0.0,0.0,-0.10574687133817579,0.994393080829803,1,1784928593.865948,14.600024223327637,workspace,1,321,,1,1784928608.4644547,0.0015175342559814453,world,pelvis,0.8862359473860472,0.6914087203301713,0.7725124044542541,0.01991031602674501,-0.010929036901449503,0.540449027460055,0.841070142250694,capsules,0.05,0.5,0.1,0.5,0.5
91,1784928608.5661054,9.20684062782675,1,1784928608.5648963,0.0012090206146240234,17,-0.023649485781788826,1,-0.025036923587322235,1,0.0009506225469522178,1,0.33840930461883545,1,0.5528905391693115,1,-0.010698938742280006,1,0.8190267086029053,1,0.34528419375419617,1,-0.7219280004501343,1,-0.0026423458475619555,1,1.0126317739486694,1,-0.278726726770401,1,0.019017888233065605,1,0.04698914662003517,1,-0.13843025267124176,1,0.00813833624124527,1,-0.010295710526406765,1,0,,,,,,,,,,,,,,,,,,,,,,,,,,,,,,,,,,,,,,,,,,,,,,,,,,,,,,,,,,,,,,,,,,,,,,,,,,,,,,,,,,,,,,,,,,,,,,,,,,,,,,,,,,,,,,,,,,,,,1,1784928608.5644546,0.0016508102416992188,world,base_footprint,0.8878765274763866,0.7249697076468095,1,0,1,1784928593.86561,14.700495481491089,world,workspace,1,0,2,-0.0721911355745298,-0.0005509412263589577,0.0,0.0,0.0,-0.10574687133817579,0.994393080829803,1.5,1,2,1784928593.86561,world,workspace,-0.0721911355745298,-0.0005509412263589577,0.0,0.0,-0.10574687133817579,0.994393080829803,1,1784928593.865948,14.700157403945923,workspace,1,321,,1,1784928608.5654557,0.0006496906280517578,world,pelvis,0.8746372152749645,0.7017470085765443,0.7755835085404991,0.0076592205293070335,-0.015252487525759896,0.5519506223437788,0.83370211014455,capsules,0.05,0.5,0.1,0.5,0.5
92,1784928608.665955,9.306687326170504,1,1784928608.6647518,0.001203298568725586,17,-0.018345534801483154,1,0.06832156330347061,1,0.005992670077830553,1,0.3389459550380707,1,0.4933898448944092,1,-0.03263060376048088,1,0.807552695274353,1,0.34926074743270874,1,-0.7883738875389099,1,-0.017542822286486626,1,1.0203367471694946,1,-0.330691397190094,1,0.04790245741605759,1,0.02372558042407036,1,-0.09734690934419632,1,-0.004311100114136934,1,-0.020733604207634926,1,0,,,,,,,,,,,,,,,,,,,,,,,,,,,,,,,,,,,,,,,,,,,,,,,,,,,,,,,,,,,,,,,,,,,,,,,,,,,,,,,,,,,,,,,,,,,,,,,,,,,,,,,,,,,,,,,,,,,,,1,1784928608.6644566,0.0014984607696533203,world,base_footprint,0.8849313862997286,0.7281795264687086,1,0,1,1784928593.86561,14.800345182418823,world,workspace,1,0,2,-0.0721911355745298,-0.0005509412263589577,0.0,0.0,0.0,-0.10574687133817579,0.994393080829803,1.5,1,2,1784928593.86561,world,workspace,-0.0721911355745298,-0.0005509412263589577,0.0,0.0,-0.10574687133817579,0.994393080829803,1,1784928593.865948,14.800007104873657,workspace,1,321,,1,1784928608.6644568,0.0014982223510742188,world,pelvis,0.8511214820106237,0.7160809111935331,0.7764953906058446,-0.005548311843955447,-0.022219267947145287,0.5548413715199783,0.8316408917419854,capsules,0.05,0.5,0.1,0.5,0.5
93,1784928608.7663894,9.407168303616345,1,1784928608.7656803,0.0007090568542480469,17,0.0069408719427883625,1,0.09676846861839294,1,0.017434656620025635,1,0.35834816098213196,1,0.5402364134788513,1,-0.02821931429207325,1,0.8099579811096191,1,0.330002099275589,1,-0.7575391530990601,1,-0.017466168850660324,1,1.0202021598815918,1,-0.21773383021354675,1,0.04648533836007118,1,-0.021442480385303497,1,-0.09567659348249435,1,-0.05360693857073784,1,0.001734382240101695,1,0,,,,,,,,,,,,,,,,,,,,,,,,,,,,,,,,,,,,,,,,,,,,,,,,,,,,,,,,,,,,,,,,,,,,,,,,,,,,,,,,,,,,,,,,,,,,,,,,,,,,,,,,,,,,,,,,,,,,,1,1784928608.764457,0.001932382583618164,world,base_footprint,0.8618129937764567,0.7542357923145887,1,0,1,1784928593.86561,14.900779485702515,world,workspace,1,0,2,-0.0721911355745298,-0.0005509412263589577,0.0,0.0,0.0,-0.10574687133817579,0.994393080829803,1.5,1,2,1784928593.86561,world,workspace,-0.0721911355745298,-0.0005509412263589577,0.0,0.0,-0.10574687133817579,0.994393080829803,1,1784928593.865948,14.900441408157349,workspace,1,321,,1,1784928608.765455,0.0009343624114990234,world,pelvis,0.8222008400877628,0.7347205513141842,0.7730312190068711,-0.0023355918665980305,-0.027354775257939237,0.548464576369281,0.8357229623202209,capsules,0.05,0.5,0.1,0.5,0.5
94,1784928608.8659587,9.506693795323372,1,1784928608.8647835,0.0011751651763916016,17,0.022807715460658073,1,8.00513444119133e-05,1,0.02351253293454647,1,0.3807525932788849,1,0.6787566542625427,1,0.009295782074332237,1,0.8220552206039429,1,0.29427361488342285,1,-0.5998380780220032,1,0.0072822049260139465,1,1.005533218383789,1,-0.17669934034347534,1,0.008220459334552288,1,0.01707533933222294,1,-0.24345822632312775,1,-0.011622593738138676,1,0.02310352399945259,1,0,,,,,,,,,,,,,,,,,,,,,,,,,,,,,,,,,,,,,,,,,,,,,,,,,,,,,,,,,,,,,,,,,,,,,,,,,,,,,,,,,,,,,,,,,,,,,,,,,,,,,,,,,,,,,,,,,,,,,1,1784928608.8644564,0.0015022754669189453,world,base_footprint,0.8312613888843962,0.7730241550670796,1,0,1,1784928593.86561,15.000348806381226,world,workspace,1,0,2,-0.0721911355745298,-0.0005509412263589577,0.0,0.0,0.0,-0.10574687133817579,0.994393080829803,1.5,1,2,1784928593.86561,world,workspace,-0.0721911355745298,-0.0005509412263589577,0.0,0.0,-0.10574687133817579,0.994393080829803,1,1784928593.865948,15.00001072883606,workspace,1,321,,1,1784928608.8644567,0.0015020370483398438,world,pelvis,0.8158873381577006,0.7393662992389824,0.7752527474033779,0.012771847427687796,-0.019844526806550657,0.5398716370202635,0.8414164784517646,capsules,0.05,0.5,0.1,0.5,0.5
95,1784928608.9660778,9.606809394434094,1,1784928608.9654748,0.0006029605865478516,17,0.022632278501987457,1,-0.07045301049947739,1,0.008969329297542572,1,0.3867080509662628,1,0.7352718114852905,1,0.028975749388337135,1,0.8292948007583618,1,0.29578638076782227,1,-0.5422031283378601,1,0.02254827506840229,1,1.002190351486206,1,-0.16103479266166687,1,0.009549334645271301,1,0.036563705652952194,1,-0.300161749124527,1,0.021813347935676575,1,-0.029290547594428062,1,0,,,,,,,,,,,,,,,,,,,,,,,,,,,,,,,,,,,,,,,,,,,,,,,,,,,,,,,,,,,,,,,,,,,,,,,,,,,,,,,,,,,,,,,,,,,,,,,,,,,,,,,,,,,,,,,,,,,,,1,1784928608.9654555,0.0006222724914550781,world,base_footprint,0.8272756142294695,0.7752659781219222,1,0,1,1784928593.86561,15.100467920303345,world,workspace,1,0,2,-0.0721911355745298,-0.0005509412263589577,0.0,0.0,0.0,-0.10574687133817579,0.994393080829803,1.5,1,2,1784928593.86561,world,workspace,-0.0721911355745298,-0.0005509412263589577,0.0,0.0,-0.10574687133817579,0.994393080829803,1,1784928593.865948,15.100129842758179,workspace,1,321,,1,1784928608.9654558,0.0006220340728759766,world,pelvis,0.8215182404170528,0.7404876963487629,0.7757374664221758,0.01678894614328009,-0.014951991539934602,0.5340404340048723,0.8451599754391327,capsules,0.05,0.5,0.1,0.5,0.5
96,1784928609.0659204,9.706657036207616,1,1784928609.0646565,0.0012638568878173828,17,0.004236774053424597,1,-0.11732113361358643,1,-0.0062781129963696,1,0.38144510984420776,1,0.7050281763076782,1,0.028662817552685738,1,0.8296387195587158,1,0.31344640254974365,1,-0.5848010182380676,1,0.022059842944145203,1,1.0022557973861694,1,-0.15353898704051971,1,0.008935786783695221,1,0.04834359884262085,1,-0.18030080199241638,1,0.0031168372370302677,1,0.011312412098050117,1,0,,,,,,,,,,,,,,,,,,,,,,,,,,,,,,,,,,,,,,,,,,,,,,,,,,,,,,,,,,,,,,,,,,,,,,,,,,,,,,,,,,,,,,,,,,,,,,,,,,,,,,,,,,,,,,,,,,,,,1,1784928609.0634558,0.0024645328521728516,world,base_footprint,0.8268410185634665,0.7854187763230258,1,0,1,1784928593.86561,15.200310468673706,world,workspace,1,0,2,-0.0721911355745298,-0.0005509412263589577,0.0,0.0,0.0,-0.10574687133817579,0.994393080829803,1.5,1,2,1784928593.86561,world,workspace,-0.0721911355745298,-0.0005509412263589577,0.0,0.0,-0.10574687133817579,0.994393080829803,1,1784928593.865948,15.19997239112854,workspace,1,321,,1,1784928609.0644598,0.0014605522155761719,world,pelvis,0.8324843837934147,0.7422005929563494,0.7724259953200476,0.025262818525987763,-0.01160347212571542,0.5313307692504495,0.8467081924030714,capsules,0.05,0.5,0.1,0.5,0.5
97,1784928609.165959,9.80669214669615,1,1784928609.1653836,0.0005753040313720703,17,-0.019215283915400505,1,-0.04482485353946686,1,-0.006395124830305576,1,0.33686935901641846,1,0.5682286024093628,1,-0.0050447494722902775,1,0.8192291259765625,1,0.338872492313385,1,-0.7048689723014832,1,0.0015687913401052356,1,1.0090112686157227,1,-0.2674047350883484,1,0.0233906377106905,1,0.05922698602080345,1,-0.14284808933734894,1,0.01206782553344965,1,-0.016384435817599297,1,0,,,,,,,,,,,,,,,,,,,,,,,,,,,,,,,,,,,,,,,,,,,,,,,,,,,,,,,,,,,,,,,,,,,,,,,,,,,,,,,,,,,,,,,,,,,,,,,,,,,,,,,,,,,,,,,,,,,,,1,1784928609.1644566,0.0015022754669189453,world,base_footprint,0.8380593512025293,0.7785424356484347,1,0,1,1784928593.86561,15.300348997116089,world,workspace,1,0,2,-0.0721911355745298,-0.0005509412263589577,0.0,0.0,0.0,-0.10574687133817579,0.994393080829803,1.5,1,2,1784928593.86561,world,workspace,-0.0721911355745298,-0.0005509412263589577,0.0,0.0,-0.10574687133817579,0.994393080829803,1,1784928593.865948,15.300010919570923,workspace,1,321,,1,1784928609.1644566,0.0015022754669189453,world,pelvis,0.8267675599942019,0.7466572735421791,0.7756849566116446,0.013195544197755342,-0.017065278719531243,0.5413817318564662,0.8405001334251192,capsules,0.05,0.5,0.1,0.5,0.5
98,1784928609.26596,9.906692933291197,1,1784928609.2652984,0.0006616115570068359,17,-0.0136198615655303,1,0.05258145555853844,1,-0.003569443942978978,1,0.3362307548522949,1,0.4956229031085968,1,-0.031226452440023422,1,0.8092494010925293,1,0.3436663746833801,1,-0.7859206199645996,1,-0.01731613650918007,1,1.0170313119888306,1,-0.3068382441997528,1,0.04108415171504021,1,0.01959633268415928,1,-0.11307591944932938,1,0.009508212096989155,1,-0.01840362511575222,1,0,,,,,,,,,,,,,,,,,,,,,,,,,,,,,,,,,,,,,,,,,,,,,,,,,,,,,,,,,,,,,,,,,,,,,,,,,,,,,,,,,,,,,,,,,,,,,,,,,,,,,,,,,,,,,,,,,,,,,1,1784928609.2644548,0.001505136489868164,world,base_footprint,0.836422441433403,0.7751780934110994,1,0,1,1784928593.86561,15.400350093841553,world,workspace,1,0,2,-0.0721911355745298,-0.0005509412263589577,0.0,0.0,0.0,-0.10574687133817579,0.994393080829803,1.5,1,2,1784928593.86561,world,workspace,-0.0721911355745298,-0.0005509412263589577,0.0,0.0,-0.10574687133817579,0.994393080829803,1,1784928593.865948,15.400012016296387,workspace,1,321,,1,1784928609.264455,0.0015048980712890625,world,pelvis,0.8064017001448395,0.7578209745363418,0.7773234702507161,-0.0010462423304599723,-0.022090569224527394,0.5407957688687274,0.8408631568227998,capsules,0.05,0.5,0.1,0.5,0.5
99,1784928609.3659601,10.006694932468235,1,1784928609.3651404,0.0008196830749511719,17,0.0017222246387973428,1,0.09420762956142426,1,0.003056676359847188,1,0.353588342666626,1,0.5308226346969604,1,-0.029242899268865585,1,0.8106660842895508,1,0.3354909121990204,1,-0.7661216855049133,1,-0.017915327101945877,1,1.0174895524978638,1,-0.19288764894008636,1,0.03331094607710838,1,-0.0016121134394779801,1,-0.10716811567544937,1,-0.028675084933638573,1,-0.007568019442260265,1,0,,,,,,,,,,,,,,,,,,,,,,,,,,,,,,,,,,,,,,,,,,,,,,,,,,,,,,,,,,,,,,,,,,,,,,,,,,,,,,,,,,,,,,,,,,,,,,,,,,,,,,,,,,,,,,,,,,,,,1,1784928609.3644562,0.0015039443969726562,world,base_footprint,0.8183389420338498,0.7932924851828214,1,0,1,1784928593.86561,15.5003502368927,world,workspace,1,0,2,-0.0721911355745298,-0.0005509412263589577,0.0,0.0,0.0,-0.10574687133817579,0.994393080829803,1.5,1,2,1784928593.86561,world,workspace,-0.0721911355745298,-0.0005509412263589577,0.0,0.0,-0.10574687133817579,0.994393080829803,1,1784928593.865948,15.500012159347534,workspace,1,321,,1,1784928609.3644564,0.0015037059783935547,world,pelvis,0.7820631101342249,0.7740040249678523,0.7749344002034226,-0.002085979404667271,-0.026121286179118474,0.5380877495900285,0.8424813949514913,capsules,0.05,0.5,0.1,0.5,0.5
100,1784928609.465982,10.106720115058124,1,1784928609.4650354,0.0009465217590332031,17,0.017266277223825455,1,0.011607140302658081,1,0.021887727081775665,1,0.37058618664741516,1,0.6619646549224854,1,0.004263212438672781,1,0.8162463903427124,1,0.30138495564460754,1,-0.6187103390693665,1,0.003075880464166403,1,1.008410096168518,1,-0.14623157680034637,1,-0.008452404290437698,1,0.03216099366545677,1,-0.2361311912536621,1,-0.012214316986501217,1,0.008680569939315319,1,0,,,,,,,,,,,,,,,,,,,,,,,,,,,,,,,,,,,,,,,,,,,,,,,,,,,,,,,,,,,,,,,,,,,,,,,,,,,,,,,,,,,,,,,,,,,,,,,,,,,,,,,,,,,,,,,,,,,,,1,1784928609.464457,0.0015249252319335938,world,base_footprint,0.790105976462163,0.8128252444019093,1,0,1,1784928593.86561,15.600372076034546,world,workspace,1,0,2,-0.0721911355745298,-0.0005509412263589577,0.0,0.0,0.0,-0.10574687133817579,0.994393080829803,1.5,1,2,1784928593.86561,world,workspace,-0.0721911355745298,-0.0005509412263589577,0.0,0.0,-0.10574687133817579,0.994393080829803,1,1784928593.865948,15.60003399848938,workspace,1,321,,1,1784928609.4654548,0.0005271434783935547,world,pelvis,0.7756538332866916,0.777047495873299,0.7772927745665069,0.014484384933897015,-0.01992424951540527,0.5308426646915284,0.8471123256201223,capsules,0.05,0.5,0.1,0.5,0.5
101,1784928609.5660126,10.206747460179031,1,1784928609.5648935,0.0011191368103027344,17,0.01584109291434288,1,-0.04833477362990379,1,0.007946085184812546,1,0.3839361369609833,1,0.7297895550727844,1,0.026488617062568665,1,0.8285579681396484,1,0.3033418357372284,1,-0.5517439842224121,1,0.019386962056159973,1,1.0018762350082397,1,-0.14305272698402405,1,0.0034202560782432556,1,0.04837927222251892,1,-0.313475102186203,1,0.01622007042169571,1,-0.03844273462891579,1,0,,,,,,,,,,,,,,,,,,,,,,,,,,,,,,,,,,,,,,,,,,,,,,,,,,,,,,,,,,,,,,,,,,,,,,,,,,,,,,,,,,,,,,,,,,,,,,,,,,,,,,,,,,,,,,,,,,,,,1,1784928609.5644557,0.0015568733215332031,world,base_footprint,0.7917451928474312,0.8096953399965922,1,0,1,1784928593.86561,15.700402736663818,world,workspace,1,0,2,-0.0721911355745298,-0.0005509412263589577,0.0,0.0,0.0,-0.10574687133817579,0.994393080829803,1.5,1,2,1784928593.86561,world,workspace,-0.0721911355745298,-0.0005509412263589577,0.0,0.0,-0.10574687133817579,0.994393080829803,1,1784928593.865948,15.700064659118652,workspace,1,321,,1,1784928609.5644557,0.0015568733215332031,world,pelvis,0.7822838063566012,0.7759252303538684,0.7772748976823658,0.015164968608156531,-0.01643991972165717,0.5247280584836091,0.8509760380919555,capsules,0.05,0.5,0.1,0.5,0.5
102,1784928609.6659756,10.306710877455771,1,1784928609.6648283,0.0011472702026367188,17,-0.003514886135235429,1,-0.09793690592050552,1,-0.011309918016195297,1,0.37843969464302063,1,0.7091559171676636,1,0.02645277976989746,1,0.8284457325935364,1,0.33129769563674927,1,-0.585458517074585,1,0.01928180456161499,1,1.0026953220367432,1,-0.15190012753009796,1,-0.0019480738556012511,1,0.04870070144534111,1,-0.18140339851379395,1,-0.0002187010395573452,1,0.014950593002140522,1,0,,,,,,,,,,,,,,,,,,,,,,,,,,,,,,,,,,,,,,,,,,,,,,,,,,,,,,,,,,,,,,,,,,,,,,,,,,,,,,,,,,,,,,,,,,,,,,,,,,,,,,,,,,,,,,,,,,,,,1,1784928609.6644554,0.0015201568603515625,world,base_footprint,0.7898497452192133,0.8178946460459428,1,0,1,1784928593.86561,15.800365686416626,world,workspace,1,0,2,-0.0721911355745298,-0.0005509412263589577,0.0,0.0,0.0,-0.10574687133817579,0.994393080829803,1.5,1,2,1784928593.86561,world,workspace,-0.0721911355745298,-0.0005509412263589577,0.0,0.0,-0.10574687133817579,0.994393080829803,1,1784928593.865948,15.80002760887146,workspace,1,321,,1,1784928609.6644557,0.001519918441772461,world,pelvis,0.7951580250166356,0.7767908949565703,0.7723547901302478,0.02405126326004626,-0.010968427748026548,0.5278641334746672,0.84891736165505,capsules,0.05,0.5,0.1,0.5,0.5
103,1784928609.7659492,10.406682549975812,1,1784928609.7655385,0.0004107952117919922,17,-0.02067243494093418,1,-0.013740697875618935,1,-0.006391591392457485,1,0.34053415060043335,1,0.5662033557891846,1,-0.005831799004226923,1,0.8179430961608887,1,0.3450154960155487,1,-0.7061564326286316,1,0.0012799690011888742,1,1.0118495225906372,1,-0.2778327763080597,1,0.011149018071591854,1,0.055521879345178604,1,-0.1552218645811081,1,0.012591424398124218,1,-0.012043538503348827,1,0,,,,,,,,,,,,,,,,,,,,,,,,,,,,,,,,,,,,,,,,,,,,,,,,,,,,,,,,,,,,,,,,,,,,,,,,,,,,,,,,,,,,,,,,,,,,,,,,,,,,,,,,,,,,,,,,,,,,,1,1784928609.7644548,0.0014944076538085938,world,base_footprint,0.8024074438965518,0.8078451744020826,1,0,1,1784928593.86561,15.900339365005493,world,workspace,1,0,2,-0.0721911355745298,-0.0005509412263589577,0.0,0.0,0.0,-0.10574687133817579,0.994393080829803,1.5,1,2,1784928593.86561,world,workspace,-0.0721911355745298,-0.0005509412263589577,0.0,0.0,-0.10574687133817579,0.994393080829803,1,1784928593.865948,15.900001287460327,workspace,1,321,,1,1784928609.765454,0.0004951953887939453,world,pelvis,0.7868784066471293,0.7813107793010132,0.774585612631588,0.008950538454139224,-0.017443924160515753,0.5371893709947644,0.8432337618131241,capsules,0.05,0.5,0.1,0.5,0.5
104,1784928609.866152,10.50688464101404,1,1784928609.8653543,0.0007977485656738281,17,-0.011791268363595009,1,0.07552660256624222,1,0.0032048646826297045,1,0.34080424904823303,1,0.5012881755828857,1,-0.029704537242650986,1,0.8085847496986389,1,0.3440215587615967,1,-0.7760721445083618,1,-0.014859733171761036,1,1.0156956911087036,1,-0.32453539967536926,1,0.035702742636203766,1,0.029277587309479713,1,-0.12348485738039017,1,0.008949052542448044,1,-0.01995937153697014,1,0,,,,,,,,,,,,,,,,,,,,,,,,,,,,,,,,,,,,,,,,,,,,,,,,,,,,,,,,,,,,,,,,,,,,,,,,,,,,,,,,,,,,,,,,,,,,,,,,,,,,,,,,,,,,,,,,,,,,,1,1784928609.8644555,0.0016965866088867188,world,base_footprint,0.8024219236346307,0.8065223455513576,1,0,1,1784928593.86561,16.000542163848877,world,workspace,1,0,2,-0.0721911355745298,-0.0005509412263589577,0.0,0.0,0.0,-0.10574687133817579,0.994393080829803,1.5,1,2,1784928593.86561,world,workspace,-0.0721911355745298,-0.0005509412263589577,0.0,0.0,-0.10574687133817579,0.994393080829803,1,1784928593.865948,16.00020408630371,workspace,1,321,,1,1784928609.8644555,0.0016965866088867188,world,pelvis,0.7669075642055564,0.7912640459842679,0.775802412698397,-0.004001062210447762,-0.02432569723700317,0.5384671818116888,0.8422857864566513,capsules,0.05,0.5,0.1,0.5,0.5
105,1784928609.9659781,10.606715120375156,1,1784928609.9649801,0.0009980201721191406,17,0.008029946126043797,1,0.09993003308773041,1,0.009732118807733059,1,0.35974830389022827,1,0.536719560623169,1,-0.027167387306690216,1,0.8104404807090759,1,0.33008837699890137,1,-0.7554430961608887,1,-0.015144468285143375,1,1.0158721208572388,1,-0.20424483716487885,1,0.030719125643372536,1,-0.007706271018832922,1,-0.12500034272670746,1,-0.03791967034339905,1,-0.003806111868470907,1,0,,,,,,,,,,,,,,,,,,,,,,,,,,,,,,,,,,,,,,,,,,,,,,,,,,,,,,,,,,,,,,,,,,,,,,,,,,,,,,,,,,,,,,,,,,,,,,,,,,,,,,,,,,,,,,,,,,,,,1,1784928609.964455,0.0015232563018798828,world,base_footprint,0.7776830775585537,0.8257160402224555,1,0,1,1784928593.86561,16.10036826133728,world,workspace,1,0,2,-0.0721911355745298,-0.0005509412263589577,0.0,0.0,0.0,-0.10574687133817579,0.994393080829803,1.5,1,2,1784928593.86561,world,workspace,-0.0721911355745298,-0.0005509412263589577,0.0,0.0,-0.10574687133817579,0.994393080829803,1,1784928593.865948,16.100030183792114,workspace,1,321,,1,1784928609.9654553,0.0005228519439697266,world,pelvis,0.7417443813012441,0.805934684617133,0.7738300928711447,-0.0016093894351273113,-0.02611534479679102,0.5349906072857881,0.844452751045181,capsules,0.05,0.5,0.1,0.5,0.5
106,1784928610.0659387,10.70667144563049,1,1784928610.0651667,0.0007719993591308594,17,0.021302303299307823,1,0.01761089824140072,1,0.01210479810833931,1,0.38464269042015076,1,0.6566843390464783,1,0.002407291205599904,1,0.819193422794342,1,0.3000945448875427,1,-0.6210262179374695,1,0.0024386791046708822,1,1.007885456085205,1,-0.16220270097255707,1,-0.007524612359702587,1,0.025738010182976723,1,-0.2337743639945984,1,-0.02164478786289692,1,0.020343119278550148,1,0,,,,,,,,,,,,,,,,,,,,,,,,,,,,,,,,,,,,,,,,,,,,,,,,,,,,,,,,,,,,,,,,,,,,,,,,,,,,,,,,,,,,,,,,,,,,,,,,,,,,,,,,,,,,,,,,,,,,,1,1784928610.0634606,0.0024781227111816406,world,base_footprint,0.749763506965204,0.841198617851008,1,0,1,1784928593.86561,16.200328826904297,world,workspace,1,0,2,-0.0721911355745298,-0.0005509412263589577,0.0,0.0,0.0,-0.10574687133817579,0.994393080829803,1.5,1,2,1784928593.86561,world,workspace,-0.0721911355745298,-0.0005509412263589577,0.0,0.0,-0.10574687133817579,0.994393080829803,1,1784928593.865948,16.19999074935913,workspace,1,321,,1,1784928610.0654569,0.0004818439483642578,world,pelvis,0.7349496331391053,0.8103248476074187,0.7769771143583899,0.011830094913765866,-0.018490788259271543,0.5274082389218976,0.8493283753185129,capsules,0.05,0.5,0.1,0.5,0.5
107,1784928610.166001,10.806732445955276,1,1784928610.1654205,0.0005805492401123047,17,0.015058198012411594,1,-0.060684315860271454,1,0.007443834561854601,1,0.3898265063762665,1,0.7321795225143433,1,0.026845848187804222,1,0.8275416493415833,1,0.30318281054496765,1,-0.5513627529144287,1,0.01974935084581375,1,1.004300594329834,1,-0.14549559354782104,1,-0.003982644993811846,1,0.03164847940206528,1,-0.29058554768562317,1,0.025966502726078033,1,-0.03185597434639931,1,0,,,,,,,,,,,,,,,,,,,,,,,,,,,,,,,,,,,,,,,,,,,,,,,,,,,,,,,,,,,,,,,,,,,,,,,,,,,,,,,,,,,,,,,,,,,,,,,,,,,,,,,,,,,,,,,,,,,,,1,1784928610.1644554,0.0015456676483154297,world,base_footprint,0.7516400843461812,0.8450745105706071,1,0,1,1784928593.86561,16.30039119720459,world,workspace,1,0,2,-0.0721911355745298,-0.0005509412263589577,0.0,0.0,0.0,-0.10574687133817579,0.994393080829803,1.5,1,2,1784928593.86561,world,workspace,-0.0721911355745298,-0.0005509412263589577,0.0,0.0,-0.10574687133817579,0.994393080829803,1,1784928593.865948,16.300053119659424,workspace,1,321,,1,1784928610.1644557,0.0015454292297363281,world,pelvis,0.7428195576297918,0.8090835683724964,0.7772566089467762,0.016565960970898175,-0.01685516238110677,0.5257012823252011,0.8503408929363896,capsules,0.05,0.5,0.1,0.5,0.5
108,1784928610.2659826,10.906714298762381,1,1784928610.2653606,0.0006220340728759766,17,-0.004719588905572891,1,-0.11338558048009872,1,-0.015392156317830086,1,0.3810440003871918,1,0.7077062726020813,1,0.026953095570206642,1,0.8280463814735413,1,0.33155667781829834,1,-0.5904515981674194,1,0.01930626481771469,1,1.0048367977142334,1,-0.15506511926651,1,-0.012783913873136044,1,0.029575439170002937,1,-0.17073605954647064,1,0.01748523861169815,1,0.02617277018725872,1,0,,,,,,,,,,,,,,,,,,,,,,,,,,,,,,,,,,,,,,,,,,,,,,,,,,,,,,,,,,,,,,,,,,,,,,,,,,,,,,,,,,,,,,,,,,,,,,,,,,,,,,,,,,,,,,,,,,,,,1,1784928610.2644544,0.0015282630920410156,world,base_footprint,0.7489486964161096,0.8514716690921906,1,0,1,1784928593.86561,16.400372743606567,world,workspace,1,0,2,-0.0721911355745298,-0.0005509412263589577,0.0,0.0,0.0,-0.10574687133817579,0.994393080829803,1.5,1,2,1784928593.86561,world,workspace,-0.0721911355745298,-0.0005509412263589577,0.0,0.0,-0.10574687133817579,0.994393080829803,1,1784928593.865948,16.4000346660614,workspace,1,321,,1,1784928610.2644546,0.001528024673461914,world,pelvis,0.7554732450427567,0.8105127386175385,0.7727186740383395,0.02435543211824377,-0.010324891906183202,0.5300920432689987,0.8475273654557458,capsules,0.05,0.5,0.1,0.5,0.5
109,1784928610.3659494,11.006680812686682,1,1784928610.3653853,0.0005640983581542969,17,-0.020419083535671234,1,-0.03704296424984932,1,-0.0033021641429513693,1,0.33750903606414795,1,0.565972089767456,1,-0.005665608216077089,1,0.817966639995575,1,0.34445369243621826,1,-0.7075552344322205,1,0.0014373618178069592,1,1.0116633176803589,1,-0.27813947200775146,1,0.005582744721323252,1,0.05870053544640541,1,-0.1335010826587677,1,0.026689013466238976,1,-0.0019558549392968416,1,0,,,,,,,,,,,,,,,,,,,,,,,,,,,,,,,,,,,,,,,,,,,,,,,,,,,,,,,,,,,,,,,,,,,,,,,,,,,,,,,,,,,,,,,,,,,,,,,,,,,,,,,,,,,,,,,,,,,,,1,1784928610.3644547,0.0014946460723876953,world,base_footprint,0.7603364630233864,0.8457729285250062,1,0,1,1784928593.86561,16.50033950805664,world,workspace,1,0,2,-0.0721911355745298,-0.0005509412263589577,0.0,0.0,0.0,-0.10574687133817579,0.994393080829803,1.5,1,2,1784928593.86561,world,workspace,-0.0721911355745298,-0.0005509412263589577,0.0,0.0,-0.10574687133817579,0.994393080829803,1,1784928593.865948,16.500001430511475,workspace,1,321,,1,1784928610.364455,0.0014944076538085938,world,pelvis,0.7483274680965293,0.8143488895899539,0.7759828687186104,0.012715665389812461,-0.01727944147071464,0.5406505022156174,0.84097370185408,capsules,0.05,0.5,0.1,0.5,0.5
110,1784928610.4659579,11.106695626862347,1,1784928610.465223,0.0007348060607910156,17,-0.011934386566281319,1,0.05931434780359268,1,0.006508299149572849,1,0.3355497121810913,1,0.4989936053752899,1,-0.03097374364733696,1,0.8068918585777283,1,0.34271520376205444,1,-0.7819596529006958,1,-0.01633879914879799,1,1.0136919021606445,1,-0.32636091113090515,1,0.03693096712231636,1,0.04151024669408798,1,-0.11427805572748184,1,0.024102462455630302,1,-0.013614839874207973,1,0,,,,,,,,,,,,,,,,,,,,,,,,,,,,,,,,,,,,,,,,,,,,,,,,,,,,,,,,,,,,,,,,,,,,,,,,,,,,,,,,,,,,,,,,,,,,,,,,,,,,,,,,,,,,,,,,,,,,,1,1784928610.4644551,0.0015027523040771484,world,base_footprint,0.7594084887225703,0.838108826372857,1,0,1,1784928593.86561,16.600347995758057,world,workspace,1,0,2,-0.0721911355745298,-0.0005509412263589577,0.0,0.0,0.0,-0.10574687133817579,0.994393080829803,1.5,1,2,1784928593.86561,world,workspace,-0.0721911355745298,-0.0005509412263589577,0.0,0.0,-0.10574687133817579,0.994393080829803,1,1784928593.865948,16.60000991821289,workspace,1,321,,1,1784928610.4644554,0.0015025138854980469,world,pelvis,0.7272035952930964,0.8233855247078004,0.7765638387845581,-0.00327585701555291,-0.022344560688001513,0.5431714704393862,0.8393180226047747,capsules,0.05,0.5,0.1,0.5,0.5
111,1784928610.5660267,11.206758089363575,1,1784928610.56523,0.0007967948913574219,17,0.004946946632117033,1,0.08575378358364105,1,0.01448968704789877,1,0.35414522886276245,1,0.5371277928352356,1,-0.0281613040715456,1,0.8082258105278015,1,0.3291942775249481,1,-0.7561730146408081,1,-0.016602613031864166,1,1.0141489505767822,1,-0.20108972489833832,1,0.029125435277819633,1,-0.007482129614800215,1,-0.12469482421875,1,-0.018624670803546906,1,-0.00397499231621623,1,0,,,,,,,,,,,,,,,,,,,,,,,,,,,,,,,,,,,,,,,,,,,,,,,,,,,,,,,,,,,,,,,,,,,,,,,,,,,,,,,,,,,,,,,,,,,,,,,,,,,,,,,,,,,,,,,,,,,,,1,1784928610.564455,0.0015716552734375,world,base_footprint,0.7368120864794071,0.8530450233095023,1,0,1,1784928593.86561,16.700416803359985,world,workspace,1,0,2,-0.0721911355745298,-0.0005509412263589577,0.0,0.0,0.0,-0.10574687133817579,0.994393080829803,1.5,1,2,1784928593.86561,world,workspace,-0.0721911355745298,-0.0005509412263589577,0.0,0.0,-0.10574687133817579,0.994393080829803,1,1784928593.865948,16.70007872581482,workspace,1,321,,1,1784928610.565455,0.0005717277526855469,world,pelvis,0.7036160063011035,0.8361085156518381,0.7741231880890498,-0.0013545843685668863,-0.02304005993651386,0.5421351122647986,0.8399743096005642,capsules,0.05,0.5,0.1,0.5,0.5
112,1784928610.6661544,11.306890291161835,1,1784928610.664844,0.0013103485107421875,17,0.023818906396627426,1,0.000156726484419778,1,0.03148960322141647,1,0.37596502900123596,1,0.666063129901886,1,0.005534159019589424,1,0.8194783329963684,1,0.29250848293304443,1,-0.6129255294799805,1,0.004548141732811928,1,1.0046813488006592,1,-0.16626086831092834,1,-0.002730976790189743,1,0.02622460015118122,1,-0.2506025433540344,1,0.004078306723386049,1,0.012613902799785137,1,0,,,,,,,,,,,,,,,,,,,,,,,,,,,,,,,,,,,,,,,,,,,,,,,,,,,,,,,,,,,,,,,,,,,,,,,,,,,,,,,,,,,,,,,,,,,,,,,,,,,,,,,,,,,,,,,,,,,,,1,1784928610.6644576,0.0016968250274658203,world,base_footprint,0.7118603239456361,0.8667135383908924,1,0,1,1784928593.86561,16.800544500350952,world,workspace,1,0,2,-0.0721911355745298,-0.0005509412263589577,0.0,0.0,0.0,-0.10574687133817579,0.994393080829803,1.5,1,2,1784928593.86561,world,workspace,-0.0721911355745298,-0.0005509412263589577,0.0,0.0,-0.10574687133817579,0.994393080829803,1,1784928593.865948,16.800206422805786,workspace,1,321,,1,1784928610.6644578,0.0016965866088867188,world,pelvis,0.6995210793739383,0.8355346003521983,0.7764091744445385,0.012599285729982437,-0.01727870556734313,0.5343739660612599,0.8449776143360076,capsules,0.05,0.5,0.1,0.5,0.5
113,1784928610.7661061,11.406840976327658,1,1784928610.765522,0.0005841255187988281,17,0.02082372084259987,1,-0.0670468807220459,1,0.012973077595233917,1,0.39486992359161377,1,0.7267653346061707,1,0.024745779111981392,1,0.8325632214546204,1,0.2979661524295807,1,-0.5543171167373657,1,0.019239582121372223,1,1.0009381771087646,1,-0.14723846316337585,1,0.006364753469824791,1,0.04298930987715721,1,-0.3080274760723114,1,0.02604384906589985,1,-0.03775990754365921,1,0,,,,,,,,,,,,,,,,,,,,,,,,,,,,,,,,,,,,,,,,,,,,,,,,,,,,,,,,,,,,,,,,,,,,,,,,,,,,,,,,,,,,,,,,,,,,,,,,,,,,,,,,,,,,,,,,,,,,,1,1784928610.7644565,0.001649618148803711,world,base_footprint,0.7135315019091958,0.8682368122872313,1,0,1,1784928593.86561,16.900496244430542,world,workspace,1,0,2,-0.0721911355745298,-0.0005509412263589577,0.0,0.0,0.0,-0.10574687133817579,0.994393080829803,1.5,1,2,1784928593.86561,world,workspace,-0.0721911355745298,-0.0005509412263589577,0.0,0.0,-0.10574687133817579,0.994393080829803,1,1784928593.865948,16.900158166885376,workspace,1,321,,1,1784928610.7644567,0.0016493797302246094,world,pelvis,0.7087441829649237,0.8332047526010748,0.7770074476075969,0.01736010367879222,-0.014391123765663401,0.5279538739863231,0.848973632864918,capsules,0.05,0.5,0.1,0.5,0.5
114,1784928610.865992,11.506723614409566,1,1784928610.865224,0.0007681846618652344,17,-0.0008850270533002913,1,-0.10256990790367126,1,-0.010090051218867302,1,0.3858793079853058,1,0.69875168800354,1,0.024587471038103104,1,0.832399845123291,1,0.3282979726791382,1,-0.5952827334403992,1,0.01875440776348114,1,1.002790927886963,1,-0.15270385146141052,1,0.014583318494260311,1,0.038329191505908966,1,-0.16212569177150726,1,0.007528944872319698,1,0.024853717535734177,1,0,,,,,,,,,,,,,,,,,,,,,,,,,,,,,,,,,,,,,,,,,,,,,,,,,,,,,,,,,,,,,,,,,,,,,,,,,,,,,,,,,,,,,,,,,,,,,,,,,,,,,,,,,,,,,,,,,,,,,1,1784928610.865457,0.0005350112915039062,world,base_footprint,0.7212063919956203,0.8750379085626896,1,0,1,1784928593.86561,17.0003821849823,world,workspace,1,0,2,-0.0721911355745298,-0.0005509412263589577,0.0,0.0,0.0,-0.10574687133817579,0.994393080829803,1.5,1,2,1784928593.86561,world,workspace,-0.0721911355745298,-0.0005509412263589577,0.0,0.0,-0.10574687133817579,0.994393080829803,1,1784928593.865948,17.000044107437134,workspace,1,321,,1,1784928610.8654573,0.0005347728729248047,world,pelvis,0.7232097517511977,0.8325155653221992,0.7730294988436364,0.023647334251133037,-0.013342839804331208,0.5316598988151515,0.846522607022774,capsules,0.05,0.5,0.1,0.5,0.5
115,1784928610.9659693,11.606702722609043,1,1784928610.9653175,0.0006518363952636719,17,-0.019458498805761337,1,-0.02476259134709835,1,-0.006516707595437765,1,0.34250348806381226,1,0.5632144212722778,1,-0.006979570258408785,1,0.8194493055343628,1,0.3451332151889801,1,-0.7107080817222595,1,0.0004614245262928307,1,1.0118072032928467,1,-0.25234782695770264,1,0.020570196211338043,1,0.04357083514332771,1,-0.13378070294857025,1,0.018418094143271446,1,-0.0027494621463119984,1,0,,,,,,,,,,,,,,,,,,,,,,,,,,,,,,,,,,,,,,,,,,,,,,,,,,,,,,,,,,,,,,,,,,,,,,,,,,,,,,,,,,,,,,,,,,,,,,,,,,,,,,,,,,,,,,,,,,,,,1,1784928610.9644592,0.0015101432800292969,world,base_footprint,0.733477564281548,0.8683690114015397,1,0,1,1784928593.86561,17.100359439849854,world,workspace,1,0,2,-0.0721911355745298,-0.0005509412263589577,0.0,0.0,0.0,-0.10574687133817579,0.994393080829803,1.5,1,2,1784928593.86561,world,workspace,-0.0721911355745298,-0.0005509412263589577,0.0,0.0,-0.10574687133817579,0.994393080829803,1,1784928593.865948,17.100021362304688,workspace,1,321,,1,1784928610.9654574,0.0005118846893310547,world,pelvis,0.7176512159869546,0.8340390650588112,0.7757722266512003,0.012933100673429638,-0.020346997992211135,0.5416801544692066,0.840238861773182,capsules,0.05,0.5,0.1,0.5,0.5
116,1784928611.0659418,11.706673164851964,1,1784928611.0656447,0.0002970695495605469,17,-0.017486490309238434,1,0.06051204353570938,1,-0.006216481328010559,1,0.34121599793434143,1,0.5016703605651855,1,-0.029270324856042862,1,0.8084328770637512,1,0.34540849924087524,1,-0.7783877849578857,1,-0.015666496008634567,1,1.0168066024780273,1,-0.3029628098011017,1,0.023599090054631233,1,0.023852715268731117,1,-0.11568583548069,1,0.006420243065804243,1,-0.013688186183571815,1,0,,,,,,,,,,,,,,,,,,,,,,,,,,,,,,,,,,,,,,,,,,,,,,,,,,,,,,,,,,,,,,,,,,,,,,,,,,,,,,,,,,,,,,,,,,,,,,,,,,,,,,,,,,,,,,,,,,,,,1,1784928611.0644543,0.0014874935150146484,world,base_footprint,0.7282135693641133,0.8644398364038289,1,0,1,1784928593.86561,17.200331926345825,world,workspace,1,0,2,-0.0721911355745298,-0.0005509412263589577,0.0,0.0,0.0,-0.10574687133817579,0.994393080829803,1.5,1,2,1784928593.86561,world,workspace,-0.0721911355745298,-0.0005509412263589577,0.0,0.0,-0.10574687133817579,0.994393080829803,1,1784928593.865948,17.19999384880066,workspace,1,321,,1,1784928611.0644546,0.0014872550964355469,world,pelvis,0.6996323206033106,0.8416095812006882,0.7769412886896032,0.0022591473262321316,-0.023219884489797196,0.5453727360829623,0.8378689109610301,capsules,0.05,0.5,0.1,0.5,0.5
117,1784928611.1659493,11.806680896319449,1,1784928611.1647317,0.0012176036834716797,17,0.0019980347715318203,1,0.10202598571777344,1,-0.0018341453978791833,1,0.3587643802165985,1,0.5362364649772644,1,-0.027061909437179565,1,0.8102445602416992,1,0.33529818058013916,1,-0.755994975566864,1,-0.016028081998229027,1,1.0171549320220947,1,-0.19679829478263855,1,0.03334996476769447,1,0.00181474513374269,1,-0.10874583572149277,1,-0.026409808546304703,1,-0.006227900739759207,1,0,,,,,,,,,,,,,,,,,,,,,,,,,,,,,,,,,,,,,,,,,,,,,,,,,,,,,,,,,,,,,,,,,,,,,,,,,,,,,,,,,,,,,,,,,,,,,,,,,,,,,,,,,,,,,,,,,,,,,1,1784928611.1644614,0.0014879703521728516,world,base_footprint,0.7127286852052827,0.8793527847753847,1,0,1,1784928593.86561,17.300339460372925,world,workspace,1,0,2,-0.0721911355745298,-0.0005509412263589577,0.0,0.0,0.0,-0.10574687133817579,0.994393080829803,1.5,1,2,1784928593.86561,world,workspace,-0.0721911355745298,-0.0005509412263589577,0.0,0.0,-0.10574687133817579,0.994393080829803,1,1784928593.865948,17.30000138282776,workspace,1,321,,1,1784928611.1644614,0.0014879703521728516,world,pelvis,0.6766427144604586,0.8544533210330878,0.7748690632277073,0.000800464151595637,-0.027953168363201254,0.5439220497905755,0.8386696509277174,capsules,0.05,0.5,0.1,0.5,0.5
118,1784928611.2660534,11.906786390580237,1,1784928611.2656853,0.0003681182861328125,17,0.015599054284393787,1,0.03524617478251457,1,0.00291836098767817,1,0.38186633586883545,1,0.6531572937965393,1,0.0011906971922144294,1,0.8168339729309082,1,0.305966854095459,1,-0.6225894689559937,1,0.001670835423283279,1,1.0102314949035645,1,-0.15408338606357574,1,-0.002505045384168625,1,0.028201397508382797,1,-0.2053336352109909,1,-0.010069072246551514,1,0.02196059562265873,1,0,,,,,,,,,,,,,,,,,,,,,,,,,,,,,,,,,,,,,,,,,,,,,,,,,,,,,,,,,,,,,,,,,,,,,,,,,,,,,,,,,,,,,,,,,,,,,,,,,,,,,,,,,,,,,,,,,,,,,1,1784928611.2644558,0.0015976428985595703,world,base_footprint,0.6883407744885158,0.894242211777546,1,0,1,1784928593.86561,17.40044355392456,world,workspace,1,0,2,-0.0721911355745298,-0.0005509412263589577,0.0,0.0,0.0,-0.10574687133817579,0.994393080829803,1.5,1,2,1784928593.86561,world,workspace,-0.0721911355745298,-0.0005509412263589577,0.0,0.0,-0.10574687133817579,0.994393080829803,1,1784928593.865948,17.400105476379395,workspace,1,321,,1,1784928611.2644558,0.0015976428985595703,world,pelvis,0.6698617507416993,0.8590582945885997,0.7778675283589981,0.012547782450372963,-0.022023162443846528,0.5388695787396965,0.8420077853443234,capsules,0.05,0.5,0.1,0.5,0.5
119,1784928611.3659654,12.006698876619339,1,1784928611.365254,0.0007114410400390625,17,0.01426791213452816,1,-0.04127860069274902,1,0.004353769589215517,1,0.3855493664741516,1,0.7317734956741333,1,0.02737974189221859,1,0.8257664442062378,1,0.30556169152259827,1,-0.547724723815918,1,0.020679019391536713,1,1.005057692527771,1,-0.1396099030971527,1,-0.0015625162050127983,1,0.032367318868637085,1,-0.25838905572891235,1,0.032984472811222076,1,-0.02435784600675106,1,0,,,,,,,,,,,,,,,,,,,,,,,,,,,,,,,,,,,,,,,,,,,,,,,,,,,,,,,,,,,,,,,,,,,,,,,,,,,,,,,,,,,,,,,,,,,,,,,,,,,,,,,,,,,,,,,,,,,,,1,1784928611.3644571,0.0015082359313964844,world,base_footprint,0.6885308501159643,0.8972857243435858,1,0,1,1784928593.86561,17.50035548210144,world,workspace,1,0,2,-0.0721911355745298,-0.0005509412263589577,0.0,0.0,0.0,-0.10574687133817579,0.994393080829803,1.5,1,2,1784928593.86561,world,workspace,-0.0721911355745298,-0.0005509412263589577,0.0,0.0,-0.10574687133817579,0.994393080829803,1,1784928593.865948,17.500017404556274,workspace,1,321,,1,1784928611.3644571,0.0015082359313964844,world,pelvis,0.6786516971176655,0.8567782949810496,0.7778719476536173,0.018380605023670015,-0.019219042310359157,0.538160017757254,0.8424230392499653,capsules,0.05,0.5,0.1,0.5,0.5
120,1784928611.4660444,12.10678043588996,1,1784928611.4656694,0.0003750324249267578,17,-0.008917950093746185,1,-0.0858498215675354,1,-0.002947231288999319,1,0.3723692297935486,1,0.7060494422912598,1,0.02726791426539421,1,0.8282249569892883,1,0.3277340531349182,1,-0.5858361124992371,1,0.02009372040629387,1,1.0070030689239502,1,-0.1539653241634369,1,-0.0016584675759077072,1,0.016231507062911987,1,-0.13992828130722046,1,0.035484667867422104,1,0.04817020520567894,1,0,,,,,,,,,,,,,,,,,,,,,,,,,,,,,,,,,,,,,,,,,,,,,,,,,,,,,,,,,,,,,,,,,,,,,,,,,,,,,,,,,,,,,,,,,,,,,,,,,,,,,,,,,,,,,,,,,,,,,1,1784928611.4644551,0.0015892982482910156,world,base_footprint,0.6919196539878979,0.9034389862767209,1,0,1,1784928593.86561,17.60043454170227,world,workspace,1,0,2,-0.0721911355745298,-0.0005509412263589577,0.0,0.0,0.0,-0.10574687133817579,0.994393080829803,1.5,1,2,1784928593.86561,world,workspace,-0.0721911355745298,-0.0005509412263589577,0.0,0.0,-0.10574687133817579,0.994393080829803,1,1784928593.865948,17.600096464157104,workspace,1,321,,1,1784928611.4654574,0.0005869865417480469,world,pelvis,0.6918401329721755,0.856440088355784,0.7735130331211947,0.024553313953804442,-0.01703065798849653,0.5468416517182889,0.8367026349954795,capsules,0.05,0.5,0.1,0.5,0.5
121,1784928611.5660045,12.206738595850766,1,1784928611.5650368,0.0009677410125732422,17,-0.022787904366850853,1,-0.016137786209583282,1,-0.010797311551868916,1,0.3439750075340271,1,0.5599805116653442,1,-0.007995858788490295,1,0.8194465637207031,1,0.35375386476516724,1,-0.7117943167686462,1,0.00041757896542549133,1,1.015160083770752,1,-0.27457505464553833,1,0.004660106264054775,1,0.05532066151499748,1,-0.11754755675792694,1,0.026714446023106575,1,0.017333364114165306,1,0,,,,,,,,,,,,,,,,,,,,,,,,,,,,,,,,,,,,,,,,,,,,,,,,,,,,,,,,,,,,,,,,,,,,,,,,,,,,,,,,,,,,,,,,,,,,,,,,,,,,,,,,,,,,,,,,,,,,,1,1784928611.564457,0.0015475749969482422,world,base_footprint,0.6949794824625888,0.8992240718281761,1,0,1,1784928593.86561,17.70039463043213,world,workspace,1,0,2,-0.0721911355745298,-0.0005509412263589577,0.0,0.0,0.0,-0.10574687133817579,0.994393080829803,1.5,1,2,1784928593.86561,world,workspace,-0.0721911355745298,-0.0005509412263589577,0.0,0.0,-0.10574687133817579,0.994393080829803,1,1784928593.865948,17.700056552886963,workspace,1,321,,1,1784928611.5644572,0.0015473365783691406,world,pelvis,0.6838177509006139,0.863038758347443,0.7766264734139602,0.015126102556166249,-0.018827588253167753,0.5601670361844785,0.828027544538421,capsules,0.05,0.5,0.1,0.5,0.5
122,1784928611.6659331,12.30666636954993,1,1784928611.6647234,0.0012097358703613281,17,-0.01506023108959198,1,0.06908974796533585,1,-0.00780407665297389,1,0.34426072239875793,1,0.49846237897872925,1,-0.030598534271121025,1,0.8125158548355103,1,0.3536115288734436,1,-0.7808052897453308,1,-0.016294853761792183,1,1.0201932191848755,1,-0.3174767792224884,1,0.031951602548360825,1,0.0304858535528183,1,-0.0888369157910347,1,0.014123969711363316,1,-0.0036847861483693123,1,0,,,,,,,,,,,,,,,,,,,,,,,,,,,,,,,,,,,,,,,,,,,,,,,,,,,,,,,,,,,,,,,,,,,,,,,,,,,,,,,,,,,,,,,,,,,,,,,,,,,,,,,,,,,,,,,,,,,,,1,1784928611.6644588,0.0014743804931640625,world,base_footprint,0.6923338921845761,0.8968666184058085,1,0,1,1784928593.86561,17.800323247909546,world,workspace,1,0,2,-0.0721911355745298,-0.0005509412263589577,0.0,0.0,0.0,-0.10574687133817579,0.994393080829803,1.5,1,2,1784928593.86561,world,workspace,-0.0721911355745298,-0.0005509412263589577,0.0,0.0,-0.10574687133817579,0.994393080829803,1,1784928593.865948,17.79998517036438,workspace,1,321,,1,1784928611.6644588,0.0014743804931640625,world,pelvis,0.6636567813454236,0.873627484899979,0.7775282051913818,0.0018180878901912655,-0.023470431144627837,0.5675556056479454,0.8229984616728653,capsules,0.05,0.5,0.1,0.5,0.5
123,1784928611.765945,12.406677789054811,1,1784928611.7656584,0.0002865791320800781,17,0.006125994957983494,1,0.10409979522228241,1,-0.0026373579166829586,1,0.3610742688179016,1,0.5339928865432739,1,-0.028130708262324333,1,0.813331127166748,1,0.3386538028717041,1,-0.7626537680625916,1,-0.016519054770469666,1,1.0202323198318481,1,-0.19388076663017273,1,0.035637661814689636,1,-3.408222983125597e-05,1,-0.0816163644194603,1,-0.02731558121740818,1,-0.004147232975810766,1,0,,,,,,,,,,,,,,,,,,,,,,,,,,,,,,,,,,,,,,,,,,,,,,,,,,,,,,,,,,,,,,,,,,,,,,,,,,,,,,,,,,,,,,,,,,,,,,,,,,,,,,,,,,,,,,,,,,,,,1,1784928611.7644546,0.0014903545379638672,world,base_footprint,0.6726386157762105,0.9117911029665109,1,0,1,1784928593.86561,17.90033507347107,world,workspace,1,0,2,-0.0721911355745298,-0.0005509412263589577,0.0,0.0,0.0,-0.10574687133817579,0.994393080829803,1.5,1,2,1784928593.86561,world,workspace,-0.0721911355745298,-0.0005509412263589577,0.0,0.0,-0.10574687133817579,0.994393080829803,1,1784928593.865948,17.899996995925903,workspace,1,321,,1,1784928611.7654567,0.00048828125,world,pelvis,0.6387139055818627,0.8889518554260804,0.7750872820435787,-0.00036296654752741674,-0.026081531834601882,0.5697607884273735,0.8213965339122534,capsules,0.05,0.5,0.1,0.5,0.5
124,1784928611.8659573,12.506694446317852,1,1784928611.865364,0.0005931854248046875,17,0.026256931945681572,1,0.018000395968556404,1,0.017102044075727463,1,0.38046795129776,1,0.659514844417572,1,0.00403236411511898,1,0.8196167349815369,1,0.2923887073993683,1,-0.6229819655418396,1,0.0019704040605574846,1,1.0064970254898071,1,-0.15660762786865234,1,-0.00790097750723362,1,0.03210372477769852,1,-0.2113093137741089,1,-0.013228628784418106,1,0.01975187472999096,1,0,,,,,,,,,,,,,,,,,,,,,,,,,,,,,,,,,,,,,,,,,,,,,,,,,,,,,,,,,,,,,,,,,,,,,,,,,,,,,,,,,,,,,,,,,,,,,,,,,,,,,,,,,,,,,,,,,,,,,1,1784928611.8644547,0.0015025138854980469,world,base_footprint,0.6417256902778324,0.9280621061974783,1,0,1,1784928593.86561,18.00034737586975,world,workspace,1,0,2,-0.0721911355745298,-0.0005509412263589577,0.0,0.0,0.0,-0.10574687133817579,0.994393080829803,1.5,1,2,1784928593.86561,world,workspace,-0.0721911355745298,-0.0005509412263589577,0.0,0.0,-0.10574687133817579,0.994393080829803,1,1784928593.865948,18.000009298324585,workspace,1,321,,1,1784928611.8644547,0.0015025138854980469,world,pelvis,0.6314078491996726,0.8936041658292082,0.7769996219052422,0.014435933759146959,-0.01782812476749474,0.5638462044948863,0.8255611542826413,capsules,0.05,0.5,0.1,0.5,0.5
125,1784928611.9659848,12.606721605174243,1,1784928611.9649284,0.0010564327239990234,17,0.01928217150270939,1,-0.05543413758277893,1,0.010598148219287395,1,0.3844691216945648,1,0.7318820953369141,1,0.027033759281039238,1,0.8276478052139282,1,0.29134318232536316,1,-0.5520429611206055,1,0.01996694877743721,1,0.9980215430259705,1,-0.1597977578639984,1,-0.005845700390636921,1,0.029793020337820053,1,-0.28557631373405457,1,0.03553126007318497,1,-0.02482420951128006,1,0,,,,,,,,,,,,,,,,,,,,,,,,,,,,,,,,,,,,,,,,,,,,,,,,,,,,,,,,,,,,,,,,,,,,,,,,,,,,,,,,,,,,,,,,,,,,,,,,,,,,,,,,,,,,,,,,,,,,,1,1784928611.9644566,0.0015282630920410156,world,base_footprint,0.6410946831768395,0.9230979709371969,1,0,1,1784928593.86561,18.100374937057495,world,workspace,1,0,2,-0.0721911355745298,-0.0005509412263589577,0.0,0.0,0.0,-0.10574687133817579,0.994393080829803,1.5,1,2,1784928593.86561,world,workspace,-0.0721911355745298,-0.0005509412263589577,0.0,0.0,-0.10574687133817579,0.994393080829803,1,1784928593.865948,18.10003685951233,workspace,1,321,,1,1784928611.9644568,0.001528024673461914,world,pelvis,0.6391403605755225,0.8938615512159145,0.7771096223507452,0.014663088030879906,-0.011582338521757737,0.5660319030029083,0.8241715404372274,capsules,0.05,0.5,0.1,0.5,0.5
126,1784928612.0660179,12.706750828772783,1,1784928612.0646799,0.0013380050659179688,17,-0.0014105706941336393,1,-0.08927863091230392,1,0.005734271835535765,1,0.3716588318347931,1,0.6976395845413208,1,0.02662702277302742,1,0.8291488885879517,1,0.31582385301589966,1,-0.5940775275230408,1,0.01891816407442093,1,1.0007046461105347,1,-0.1718093603849411,1,-0.004262260627001524,1,0.01670636609196663,1,-0.15784187614917755,1,0.03274340555071831,1,0.0336698517203331,1,0,,,,,,,,,,,,,,,,,,,,,,,,,,,,,,,,,,,,,,,,,,,,,,,,,,,,,,,,,,,,,,,,,,,,,,,,,,,,,,,,,,,,,,,,,,,,,,,,,,,,,,,,,,,,,,,,,,,,,1,1784928612.0644543,0.0015635490417480469,world,base_footprint,0.6466564124205437,0.9303300513245244,1,0,1,1784928593.86561,18.20040798187256,world,workspace,1,0,2,-0.0721911355745298,-0.0005509412263589577,0.0,0.0,0.0,-0.10574687133817579,0.994393080829803,1.5,1,2,1784928593.86561,world,workspace,-0.0721911355745298,-0.0005509412263589577,0.0,0.0,-0.10574687133817579,0.994393080829803,1,1784928593.865948,18.200069904327393,workspace,1,321,,1,1784928612.0644546,0.0015633106231689453,world,pelvis,0.649563368818514,0.8970504709037491,0.7732484013421651,0.01845039702885691,-0.010651746106490237,0.5733133552285943,0.8190591675031128,capsules,0.05,0.5,0.1,0.5,0.5
127,1784928612.1660125,12.806744755245745,1,1784928612.165475,0.0005376338958740234,17,-0.020673628896474838,1,-0.013732179999351501,1,-0.0096520921215415,1,0.3453770577907562,1,0.55613774061203,1,-0.009326991625130177,1,0.8206008076667786,1,0.3482823967933655,1,-0.7154781222343445,1,-0.0009542969055473804,1,1.0129878520965576,1,-0.2902441918849945,1,0.0032990258187055588,1,0.052336473017930984,1,-0.13660947978496552,1,0.025638777762651443,1,0.0007544420077465475,1,0,,,,,,,,,,,,,,,,,,,,,,,,,,,,,,,,,,,,,,,,,,,,,,,,,,,,,,,,,,,,,,,,,,,,,,,,,,,,,,,,,,,,,,,,,,,,,,,,,,,,,,,,,,,,,,,,,,,,,1,1784928612.164456,0.0015566349029541016,world,base_footprint,0.6501388178996647,0.9238237693472341,1,0,1,1784928593.86561,18.300402641296387,world,workspace,1,0,2,-0.0721911355745298,-0.0005509412263589577,0.0,0.0,0.0,-0.10574687133817579,0.994393080829803,1.5,1,2,1784928593.86561,world,workspace,-0.0721911355745298,-0.0005509412263589577,0.0,0.0,-0.10574687133817579,0.994393080829803,1,1784928593.865948,18.30006456375122,workspace,1,321,,1,1784928612.1654544,0.0005581378936767578,world,pelvis,0.6393309485206177,0.905666463320694,0.7761208510475074,0.005331435890583383,-0.012374164864689107,0.5867219473133832,0.8096763627376297,capsules,0.05,0.5,0.1,0.5,0.5
128,1784928612.2659523,12.906685124151409,1,1784928612.2648098,0.0011425018310546875,17,-0.019899142906069756,1,0.07101030647754669,1,0.006471703294664621,1,0.3431577682495117,1,0.5014026165008545,1,-0.03009166568517685,1,0.8072345852851868,1,0.35311973094940186,1,-0.7778728604316711,1,-0.015277251601219177,1,1.0209983587265015,1,-0.33075422048568726,1,0.033237408846616745,1,0.026091840118169785,1,-0.08871413767337799,1,0.009731641039252281,1,-0.029994964599609375,1,0,,,,,,,,,,,,,,,,,,,,,,,,,,,,,,,,,,,,,,,,,,,,,,,,,,,,,,,,,,,,,,,,,,,,,,,,,,,,,,,,,,,,,,,,,,,,,,,,,,,,,,,,,,,,,,,,,,,,,1,1784928612.2644582,0.0014941692352294922,world,base_footprint,0.6503606107973485,0.9306427727671617,1,0,1,1784928593.86561,18.40034246444702,world,workspace,1,0,2,-0.0721911355745298,-0.0005509412263589577,0.0,0.0,0.0,-0.10574687133817579,0.994393080829803,1.5,1,2,1784928593.86561,world,workspace,-0.0721911355745298,-0.0005509412263589577,0.0,0.0,-0.10574687133817579,0.994393080829803,1,1784928593.865948,18.400004386901855,workspace,1,321,,1,1784928612.2644584,0.0014939308166503906,world,pelvis,0.6165430485352341,0.9161030233085513,0.7767307067008504,-0.005465349612363743,-0.02283164593017216,0.5978388512129726,0.801272459203539,capsules,0.05,0.5,0.1,0.5,0.5
129,1784928612.3660448,13.006778196431696,1,1784928612.3657837,0.00026106834411621094,17,0.009388272650539875,1,0.08586040884256363,1,0.013568784110248089,1,0.36058714985847473,1,0.544205904006958,1,-0.02538437768816948,1,0.8097169995307922,1,0.3338196575641632,1,-0.7499579787254333,1,-0.015311540104448795,1,1.0212337970733643,1,-0.21933075785636902,1,0.03712412714958191,1,0.007865915074944496,1,-0.0915808454155922,1,-0.045960038900375366,1,-0.018861573189496994,1,0,,,,,,,,,,,,,,,,,,,,,,,,,,,,,,,,,,,,,,,,,,,,,,,,,,,,,,,,,,,,,,,,,,,,,,,,,,,,,,,,,,,,,,,,,,,,,,,,,,,,,,,,,,,,,,,,,,,,,1,1784928612.3644576,0.0015871524810791016,world,base_footprint,0.6228180510300084,0.9533597706156651,1,0,1,1784928593.86561,18.50043487548828,world,workspace,1,0,2,-0.0721911355745298,-0.0005509412263589577,0.0,0.0,0.0,-0.10574687133817579,0.994393080829803,1.5,1,2,1784928593.86561,world,workspace,-0.0721911355745298,-0.0005509412263589577,0.0,0.0,-0.10574687133817579,0.994393080829803,1,1784928593.865948,18.500096797943115,workspace,1,321,,1,1784928612.3654563,0.0005884170532226562,world,pelvis,0.589652932054543,0.9303116049386161,0.7735674277641058,0.00019068110700081346,-0.02519382599635993,0.5970832235910685,0.8017835486454427,capsules,0.05,0.5,0.1,0.5,0.5
130,1784928612.4660058,13.106737670488656,1,1784928612.4653862,0.0006196498870849609,17,0.018918443471193314,1,-0.0006338884704746306,1,0.03003287874162197,1,0.3713705539703369,1,0.6700862646102905,1,0.006098794285207987,1,0.8171433806419373,1,0.2901265323162079,1,-0.6096580624580383,1,0.004889428149908781,1,1.0028114318847656,1,-0.18077421188354492,1,-0.0026657418347895145,1,0.022450508549809456,1,-0.21960210800170898,1,-0.004745883867144585,1,0.010084809735417366,1,0,,,,,,,,,,,,,,,,,,,,,,,,,,,,,,,,,,,,,,,,,,,,,,,,,,,,,,,,,,,,,,,,,,,,,,,,,,,,,,,,,,,,,,,,,,,,,,,,,,,,,,,,,,,,,,,,,,,,,1,1784928612.464457,0.00154876708984375,world,base_footprint,0.5957839502444172,0.9658001656600093,1,0,1,1784928593.86561,18.600395917892456,world,workspace,1,0,2,-0.0721911355745298,-0.0005509412263589577,0.0,0.0,0.0,-0.10574687133817579,0.994393080829803,1.5,1,2,1784928593.86561,world,workspace,-0.0721911355745298,-0.0005509412263589577,0.0,0.0,-0.10574687133817579,0.994393080829803,1,1784928593.865948,18.60005784034729,workspace,1,321,,1,1784928612.464457,0.00154876708984375,world,pelvis,0.5837521537830795,0.9316676654334022,0.7763769079356481,0.01286019600012721,-0.01916659575908601,0.5977724899365416,0.8013334557104884,capsules,0.05,0.5,0.1,0.5,0.5
131,1784928612.5665011,13.207260980270803,1,1784928612.5652719,0.0012292861938476562,17,0.018442872911691666,1,-0.06402818858623505,1,0.024215523153543472,1,0.3746625483036041,1,0.7266182899475098,1,0.0263720341026783,1,0.8232094645500183,1,0.28830650448799133,1,-0.5563989281654358,1,0.01895645260810852,1,0.9953685998916626,1,-0.17298127710819244,1,0.002822890179231763,1,0.022883497178554535,1,-0.27840733528137207,1,0.04671766608953476,1,-0.02007937990128994,1,0,,,,,,,,,,,,,,,,,,,,,,,,,,,,,,,,,,,,,,,,,,,,,,,,,,,,,,,,,,,,,,,,,,,,,,,,,,,,,,,,,,,,,,,,,,,,,,,,,,,,,,,,,,,,,,,,,,,,,1,1784928612.5644548,0.002046346664428711,world,base_footprint,0.598026159219222,0.9640863252068708,1,0,1,1784928593.86561,18.700891256332397,world,workspace,1,0,2,-0.0721911355745298,-0.0005509412263589577,0.0,0.0,0.0,-0.10574687133817579,0.994393080829803,1.5,1,2,1784928593.86561,world,workspace,-0.0721911355745298,-0.0005509412263589577,0.0,0.0,-0.10574687133817579,0.994393080829803,1,1784928593.865948,18.70055317878723,workspace,1,321,,1,1784928612.5654545,0.0010466575622558594,world,pelvis,0.5896215401541123,0.9303375545797862,0.7773348752788343,0.014032790740653023,-0.017177277959289017,0.5984441920969181,0.8008573973257694,capsules,0.05,0.5,0.1,0.5,0.5
132,1784928612.6659453,13.306677386164665,1,1784928612.6649396,0.0010056495666503906,17,-0.0017218512948602438,1,-0.10128144174814224,1,0.007952550426125526,1,0.3679886758327484,1,0.6991084218025208,1,0.026004387065768242,1,0.8245397806167603,1,0.316244512796402,1,-0.5992683172225952,1,0.018206708133220673,1,0.9985087513923645,1,-0.19129449129104614,1,-0.0010132015449926257,1,0.007148249540477991,1,-0.1511545330286026,1,0.03789118304848671,1,0.039010729640722275,1,0,,,,,,,,,,,,,,,,,,,,,,,,,,,,,,,,,,,,,,,,,,,,,,,,,,,,,,,,,,,,,,,,,,,,,,,,,,,,,,,,,,,,,,,,,,,,,,,,,,,,,,,,,,,,,,,,,,,,,1,1784928612.6634603,0.002485036849975586,world,base_footprint,0.5996479941328675,0.9686044456943959,1,0,1,1784928593.86561,18.80033540725708,world,workspace,1,0,2,-0.0721911355745298,-0.0005509412263589577,0.0,0.0,0.0,-0.10574687133817579,0.994393080829803,1.5,1,2,1784928593.86561,world,workspace,-0.0721911355745298,-0.0005509412263589577,0.0,0.0,-0.10574687133817579,0.994393080829803,1,1784928593.865948,18.799997329711914,workspace,1,321,,1,1784928612.6654558,0.0004894733428955078,world,pelvis,0.5993712321942347,0.9311172728278602,0.7731378207720794,0.018433989254894718,-0.015096088031201296,0.6071848557519721,0.7942032782051215,capsules,0.05,0.5,0.1,0.5,0.5
133,1784928612.7659829,13.406720996834338,1,1784928612.7649684,0.0010144710540771484,17,-0.017800042405724525,1,-0.026306381449103355,1,-0.007209327071905136,1,0.34564661979675293,1,0.5600247383117676,1,-0.008055595681071281,1,0.8204185366630554,1,0.34557607769966125,1,-0.7186356782913208,1,-0.0016262741992250085,1,1.0118751525878906,1,-0.29446467757225037,1,0.01252649910748005,1,0.0526970736682415,1,-0.13479147851467133,1,0.03298945352435112,1,0.00555654289200902,1,0,,,,,,,,,,,,,,,,,,,,,,,,,,,,,,,,,,,,,,,,,,,,,,,,,,,,,,,,,,,,,,,,,,,,,,,,,,,,,,,,,,,,,,,,,,,,,,,,,,,,,,,,,,,,,,,,,,,,,1,1784928612.764456,0.0015268325805664062,world,base_footprint,0.6042450377260203,0.9615143354808457,1,0,1,1784928593.86561,18.900372982025146,world,workspace,1,0,2,-0.0721911355745298,-0.0005509412263589577,0.0,0.0,0.0,-0.10574687133817579,0.994393080829803,1.5,1,2,1784928593.86561,world,workspace,-0.0721911355745298,-0.0005509412263589577,0.0,0.0,-0.10574687133817579,0.994393080829803,1,1784928593.865948,18.90003490447998,workspace,1,321,,1,1784928612.764456,0.0015268325805664062,world,pelvis,0.5886307450684899,0.9343259988499908,0.7751085915150346,0.00742827878436204,-0.018563309788160273,0.6199553802176275,0.7843822733484149,capsules,0.05,0.5,0.1,0.5,0.5
134,1784928612.8660903,13.50682491902262,1,1784928612.865104,0.000986337661743164,17,-0.010438615456223488,1,0.06242412328720093,1,-0.007555861957371235,1,0.3518054783344269,1,0.49823543429374695,1,-0.02969984896481037,1,0.8170387744903564,1,0.35100051760673523,1,-0.7810303568840027,1,-0.015816235914826393,1,1.0201411247253418,1,-0.3151150941848755,1,0.04270792007446289,1,0.012905115261673927,1,-0.09320411831140518,1,0.018112866207957268,1,-0.008896348997950554,1,0,,,,,,,,,,,,,,,,,,,,,,,,,,,,,,,,,,,,,,,,,,,,,,,,,,,,,,,,,,,,,,,,,,,,,,,,,,,,,,,,,,,,,,,,,,,,,,,,,,,,,,,,,,,,,,,,,,,,,1,1784928612.8634593,0.002630949020385742,world,base_footprint,0.6011526949979887,0.9659473855143998,1,0,1,1784928593.86561,19.00048041343689,world,workspace,1,0,2,-0.0721911355745298,-0.0005509412263589577,0.0,0.0,0.0,-0.10574687133817579,0.994393080829803,1.5,1,2,1784928593.86561,world,workspace,-0.0721911355745298,-0.0005509412263589577,0.0,0.0,-0.10574687133817579,0.994393080829803,1,1784928593.865948,19.000142335891724,workspace,1,321,,1,1784928612.8654592,0.0006310939788818359,world,pelvis,0.5646987527249477,0.9417461960142197,0.7761406653374517,-0.002402226067027201,-0.02783097917315449,0.6256777665959217,0.7795812967841942,capsules,0.05,0.5,0.1,0.5,0.5
135,1784928612.9665613,13.607298186980188,1,1784928612.9652102,0.0013511180877685547,17,0.009544242173433304,1,0.09365497529506683,1,-0.0006207192200236022,1,0.3671572506427765,1,0.5353333950042725,1,-0.02657860890030861,1,0.8178663849830627,1,0.3364844024181366,1,-0.7571538686752319,1,-0.015970097854733467,1,1.0202475786209106,1,-0.19895176589488983,1,0.05637592822313309,1,-0.0017247333889827132,1,-0.08936306834220886,1,-0.031266819685697556,1,-0.0016446392983198166,1,0,,,,,,,,,,,,,,,,,,,,,,,,,,,,,,,,,,,,,,,,,,,,,,,,,,,,,,,,,,,,,,,,,,,,,,,,,,,,,,,,,,,,,,,,,,,,,,,,,,,,,,,,,,,,,,,,,,,,,1,1784928612.9634626,0.003098726272583008,world,base_footprint,0.5745390712618629,0.9864123450167774,1,0,1,1784928593.86561,19.100951433181763,world,workspace,1,0,2,-0.0721911355745298,-0.0005509412263589577,0.0,0.0,0.0,-0.10574687133817579,0.994393080829803,1.5,1,2,1784928593.86561,world,workspace,-0.0721911355745298,-0.0005509412263589577,0.0,0.0,-0.10574687133817579,0.994393080829803,1,1784928593.865948,19.100613355636597,workspace,1,321,,1,1784928612.9644604,0.0021009445190429688,world,pelvis,0.5358472524445145,0.9525122026886481,0.7728984769137078,0.0013762430410942544,-0.03278773403899509,0.6265373172887733,0.778700237894061,capsules,0.05,0.5,0.1,0.5,0.5
136,1784928613.0659058,13.706639874726534,1,1784928613.0651712,0.0007345676422119141,17,0.017936935648322105,1,-0.00026024150429293513,1,-0.0005780141800642014,1,0.37653055787086487,1,0.6663308143615723,1,0.006139873992651701,1,0.8202388286590576,1,0.3057851791381836,1,-0.6061670184135437,1,0.0056674899533391,1,1.009143590927124,1,-0.16090990602970123,1,-0.002371647395193577,1,0.011771116405725479,1,-0.22494710981845856,1,-0.0005522783030755818,1,0.020919164642691612,1,0,,,,,,,,,,,,,,,,,,,,,,,,,,,,,,,,,,,,,,,,,,,,,,,,,,,,,,,,,,,,,,,,,,,,,,,,,,,,,,,,,,,,,,,,,,,,,,,,,,,,,,,,,,,,,,,,,,,,,1,1784928613.0644596,0.0014462471008300781,world,base_footprint,0.5368618948873013,0.9933046690969397,1,0,1,1784928593.86561,19.20029592514038,world,workspace,1,0,2,-0.0721911355745298,-0.0005509412263589577,0.0,0.0,0.0,-0.10574687133817579,0.994393080829803,1.5,1,2,1784928593.86561,world,workspace,-0.0721911355745298,-0.0005509412263589577,0.0,0.0,-0.10574687133817579,0.994393080829803,1,1784928593.865948,19.199957847595215,workspace,1,321,,1,1784928613.0644596,0.0014462471008300781,world,pelvis,0.5290142876154282,0.9555948296152511,0.7765229841702865,0.015518801013390036,-0.01904347719976117,0.6300407906565282,0.7761733794070406,capsules,0.05,0.5,0.1,0.5,0.5
137,1784928613.1659925,13.806729561649263,1,1784928613.1650734,0.0009191036224365234,17,0.009948628023266792,1,-0.06485157459974289,1,-0.012891433201730251,1,0.38174453377723694,1,0.7293716073036194,1,0.025450516492128372,1,0.8258689045906067,1,0.30559852719306946,1,-0.5481971502304077,1,0.020367328077554703,1,1.0012555122375488,1,-0.14761456847190857,1,-0.006361464504152536,1,0.00861380249261856,1,-0.28876227140426636,1,0.03501756116747856,1,-0.03092217445373535,1,0,,,,,,,,,,,,,,,,,,,,,,,,,,,,,,,,,,,,,,,,,,,,,,,,,,,,,,,,,,,,,,,,,,,,,,,,,,,,,,,,,,,,,,,,,,,,,,,,,,,,,,,,,,,,,,,,,,,,,1,1784928613.1646612,0.001331329345703125,world,base_footprint,0.5344153082176011,0.9934172434908433,1,0,1,1784928593.86561,19.300382614135742,world,workspace,1,0,2,-0.0721911355745298,-0.0005509412263589577,0.0,0.0,0.0,-0.10574687133817579,0.994393080829803,1.5,1,2,1784928593.86561,world,workspace,-0.0721911355745298,-0.0005509412263589577,0.0,0.0,-0.10574687133817579,0.994393080829803,1,1784928593.865948,19.300044536590576,workspace,1,321,,1,1784928613.1646612,0.001331329345703125,world,pelvis,0.5352340906977877,0.9583653426703469,0.7775727926056183,0.017637390672898885,-0.01374454477350387,0.6327750641442894,0.7740127441692489,capsules,0.05,0.5,0.1,0.5,0.5
138,1784928613.2659776,13.906711548566818,1,1784928613.2649066,0.0010709762573242188,17,-0.00482234638184309,1,-0.101494200527668,1,-0.01495271548628807,1,0.3700929284095764,1,0.6998291015625,1,0.02541148103773594,1,0.826970636844635,1,0.3286828398704529,1,-0.5939878225326538,1,0.01923070289194584,1,1.0029526948928833,1,-0.1511821299791336,1,-0.0126797528937459,1,-0.006032431498169899,1,-0.14990073442459106,1,0.030702311545610428,1,0.04507426172494888,1,0,,,,,,,,,,,,,,,,,,,,,,,,,,,,,,,,,,,,,,,,,,,,,,,,,,,,,,,,,,,,,,,,,,,,,,,,,,,,,,,,,,,,,,,,,,,,,,,,,,,,,,,,,,,,,,,,,,,,,1,1784928613.2644591,0.0015184879302978516,world,base_footprint,0.5349037398955373,1.0061383695460648,1,0,1,1784928593.86561,19.400367736816406,world,workspace,1,0,2,-0.0721911355745298,-0.0005509412263589577,0.0,0.0,0.0,-0.10574687133817579,0.994393080829803,1.5,1,2,1784928593.86561,world,workspace,-0.0721911355745298,-0.0005509412263589577,0.0,0.0,-0.10574687133817579,0.994393080829803,1,1784928593.865948,19.40002965927124,workspace,1,321,,1,1784928613.2644594,0.00151824951171875,world,pelvis,0.5462176495229188,0.9646327906009231,0.7733437365009785,0.024938261959228585,-0.011445852120374323,0.6412249665322561,0.7668621896112746,capsules,0.05,0.5,0.1,0.5,0.5
139,1784928613.3660152,14.006749028339982,1,1784928613.3643594,0.0016558170318603516,17,-0.020886657759547234,1,-0.025105249136686325,1,-0.008840810507535934,1,0.3407478332519531,1,0.5626007914543152,1,-0.007233442738652229,1,0.8192731738090515,1,0.3481205701828003,1,-0.7123035788536072,1,5.3521889640251175e-05,1,1.0130410194396973,1,-0.2854669988155365,1,0.0013093841262161732,1,0.05572880804538727,1,-0.12061667442321777,1,0.022770529612898827,1,0.005934448912739754,1,0,,,,,,,,,,,,,,,,,,,,,,,,,,,,,,,,,,,,,,,,,,,,,,,,,,,,,,,,,,,,,,,,,,,,,,,,,,,,,,,,,,,,,,,,,,,,,,,,,,,,,,,,,,,,,,,,,,,,,1,1784928613.3644576,0.0015575885772705078,world,base_footprint,0.5406817594058874,1.0050618754164264,1,0,1,1784928593.86561,19.500405311584473,world,workspace,1,0,2,-0.0721911355745298,-0.0005509412263589577,0.0,0.0,0.0,-0.10574687133817579,0.994393080829803,1.5,1,2,1784928593.86561,world,workspace,-0.0721911355745298,-0.0005509412263589577,0.0,0.0,-0.10574687133817579,0.994393080829803,1,1784928593.865948,19.500067234039307,workspace,1,321,,1,1784928613.3644576,0.0015575885772705078,world,pelvis,0.5360871589867928,0.97008423665148,0.7763787253428603,0.014897585865229141,-0.01685981591026565,0.6565811231622829,0.7539197817074541,capsules,0.05,0.5,0.1,0.5,0.5
140,1784928613.4660385,14.10677305329591,1,1784928613.465286,0.0007524490356445312,17,-0.015150878578424454,1,0.06968824565410614,1,0.0024712681770324707,1,0.342416912317276,1,0.5013366341590881,1,-0.029936376959085464,1,0.8116141557693481,1,0.3497242331504822,1,-0.7809946537017822,1,-0.016525544226169586,1,1.017171859741211,1,-0.33261725306510925,1,0.03180978447198868,1,0.018581710755825043,1,-0.07973772287368774,1,0.010829451493918896,1,-0.022449180483818054,1,0,,,,,,,,,,,,,,,,,,,,,,,,,,,,,,,,,,,,,,,,,,,,,,,,,,,,,,,,,,,,,,,,,,,,,,,,,,,,,,,,,,,,,,,,,,,,,,,,,,,,,,,,,,,,,,,,,,,,,1,1784928613.4644547,0.0015838146209716797,world,base_footprint,0.5407213633410193,1.007071555228398,1,0,1,1784928593.86561,19.600428581237793,world,workspace,1,0,2,-0.0721911355745298,-0.0005509412263589577,0.0,0.0,0.0,-0.10574687133817579,0.994393080829803,1.5,1,2,1784928593.86561,world,workspace,-0.0721911355745298,-0.0005509412263589577,0.0,0.0,-0.10574687133817579,0.994393080829803,1,1784928593.865948,19.600090503692627,workspace,1,321,,1,1784928613.4654565,0.0005819797515869141,world,pelvis,0.5129005302896462,0.9771165746378803,0.7770270450172101,0.0024634176283940754,-0.0257961427777295,0.6660277005040169,0.7454767553403062,capsules,0.05,0.5,0.1,0.5,0.5
141,1784928613.566048,14.206781559623778,1,1784928613.5656471,0.00040078163146972656,17,0.005966697819530964,1,0.11711854487657547,1,-0.0027664871886372566,1,0.36878731846809387,1,0.5345243811607361,1,-0.028071871027350426,1,0.8128158450126648,1,0.34089261293411255,1,-0.7630715370178223,1,-0.016703691333532333,1,1.01760733127594,1,-0.2141343653202057,1,0.04983345419168472,1,0.0022243494167923927,1,-0.05600577965378761,1,-0.030950302258133888,1,-0.031242704018950462,1,0,,,,,,,,,,,,,,,,,,,,,,,,,,,,,,,,,,,,,,,,,,,,,,,,,,,,,,,,,,,,,,,,,,,,,,,,,,,,,,,,,,,,,,,,,,,,,,,,,,,,,,,,,,,,,,,,,,,,,1,1784928613.5634558,0.0025920867919921875,world,base_footprint,0.52144274195322,1.0191955008911482,1,0,1,1784928593.86561,19.700438022613525,world,workspace,1,0,2,-0.0721911355745298,-0.0005509412263589577,0.0,0.0,0.0,-0.10574687133817579,0.994393080829803,1.5,1,2,1784928593.86561,world,workspace,-0.0721911355745298,-0.0005509412263589577,0.0,0.0,-0.10574687133817579,0.994393080829803,1,1784928593.865948,19.70009994506836,workspace,1,321,,1,1784928613.5644555,0.001592397689819336,world,pelvis,0.48376054895104936,0.9896598813152093,0.7744455077461397,-0.0021368050008689827,-0.030465961137199692,0.6701353242265864,0.7416103468130032,capsules,0.05,0.5,0.1,0.5,0.5
142,1784928613.665952,14.30668380856514,1,1784928613.664785,0.0011670589447021484,17,0.021929679438471794,1,0.029446706175804138,1,0.029393795877695084,1,0.3781130611896515,1,0.6608771681785583,1,0.004166838712990284,1,0.8183764815330505,1,0.2930352985858917,1,-0.6191822290420532,1,0.0029589419718831778,1,1.0060383081436157,1,-0.1556764841079712,1,-0.007332024164497852,1,0.02283165045082569,1,-0.1909864842891693,1,-0.0015251059085130692,1,0.013089972548186779,1,0,,,,,,,,,,,,,,,,,,,,,,,,,,,,,,,,,,,,,,,,,,,,,,,,,,,,,,,,,,,,,,,,,,,,,,,,,,,,,,,,,,,,,,,,,,,,,,,,,,,,,,,,,,,,,,,,,,,,,1,1784928613.6644561,0.0014958381652832031,world,base_footprint,0.48151974438221967,1.0388851178352596,1,0,1,1784928593.86561,19.800342082977295,world,workspace,1,0,2,-0.0721911355745298,-0.0005509412263589577,0.0,0.0,0.0,-0.10574687133817579,0.994393080829803,1.5,1,2,1784928593.86561,world,workspace,-0.0721911355745298,-0.0005509412263589577,0.0,0.0,-0.10574687133817579,0.994393080829803,1,1784928593.865948,19.80000400543213,workspace,1,321,,1,1784928613.6644561,0.0014958381652832031,world,pelvis,0.47325481234749756,0.9941603635309523,0.7770217427399188,0.01761278930109274,-0.023052868267478398,0.6707870132453162,0.7410824095733926,capsules,0.05,0.5,0.1,0.5,0.5
143,1784928613.765994,14.40672804042697,1,1784928613.7650049,0.0009891986846923828,17,0.023654071614146233,1,-0.04214632883667946,1,0.007815442979335785,1,0.386575847864151,1,0.7286025881767273,1,0.0267016664147377,1,0.8255976438522339,1,0.29223811626434326,1,-0.5517426133155823,1,0.020216185599565506,1,0.9994425177574158,1,-0.14958834648132324,1,-0.013084215112030506,1,0.02481503039598465,1,-0.28201764822006226,1,0.04276318848133087,1,-0.0328374020755291,1,0,,,,,,,,,,,,,,,,,,,,,,,,,,,,,,,,,,,,,,,,,,,,,,,,,,,,,,,,,,,,,,,,,,,,,,,,,,,,,,,,,,,,,,,,,,,,,,,,,,,,,,,,,,,,,,,,,,,,,1,1784928613.7644556,0.0015385150909423828,world,base_footprint,0.47667301924567185,1.0347578601934229,1,0,1,1784928593.86561,19.900384187698364,world,workspace,1,0,2,-0.0721911355745298,-0.0005509412263589577,0.0,0.0,0.0,-0.10574687133817579,0.994393080829803,1.5,1,2,1784928593.86561,world,workspace,-0.0721911355745298,-0.0005509412263589577,0.0,0.0,-0.10574687133817579,0.994393080829803,1,1784928593.865948,19.9000461101532,workspace,1,321,,1,1784928613.765459,0.0005350112915039062,world,pelvis,0.47789115169478685,1.0004344506585026,0.7779375244417797,0.016773289050773695,-0.01413926420537049,0.6725563063346934,0.739720726214687,capsules,0.05,0.5,0.1,0.5,0.5
144,1784928613.8659763,14.50671240221709,1,1784928613.8650553,0.0009210109710693359,17,0.0017671864479780197,1,-0.08307191729545593,1,-0.0022105101961642504,1,0.3769058585166931,1,0.7009454965591431,1,0.02645190805196762,1,0.8277119994163513,1,0.3158901631832123,1,-0.5909757018089294,1,0.019685089588165283,1,1.0017071962356567,1,-0.15468214452266693,1,-0.022768091410398483,1,0.010152352973818779,1,-0.16040857136249542,1,0.03515775129199028,1,0.031181102618575096,1,0,,,,,,,,,,,,,,,,,,,,,,,,,,,,,,,,,,,,,,,,,,,,,,,,,,,,,,,,,,,,,,,,,,,,,,,,,,,,,,,,,,,,,,,,,,,,,,,,,,,,,,,,,,,,,,,,,,,,,1,1784928613.8644578,0.0015184879302978516,world,base_footprint,0.47380653951429935,1.047054543330932,1,0,1,1784928593.86561,20.00036644935608,world,workspace,1,0,2,-0.0721911355745298,-0.0005509412263589577,0.0,0.0,0.0,-0.10574687133817579,0.994393080829803,1.5,1,2,1784928593.86561,world,workspace,-0.0721911355745298,-0.0005509412263589577,0.0,0.0,-0.10574687133817579,0.994393080829803,1,1784928593.865948,20.000028371810913,workspace,1,321,,1,1784928613.8644578,0.0015184879302978516,world,pelvis,0.48478186101409076,1.0097433827795035,0.7739698905284197,0.022183617096926143,-0.011097882239865525,0.6813952694615696,0.7314951885676911,capsules,0.05,0.5,0.1,0.5,0.5
145,1784928613.9659808,14.606716620735824,1,1784928613.965312,0.0006687641143798828,17,-0.016672408208251,1,-0.01904827542603016,1,-0.004793532192707062,1,0.3460484743118286,1,0.5644376873970032,1,-0.006666121538728476,1,0.8196781277656555,1,0.33983075618743896,1,-0.7080272436141968,1,0.0012256089830771089,1,1.0092504024505615,1,-0.2790805697441101,1,-0.01473376713693142,1,0.05914624035358429,1,-0.128971666097641,1,0.020672660320997238,1,-0.0004311472875997424,1,0,,,,,,,,,,,,,,,,,,,,,,,,,,,,,,,,,,,,,,,,,,,,,,,,,,,,,,,,,,,,,,,,,,,,,,,,,,,,,,,,,,,,,,,,,,,,,,,,,,,,,,,,,,,,,,,,,,,,,1,1784928613.9644578,0.0015230178833007812,world,base_footprint,0.47437230742176584,1.0488547982061422,1,0,1,1784928593.86561,20.10037088394165,world,workspace,1,0,2,-0.0721911355745298,-0.0005509412263589577,0.0,0.0,0.0,-0.10574687133817579,0.994393080829803,1.5,1,2,1784928593.86561,world,workspace,-0.0721911355745298,-0.0005509412263589577,0.0,0.0,-0.10574687133817579,0.994393080829803,1,1784928593.865948,20.100032806396484,workspace,1,321,,1,1784928613.9644578,0.0015230178833007812,world,pelvis,0.4720128862089161,1.0164917010922472,0.7772324394534877,0.013802587592622642,-0.015417977810680512,0.6944404310505963,0.7192525719510772,capsules,0.05,0.5,0.1,0.5,0.5
146,1784928614.0659578,14.706691204570234,1,1784928614.0652456,0.0007121562957763672,17,-0.014011231251060963,1,0.06189664453268051,1,0.0003800523409154266,1,0.3453219532966614,1,0.5041863918304443,1,-0.028832338750362396,1,0.810123860836029,1,0.34433692693710327,1,-0.7770054340362549,1,-0.014949854463338852,1,1.0163159370422363,1,-0.32080018520355225,1,0.026616500690579414,1,0.022902727127075195,1,-0.09091182798147202,1,-0.0019415570423007011,1,-0.024928871542215347,1,0,,,,,,,,,,,,,,,,,,,,,,,,,,,,,,,,,,,,,,,,,,,,,,,,,,,,,,,,,,,,,,,,,,,,,,,,,,,,,,,,,,,,,,,,,,,,,,,,,,,,,,,,,,,,,,,,,,,,,1,1784928614.0644562,0.0015015602111816406,world,base_footprint,0.46699887620335356,1.049316313417179,1,0,1,1784928593.86561,20.200347900390625,world,workspace,1,0,2,-0.0721911355745298,-0.0005509412263589577,0.0,0.0,0.0,-0.10574687133817579,0.994393080829803,1.5,1,2,1784928593.86561,world,workspace,-0.0721911355745298,-0.0005509412263589577,0.0,0.0,-0.10574687133817579,0.994393080829803,1,1784928593.865948,20.20000982284546,workspace,1,321,,1,1784928614.0644562,0.0015015602111816406,world,pelvis,0.4455122428930155,1.0222419241922105,0.7783007847417787,0.0026405314320476062,-0.0218845785057238,0.7030262844743183,0.7108221550821402,capsules,0.05,0.5,0.1,0.5,0.5
147,1784928614.166244,14.806980573572218,1,1784928614.165722,0.0005221366882324219,17,0.009475658647716045,1,0.09958645701408386,1,0.005815057083964348,1,0.36438891291618347,1,0.5352937579154968,1,-0.026348229497671127,1,0.8130530118942261,1,0.3331129550933838,1,-0.7629140019416809,1,-0.015354607254266739,1,1.0167466402053833,1,-0.21187824010849,1,0.04864039644598961,1,-0.0071635195054113865,1,-0.07717788219451904,1,-0.048469509929418564,1,-0.017550576478242874,1,0,,,,,,,,,,,,,,,,,,,,,,,,,,,,,,,,,,,,,,,,,,,,,,,,,,,,,,,,,,,,,,,,,,,,,,,,,,,,,,,,,,,,,,,,,,,,,,,,,,,,,,,,,,,,,,,,,,,,,1,1784928614.1644561,0.0017879009246826172,world,base_footprint,0.43900394463377623,1.0631218233039008,1,0,1,1784928593.86561,20.300634145736694,world,workspace,1,0,2,-0.0721911355745298,-0.0005509412263589577,0.0,0.0,0.0,-0.10574687133817579,0.994393080829803,1.5,1,2,1784928593.86561,world,workspace,-0.0721911355745298,-0.0005509412263589577,0.0,0.0,-0.10574687133817579,0.994393080829803,1,1784928593.865948,20.30029606819153,workspace,1,321,,1,1784928614.1654592,0.0007848739624023438,world,pelvis,0.4118517724459267,1.0311682472129489,0.7748328033043923,0.0023112222138144288,-0.026644812481594587,0.7029773660357377,0.7107091775551767,capsules,0.05,0.5,0.1,0.5,0.5
148,1784928614.2659552,14.906688743270934,1,1784928614.264996,0.0009591579437255859,17,0.021511152386665344,1,0.01889064349234104,1,0.025950975716114044,1,0.37690603733062744,1,0.6573947072029114,1,0.0022117123007774353,1,0.8179703950881958,1,0.2941821813583374,1,-0.6203787922859192,1,0.002867236966267228,1,1.0058356523513794,1,-0.16080103814601898,1,-0.0035426358226686716,1,0.016144780442118645,1,-0.1994442194700241,1,-0.012387963011860847,1,0.014964103698730469,1,0,,,,,,,,,,,,,,,,,,,,,,,,,,,,,,,,,,,,,,,,,,,,,,,,,,,,,,,,,,,,,,,,,,,,,,,,,,,,,,,,,,,,,,,,,,,,,,,,,,,,,,,,,,,,,,,,,,,,,1,1784928614.2644587,0.0014965534210205078,world,base_footprint,0.40178976885550577,1.0745528213001971,1,0,1,1784928593.86561,20.40034532546997,world,workspace,1,0,2,-0.0721911355745298,-0.0005509412263589577,0.0,0.0,0.0,-0.10574687133817579,0.994393080829803,1.5,1,2,1784928593.86561,world,workspace,-0.0721911355745298,-0.0005509412263589577,0.0,0.0,-0.10574687133817579,0.994393080829803,1,1784928593.865948,20.400007247924805,workspace,1,321,,1,1784928614.2644587,0.0014965534210205078,world,pelvis,0.3983527555864332,1.0354002819070218,0.7778809239268701,0.016236800672957283,-0.01909789923692719,0.7020859153337871,0.7116509003988973,capsules,0.05,0.5,0.1,0.5,0.5
149,1784928614.36605,15.006784002296627,1,1784928614.3653584,0.0006916522979736328,17,0.015721259638667107,1,-0.053845252841711044,1,0.01952759549021721,1,0.37955084443092346,1,0.730661928653717,1,0.026879487559199333,1,0.8250679969787598,1,0.29183778166770935,1,-0.5496046543121338,1,0.0200930368155241,1,0.9963058233261108,1,-0.15754911303520203,1,-0.007172160781919956,1,0.01755380630493164,1,-0.286008358001709,1,0.04846572130918503,1,-0.040349315851926804,1,0,,,,,,,,,,,,,,,,,,,,,,,,,,,,,,,,,,,,,,,,,,,,,,,,,,,,,,,,,,,,,,,,,,,,,,,,,,,,,,,,,,,,,,,,,,,,,,,,,,,,,,,,,,,,,,,,,,,,,1,1784928614.3634617,0.0025882720947265625,world,base_footprint,0.39856870473393424,1.0729501830725776,1,0,1,1784928593.86561,20.50044012069702,world,workspace,1,0,2,-0.0721911355745298,-0.0005509412263589577,0.0,0.0,0.0,-0.10574687133817579,0.994393080829803,1.5,1,2,1784928593.86561,world,workspace,-0.0721911355745298,-0.0005509412263589577,0.0,0.0,-0.10574687133817579,0.994393080829803,1,1784928593.865948,20.500102043151855,workspace,1,321,,1,1784928614.3644612,0.0015888214111328125,world,pelvis,0.4010669133145815,1.0387457358704608,0.7779554833742911,0.016605934384494463,-0.014295605149308752,0.7032076758587594,0.7106467781042527,capsules,0.05,0.5,0.1,0.5,0.5
150,1784928614.466018,15.106752566061914,1,1784928614.4655683,0.0004496574401855469,17,-0.00463948305696249,1,-0.11131439357995987,1,-0.008860443718731403,1,0.37576019763946533,1,0.7096040844917297,1,0.026936469599604607,1,0.8254131078720093,1,0.33134931325912476,1,-0.5833716988563538,1,0.01997680589556694,1,0.998571515083313,1,-0.1546863168478012,1,-0.02854723110795021,1,0.004514073021709919,1,-0.1633071005344391,1,0.04209115356206894,1,0.030148988589644432,1,0,,,,,,,,,,,,,,,,,,,,,,,,,,,,,,,,,,,,,,,,,,,,,,,,,,,,,,,,,,,,,,,,,,,,,,,,,,,,,,,,,,,,,,,,,,,,,,,,,,,,,,,,,,,,,,,,,,,,,1,1784928614.4644613,0.0015566349029541016,world,base_footprint,0.3866796105738658,1.0802297513994064,1,0,1,1784928593.86561,20.60040807723999,world,workspace,1,0,2,-0.0721911355745298,-0.0005509412263589577,0.0,0.0,0.0,-0.10574687133817579,0.994393080829803,1.5,1,2,1784928593.86561,world,workspace,-0.0721911355745298,-0.0005509412263589577,0.0,0.0,-0.10574687133817579,0.994393080829803,1,1784928593.865948,20.600069999694824,workspace,1,321,,1,1784928614.4644613,0.0015566349029541016,world,pelvis,0.40767158382364405,1.0487389713705284,0.7749505639043741,0.023635063359597953,-0.004898759272145365,0.7117867302245898,0.7019807950462522,capsules,0.05,0.5,0.1,0.5,0.5
151,1784928614.5660965,15.206830862909555,1,1784928614.5654252,0.00067138671875,17,-0.021835677325725555,1,-0.052405767142772675,1,0.008195435628294945,1,0.3363131284713745,1,0.5773035883903503,1,-0.0026998077519237995,1,0.817866325378418,1,0.3453993797302246,1,-0.6962283849716187,1,0.0034850554075092077,1,1.0107630491256714,1,-0.2718621790409088,1,-0.014810855500400066,1,0.06278577446937561,1,-0.11898783594369888,1,0.032444391399621964,1,-0.004474497865885496,1,0,,,,,,,,,,,,,,,,,,,,,,,,,,,,,,,,,,,,,,,,,,,,,,,,,,,,,,,,,,,,,,,,,,,,,,,,,,,,,,,,,,,,,,,,,,,,,,,,,,,,,,,,,,,,,,,,,,,,,1,1784928614.5644593,0.0016372203826904297,world,base_footprint,0.39070268678185566,1.087210053530436,1,0,1,1784928593.86561,20.700486660003662,world,workspace,1,0,2,-0.0721911355745298,-0.0005509412263589577,0.0,0.0,0.0,-0.10574687133817579,0.994393080829803,1.5,1,2,1784928593.86561,world,workspace,-0.0721911355745298,-0.0005509412263589577,0.0,0.0,-0.10574687133817579,0.994393080829803,1,1784928593.865948,20.700148582458496,workspace,1,321,,1,1784928614.5644593,0.0016372203826904297,world,pelvis,0.3975140928863379,1.0514282610173697,0.77790611643004,0.018861253220272097,-0.013560609557658608,0.7250911734197385,0.6882609630250524,capsules,0.05,0.5,0.1,0.5,0.5
152,1784928614.665962,15.306695483624935,1,1784928614.6651618,0.0008001327514648438,17,-0.020258048549294472,1,0.04344330355525017,1,-0.004126553889364004,1,0.3390088975429535,1,0.5049403309822083,1,-0.028926953673362732,1,0.8124697208404541,1,0.3527616262435913,1,-0.7786075472831726,1,-0.01589912548661232,1,1.0185023546218872,1,-0.3389267027378082,1,0.0259698498994112,1,0.0358162559568882,1,-0.09435321390628815,1,0.021457849070429802,1,-0.03346922993659973,1,0,,,,,,,,,,,,,,,,,,,,,,,,,,,,,,,,,,,,,,,,,,,,,,,,,,,,,,,,,,,,,,,,,,,,,,,,,,,,,,,,,,,,,,,,,,,,,,,,,,,,,,,,,,,,,,,,,,,,,1,1784928614.6644568,0.001505136489868164,world,base_footprint,0.3917965834189474,1.0812138944865453,1,0,1,1784928593.86561,20.800352096557617,world,workspace,1,0,2,-0.0721911355745298,-0.0005509412263589577,0.0,0.0,0.0,-0.10574687133817579,0.994393080829803,1.5,1,2,1784928593.86561,world,workspace,-0.0721911355745298,-0.0005509412263589577,0.0,0.0,-0.10574687133817579,0.994393080829803,1,1784928593.865948,20.80001401901245,workspace,1,321,,1,1784928614.665456,0.0005059242248535156,world,pelvis,0.37225340382048333,1.054809412691938,0.778184078856266,0.002481480319842125,-0.020717952830785962,0.7341388210547094,0.678678716408821,capsules,0.05,0.5,0.1,0.5,0.5
153,1784928614.7659526,15.406686728820205,1,1784928614.7645702,0.0013823509216308594,17,-0.0010591114405542612,1,0.09173078089952469,1,-0.0029473851900547743,1,0.3603675365447998,1,0.5313256978988647,1,-0.027800340205430984,1,0.8128949403762817,1,0.34379881620407104,1,-0.7649216651916504,1,-0.016625279560685158,1,1.018964409828186,1,-0.20344941318035126,1,0.04680727794766426,1,0.0036294376477599144,1,-0.06427180022001266,1,-0.016417469829320908,1,-0.04299028962850571,1,0,,,,,,,,,,,,,,,,,,,,,,,,,,,,,,,,,,,,,,,,,,,,,,,,,,,,,,,,,,,,,,,,,,,,,,,,,,,,,,,,,,,,,,,,,,,,,,,,,,,,,,,,,,,,,,,,,,,,,1,1784928614.764456,0.0014965534210205078,world,base_footprint,0.368662247607578,1.0965645264136206,1,0,1,1784928593.86561,20.9003427028656,world,workspace,1,0,2,-0.0721911355745298,-0.0005509412263589577,0.0,0.0,0.0,-0.10574687133817579,0.994393080829803,1.5,1,2,1784928593.86561,world,workspace,-0.0721911355745298,-0.0005509412263589577,0.0,0.0,-0.10574687133817579,0.994393080829803,1,1784928593.865948,20.900004625320435,workspace,1,321,,1,1784928614.764456,0.0014965534210205078,world,pelvis,0.34139938807587533,1.061599048872604,0.7757391075163366,0.002193463575718967,-0.028195549810457445,0.738252061519621,0.6739318165441203,capsules,0.05,0.5,0.1,0.5,0.5
154,1784928614.8659546,15.506688605062664,1,1784928614.8652918,0.0006628036499023438,17,0.01912231557071209,1,0.009263257496058941,1,0.011114899069070816,1,0.3745330572128296,1,0.6534474492073059,1,0.002036402001976967,1,0.8168160915374756,1,0.2977478802204132,1,-0.6274799108505249,1,0.0009239042992703617,1,1.006814956665039,1,-0.16245758533477783,1,-0.010731374844908714,1,0.026539742946624756,1,-0.1996363401412964,1,0.005702244117856026,1,0.01386338286101818,1,0,,,,,,,,,,,,,,,,,,,,,,,,,,,,,,,,,,,,,,,,,,,,,,,,,,,,,,,,,,,,,,,,,,,,,,,,,,,,,,,,,,,,,,,,,,,,,,,,,,,,,,,,,,,,,,,,,,,,,1,1784928614.8644571,0.001497507095336914,world,base_footprint,0.32999998138231235,1.0975909482701427,1,0,1,1784928593.86561,21.00034475326538,world,workspace,1,0,2,-0.0721911355745298,-0.0005509412263589577,0.0,0.0,0.0,-0.10574687133817579,0.994393080829803,1.5,1,2,1784928593.86561,world,workspace,-0.0721911355745298,-0.0005509412263589577,0.0,0.0,-0.10574687133817579,0.994393080829803,1,1784928593.865948,21.000006675720215,workspace,1,321,,1,1784928614.8644574,0.0014972686767578125,world,pelvis,0.3311729075523229,1.0641538656649798,0.7777107351765021,0.014941028940039153,-0.015232843294918441,0.737853225892384,0.6746238531059867,capsules,0.05,0.5,0.1,0.5,0.5
155,1784928614.9659586,15.606693144887686,1,1784928614.9648788,0.0010797977447509766,17,0.020518945530056953,1,-0.045254431664943695,1,0.012774505652487278,1,0.38012391328811646,1,0.7179667353630066,1,0.023147376254200935,1,0.8253229260444641,1,0.2895244061946869,1,-0.5629849433898926,1,0.016905130818486214,1,0.9969764947891235,1,-0.1507953256368637,1,-0.009745105169713497,1,0.02812245860695839,1,-0.2771490514278412,1,0.053320322185754776,1,-0.018606945872306824,1,0,,,,,,,,,,,,,,,,,,,,,,,,,,,,,,,,,,,,,,,,,,,,,,,,,,,,,,,,,,,,,,,,,,,,,,,,,,,,,,,,,,,,,,,,,,,,,,,,,,,,,,,,,,,,,,,,,,,,,1,1784928614.9644587,0.0014998912811279297,world,base_footprint,0.3294407862425317,1.1005608941916825,1,0,1,1784928593.86561,21.100348711013794,world,workspace,1,0,2,-0.0721911355745298,-0.0005509412263589577,0.0,0.0,0.0,-0.10574687133817579,0.994393080829803,1.5,1,2,1784928593.86561,world,workspace,-0.0721911355745298,-0.0005509412263589577,0.0,0.0,-0.10574687133817579,0.994393080829803,1,1784928593.865948,21.100010633468628,workspace,1,321,,1,1784928614.9644587,0.0014998912811279297,world,pelvis,0.33360612417182167,1.0689839425005339,0.7784263905609876,0.015534024081542003,-0.013086718639609323,0.738622679556431,0.6738130075443481,capsules,0.05,0.5,0.1,0.5,0.5
156,1784928615.0659275,15.706661828793585,1,1784928615.0645711,0.001356363296508789,17,-0.0008789578569121659,1,-0.07829654216766357,1,-0.005090720020234585,1,0.37433314323425293,1,0.6962319612503052,1,0.02309655398130417,1,0.8273073434829712,1,0.32153406739234924,1,-0.5964716076850891,1,0.016519568860530853,1,0.9999005198478699,1,-0.15913768112659454,1,-0.019353007897734642,1,0.008222698234021664,1,-0.14583447575569153,1,0.037791624665260315,1,0.04250239580869675,1,0,,,,,,,,,,,,,,,,,,,,,,,,,,,,,,,,,,,,,,,,,,,,,,,,,,,,,,,,,,,,,,,,,,,,,,,,,,,,,,,,,,,,,,,,,,,,,,,,,,,,,,,,,,,,,,,,,,,,,1,1784928615.0634594,0.002468109130859375,world,base_footprint,0.32579988688771205,1.1107918928831075,1,0,1,1784928593.86561,21.20031762123108,world,workspace,1,0,2,-0.0721911355745298,-0.0005509412263589577,0.0,0.0,0.0,-0.10574687133817579,0.994393080829803,1.5,1,2,1784928593.86561,world,workspace,-0.0721911355745298,-0.0005509412263589577,0.0,0.0,-0.10574687133817579,0.994393080829803,1,1784928593.865948,21.199979543685913,workspace,1,321,,1,1784928615.0654569,0.0004706382751464844,world,pelvis,0.3383759331594914,1.080709243434685,0.7747533766489151,0.018243135090367398,-0.009783243599056017,0.7487032884135782,0.6625819663146971,capsules,0.05,0.5,0.1,0.5,0.5
157,1784928615.165953,15.806685525923967,1,1784928615.165152,0.0008008480072021484,17,-0.018671303987503052,1,-0.008194630965590477,1,-0.0035558047238737345,1,0.3447009325027466,1,0.5648984909057617,1,-0.006760291755199432,1,0.8195717334747314,1,0.3416924774646759,1,-0.710238516330719,1,0.00016148076974786818,1,1.010222315788269,1,-0.2904200255870819,1,-0.013163591735064983,1,0.04671664535999298,1,-0.11971491575241089,1,0.021221445873379707,1,0.005609455984085798,1,0,,,,,,,,,,,,,,,,,,,,,,,,,,,,,,,,,,,,,,,,,,,,,,,,,,,,,,,,,,,,,,,,,,,,,,,,,,,,,,,,,,,,,,,,,,,,,,,,,,,,,,,,,,,,,,,,,,,,,1,1784928615.1644583,0.0014946460723876953,world,base_footprint,0.3255975861189376,1.1112805872660059,1,0,1,1784928593.86561,21.30034303665161,world,workspace,1,0,2,-0.0721911355745298,-0.0005509412263589577,0.0,0.0,0.0,-0.10574687133817579,0.994393080829803,1.5,1,2,1784928593.86561,world,workspace,-0.0721911355745298,-0.0005509412263589577,0.0,0.0,-0.10574687133817579,0.994393080829803,1,1784928593.865948,21.300004959106445,workspace,1,321,,1,1784928615.1644583,0.0014946460723876953,world,pelvis,0.3236259766440566,1.0839214690620838,0.7771610673994795,0.01035051652206964,-0.014100748664888061,0.7613990844786097,0.6480474287040657,capsules,0.05,0.5,0.1,0.5,0.5
158,1784928615.266049,15.906789171509445,1,1784928615.2651591,0.0008897781372070312,17,-0.014548308216035366,1,0.07781829684972763,1,-0.003345318604260683,1,0.3477593660354614,1,0.5074925422668457,1,-0.027551855891942978,1,0.8137117028236389,1,0.34444761276245117,1,-0.7770476341247559,1,-0.01484676543623209,1,1.015627145767212,1,-0.33412960171699524,1,0.031904350966215134,1,0.019776172935962677,1,-0.08526679873466492,1,-0.0015008212067186832,1,-0.016810467466711998,1,0,,,,,,,,,,,,,,,,,,,,,,,,,,,,,,,,,,,,,,,,,,,,,,,,,,,,,,,,,,,,,,,,,,,,,,,,,,,,,,,,,,,,,,,,,,,,,,,,,,,,,,,,,,,,,,,,,,,,,1,1784928615.2644556,0.0015933513641357422,world,base_footprint,0.3180505418007803,1.1094074832454566,1,0,1,1784928593.86561,21.400439023971558,world,workspace,1,0,2,-0.0721911355745298,-0.0005509412263589577,0.0,0.0,0.0,-0.10574687133817579,0.994393080829803,1.5,1,2,1784928593.86561,world,workspace,-0.0721911355745298,-0.0005509412263589577,0.0,0.0,-0.10574687133817579,0.994393080829803,1,1784928593.865948,21.40010094642639,workspace,1,321,,1,1784928615.2654545,0.0005943775177001953,world,pelvis,0.2953914543666122,1.0847794128984805,0.7774342029357367,-0.0010614458933978328,-0.02131609258769128,0.7685001124291369,0.6394936080414038,capsules,0.05,0.5,0.1,0.5,0.5
159,1784928615.3661246,16.00686703901738,1,1784928615.3646553,0.0014693737030029297,17,0.005792402662336826,1,0.11179813742637634,1,0.004445526748895645,1,0.36544591188430786,1,0.5393396615982056,1,-0.025430725887417793,1,0.8137544989585876,1,0.3333951532840729,1,-0.7586248517036438,1,-0.015461821109056473,1,1.0160322189331055,1,-0.21917566657066345,1,0.05289921164512634,1,0.004976655822247267,1,-0.06506582349538803,1,-0.055836938321590424,1,-0.015350431203842163,1,0,,,,,,,,,,,,,,,,,,,,,,,,,,,,,,,,,,,,,,,,,,,,,,,,,,,,,,,,,,,,,,,,,,,,,,,,,,,,,,,,,,,,,,,,,,,,,,,,,,,,,,,,,,,,,,,,,,,,,1,1784928615.3634543,0.0026702880859375,world,base_footprint,0.2847143799392391,1.1206602469168923,1,0,1,1784928593.86561,21.50051474571228,world,workspace,1,0,2,-0.0721911355745298,-0.0005509412263589577,0.0,0.0,0.0,-0.10574687133817579,0.994393080829803,1.5,1,2,1784928593.86561,world,workspace,-0.0721911355745298,-0.0005509412263589577,0.0,0.0,-0.10574687133817579,0.994393080829803,1,1784928593.865948,21.500176668167114,workspace,1,321,,1,1784928615.3644557,0.0016689300537109375,world,pelvis,0.259301468734135,1.0877130364110876,0.7742786886164931,0.0019097639066364067,-0.02579914703292935,0.7708180665390244,0.6365298619163395,capsules,0.05,0.5,0.1,0.5,0.5
160,1784928615.4659827,16.106715991161764,1,1784928615.4652836,0.0006990432739257812,17,0.01687326654791832,1,0.01825718581676483,1,0.014586721546947956,1,0.37411072850227356,1,0.666836142539978,1,0.0058095743879675865,1,0.8193666934967041,1,0.30028557777404785,1,-0.6107727885246277,1,0.004132875241339207,1,1.0080137252807617,1,-0.17570151388645172,1,-0.005753655452281237,1,0.018482478335499763,1,-0.2076987773180008,1,-0.003917137626558542,1,0.038944393396377563,1,0,,,,,,,,,,,,,,,,,,,,,,,,,,,,,,,,,,,,,,,,,,,,,,,,,,,,,,,,,,,,,,,,,,,,,,,,,,,,,,,,,,,,,,,,,,,,,,,,,,,,,,,,,,,,,,,,,,,,,1,1784928615.4644575,0.0015251636505126953,world,base_footprint,0.24346534140175566,1.1213167002054547,1,0,1,1784928593.86561,21.600372791290283,world,workspace,1,0,2,-0.0721911355745298,-0.0005509412263589577,0.0,0.0,0.0,-0.10574687133817579,0.994393080829803,1.5,1,2,1784928593.86561,world,workspace,-0.0721911355745298,-0.0005509412263589577,0.0,0.0,-0.10574687133817579,0.994393080829803,1,1784928593.865948,21.600034713745117,workspace,1,321,,1,1784928615.4644575,0.0015251636505126953,world,pelvis,0.24777666737056625,1.0912011220779607,0.7766111776472004,0.014287175199751631,-0.013125125731353243,0.7739118837272245,0.6329960536410371,capsules,0.05,0.5,0.1,0.5,0.5
161,1784928615.5659544,16.206686860881746,1,1784928615.565422,0.0005323886871337891,17,0.02152579464018345,1,-0.04633866623044014,1,0.014755437150597572,1,0.37935635447502136,1,0.724298894405365,1,0.0255022794008255,1,0.8251537680625916,1,0.29059863090515137,1,-0.5519127249717712,1,0.020455533638596535,1,0.9957736134529114,1,-0.15975803136825562,1,-0.0030087220948189497,1,0.030555270612239838,1,-0.2989213168621063,1,0.035971514880657196,1,-0.03662693127989769,1,0,,,,,,,,,,,,,,,,,,,,,,,,,,,,,,,,,,,,,,,,,,,,,,,,,,,,,,,,,,,,,,,,,,,,,,,,,,,,,,,,,,,,,,,,,,,,,,,,,,,,,,,,,,,,,,,,,,,,,1,1784928615.5644567,0.0014977455139160156,world,base_footprint,0.24194164062165202,1.122488238946313,1,0,1,1784928593.86561,21.700344562530518,world,workspace,1,0,2,-0.0721911355745298,-0.0005509412263589577,0.0,0.0,0.0,-0.10574687133817579,0.994393080829803,1.5,1,2,1784928593.86561,world,workspace,-0.0721911355745298,-0.0005509412263589577,0.0,0.0,-0.10574687133817579,0.994393080829803,1,1784928593.865948,21.70000648498535,workspace,1,321,,1,1784928615.5644567,0.0014977455139160156,world,pelvis,0.24817736915744848,1.0959787895572586,0.7780002829292983,0.013816238490534002,-0.010521101743920631,0.7717992156521329,0.6356291282586248,capsules,0.05,0.5,0.1,0.5,0.5
162,1784928615.665951,16.306683036498725,1,1784928615.664979,0.0009720325469970703,17,0.00398204056546092,1,-0.09829872101545334,1,0.005260803271085024,1,0.37486591935157776,1,0.6988962292671204,1,0.025337321683764458,1,0.8267716765403748,1,0.3164161741733551,1,-0.5930411219596863,1,0.019679581746459007,1,0.9981054067611694,1,-0.1525586098432541,1,-0.018160006031394005,1,0.0248608086258173,1,-0.1717851758003235,1,0.022573024034500122,1,0.010696521028876305,1,0,,,,,,,,,,,,,,,,,,,,,,,,,,,,,,,,,,,,,,,,,,,,,,,,,,,,,,,,,,,,,,,,,,,,,,,,,,,,,,,,,,,,,,,,,,,,,,,,,,,,,,,,,,,,,,,,,,,,,1,1784928615.6644547,0.0014963150024414062,world,base_footprint,0.22995373521243206,1.1353581687152001,1,0,1,1784928593.86561,21.80034112930298,world,workspace,1,0,2,-0.0721911355745298,-0.0005509412263589577,0.0,0.0,0.0,-0.10574687133817579,0.994393080829803,1.5,1,2,1784928593.86561,world,workspace,-0.0721911355745298,-0.0005509412263589577,0.0,0.0,-0.10574687133817579,0.994393080829803,1,1784928593.865948,21.800003051757812,workspace,1,321,,1,1784928615.6644547,0.0014963150024414062,world,pelvis,0.2513787895747369,1.1071183781168856,0.7740458972136517,0.02195511337457334,-0.005388577201630041,0.7766930664848211,0.6294734440044768,capsules,0.05,0.5,0.1,0.5,0.5
163,1784928615.7661061,16.40685123205185,1,1784928615.7645876,0.0015184879302978516,17,-0.016416918486356735,1,-0.03956632688641548,1,-0.004827846772968769,1,0.34830033779144287,1,0.5705243945121765,1,-0.004739338532090187,1,0.8222729563713074,1,0.34302154183387756,1,-0.7030094861984253,1,0.0020230612717568874,1,1.009901762008667,1,-0.2596743702888489,1,-0.007489267736673355,1,0.06531310081481934,1,-0.13076737523078918,1,0.015260654501616955,1,-0.01846812292933464,1,0,,,,,,,,,,,,,,,,,,,,,,,,,,,,,,,,,,,,,,,,,,,,,,,,,,,,,,,,,,,,,,,,,,,,,,,,,,,,,,,,,,,,,,,,,,,,,,,,,,,,,,,,,,,,,,,,,,,,,1,1784928615.764456,0.001650094985961914,world,base_footprint,0.23212378551196716,1.1418990995968523,1,0,1,1784928593.86561,21.900496244430542,world,workspace,1,0,2,-0.0721911355745298,-0.0005509412263589577,0.0,0.0,0.0,-0.10574687133817579,0.994393080829803,1.5,1,2,1784928593.86561,world,workspace,-0.0721911355745298,-0.0005509412263589577,0.0,0.0,-0.10574687133817579,0.994393080829803,1,1784928593.865948,21.900158166885376,workspace,1,321,,1,1784928615.7654583,0.0006477832794189453,world,pelvis,0.2380411735499236,1.1119998142116945,0.777337586177771,0.014503273263974784,-0.012690154162850631,0.7869802627134855,0.6166771287727211,capsules,0.05,0.5,0.1,0.5,0.5
164,1784928615.8660264,16.506760898046196,1,1784928615.8653934,0.0006330013275146484,17,-0.009795221500098705,1,0.04714294895529747,1,-0.004782516974955797,1,0.3487914800643921,1,0.503757119178772,1,-0.028354734182357788,1,0.8153974413871765,1,0.34722304344177246,1,-0.7779038548469543,1,-0.015528963878750801,1,1.0161373615264893,1,-0.30811312794685364,1,0.03901993855834007,1,0.026074625551700592,1,-0.08733925223350525,1,0.004052279982715845,1,-0.029444877058267593,1,0,,,,,,,,,,,,,,,,,,,,,,,,,,,,,,,,,,,,,,,,,,,,,,,,,,,,,,,,,,,,,,,,,,,,,,,,,,,,,,,,,,,,,,,,,,,,,,,,,,,,,,,,,,,,,,,,,,,,,1,1784928615.864455,0.0015714168548583984,world,base_footprint,0.22783635332483676,1.1455132795559082,1,0,1,1784928593.86561,22.00041651725769,world,workspace,1,0,2,-0.0721911355745298,-0.0005509412263589577,0.0,0.0,0.0,-0.10574687133817579,0.994393080829803,1.5,1,2,1784928593.86561,world,workspace,-0.0721911355745298,-0.0005509412263589577,0.0,0.0,-0.10574687133817579,0.994393080829803,1,1784928593.865948,22.000078439712524,workspace,1,321,,1,1784928615.8654552,0.0005712509155273438,world,pelvis,0.2111582144850706,1.112503566863649,0.7781250128937984,0.004782188131642301,-0.023162731516223885,0.7896286336874256,0.6131290560773568,capsules,0.05,0.5,0.1,0.5,0.5
165,1784928615.965987,16.606724633835256,1,1784928615.9652665,0.0007205009460449219,17,0.0026484979316592216,1,0.08282772451639175,1,0.0009307359578087926,1,0.3595218062400818,1,0.5293546915054321,1,-0.026998234912753105,1,0.8151879906654358,1,0.3351738452911377,1,-0.7629744410514832,1,-0.016285771504044533,1,1.0167948007583618,1,-0.19726066291332245,1,0.06104499474167824,1,0.00020553302601911128,1,-0.06570731848478317,1,-0.05000193417072296,1,-0.02869415655732155,1,0,,,,,,,,,,,,,,,,,,,,,,,,,,,,,,,,,,,,,,,,,,,,,,,,,,,,,,,,,,,,,,,,,,,,,,,,,,,,,,,,,,,,,,,,,,,,,,,,,,,,,,,,,,,,,,,,,,,,,1,1784928615.964454,0.0015330314636230469,world,base_footprint,0.19297158659173222,1.152270564158912,1,0,1,1784928593.86561,22.100377082824707,world,workspace,1,0,2,-0.0721911355745298,-0.0005509412263589577,0.0,0.0,0.0,-0.10574687133817579,0.994393080829803,1.5,1,2,1784928593.86561,world,workspace,-0.0721911355745298,-0.0005509412263589577,0.0,0.0,-0.10574687133817579,0.994393080829803,1,1784928593.865948,22.10003900527954,workspace,1,321,,1,1784928615.964454,0.0015330314636230469,world,pelvis,0.1772082606677143,1.1133079606736982,0.7761081362522866,0.007210574182765126,-0.02582000232795365,0.791683818287858,0.6103425816382938,capsules,0.05,0.5,0.1,0.5,0.5
166,1784928616.0659556,16.70668871048838,1,1784928616.0648332,0.0011224746704101562,17,0.02370249107480049,1,0.00294461939483881,1,0.04143308848142624,1,0.36677059531211853,1,0.6593660712242126,1,0.0033232420682907104,1,0.8172158598899841,1,0.2868553102016449,1,-0.6229867339134216,1,0.002649792702868581,1,1.003983497619629,1,-0.14489015936851501,1,0.010591850616037846,1,0.034087907522916794,1,-0.2126072198152542,1,-0.01603691093623638,1,0.008048756048083305,1,0,,,,,,,,,,,,,,,,,,,,,,,,,,,,,,,,,,,,,,,,,,,,,,,,,,,,,,,,,,,,,,,,,,,,,,,,,,,,,,,,,,,,,,,,,,,,,,,,,,,,,,,,,,,,,,,,,,,,,1,1784928616.0644588,0.0014967918395996094,world,base_footprint,0.15192356265061074,1.1572825883584932,1,0,1,1784928593.86561,22.200345754623413,world,workspace,1,0,2,-0.0721911355745298,-0.0005509412263589577,0.0,0.0,0.0,-0.10574687133817579,0.994393080829803,1.5,1,2,1784928593.86561,world,workspace,-0.0721911355745298,-0.0005509412263589577,0.0,0.0,-0.10574687133817579,0.994393080829803,1,1784928593.865948,22.200007677078247,workspace,1,321,,1,1784928616.0644588,0.0014967918395996094,world,pelvis,0.16471042184659834,1.111629113631227,0.7772549478220635,0.02435194279266313,-0.017932559522546302,0.7878047179565234,0.6151821946030589,capsules,0.05,0.5,0.1,0.5,0.5
167,1784928616.1659527,16.80668685119599,1,1784928616.165094,0.0008587837219238281,17,0.01741974800825119,1,-0.06267078965902328,1,0.01770106703042984,1,0.3782140612602234,1,0.7294353246688843,1,0.026195183396339417,1,0.8276785612106323,1,0.29359331727027893,1,-0.5541163086891174,1,0.01899047940969467,1,1.0005887746810913,1,-0.1398201882839203,1,0.003535802708938718,1,0.03275749832391739,1,-0.27695757150650024,1,0.02614336647093296,1,-0.02823336236178875,1,0,,,,,,,,,,,,,,,,,,,,,,,,,,,,,,,,,,,,,,,,,,,,,,,,,,,,,,,,,,,,,,,,,,,,,,,,,,,,,,,,,,,,,,,,,,,,,,,,,,,,,,,,,,,,,,,,,,,,,1,1784928616.1644554,0.0014972686767578125,world,base_footprint,0.1477427286346515,1.1554114898292684,1,0,1,1784928593.86561,22.300342798233032,world,workspace,1,0,2,-0.0721911355745298,-0.0005509412263589577,0.0,0.0,0.0,-0.10574687133817579,0.994393080829803,1.5,1,2,1784928593.86561,world,workspace,-0.0721911355745298,-0.0005509412263589577,0.0,0.0,-0.10574687133817579,0.994393080829803,1,1784928593.865948,22.300004720687866,workspace,1,321,,1,1784928616.1644557,0.001497030258178711,world,pelvis,0.16618383828108232,1.1182577537360283,0.7772051608023959,0.02381163295105677,-0.011528524975508781,0.7902152346070946,0.6122581010023042,capsules,0.05,0.5,0.1,0.5,0.5
168,1784928616.2659576,16.906691445037723,1,1784928616.2648063,0.0011513233184814453,17,0.003854678710922599,1,-0.10558290034532547,1,-0.008529710583388805,1,0.37582388520240784,1,0.707530677318573,1,0.02629886008799076,1,0.8283470273017883,1,0.321336954832077,1,-0.5831753611564636,1,0.019057245925068855,1,1.0013582706451416,1,-0.13822300732135773,1,-0.0035798298195004463,1,0.028128404170274734,1,-0.1639714539051056,1,0.01782040111720562,1,0.012760334648191929,1,0,,,,,,,,,,,,,,,,,,,,,,,,,,,,,,,,,,,,,,,,,,,,,,,,,,,,,,,,,,,,,,,,,,,,,,,,,,,,,,,,,,,,,,,,,,,,,,,,,,,,,,,,,,,,,,,,,,,,,1,1784928616.2644548,0.0015027523040771484,world,base_footprint,0.14053299419006604,1.1636570449897161,1,0,1,1784928593.86561,22.40034770965576,world,workspace,1,0,2,-0.0721911355745298,-0.0005509412263589577,0.0,0.0,0.0,-0.10574687133817579,0.994393080829803,1.5,1,2,1784928593.86561,world,workspace,-0.0721911355745298,-0.0005509412263589577,0.0,0.0,-0.10574687133817579,0.994393080829803,1,1784928593.865948,22.400009632110596,workspace,1,321,,1,1784928616.264455,0.0015025138854980469,world,pelvis,0.17104524981700892,1.1301699328452464,0.7737477694752088,0.02843745381158201,-0.005133035225505699,0.7937704419952896,0.6075306153476471,capsules,0.05,0.5,0.1,0.5,0.5
169,1784928616.3659034,17.006636296398938,1,1784928616.3654468,0.0004565715789794922,17,-0.013812754303216934,1,-0.03693567216396332,1,-0.013009083457291126,1,0.3489496111869812,1,0.5737375617027283,1,-0.004176592919975519,1,0.8225006461143494,1,0.33798012137413025,1,-0.6959084868431091,1,0.0030976412817835808,1,1.0063812732696533,1,-0.254818856716156,1,0.0019568488933146,1,0.06053807958960533,1,-0.1270366758108139,1,0.01987885683774948,1,-0.010883979499340057,1,0,,,,,,,,,,,,,,,,,,,,,,,,,,,,,,,,,,,,,,,,,,,,,,,,,,,,,,,,,,,,,,,,,,,,,,,,,,,,,,,,,,,,,,,,,,,,,,,,,,,,,,,,,,,,,,,,,,,,,1,1784928616.3634536,0.0024497509002685547,world,base_footprint,0.14719525664436278,1.1685132949755785,1,0,1,1784928593.86561,22.500293493270874,world,workspace,1,0,2,-0.0721911355745298,-0.0005509412263589577,0.0,0.0,0.0,-0.10574687133817579,0.994393080829803,1.5,1,2,1784928593.86561,world,workspace,-0.0721911355745298,-0.0005509412263589577,0.0,0.0,-0.10574687133817579,0.994393080829803,1,1784928593.865948,22.499955415725708,workspace,1,321,,1,1784928616.365455,0.00044846534729003906,world,pelvis,0.1604606444233083,1.1329220999797571,0.7769142579544512,0.02039809419717134,-0.013212535982891854,0.8006547423665116,0.5986328843055979,capsules,0.05,0.5,0.1,0.5,0.5
170,1784928616.4660149,17.106747657991946,1,1784928616.4652839,0.0007309913635253906,17,-0.017403319478034973,1,0.05818638950586319,1,-0.009403699077665806,1,0.3480006158351898,1,0.5050198435783386,1,-0.02872881479561329,1,0.8089165687561035,1,0.3464430570602417,1,-0.7751092910766602,1,-0.014834838919341564,1,1.0165884494781494,1,-0.3079754114151001,1,0.02843046933412552,1,0.03201746195554733,1,-0.08608424663543701,1,0.008951103314757347,1,-0.03764689713716507,1,0,,,,,,,,,,,,,,,,,,,,,,,,,,,,,,,,,,,,,,,,,,,,,,,,,,,,,,,,,,,,,,,,,,,,,,,,,,,,,,,,,,,,,,,,,,,,,,,,,,,,,,,,,,,,,,,,,,,,,1,1784928616.4644544,0.0015604496002197266,world,base_footprint,0.1462726992721276,1.1714997889685748,1,0,1,1784928593.86561,22.600404977798462,world,workspace,1,0,2,-0.0721911355745298,-0.0005509412263589577,0.0,0.0,0.0,-0.10574687133817579,0.994393080829803,1.5,1,2,1784928593.86561,world,workspace,-0.0721911355745298,-0.0005509412263589577,0.0,0.0,-0.10574687133817579,0.994393080829803,1,1784928593.865948,22.600066900253296,workspace,1,321,,1,1784928616.4654589,0.0005559921264648438,world,pelvis,0.13617324717644116,1.1312266030800622,0.7774734256052527,0.01005875947837414,-0.024517738867509048,0.8079627341393194,0.5886373434303133,capsules,0.05,0.5,0.1,0.5,0.5
171,1784928616.5659518,17.20668498519808,1,1784928616.5649693,0.000982522964477539,17,-0.0001707195769995451,1,0.10154161602258682,1,-0.005324374884366989,1,0.3604285418987274,1,0.5340150594711304,1,-0.026843290776014328,1,0.8098827600479126,1,0.33950766921043396,1,-0.7596285343170166,1,-0.015494102612137794,1,1.0176085233688354,1,-0.19645197689533234,1,0.038207001984119415,1,0.010426201857626438,1,-0.055561311542987823,1,-0.03245805203914642,1,-0.04353156313300133,1,0,,,,,,,,,,,,,,,,,,,,,,,,,,,,,,,,,,,,,,,,,,,,,,,,,,,,,,,,,,,,,,,,,,,,,,,,,,,,,,,,,,,,,,,,,,,,,,,,,,,,,,,,,,,,,,,,,,,,,1,1784928616.5644555,0.0014963150024414062,world,base_footprint,0.11950293640667341,1.1798788566872422,1,0,1,1784928593.86561,22.700341939926147,world,workspace,1,0,2,-0.0721911355745298,-0.0005509412263589577,0.0,0.0,0.0,-0.10574687133817579,0.994393080829803,1.5,1,2,1784928593.86561,world,workspace,-0.0721911355745298,-0.0005509412263589577,0.0,0.0,-0.10574687133817579,0.994393080829803,1,1784928593.865948,22.70000386238098,workspace,1,321,,1,1784928616.5644555,0.0014963150024414062,world,pelvis,0.10542724071141403,1.1312094235716987,0.7755341266396102,0.010858386955238877,-0.03044114326709708,0.8110299534506009,0.5841111596564806,capsules,0.05,0.5,0.1,0.5,0.5
172,1784928616.665963,17.306697512976825,1,1784928616.6648228,0.0011401176452636719,17,0.015559517778456211,1,0.03068268485367298,1,0.008909869939088821,1,0.3678087592124939,1,0.6539640426635742,1,0.0018506444757804275,1,0.8139402270317078,1,0.29888904094696045,1,-0.6250606179237366,1,0.001120737986639142,1,1.0082314014434814,1,-0.15809428691864014,1,-0.008122200146317482,1,0.02679184265434742,1,-0.18182602524757385,1,0.007947735488414764,1,0.011789659969508648,1,0,,,,,,,,,,,,,,,,,,,,,,,,,,,,,,,,,,,,,,,,,,,,,,,,,,,,,,,,,,,,,,,,,,,,,,,,,,,,,,,,,,,,,,,,,,,,,,,,,,,,,,,,,,,,,,,,,,,,,1,1784928616.6644561,0.001506805419921875,world,base_footprint,0.08791297715264997,1.1745228721872076,1,0,1,1784928593.86561,22.800353050231934,world,workspace,1,0,2,-0.0721911355745298,-0.0005509412263589577,0.0,0.0,0.0,-0.10574687133817579,0.994393080829803,1.5,1,2,1784928593.86561,world,workspace,-0.0721911355745298,-0.0005509412263589577,0.0,0.0,-0.10574687133817579,0.994393080829803,1,1784928593.865948,22.800014972686768,workspace,1,321,,1,1784928616.6644564,0.0015065670013427734,world,pelvis,0.0937131115289733,1.132186330005703,0.7781178067838589,0.018774474121872074,-0.019758293553524365,0.811410625069796,0.5838406687454575,capsules,0.05,0.5,0.1,0.5,0.5
173,1784928616.7659602,17.40669724624604,1,1784928616.76484,0.0011203289031982422,17,0.02521870657801628,1,-0.04333745688199997,1,0.011676614172756672,1,0.3757905960083008,1,0.7251853346824646,1,0.025918086990714073,1,0.8231526613235474,1,0.2865602672100067,1,-0.5602786540985107,1,0.018333585932850838,1,0.9954614639282227,1,-0.1473793089389801,1,-0.013175184838473797,1,0.046957649290561676,1,-0.2644912600517273,1,0.043174274265766144,1,-0.03767907992005348,1,0,,,,,,,,,,,,,,,,,,,,,,,,,,,,,,,,,,,,,,,,,,,,,,,,,,,,,,,,,,,,,,,,,,,,,,,,,,,,,,,,,,,,,,,,,,,,,,,,,,,,,,,,,,,,,,,,,,,,,1,1784928616.7644556,0.001504659652709961,world,base_footprint,0.0801643849606935,1.171112727466301,1,0,1,1784928593.86561,22.900350332260132,world,workspace,1,0,2,-0.0721911355745298,-0.0005509412263589577,0.0,0.0,0.0,-0.10574687133817579,0.994393080829803,1.5,1,2,1784928593.86561,world,workspace,-0.0721911355745298,-0.0005509412263589577,0.0,0.0,-0.10574687133817579,0.994393080829803,1,1784928593.865948,22.900012254714966,workspace,1,321,,1,1784928616.7644556,0.001504659652709961,world,pelvis,0.09577770488063368,1.1369247039246202,0.7777777591630501,0.0208992842238502,-0.011738900657783317,0.8074300877412739,0.5894760992104736,capsules,0.05,0.5,0.1,0.5,0.5
174,1784928616.8661783,17.506912059150636,1,1784928616.865749,0.00042939186096191406,17,-0.0013293881202116609,1,-0.08219300210475922,1,-0.0014420252991840243,1,0.37120482325553894,1,0.6988587975502014,1,0.025778109207749367,1,0.8257638812065125,1,0.31747087836265564,1,-0.5959753394126892,1,0.01783977635204792,1,0.998306930065155,1,-0.1568324714899063,1,-0.020775632932782173,1,0.03125035762786865,1,-0.14579162001609802,1,0.0388508141040802,1,0.023857127875089645,1,0,,,,,,,,,,,,,,,,,,,,,,,,,,,,,,,,,,,,,,,,,,,,,,,,,,,,,,,,,,,,,,,,,,,,,,,,,,,,,,,,,,,,,,,,,,,,,,,,,,,,,,,,,,,,,,,,,,,,,1,1784928616.8644562,0.001722097396850586,world,base_footprint,0.07463086767749849,1.17994896398457,1,0,1,1784928593.86561,23.000568389892578,world,workspace,1,0,2,-0.0721911355745298,-0.0005509412263589577,0.0,0.0,0.0,-0.10574687133817579,0.994393080829803,1.5,1,2,1784928593.86561,world,workspace,-0.0721911355745298,-0.0005509412263589577,0.0,0.0,-0.10574687133817579,0.994393080829803,1,1784928593.865948,23.000230312347412,workspace,1,321,,1,1784928616.8644564,0.0017218589782714844,world,pelvis,0.09882809217319148,1.1481059873908113,0.7737981558516975,0.02435334998844968,-0.007586957825628329,0.8142013584787592,0.5800219825718982,capsules,0.05,0.5,0.1,0.5,0.5
175,1784928616.965968,17.606701052747667,1,1784928616.9648128,0.0011551380157470703,17,-0.020317185670137405,1,-0.01965002715587616,1,0.00237730098888278,1,0.341815322637558,1,0.5698774456977844,1,-0.004952278919517994,1,0.8190978169441223,1,0.34420543909072876,1,-0.7033475041389465,1,0.0019406989449635148,1,1.0111291408538818,1,-0.26851776242256165,1,-0.015050753019750118,1,0.06312718987464905,1,-0.11050588637590408,1,0.02847331017255783,1,-0.008111171424388885,1,0,,,,,,,,,,,,,,,,,,,,,,,,,,,,,,,,,,,,,,,,,,,,,,,,,,,,,,,,,,,,,,,,,,,,,,,,,,,,,,,,,,,,,,,,,,,,,,,,,,,,,,,,,,,,,,,,,,,,,1,1784928616.964458,0.0015099048614501953,world,base_footprint,0.07489052730950796,1.1864371480997367,1,0,1,1784928593.86561,23.10035800933838,world,workspace,1,0,2,-0.0721911355745298,-0.0005509412263589577,0.0,0.0,0.0,-0.10574687133817579,0.994393080829803,1.5,1,2,1784928593.86561,world,workspace,-0.0721911355745298,-0.0005509412263589577,0.0,0.0,-0.10574687133817579,0.994393080829803,1,1784928593.865948,23.100019931793213,workspace,1,321,,1,1784928616.964458,0.0015099048614501953,world,pelvis,0.08564250077091234,1.149272228930358,0.7765394818165532,0.019070620810737966,-0.015658194556618276,0.8241080540431494,0.5658949086414665,capsules,0.05,0.5,0.1,0.5,0.5
176,1784928617.0659506,17.706681882962584,1,1784928617.06556,0.0003905296325683594,17,-0.015999479219317436,1,0.06570716202259064,1,-0.00581407081335783,1,0.34617242217063904,1,0.5084665417671204,1,-0.027028288692235947,1,0.8145930767059326,1,0.35180002450942993,1,-0.7709800601005554,1,-0.013784096576273441,1,1.0191559791564941,1,-0.3187222182750702,1,0.028110533952713013,1,0.03177032992243767,1,-0.07774484157562256,1,0.017738623544573784,1,-0.026799390092492104,1,0,,,,,,,,,,,,,,,,,,,,,,,,,,,,,,,,,,,,,,,,,,,,,,,,,,,,,,,,,,,,,,,,,,,,,,,,,,,,,,,,,,,,,,,,,,,,,,,,,,,,,,,,,,,,,,,,,,,,,1,1784928617.064454,0.0014965534210205078,world,base_footprint,0.07403791374022799,1.1845198840657234,1,0,1,1784928593.86561,23.200340747833252,world,workspace,1,0,2,-0.0721911355745298,-0.0005509412263589577,0.0,0.0,0.0,-0.10574687133817579,0.994393080829803,1.5,1,2,1784928593.86561,world,workspace,-0.0721911355745298,-0.0005509412263589577,0.0,0.0,-0.10574687133817579,0.994393080829803,1,1784928593.865948,23.200002670288086,workspace,1,321,,1,1784928617.0644543,0.0014963150024414062,world,pelvis,0.059786460727960525,1.1462502424714995,0.7768908479948086,0.006114142170009003,-0.0253184101044038,0.8287412490208022,0.5590255249510089,capsules,0.05,0.5,0.1,0.5,0.5
177,1784928617.1661146,17.806846062652767,1,1784928617.165433,0.0006816387176513672,17,0.004901084117591381,1,0.08827991783618927,1,0.0054614427499473095,1,0.3621913194656372,1,0.5413858890533447,1,-0.024248404428362846,1,0.8144634962081909,1,0.3354876935482025,1,-0.7465847730636597,1,-0.013914934359490871,1,1.0193785429000854,1,-0.20318324863910675,1,0.03938298299908638,1,0.01521306298673153,1,-0.06427599489688873,1,-0.02992659993469715,1,-0.017365701496601105,1,0,,,,,,,,,,,,,,,,,,,,,,,,,,,,,,,,,,,,,,,,,,,,,,,,,,,,,,,,,,,,,,,,,,,,,,,,,,,,,,,,,,,,,,,,,,,,,,,,,,,,,,,,,,,,,,,,,,,,,1,1784928617.1644557,0.0016589164733886719,world,base_footprint,0.0393516959996531,1.1897068387177971,1,0,1,1784928593.86561,23.300504684448242,world,workspace,1,0,2,-0.0721911355745298,-0.0005509412263589577,0.0,0.0,0.0,-0.10574687133817579,0.994393080829803,1.5,1,2,1784928593.86561,world,workspace,-0.0721911355745298,-0.0005509412263589577,0.0,0.0,-0.10574687133817579,0.994393080829803,1,1784928593.865948,23.300166606903076,workspace,1,321,,1,1784928617.164456,0.0016586780548095703,world,pelvis,0.028091540215607187,1.143661615103296,0.7746412950143782,0.010454075302738706,-0.028372248065455817,0.8289644454751259,0.5584833712720495,capsules,0.05,0.5,0.1,0.5,0.5
178,1784928617.2659836,17.906715475954115,1,1784928617.2655325,0.00045108795166015625,17,0.018456581979990005,1,-0.010453329421579838,1,0.02265019901096821,1,0.3739610016345978,1,0.6725170612335205,1,0.007413095328956842,1,0.8189250230789185,1,0.29647547006607056,1,-0.6049124598503113,1,0.006576350424438715,1,1.0047037601470947,1,-0.159039705991745,1,-0.006302335299551487,1,0.03392022103071213,1,-0.2149120569229126,1,0.015701785683631897,1,0.003780985251069069,1,0,,,,,,,,,,,,,,,,,,,,,,,,,,,,,,,,,,,,,,,,,,,,,,,,,,,,,,,,,,,,,,,,,,,,,,,,,,,,,,,,,,,,,,,,,,,,,,,,,,,,,,,,,,,,,,,,,,,,,1,1784928617.264459,0.0015246868133544922,world,base_footprint,0.006694514305718624,1.1846631139644963,1,0,1,1784928593.86561,23.400373697280884,world,workspace,1,0,2,-0.0721911355745298,-0.0005509412263589577,0.0,0.0,0.0,-0.10574687133817579,0.994393080829803,1.5,1,2,1784928593.86561,world,workspace,-0.0721911355745298,-0.0005509412263589577,0.0,0.0,-0.10574687133817579,0.994393080829803,1,1784928593.865948,23.400035619735718,workspace,1,321,,1,1784928617.264459,0.0015246868133544922,world,pelvis,0.021659625793926447,1.1454605842677066,0.7765823780892631,0.02190423367121869,-0.015379168010911623,0.8284168361950992,0.5594722792481065,capsules,0.05,0.5,0.1,0.5,0.5
179,1784928617.3659961,18.00672924797982,1,1784928617.365554,0.0004420280456542969,17,0.019790567457675934,1,-0.07162591814994812,1,0.014950939454138279,1,0.37820497155189514,1,0.7183345556259155,1,0.0239726435393095,1,0.8256857395172119,1,0.2971538305282593,1,-0.5639401078224182,1,0.017621539533138275,1,0.9991477727890015,1,-0.13749918341636658,1,-0.008671484887599945,1,0.041686318814754486,1,-0.2890019714832306,1,0.0454779677093029,1,-0.02256370149552822,1,0,,,,,,,,,,,,,,,,,,,,,,,,,,,,,,,,,,,,,,,,,,,,,,,,,,,,,,,,,,,,,,,,,,,,,,,,,,,,,,,,,,,,,,,,,,,,,,,,,,,,,,,,,,,,,,,,,,,,,1,1784928617.364455,0.0015411376953125,world,base_footprint,0.0009799149121893364,1.189009239093348,1,0,1,1784928593.86561,23.500386238098145,world,workspace,1,0,2,-0.0721911355745298,-0.0005509412263589577,0.0,0.0,0.0,-0.10574687133817579,0.994393080829803,1.5,1,2,1784928593.86561,world,workspace,-0.0721911355745298,-0.0005509412263589577,0.0,0.0,-0.10574687133817579,0.994393080829803,1,1784928593.865948,23.50004816055298,workspace,1,321,,1,1784928617.364455,0.0015411376953125,world,pelvis,0.022813996939211226,1.1530676382737464,0.7771549964680518,0.024387606299171884,-0.01116723060181677,0.827581344494361,0.5607046066018971,capsules,0.05,0.5,0.1,0.5,0.5
180,1784928617.4659512,18.106684068217874,1,1784928617.4651418,0.0008094310760498047,17,0.0004451428249012679,1,-0.10522891581058502,1,-0.014371255412697792,1,0.3726068139076233,1,0.6900274753570557,1,0.023645449429750443,1,0.8268763422966003,1,0.32807546854019165,1,-0.6078009009361267,1,0.01673109643161297,1,1.0010747909545898,1,-0.15071792900562286,1,-0.014522107318043709,1,0.030161917209625244,1,-0.1709466278553009,1,0.012899234890937805,1,0.028825068846344948,1,0,,,,,,,,,,,,,,,,,,,,,,,,,,,,,,,,,,,,,,,,,,,,,,,,,,,,,,,,,,,,,,,,,,,,,,,,,,,,,,,,,,,,,,,,,,,,,,,,,,,,,,,,,,,,,,,,,,,,,1,1784928617.4644568,0.0014944076538085938,world,base_footprint,-0.00237473864472848,1.1945795765874745,1,0,1,1784928593.86561,23.600341320037842,world,workspace,1,0,2,-0.0721911355745298,-0.0005509412263589577,0.0,0.0,0.0,-0.10574687133817579,0.994393080829803,1.5,1,2,1784928593.86561,world,workspace,-0.0721911355745298,-0.0005509412263589577,0.0,0.0,-0.10574687133817579,0.994393080829803,1,1784928593.865948,23.600003242492676,workspace,1,321,,1,1784928617.464457,0.0014941692352294922,world,pelvis,0.02522300015160619,1.1666827185323791,0.7731766016691247,0.02450239857158115,-0.00510057784915421,0.8331456958542386,0.5524869826967879,capsules,0.05,0.5,0.1,0.5,0.5
181,1784928617.5659516,18.206683414056897,1,1784928617.5650635,0.0008881092071533203,17,-0.018602535128593445,1,-0.03580794110894203,1,0.003925876691937447,1,0.3360065817832947,1,0.5662413239479065,1,-0.005919296760112047,1,0.8178309202194214,1,0.33719566464424133,1,-0.7093700766563416,1,0.0007645115838386118,1,1.0078046321868896,1,-0.26716384291648865,1,-0.0027579856105148792,1,0.05662010982632637,1,-0.12686434388160706,1,0.010762340389192104,1,-0.0057125031016767025,1,0,,,,,,,,,,,,,,,,,,,,,,,,,,,,,,,,,,,,,,,,,,,,,,,,,,,,,,,,,,,,,,,,,,,,,,,,,,,,,,,,,,,,,,,,,,,,,,,,,,,,,,,,,,,,,,,,,,,,,1,1784928617.5644555,0.0014960765838623047,world,base_footprint,0.001357221844676123,1.2030885721251556,1,0,1,1784928593.86561,23.70034170150757,world,workspace,1,0,2,-0.0721911355745298,-0.0005509412263589577,0.0,0.0,0.0,-0.10574687133817579,0.994393080829803,1.5,1,2,1784928593.86561,world,workspace,-0.0721911355745298,-0.0005509412263589577,0.0,0.0,-0.10574687133817579,0.994393080829803,1,1784928593.865948,23.700003623962402,workspace,1,321,,1,1784928617.5644555,0.0014960765838623047,world,pelvis,0.015337901810039028,1.166257489223759,0.7767151871129875,0.020168415931349402,-0.014985024185601435,0.8421710947206875,0.5386246664106055,capsules,0.05,0.5,0.1,0.5,0.5
182,1784928617.6659684,18.306702504865825,1,1784928617.664805,0.001163482666015625,17,-0.010713981464505196,1,0.06640734523534775,1,0.003552514361217618,1,0.3389265239238739,1,0.5042702555656433,1,-0.02847239188849926,1,0.8118995428085327,1,0.33838388323783875,1,-0.7819187045097351,1,-0.016528071835637093,1,1.0129941701889038,1,-0.3188129961490631,1,0.039263393729925156,1,0.01919146254658699,1,-0.09866954386234283,1,0.00671661039814353,1,-0.019676340743899345,1,0,,,,,,,,,,,,,,,,,,,,,,,,,,,,,,,,,,,,,,,,,,,,,,,,,,,,,,,,,,,,,,,,,,,,,,,,,,,,,,,,,,,,,,,,,,,,,,,,,,,,,,,,,,,,,,,,,,,,,1,1784928617.6644542,0.0015141963958740234,world,base_footprint,0.004469365339724909,1.2004939464426405,1,0,1,1784928593.86561,23.800358533859253,world,workspace,1,0,2,-0.0721911355745298,-0.0005509412263589577,0.0,0.0,0.0,-0.10574687133817579,0.994393080829803,1.5,1,2,1784928593.86561,world,workspace,-0.0721911355745298,-0.0005509412263589577,0.0,0.0,-0.10574687133817579,0.994393080829803,1,1784928593.865948,23.800020456314087,workspace,1,321,,1,1784928617.6644542,0.0015141963958740234,world,pelvis,-0.009388607750130526,1.1596424469758142,0.7764856155792215,0.0064704203703706996,-0.02674320483161797,0.8445733149103211,0.5347325035912411,capsules,0.05,0.5,0.1,0.5,0.5
183,1784928617.7658963,18.40662955492735,1,1784928617.7656493,0.00024700164794921875,17,0.005054086446762085,1,0.1042085811495781,1,0.004724942613393068,1,0.35984501242637634,1,0.5374059677124023,1,-0.02635881118476391,1,0.8131222724914551,1,0.3295459747314453,1,-0.7575712203979492,1,-0.01682928018271923,1,1.0139150619506836,1,-0.19945412874221802,1,0.0459277369081974,1,-0.013765561394393444,1,-0.08648135513067245,1,-0.04477548226714134,1,-0.014696626923978329,1,0,,,,,,,,,,,,,,,,,,,,,,,,,,,,,,,,,,,,,,,,,,,,,,,,,,,,,,,,,,,,,,,,,,,,,,,,,,,,,,,,,,,,,,,,,,,,,,,,,,,,,,,,,,,,,,,,,,,,,1,1784928617.7644546,0.0014417171478271484,world,base_footprint,-0.028752328886447628,1.197773538761268,1,0,1,1784928593.86561,23.900286436080933,world,workspace,1,0,2,-0.0721911355745298,-0.0005509412263589577,0.0,0.0,0.0,-0.10574687133817579,0.994393080829803,1.5,1,2,1784928593.86561,world,workspace,-0.0721911355745298,-0.0005509412263589577,0.0,0.0,-0.10574687133817579,0.994393080829803,1,1784928593.865948,23.899948358535767,workspace,1,321,,1,1784928617.7644548,0.0014414787292480469,world,pelvis,-0.042264713587495034,1.1531391488270575,0.7739668483150611,0.007873180083859227,-0.028686332198014218,0.8459093718239397,0.5324964244394701,capsules,0.05,0.5,0.1,0.5,0.5
184,1784928617.865976,18.506708707660437,1,1784928617.8656814,0.00029468536376953125,17,0.020623086020350456,1,0.018932437524199486,1,0.011072231456637383,1,0.3829192519187927,1,0.6648609042167664,1,0.004964068066328764,1,0.8207249045372009,1,0.29890161752700806,1,-0.6089859008789062,1,0.004972116090357304,1,1.0066012144088745,1,-0.14921772480010986,1,-0.0021519619040191174,1,0.014433505944907665,1,-0.21842032670974731,1,-0.008221019990742207,1,0.021082859486341476,1,0,,,,,,,,,,,,,,,,,,,,,,,,,,,,,,,,,,,,,,,,,,,,,,,,,,,,,,,,,,,,,,,,,,,,,,,,,,,,,,,,,,,,,,,,,,,,,,,,,,,,,,,,,,,,,,,,,,,,,1,1784928617.864466,0.0015101432800292969,world,base_footprint,-0.06537807855988864,1.1907432864858642,1,0,1,1784928593.86561,24.0003662109375,world,workspace,1,0,2,-0.0721911355745298,-0.0005509412263589577,0.0,0.0,0.0,-0.10574687133817579,0.994393080829803,1.5,1,2,1784928593.86561,world,workspace,-0.0721911355745298,-0.0005509412263589577,0.0,0.0,-0.10574687133817579,0.994393080829803,1,1784928593.865948,24.000028133392334,workspace,1,321,,1,1784928617.864466,0.0015101432800292969,world,pelvis,-0.05340170748560583,1.1544162944665868,0.7769185053590524,0.018882565951132076,-0.015445993927462563,0.8434191962688169,0.5367018998848028,capsules,0.05,0.5,0.1,0.5,0.5
185,1784928617.9659529,18.606686061248183,1,1784928617.9649384,0.0010144710540771484,17,0.020413560792803764,1,-0.05784923955798149,1,0.0025415662676095963,1,0.39192837476730347,1,0.7332505583763123,1,0.027700049802660942,1,0.8283930420875549,1,0.29734864830970764,1,-0.5441998839378357,1,0.022084956988692284,1,1.001175045967102,1,-0.1292015165090561,1,-0.008216504007577896,1,0.029725685715675354,1,-0.30543217062950134,1,0.034852560609579086,1,-0.03982415422797203,1,0,,,,,,,,,,,,,,,,,,,,,,,,,,,,,,,,,,,,,,,,,,,,,,,,,,,,,,,,,,,,,,,,,,,,,,,,,,,,,,,,,,,,,,,,,,,,,,,,,,,,,,,,,,,,,,,,,,,,,1,1784928617.9644568,0.0014960765838623047,world,base_footprint,-0.07373000387521328,1.1900725777247039,1,0,1,1784928593.86561,24.100342988967896,world,workspace,1,0,2,-0.0721911355745298,-0.0005509412263589577,0.0,0.0,0.0,-0.10574687133817579,0.994393080829803,1.5,1,2,1784928593.86561,world,workspace,-0.0721911355745298,-0.0005509412263589577,0.0,0.0,-0.10574687133817579,0.994393080829803,1,1784928593.865948,24.10000491142273,workspace,1,321,,1,1784928617.9644568,0.0014960765838623047,world,pelvis,-0.05149264567902903,1.1624298534570818,0.7769145634684992,0.02146293846662038,-0.007159696377058175,0.8409467130049115,0.5406447141204669,capsules,0.05,0.5,0.1,0.5,0.5
186,1784928618.0659616,18.706697047688067,1,1784928618.0648463,0.0011153221130371094,17,0.0028290667105466127,1,-0.10521578043699265,1,-0.015582640655338764,1,0.38544851541519165,1,0.7078613638877869,1,0.02765950746834278,1,0.8288946151733398,1,0.3250201940536499,1,-0.5821112394332886,1,0.02165750041604042,1,1.0019186735153198,1,-0.1156311109662056,1,-0.013805953785777092,1,0.030054587870836258,1,-0.19407184422016144,1,0.017589304596185684,1,0.007110843434929848,1,0,,,,,,,,,,,,,,,,,,,,,,,,,,,,,,,,,,,,,,,,,,,,,,,,,,,,,,,,,,,,,,,,,,,,,,,,,,,,,,,,,,,,,,,,,,,,,,,,,,,,,,,,,,,,,,,,,,,,,1,1784928618.064454,0.0015075206756591797,world,base_footprint,-0.08367029979638307,1.1997794656724987,1,0,1,1784928593.86561,24.20035171508789,world,workspace,1,0,2,-0.0721911355745298,-0.0005509412263589577,0.0,0.0,0.0,-0.10574687133817579,0.994393080829803,1.5,1,2,1784928593.86561,world,workspace,-0.0721911355745298,-0.0005509412263589577,0.0,0.0,-0.10574687133817579,0.994393080829803,1,1784928593.865948,24.200013637542725,workspace,1,321,,1,1784928618.0644543,0.0015072822570800781,world,pelvis,-0.04857610265384512,1.1772488435102428,0.7739069888442183,0.026599439528037047,-8.025466235247473e-05,0.8428326620099471,0.537517969211458,capsules,0.05,0.5,0.1,0.5,0.5
187,1784928618.1659658,18.80670040193945,1,1784928618.164841,0.0011248588562011719,17,-0.022633764892816544,1,-0.04447481781244278,1,0.0021595109719783068,1,0.3337705135345459,1,0.5775201916694641,1,-0.002423951867967844,1,0.8179978728294373,1,0.34094199538230896,1,-0.6951274275779724,1,0.004013556521385908,1,1.0087482929229736,1,-0.2455873340368271,1,3.21239058393985e-05,1,0.05626850202679634,1,-0.14724312722682953,1,0.01718754693865776,1,-0.027445213869214058,1,0,,,,,,,,,,,,,,,,,,,,,,,,,,,,,,,,,,,,,,,,,,,,,,,,,,,,,,,,,,,,,,,,,,,,,,,,,,,,,,,,,,,,,,,,,,,,,,,,,,,,,,,,,,,,,,,,,,,,,1,1784928618.1644542,0.0015115737915039062,world,base_footprint,-0.07832743935966037,1.2102319889275053,1,0,1,1784928593.86561,24.300355911254883,world,workspace,1,0,2,-0.0721911355745298,-0.0005509412263589577,0.0,0.0,0.0,-0.10574687133817579,0.994393080829803,1.5,1,2,1784928593.86561,world,workspace,-0.0721911355745298,-0.0005509412263589577,0.0,0.0,-0.10574687133817579,0.994393080829803,1,1784928593.865948,24.300017833709717,workspace,1,321,,1,1784928618.1644542,0.0015115737915039062,world,pelvis,-0.05620035911556141,1.1786867083134702,0.7772223205138257,0.02254610955258837,-0.00977783340595604,0.8523169824905052,0.5224479191998068,capsules,0.05,0.5,0.1,0.5,0.5
188,1784928618.2659998,18.906731966882944,1,1784928618.2654228,0.0005769729614257812,17,-0.022650282829999924,1,0.052930328994989395,1,0.009333737194538116,1,0.3301876485347748,1,0.5036947131156921,1,-0.02938813343644142,1,0.8043076395988464,1,0.34330618381500244,1,-0.7816819548606873,1,-0.016746243461966515,1,1.0149610042572021,1,-0.30959880352020264,1,0.02739732898771763,1,0.035839565098285675,1,-0.11989209800958633,1,0.012902479618787766,1,-0.04683184623718262,1,0,,,,,,,,,,,,,,,,,,,,,,,,,,,,,,,,,,,,,,,,,,,,,,,,,,,,,,,,,,,,,,,,,,,,,,,,,,,,,,,,,,,,,,,,,,,,,,,,,,,,,,,,,,,,,,,,,,,,,1,1784928618.2644575,0.0015423297882080078,world,base_footprint,-0.07498585182383294,1.209234099767376,1,0,1,1784928593.86561,24.400389909744263,world,workspace,1,0,2,-0.0721911355745298,-0.0005509412263589577,0.0,0.0,0.0,-0.10574687133817579,0.994393080829803,1.5,1,2,1784928593.86561,world,workspace,-0.0721911355745298,-0.0005509412263589577,0.0,0.0,-0.10574687133817579,0.994393080829803,1,1784928593.865948,24.400051832199097,workspace,1,321,,1,1784928618.2644575,0.0015423297882080078,world,pelvis,-0.07780460565993289,1.1717273230166863,0.7776079617459525,0.010802568975310282,-0.021418307269117046,0.8563584874466951,0.5158242933356941,capsules,0.05,0.5,0.1,0.5,0.5
189,1784928618.3659825,19.006714801304042,1,1784928618.3654416,0.0005409717559814453,17,-0.006854308303445578,1,0.10118700563907623,1,0.017411328852176666,1,0.34483635425567627,1,0.5341933369636536,1,-0.027617335319519043,1,0.8055319786071777,1,0.337274432182312,1,-0.7655649781227112,1,-0.01758003607392311,1,1.0162371397018433,1,-0.18961180746555328,1,0.041657187044620514,1,0.003423689166083932,1,-0.08906248956918716,1,-0.020387446507811546,1,-0.057526249438524246,1,0,,,,,,,,,,,,,,,,,,,,,,,,,,,,,,,,,,,,,,,,,,,,,,,,,,,,,,,,,,,,,,,,,,,,,,,,,,,,,,,,,,,,,,,,,,,,,,,,,,,,,,,,,,,,,,,,,,,,,1,1784928618.364456,0.0015265941619873047,world,base_footprint,-0.09706858616877315,1.2149684658145423,1,0,1,1784928593.86561,24.500372648239136,world,workspace,1,0,2,-0.0721911355745298,-0.0005509412263589577,0.0,0.0,0.0,-0.10574687133817579,0.994393080829803,1.5,1,2,1784928593.86561,world,workspace,-0.0721911355745298,-0.0005509412263589577,0.0,0.0,-0.10574687133817579,0.994393080829803,1,1784928593.865948,24.50003457069397,workspace,1,321,,1,1784928618.3654544,0.0005280971527099609,world,pelvis,-0.10607754937210602,1.1648091563272838,0.7756519972360935,0.011354468965308714,-0.030462743372812653,0.8600716781794556,0.5091363331115676,capsules,0.05,0.5,0.1,0.5,0.5
190,1784928618.4659317,19.106663112528622,1,1784928618.4645312,0.0014004707336425781,17,0.019702060148119926,1,0.019054321572184563,1,0.035777658224105835,1,0.3640208840370178,1,0.6554974317550659,1,0.002778843976557255,1,0.8120220899581909,1,0.29313036799430847,1,-0.6315239071846008,1,0.0004655913799069822,1,1.0054668188095093,1,-0.14454080164432526,1,-0.0073431553319096565,1,0.0346241220831871,1,-0.2165500968694687,1,0.003830092493444681,1,0.0029854460153728724,1,0,,,,,,,,,,,,,,,,,,,,,,,,,,,,,,,,,,,,,,,,,,,,,,,,,,,,,,,,,,,,,,,,,,,,,,,,,,,,,,,,,,,,,,,,,,,,,,,,,,,,,,,,,,,,,,,,,,,,,1,1784928618.4644563,0.0014753341674804688,world,base_footprint,-0.13393000750334663,1.204730379798678,1,0,1,1784928593.86561,24.600321769714355,world,workspace,1,0,2,-0.0721911355745298,-0.0005509412263589577,0.0,0.0,0.0,-0.10574687133817579,0.994393080829803,1.5,1,2,1784928593.86561,world,workspace,-0.0721911355745298,-0.0005509412263589577,0.0,0.0,-0.10574687133817579,0.994393080829803,1,1784928593.865948,24.59998369216919,workspace,1,321,,1,1784928618.4644563,0.0014753341674804688,world,pelvis,-0.11442410835714281,1.1622405499432664,0.7773365080906558,0.024614692001427112,-0.016837773103950182,0.857080304387293,0.5143189265095737,capsules,0.05,0.5,0.1,0.5,0.5
191,1784928618.5664449,19.207177464850247,1,1784928618.56533,0.0011148452758789062,17,0.019307417795062065,1,-0.05056113004684448,1,0.015093838796019554,1,0.378911554813385,1,0.7263379693031311,1,0.025373956188559532,1,0.8250466585159302,1,0.2912414073944092,1,-0.559618353843689,1,0.017621438950300217,1,1.0003100633621216,1,-0.1447567492723465,1,-0.009964714758098125,1,0.035061903297901154,1,-0.29177308082580566,1,0.04333394020795822,1,-0.038912106305360794,1,0,,,,,,,,,,,,,,,,,,,,,,,,,,,,,,,,,,,,,,,,,,,,,,,,,,,,,,,,,,,,,,,,,,,,,,,,,,,,,,,,,,,,,,,,,,,,,,,,,,,,,,,,,,,,,,,,,,,,,1,1784928618.5644586,0.001986265182495117,world,base_footprint,-0.1336070226102997,1.1992482802562707,1,0,1,1784928593.86561,24.70083498954773,world,workspace,1,0,2,-0.0721911355745298,-0.0005509412263589577,0.0,0.0,0.0,-0.10574687133817579,0.994393080829803,1.5,1,2,1784928593.86561,world,workspace,-0.0721911355745298,-0.0005509412263589577,0.0,0.0,-0.10574687133817579,0.994393080829803,1,1784928593.865948,24.700496912002563,workspace,1,321,,1,1784928618.5654576,0.0009872913360595703,world,pelvis,-0.11105325063484761,1.1682183522738563,0.7774221922145135,0.02249808240933772,-0.009612678905972552,0.8582246878646899,0.5126907623818759,capsules,0.05,0.5,0.1,0.5,0.5
192,1784928618.6660137,19.306748535484076,1,1784928618.6654634,0.0005502700805664062,17,0.004062354564666748,1,-0.10084164887666702,1,-0.004929827060550451,1,0.3763769268989563,1,0.7039046883583069,1,0.025430582463741302,1,0.8265794515609741,1,0.319417804479599,1,-0.5922625064849854,1,0.017433319240808487,1,1.0013549327850342,1,-0.14815855026245117,1,-0.027174439281225204,1,0.02743499167263508,1,-0.1721213459968567,1,0.016512379050254822,1,0.024379007518291473,1,0,,,,,,,,,,,,,,,,,,,,,,,,,,,,,,,,,,,,,,,,,,,,,,,,,,,,,,,,,,,,,,,,,,,,,,,,,,,,,,,,,,,,,,,,,,,,,,,,,,,,,,,,,,,,,,,,,,,,,1,1784928618.663458,0.0025556087493896484,world,base_footprint,-0.14720099135080264,1.2024835663292666,1,0,1,1784928593.86561,24.800403833389282,world,workspace,1,0,2,-0.0721911355745298,-0.0005509412263589577,0.0,0.0,0.0,-0.10574687133817579,0.994393080829803,1.5,1,2,1784928593.86561,world,workspace,-0.0721911355745298,-0.0005509412263589577,0.0,0.0,-0.10574687133817579,0.994393080829803,1,1784928593.865948,24.800065755844116,workspace,1,321,,1,1784928618.6644547,0.0015590190887451172,world,pelvis,-0.10744223384831089,1.179718272746766,0.7727089385978456,0.029222508506256573,0.0002668905108296291,0.8628674054701894,0.5045847940071134,capsules,0.05,0.5,0.1,0.5,0.5
193,1784928618.766008,19.40674147941172,1,1784928618.7656302,0.000377655029296875,17,-0.015968862920999527,1,-0.022745879366993904,1,-0.00584369758144021,1,0.34591957926750183,1,0.5632851719856262,1,-0.0071983435191214085,1,0.8190963268280029,1,0.3395603895187378,1,-0.7061648964881897,1,0.0010818883311003447,1,1.0100390911102295,1,-0.27927133440971375,1,-0.007382570765912533,1,0.056803539395332336,1,-0.13271842896938324,1,0.01606539823114872,1,-0.01281445287168026,1,0,,,,,,,,,,,,,,,,,,,,,,,,,,,,,,,,,,,,,,,,,,,,,,,,,,,,,,,,,,,,,,,,,,,,,,,,,,,,,,,,,,,,,,,,,,,,,,,,,,,,,,,,,,,,,,,,,,,,,1,1784928618.7644553,0.001552581787109375,world,base_footprint,-0.14029672316075747,1.2104330996313255,1,0,1,1784928593.86561,24.900398015975952,world,workspace,1,0,2,-0.0721911355745298,-0.0005509412263589577,0.0,0.0,0.0,-0.10574687133817579,0.994393080829803,1.5,1,2,1784928593.86561,world,workspace,-0.0721911355745298,-0.0005509412263589577,0.0,0.0,-0.10574687133817579,0.994393080829803,1,1784928593.865948,24.900059938430786,workspace,1,321,,1,1784928618.7644556,0.0015523433685302734,world,pelvis,-0.11806114773259603,1.1775299000465078,0.7761959967550072,0.0226334905932185,-0.011368321974251559,0.8719580793058591,0.48892493727799735,capsules,0.05,0.5,0.1,0.5,0.5
194,1784928618.8659887,19.506721880286932,1,1784928618.865623,0.0003657341003417969,17,-0.016175588592886925,1,0.0691748708486557,1,-0.002112689660862088,1,0.3439938426017761,1,0.5037758946418762,1,-0.02920297347009182,1,0.8092376589775085,1,0.3435370624065399,1,-0.7744516134262085,1,-0.015061304904520512,1,1.0159944295883179,1,-0.3319077789783478,1,0.03128314018249512,1,0.02444765344262123,1,-0.0994080901145935,1,0.004754037596285343,1,-0.043378088623285294,1,0,,,,,,,,,,,,,,,,,,,,,,,,,,,,,,,,,,,,,,,,,,,,,,,,,,,,,,,,,,,,,,,,,,,,,,,,,,,,,,,,,,,,,,,,,,,,,,,,,,,,,,,,,,,,,,,,,,,,,1,1784928618.8644547,0.0015339851379394531,world,base_footprint,-0.13830748009754693,1.2093572690649594,1,0,1,1784928593.86561,25.000378847122192,world,workspace,1,0,2,-0.0721911355745298,-0.0005509412263589577,0.0,0.0,0.0,-0.10574687133817579,0.994393080829803,1.5,1,2,1784928593.86561,world,workspace,-0.0721911355745298,-0.0005509412263589577,0.0,0.0,-0.10574687133817579,0.994393080829803,1,1784928593.865948,25.000040769577026,workspace,1,321,,1,1784928618.864455,0.0015337467193603516,world,pelvis,-0.13873310881685327,1.1671070974936824,0.7767380558737841,0.012625216151769696,-0.023809204420476904,0.8783923896986242,0.47717977264499106,capsules,0.05,0.5,0.1,0.5,0.5
195,1784928618.9659874,19.60672272834927,1,1784928618.9655418,0.0004456043243408203,17,0.0029178147669881582,1,0.11183874309062958,1,-0.0008705852087587118,1,0.36158066987991333,1,0.5346720814704895,1,-0.027428768575191498,1,0.8105912208557129,1,0.33559709787368774,1,-0.7583199143409729,1,-0.015340595506131649,1,1.0165553092956543,1,-0.20859192311763763,1,0.048524364829063416,1,0.0023346608504652977,1,-0.07687707245349884,1,-0.03604552149772644,1,-0.047696154564619064,1,0,,,,,,,,,,,,,,,,,,,,,,,,,,,,,,,,,,,,,,,,,,,,,,,,,,,,,,,,,,,,,,,,,,,,,,,,,,,,,,,,,,,,,,,,,,,,,,,,,,,,,,,,,,,,,,,,,,,,,1,1784928618.9644554,0.0015320777893066406,world,base_footprint,-0.16371309725540628,1.205745156535081,1,0,1,1784928593.86561,25.100377559661865,world,workspace,1,0,2,-0.0721911355745298,-0.0005509412263589577,0.0,0.0,0.0,-0.10574687133817579,0.994393080829803,1.5,1,2,1784928593.86561,world,workspace,-0.0721911355745298,-0.0005509412263589577,0.0,0.0,-0.10574687133817579,0.994393080829803,1,1784928593.865948,25.1000394821167,workspace,1,321,,1,1784928618.9644554,0.0015320777893066406,world,pelvis,-0.1682253674805907,1.1554242854158276,0.7748065005539831,0.012621471087575227,-0.02965544827767227,0.881020360921822,0.4719792119322823,capsules,0.05,0.5,0.1,0.5,0.5
196,1784928619.0659595,19.70669292192906,1,1784928619.0647798,0.0011796951293945312,17,0.020284272730350494,1,0.034835923463106155,1,0.013535276055335999,1,0.37678438425064087,1,0.65189129114151,1,0.0012909263605251908,1,0.8164650201797485,1,0.297739714384079,1,-0.6272261142730713,1,0.0011493918718770146,1,1.0082476139068604,1,-0.161115363240242,1,-0.004040888044983149,1,0.024747591465711594,1,-0.1872522383928299,1,-0.009099612943828106,1,0.009766718372702599,1,0,,,,,,,,,,,,,,,,,,,,,,,,,,,,,,,,,,,,,,,,,,,,,,,,,,,,,,,,,,,,,,,,,,,,,,,,,,,,,,,,,,,,,,,,,,,,,,,,,,,,,,,,,,,,,,,,,,,,,1,1784928619.0644581,0.001501321792602539,world,base_footprint,-0.20028181280496773,1.193277344469056,1,0,1,1784928593.86561,25.20034956932068,world,workspace,1,0,2,-0.0721911355745298,-0.0005509412263589577,0.0,0.0,0.0,-0.10574687133817579,0.994393080829803,1.5,1,2,1784928593.86561,world,workspace,-0.0721911355745298,-0.0005509412263589577,0.0,0.0,-0.10574687133817579,0.994393080829803,1,1784928593.865948,25.200011491775513,workspace,1,321,,1,1784928619.0644581,0.001501321792602539,world,pelvis,-0.18004014263394844,1.151247469224938,0.7775214770613831,0.024058410604829116,-0.01751184537311782,0.8806327933854093,0.4728640516734261,capsules,0.05,0.5,0.1,0.5,0.5
197,1784928619.1659138,19.806646142154932,1,1784928619.1652422,0.0006716251373291016,17,0.015308712609112263,1,-0.048536721616983414,1,0.00817815214395523,1,0.3798327147960663,1,0.7317339181900024,1,0.02763841301202774,1,0.8236968517303467,1,0.29554232954978943,1,-0.5547248721122742,1,0.019287453964352608,1,1.0003952980041504,1,-0.15705189108848572,1,-0.020203057676553726,1,0.01967105083167553,1,-0.2581842839717865,1,0.05049777403473854,1,-0.021142110228538513,1,0,,,,,,,,,,,,,,,,,,,,,,,,,,,,,,,,,,,,,,,,,,,,,,,,,,,,,,,,,,,,,,,,,,,,,,,,,,,,,,,,,,,,,,,,,,,,,,,,,,,,,,,,,,,,,,,,,,,,,1,1784928619.1644547,0.0014591217041015625,world,base_footprint,-0.2074350637156767,1.18764674427348,1,0,1,1784928593.86561,25.30030393600464,world,workspace,1,0,2,-0.0721911355745298,-0.0005509412263589577,0.0,0.0,0.0,-0.10574687133817579,0.994393080829803,1.5,1,2,1784928593.86561,world,workspace,-0.0721911355745298,-0.0005509412263589577,0.0,0.0,-0.10574687133817579,0.994393080829803,1,1784928593.865948,25.299965858459473,workspace,1,321,,1,1784928619.1644547,0.0014591217041015625,world,pelvis,-0.17853021774978625,1.1564972154894626,0.7768920659825035,0.025580389108922685,-0.00895958185293582,0.8839492833921364,0.46679656594343666,capsules,0.05,0.5,0.1,0.5,0.5
198,1784928619.2659333,19.906666548922658,1,1784928619.2651587,0.0007746219635009766,17,-0.003666912205517292,1,-0.08346786350011826,1,-0.003979508299380541,1,0.37222951650619507,1,0.6993629932403564,1,0.027415040880441666,1,0.8258242607116699,1,0.3216359317302704,1,-0.5966365933418274,1,0.018366064876317978,1,1.0027580261230469,1,-0.17522720992565155,1,-0.02732137218117714,1,0.0035084704868495464,1,-0.13507625460624695,1,0.04364987090229988,1,0.040245044976472855,1,0,,,,,,,,,,,,,,,,,,,,,,,,,,,,,,,,,,,,,,,,,,,,,,,,,,,,,,,,,,,,,,,,,,,,,,,,,,,,,,,,,,,,,,,,,,,,,,,,,,,,,,,,,,,,,,,,,,,,,1,1784928619.2644544,0.0014789104461669922,world,base_footprint,-0.21359117894203933,1.1933408411779556,1,0,1,1784928593.86561,25.400323390960693,world,workspace,1,0,2,-0.0721911355745298,-0.0005509412263589577,0.0,0.0,0.0,-0.10574687133817579,0.994393080829803,1.5,1,2,1784928593.86561,world,workspace,-0.0721911355745298,-0.0005509412263589577,0.0,0.0,-0.10574687133817579,0.994393080829803,1,1784928593.865948,25.399985313415527,workspace,1,321,,1,1784928619.2654543,0.00047898292541503906,world,pelvis,-0.17892354810611344,1.1659613210204698,0.7725636047142782,0.027638366231926954,-0.005483781410524338,0.8900319650432476,0.4550265377477744,capsules,0.05,0.5,0.1,0.5,0.5
199,1784928619.3660312,20.006763787940145,1,1784928619.3650858,0.0009453296661376953,17,-0.014578583650290966,1,-0.02082294411957264,1,-0.019539786502718925,1,0.35426032543182373,1,0.5608124136924744,1,-0.007745721843093634,1,0.8223517537117004,1,0.34795716404914856,1,-0.7081948518753052,1,0.0008461695979349315,1,1.0125821828842163,1,-0.2833522856235504,1,-0.014101040549576283,1,0.06340969353914261,1,-0.10741762816905975,1,0.024620814248919487,1,0.013558181934058666,1,0,,,,,,,,,,,,,,,,,,,,,,,,,,,,,,,,,,,,,,,,,,,,,,,,,,,,,,,,,,,,,,,,,,,,,,,,,,,,,,,,,,,,,,,,,,,,,,,,,,,,,,,,,,,,,,,,,,,,,1,1784928619.364455,0.0015761852264404297,world,base_footprint,-0.21598059082798376,1.1904770300315046,1,0,1,1784928593.86561,25.500421285629272,world,workspace,1,0,2,-0.0721911355745298,-0.0005509412263589577,0.0,0.0,0.0,-0.10574687133817579,0.994393080829803,1.5,1,2,1784928593.86561,world,workspace,-0.0721911355745298,-0.0005509412263589577,0.0,0.0,-0.10574687133817579,0.994393080829803,1,1784928593.865948,25.500083208084106,workspace,1,321,,1,1784928619.365455,0.0005762577056884766,world,pelvis,-0.19536375640336318,1.1623028788700251,0.7767612949076788,0.01975225943894319,-0.010280257266927925,0.8970265985195539,0.441415276249046,capsules,0.05,0.5,0.1,0.5,0.5
200,1784928619.466352,20.107085262425244,1,1784928619.4648328,0.0015192031860351562,17,-0.012548455037176609,1,0.06755311787128448,1,-0.015197863802313805,1,0.35427212715148926,1,0.5006460547447205,1,-0.0295474324375391,1,0.8156794309616089,1,0.35056400299072266,1,-0.7765781283378601,1,-0.015163986943662167,1,1.0179640054702759,1,-0.3236631453037262,1,0.035854849964380264,1,0.022518856450915337,1,-0.06201726570725441,1,0.005512747447937727,1,-0.013218646869063377,1,0,,,,,,,,,,,,,,,,,,,,,,,,,,,,,,,,,,,,,,,,,,,,,,,,,,,,,,,,,,,,,,,,,,,,,,,,,,,,,,,,,,,,,,,,,,,,,,,,,,,,,,,,,,,,,,,,,,,,,1,1784928619.4644582,0.001893758773803711,world,base_footprint,-0.22076073741295613,1.1890948325627406,1,0,1,1784928593.86561,25.60074210166931,world,workspace,1,0,2,-0.0721911355745298,-0.0005509412263589577,0.0,0.0,0.0,-0.10574687133817579,0.994393080829803,1.5,1,2,1784928593.86561,world,workspace,-0.0721911355745298,-0.0005509412263589577,0.0,0.0,-0.10574687133817579,0.994393080829803,1,1784928593.865948,25.600404024124146,workspace,1,321,,1,1784928619.4644585,0.0018935203552246094,world,pelvis,-0.22107666020037958,1.150100066823859,0.7773856354510557,0.010507330247934519,-0.022542699822201754,0.9026454776925842,0.4296656424441144,capsules,0.05,0.5,0.1,0.5,0.5
201,1784928619.5659733,20.206708120182157,1,1784928619.5649178,0.0010554790496826172,17,0.008206778205931187,1,0.09662925451993942,1,-0.009016730822622776,1,0.37127363681793213,1,0.5347331762313843,1,-0.027007196098566055,1,0.816895604133606,1,0.3390146493911743,1,-0.7575567364692688,1,-0.015463492833077908,1,1.0182794332504272,1,-0.20678427815437317,1,0.04581773653626442,1,0.011859993450343609,1,-0.04113733395934105,1,-0.053350917994976044,1,-0.012284928932785988,1,0,,,,,,,,,,,,,,,,,,,,,,,,,,,,,,,,,,,,,,,,,,,,,,,,,,,,,,,,,,,,,,,,,,,,,,,,,,,,,,,,,,,,,,,,,,,,,,,,,,,,,,,,,,,,,,,,,,,,,1,1784928619.5644562,0.0015170574188232422,world,base_footprint,-0.25917187875158454,1.1803804881501214,1,0,1,1784928593.86561,25.700363397598267,world,workspace,1,0,2,-0.0721911355745298,-0.0005509412263589577,0.0,0.0,0.0,-0.10574687133817579,0.994393080829803,1.5,1,2,1784928593.86561,world,workspace,-0.0721911355745298,-0.0005509412263589577,0.0,0.0,-0.10574687133817579,0.994393080829803,1,1784928593.865948,25.7000253200531,workspace,1,321,,1,1784928619.5644562,0.0015170574188232422,world,pelvis,-0.2554073993399356,1.136823854414403,0.7744474391322785,0.0140058526208369,-0.024113220038784584,0.9044011230579806,0.4257710621016746,capsules,0.05,0.5,0.1,0.5,0.5
202,1784928619.6660135,20.30674461647868,1,1784928619.6651156,0.0008978843688964844,17,0.01696007326245308,1,0.01331133022904396,1,0.021326757967472076,1,0.37434810400009155,1,0.662513256072998,1,0.004489010199904442,1,0.818684458732605,1,0.2953827381134033,1,-0.6149631142616272,1,0.003490687347948551,1,1.0067875385284424,1,-0.16290858387947083,1,-0.00840323232114315,1,0.021423060446977615,1,-0.1820109635591507,1,-0.002126188250258565,1,0.02845597453415394,1,0,,,,,,,,,,,,,,,,,,,,,,,,,,,,,,,,,,,,,,,,,,,,,,,,,,,,,,,,,,,,,,,,,,,,,,,,,,,,,,,,,,,,,,,,,,,,,,,,,,,,,,,,,,,,,,,,,,,,,1,1784928619.664455,0.001558542251586914,world,base_footprint,-0.2934175973768519,1.1673935350444464,1,0,1,1784928593.86561,25.800403594970703,world,workspace,1,0,2,-0.0721911355745298,-0.0005509412263589577,0.0,0.0,0.0,-0.10574687133817579,0.994393080829803,1.5,1,2,1784928593.86561,world,workspace,-0.0721911355745298,-0.0005509412263589577,0.0,0.0,-0.10574687133817579,0.994393080829803,1,1784928593.865948,25.800065517425537,workspace,1,321,,1,1784928619.664455,0.001558542251586914,world,pelvis,-0.2678637187891763,1.1331879604600628,0.7766979681094456,0.02397436339245373,-0.012918150761569928,0.9065563730724872,0.4212052869118401,capsules,0.05,0.5,0.1,0.5,0.5
203,1784928619.7659311,20.40666219126433,1,1784928619.764677,0.0012540817260742188,17,0.02441653423011303,1,-0.05388208478689194,1,0.018311336636543274,1,0.3818027675151825,1,0.7273371815681458,1,0.026177382096648216,1,0.8258514404296875,1,0.2869492471218109,1,-0.5561599731445312,1,0.019252631813287735,1,0.9949119091033936,1,-0.15183943510055542,1,-0.011102491989731789,1,0.036750175058841705,1,-0.27234452962875366,1,0.046212367713451385,1,-0.020700428634881973,1,0,,,,,,,,,,,,,,,,,,,,,,,,,,,,,,,,,,,,,,,,,,,,,,,,,,,,,,,,,,,,,,,,,,,,,,,,,,,,,,,,,,,,,,,,,,,,,,,,,,,,,,,,,,,,,,,,,,,,,1,1784928619.7644558,0.0014753341674804688,world,base_footprint,-0.2987311117806517,1.1647256188972508,1,0,1,1784928593.86561,25.90032124519348,world,workspace,1,0,2,-0.0721911355745298,-0.0005509412263589577,0.0,0.0,0.0,-0.10574687133817579,0.994393080829803,1.5,1,2,1784928593.86561,world,workspace,-0.0721911355745298,-0.0005509412263589577,0.0,0.0,-0.10574687133817579,0.994393080829803,1,1784928593.865948,25.899983167648315,workspace,1,321,,1,1784928619.764456,0.0014750957489013672,world,pelvis,-0.27159821499179404,1.1384211675632347,0.7768424606111654,0.022801559740612844,-0.0078094743136312116,0.904522521278095,0.4257441831488226,capsules,0.05,0.5,0.1,0.5,0.5
204,1784928619.8660092,20.506743270903826,1,1784928619.865644,0.00036525726318359375,17,0.0008710874826647341,1,-0.09394993633031845,1,-0.005972678307443857,1,0.37523820996284485,1,0.7004882097244263,1,0.026052147150039673,1,0.8271248936653137,1,0.3191004693508148,1,-0.5910921692848206,1,0.01882382109761238,1,0.9975793957710266,1,-0.15593522787094116,1,-0.020340722054243088,1,0.0198463574051857,1,-0.16820579767227173,1,0.03069104254245758,1,0.024441659450531006,1,0,,,,,,,,,,,,,,,,,,,,,,,,,,,,,,,,,,,,,,,,,,,,,,,,,,,,,,,,,,,,,,,,,,,,,,,,,,,,,,,,,,,,,,,,,,,,,,,,,,,,,,,,,,,,,,,,,,,,,1,1784928619.8644543,0.0015549659729003906,world,base_footprint,-0.3049264754813228,1.1677654757926184,1,0,1,1784928593.86561,26.000399351119995,world,workspace,1,0,2,-0.0721911355745298,-0.0005509412263589577,0.0,0.0,0.0,-0.10574687133817579,0.994393080829803,1.5,1,2,1784928593.86561,world,workspace,-0.0721911355745298,-0.0005509412263589577,0.0,0.0,-0.10574687133817579,0.994393080829803,1,1784928593.865948,26.00006127357483,workspace,1,321,,1,1784928619.8644545,0.001554727554321289,world,pelvis,-0.27595500757813346,1.1505262510352867,0.7745579885946272,0.02137226597388916,-0.002338205325321885,0.9096723357967418,0.41476981631875975,capsules,0.05,0.5,0.1,0.5,0.5
205,1784928619.9658992,20.60663205292076,1,1784928619.9656353,0.0002639293670654297,17,-0.025563856586813927,1,-0.03871622309088707,1,0.008243028074502945,1,0.3323659300804138,1,0.5805667638778687,1,-0.0023824700620025396,1,0.816422700881958,1,0.34224507212638855,1,-0.6969438791275024,1,0.0034552542492747307,1,1.0083706378936768,1,-0.27589666843414307,1,-0.006217997521162033,1,0.06841083616018295,1,-0.1266023963689804,1,0.01941804029047489,1,-0.023473726585507393,1,0,,,,,,,,,,,,,,,,,,,,,,,,,,,,,,,,,,,,,,,,,,,,,,,,,,,,,,,,,,,,,,,,,,,,,,,,,,,,,,,,,,,,,,,,,,,,,,,,,,,,,,,,,,,,,,,,,,,,,1,1784928619.9644544,0.0014448165893554688,world,base_footprint,-0.30467682825532266,1.1755092138242023,1,0,1,1784928593.86561,26.100289344787598,world,workspace,1,0,2,-0.0721911355745298,-0.0005509412263589577,0.0,0.0,0.0,-0.10574687133817579,0.994393080829803,1.5,1,2,1784928593.86561,world,workspace,-0.0721911355745298,-0.0005509412263589577,0.0,0.0,-0.10574687133817579,0.994393080829803,1,1784928593.865948,26.09995126724243,workspace,1,321,,1,1784928619.9644544,0.0014448165893554688,world,pelvis,-0.28697931635562973,1.1473033230462844,0.776817374794177,0.017433361807185854,-0.012125280187054097,0.9197869502312788,0.3918431084767581,capsules,0.05,0.5,0.1,0.5,0.5
206,1784928620.065914,20.706648912280798,1,1784928620.0656486,0.00026535987854003906,17,-0.02175263501703739,1,0.053532712161540985,1,0.004685437306761742,1,0.33725500106811523,1,0.5083585977554321,1,-0.026933372020721436,1,0.8097008466720581,1,0.35036054253578186,1,-0.7766751050949097,1,-0.014499780721962452,1,1.020660400390625,1,-0.32842689752578735,1,0.03482935577630997,1,0.026766762137413025,1,-0.0847296267747879,1,0.006432774476706982,1,-0.050427258014678955,1,0,,,,,,,,,,,,,,,,,,,,,,,,,,,,,,,,,,,,,,,,,,,,,,,,,,,,,,,,,,,,,,,,,,,,,,,,,,,,,,,,,,,,,,,,,,,,,,,,,,,,,,,,,,,,,,,,,,,,,1,1784928620.0644555,0.0014584064483642578,world,base_footprint,-0.3064497959753799,1.1754487856937845,1,0,1,1784928593.86561,26.20030403137207,world,workspace,1,0,2,-0.0721911355745298,-0.0005509412263589577,0.0,0.0,0.0,-0.10574687133817579,0.994393080829803,1.5,1,2,1784928593.86561,world,workspace,-0.0721911355745298,-0.0005509412263589577,0.0,0.0,-0.10574687133817579,0.994393080829803,1,1784928593.865948,26.199965953826904,workspace,1,321,,1,1784928620.0644555,0.0014584064483642578,world,pelvis,-0.3102251257189413,1.13403004591212,0.7770454461547399,0.007829652996735485,-0.025345204341489246,0.9243859795335568,0.3805349891831573,capsules,0.05,0.5,0.1,0.5,0.5
207,1784928620.1660724,20.80680508259684,1,1784928620.1654665,0.0006058216094970703,17,-0.0019292596261948347,1,0.08639974892139435,1,-0.0009785759029909968,1,0.36184412240982056,1,0.5297873020172119,1,-0.02673615701496601,1,0.8112172484397888,1,0.34348785877227783,1,-0.766848087310791,1,-0.015427331440150738,1,1.0208944082260132,1,-0.21094411611557007,1,0.06880191713571548,1,0.004838486667722464,1,-0.057774826884269714,1,-0.05095948278903961,1,-0.05243614688515663,1,0,,,,,,,,,,,,,,,,,,,,,,,,,,,,,,,,,,,,,,,,,,,,,,,,,,,,,,,,,,,,,,,,,,,,,,,,,,,,,,,,,,,,,,,,,,,,,,,,,,,,,,,,,,,,,,,,,,,,,1,1784928620.1654541,0.0006182193756103516,world,base_footprint,-0.34363976833349114,1.16217331991174,1,0,1,1784928593.86561,26.30046248435974,world,workspace,1,0,2,-0.0721911355745298,-0.0005509412263589577,0.0,0.0,0.0,-0.10574687133817579,0.994393080829803,1.5,1,2,1784928593.86561,world,workspace,-0.0721911355745298,-0.0005509412263589577,0.0,0.0,-0.10574687133817579,0.994393080829803,1,1784928593.865948,26.300124406814575,workspace,1,321,,1,1784928620.1654541,0.0006182193756103516,world,pelvis,-0.34294012919019223,1.1181503896819631,0.7751296156672631,0.01094295019026714,-0.025863488851137036,0.926668278705754,0.37482960532233267,capsules,0.05,0.5,0.1,0.5,0.5
208,1784928620.266023,20.906757844612002,1,1784928620.2644718,0.0015511512756347656,17,0.013486068695783615,1,0.005511634051799774,1,0.004259337671101093,1,0.3783052861690521,1,0.6511836647987366,1,0.0006671719020232558,1,0.8161373734474182,1,0.31043845415115356,1,-0.6285565495491028,1,0.000889862421900034,1,1.0121939182281494,1,-0.14945060014724731,1,0.004557101987302303,1,0.019035451114177704,1,-0.18415212631225586,1,-0.007347342558205128,1,0.01763818971812725,1,0,,,,,,,,,,,,,,,,,,,,,,,,,,,,,,,,,,,,,,,,,,,,,,,,,,,,,,,,,,,,,,,,,,,,,,,,,,,,,,,,,,,,,,,,,,,,,,,,,,,,,,,,,,,,,,,,,,,,,1,1784928620.2634556,0.002567291259765625,world,base_footprint,-0.38222913921630836,1.1437227058150559,1,0,1,1784928593.86561,26.400413036346436,world,workspace,1,0,2,-0.0721911355745298,-0.0005509412263589577,0.0,0.0,0.0,-0.10574687133817579,0.994393080829803,1.5,1,2,1784928593.86561,world,workspace,-0.0721911355745298,-0.0005509412263589577,0.0,0.0,-0.10574687133817579,0.994393080829803,1,1784928593.865948,26.40007495880127,workspace,1,321,,1,1784928620.264457,0.0015659332275390625,world,pelvis,-0.3589575266733051,1.1154905256181558,0.7780308741394414,0.020451950154803295,-0.011233626076377052,0.9287323264368956,0.37001593102345365,capsules,0.05,0.5,0.1,0.5,0.5
209,1784928620.366022,21.006754557602108,1,1784928620.3651576,0.0008645057678222656,17,0.018367910757660866,1,-0.0694061666727066,1,0.004114081151783466,1,0.38338974118232727,1,0.7255604267120361,1,0.026012176647782326,1,0.8254910111427307,1,0.30078455805778503,1,-0.5606850385665894,1,0.017994124442338943,1,0.9991104602813721,1,-0.12665528059005737,1,-0.012991438619792461,1,0.02483469806611538,1,-0.2939307987689972,1,0.047839995473623276,1,-0.03264353796839714,1,0,,,,,,,,,,,,,,,,,,,,,,,,,,,,,,,,,,,,,,,,,,,,,,,,,,,,,,,,,,,,,,,,,,,,,,,,,,,,,,,,,,,,,,,,,,,,,,,,,,,,,,,,,,,,,,,,,,,,,1,1784928620.3644562,0.0015659332275390625,world,base_footprint,-0.39804427978093304,1.1413308965234399,1,0,1,1784928593.86561,26.500412225723267,world,workspace,1,0,2,-0.0721911355745298,-0.0005509412263589577,0.0,0.0,0.0,-0.10574687133817579,0.994393080829803,1.5,1,2,1784928593.86561,world,workspace,-0.0721911355745298,-0.0005509412263589577,0.0,0.0,-0.10574687133817579,0.994393080829803,1,1784928593.865948,26.5000741481781,workspace,1,321,,1,1784928620.3644564,0.001565694808959961,world,pelvis,-0.36484679347122556,1.123805726495871,0.7770709337737791,0.023800568683434623,-0.0025950491651811516,0.9294630004055107,0.36813765024425454,capsules,0.05,0.5,0.1,0.5,0.5
210,1784928620.4661064,21.10683717019856,1,1784928620.4656408,0.00046563148498535156,17,-0.005965072195976973,1,-0.08172347396612167,1,-0.01188790425658226,1,0.3704565465450287,1,0.6889641880989075,1,0.02517211250960827,1,0.8279452323913574,1,0.32976773381233215,1,-0.6003285050392151,1,0.017307979986071587,1,1.0034763813018799,1,-0.13430564105510712,1,-0.018612530082464218,1,-0.006200836971402168,1,-0.17555728554725647,1,0.039648838341236115,1,0.04203452169895172,1,0,,,,,,,,,,,,,,,,,,,,,,,,,,,,,,,,,,,,,,,,,,,,,,,,,,,,,,,,,,,,,,,,,,,,,,,,,,,,,,,,,,,,,,,,,,,,,,,,,,,,,,,,,,,,,,,,,,,,,1,1784928620.4644568,0.001649618148803711,world,base_footprint,-0.4085639205948798,1.1523573447373079,1,0,1,1784928593.86561,26.600496530532837,world,workspace,1,0,2,-0.0721911355745298,-0.0005509412263589577,0.0,0.0,0.0,-0.10574687133817579,0.994393080829803,1.5,1,2,1784928593.86561,world,workspace,-0.0721911355745298,-0.0005509412263589577,0.0,0.0,-0.10574687133817579,0.994393080829803,1,1784928593.865948,26.60015845298767,workspace,1,321,,1,1784928620.4644568,0.001649618148803711,world,pelvis,-0.3743993658190606,1.1360456880748004,0.7735669513333896,0.024052230416569266,-0.002119638134384924,0.9364871206690091,0.3498697903038163,capsules,0.05,0.5,0.1,0.5,0.5
211,1784928620.5660074,21.20673950947821,1,1784928620.565346,0.0006613731384277344,17,-0.026718853041529655,1,-0.01099854800850153,1,0.008053548634052277,1,0.3294377326965332,1,0.5607176423072815,1,-0.008474776521325111,1,0.8131886124610901,1,0.3451753258705139,1,-0.7093684673309326,1,0.0012465966865420341,1,1.0106450319290161,1,-0.26772114634513855,1,-0.0110884765163064,1,0.061307817697525024,1,-0.1299283653497696,1,0.006911741103976965,1,-0.00922002550214529,1,0,,,,,,,,,,,,,,,,,,,,,,,,,,,,,,,,,,,,,,,,,,,,,,,,,,,,,,,,,,,,,,,,,,,,,,,,,,,,,,,,,,,,,,,,,,,,,,,,,,,,,,,,,,,,,,,,,,,,,1,1784928620.5644557,0.0015516281127929688,world,base_footprint,-0.41850801423183714,1.1554917948392103,1,0,1,1784928593.86561,26.700397491455078,world,workspace,1,0,2,-0.0721911355745298,-0.0005509412263589577,0.0,0.0,0.0,-0.10574687133817579,0.994393080829803,1.5,1,2,1784928593.86561,world,workspace,-0.0721911355745298,-0.0005509412263589577,0.0,0.0,-0.10574687133817579,0.994393080829803,1,1784928593.865948,26.700059413909912,workspace,1,321,,1,1784928620.5644557,0.0015516281127929688,world,pelvis,-0.3907292756833181,1.1280905632505653,0.7765168945142625,0.022394856171598348,-0.0108525584886993,0.9466190689403212,0.32139233144221446,capsules,0.05,0.5,0.1,0.5,0.5
212,1784928620.6660402,21.306775465607643,1,1784928620.664874,0.0011661052703857422,17,-0.021466823294758797,1,0.08636082708835602,1,0.0023649693466722965,1,0.33322590589523315,1,0.5076276063919067,1,-0.027850188314914703,1,0.8068370223045349,1,0.35157284140586853,1,-0.7754163146018982,1,-0.014396719634532928,1,1.0190931558609009,1,-0.3299616575241089,1,0.04270791634917259,1,0.01857791841030121,1,-0.07943938672542572,1,-0.013944700360298157,1,-0.05267489701509476,1,0,,,,,,,,,,,,,,,,,,,,,,,,,,,,,,,,,,,,,,,,,,,,,,,,,,,,,,,,,,,,,,,,,,,,,,,,,,,,,,,,,,,,,,,,,,,,,,,,,,,,,,,,,,,,,,,,,,,,,1,1784928620.6644545,0.0015857219696044922,world,base_footprint,-0.4213678342327559,1.1541776259588237,1,0,1,1784928593.86561,26.800430297851562,world,workspace,1,0,2,-0.0721911355745298,-0.0005509412263589577,0.0,0.0,0.0,-0.10574687133817579,0.994393080829803,1.5,1,2,1784928593.86561,world,workspace,-0.0721911355745298,-0.0005509412263589577,0.0,0.0,-0.10574687133817579,0.994393080829803,1,1784928593.865948,26.800092220306396,workspace,1,321,,1,1784928620.6644545,0.0015857219696044922,world,pelvis,-0.41531245243617404,1.1101182598849875,0.7766075112623546,0.01215033774644224,-0.025633473253178652,0.953146430416486,0.3011763213234683,capsules,0.05,0.5,0.1,0.5,0.5
213,1784928620.7659953,21.40673030167818,1,1784928620.7654054,0.0005898475646972656,17,0.004795541521161795,1,0.12338917702436447,1,-0.00418074382469058,1,0.36427754163742065,1,0.5376867651939392,1,-0.025907281786203384,1,0.8098903298377991,1,0.3420892059803009,1,-0.7601643204689026,1,-0.014722265303134918,1,1.0193662643432617,1,-0.21480314433574677,1,0.07522336393594742,1,0.006800547707825899,1,-0.029204774647951126,1,-0.07465392351150513,1,-0.06132998317480087,1,0,,,,,,,,,,,,,,,,,,,,,,,,,,,,,,,,,,,,,,,,,,,,,,,,,,,,,,,,,,,,,,,,,,,,,,,,,,,,,,,,,,,,,,,,,,,,,,,,,,,,,,,,,,,,,,,,,,,,,1,1784928620.7644536,0.0015416145324707031,world,base_footprint,-0.45826228333233976,1.1364825109362722,1,0,1,1784928593.86561,26.90038537979126,world,workspace,1,0,2,-0.0721911355745298,-0.0005509412263589577,0.0,0.0,0.0,-0.10574687133817579,0.994393080829803,1.5,1,2,1784928593.86561,world,workspace,-0.0721911355745298,-0.0005509412263589577,0.0,0.0,-0.10574687133817579,0.994393080829803,1,1784928593.865948,26.900047302246094,workspace,1,321,,1,1784928620.765455,0.0005402565002441406,world,pelvis,-0.4498943007235573,1.0875232971457747,0.7748411926688826,0.015149324421794457,-0.02703551252280808,0.9559077418461603,0.2920273413753699,capsules,0.05,0.5,0.1,0.5,0.5
214,1784928620.866014,21.506746530532837,1,1784928620.8657255,0.0002884864807128906,17,0.021531865000724792,1,0.03896857053041458,1,-0.0015018953708931804,1,0.3926277756690979,1,0.6583170294761658,1,0.0023905669804662466,1,0.8206269145011902,1,0.30170661211013794,1,-0.6235467195510864,1,0.0013316930271685123,1,1.0088776350021362,1,-0.14268623292446136,1,-0.0017028885195031762,1,0.026693688705563545,1,-0.16765563189983368,1,-0.02478279545903206,1,0.03272024542093277,1,0,,,,,,,,,,,,,,,,,,,,,,,,,,,,,,,,,,,,,,,,,,,,,,,,,,,,,,,,,,,,,,,,,,,,,,,,,,,,,,,,,,,,,,,,,,,,,,,,,,,,,,,,,,,,,,,,,,,,,1,1784928620.864454,0.0015599727630615234,world,base_footprint,-0.5026765300203117,1.1064734088987422,1,0,1,1784928593.86561,27.000404119491577,world,workspace,1,0,2,-0.0721911355745298,-0.0005509412263589577,0.0,0.0,0.0,-0.10574687133817579,0.994393080829803,1.5,1,2,1784928593.86561,world,workspace,-0.0721911355745298,-0.0005509412263589577,0.0,0.0,-0.10574687133817579,0.994393080829803,1,1784928593.865948,27.00006604194641,workspace,1,321,,1,1784928620.865455,0.0005590915679931641,world,pelvis,-0.4726064183610699,1.0795535866705164,0.7778137958251129,0.023498084771695227,-0.010607527301099763,0.9576773888615754,0.286686831298359,capsules,0.05,0.5,0.1,0.5,0.5
215,1784928620.9659386,21.606671201065183,1,1784928620.965229,0.00070953369140625,17,0.018746433779597282,1,-0.04155377298593521,1,-0.002590093994513154,1,0.3931354880332947,1,0.7332538366317749,1,0.027773214504122734,1,0.8271350264549255,1,0.29219457507133484,1,-0.5520833134651184,1,0.019742444157600403,1,0.9949237108230591,1,-0.12288831919431686,1,-0.023839283734560013,1,0.018905596807599068,1,-0.2783508002758026,1,0.055910415947437286,1,-0.03242950141429901,1,0,,,,,,,,,,,,,,,,,,,,,,,,,,,,,,,,,,,,,,,,,,,,,,,,,,,,,,,,,,,,,,,,,,,,,,,,,,,,,,,,,,,,,,,,,,,,,,,,,,,,,,,,,,,,,,,,,,,,,1,1784928620.9634547,0.002483844757080078,world,base_footprint,-0.5158021162621446,1.0997666347452884,1,0,1,1784928593.86561,27.10032868385315,world,workspace,1,0,2,-0.0721911355745298,-0.0005509412263589577,0.0,0.0,0.0,-0.10574687133817579,0.994393080829803,1.5,1,2,1784928593.86561,world,workspace,-0.0721911355745298,-0.0005509412263589577,0.0,0.0,-0.10574687133817579,0.994393080829803,1,1784928593.865948,27.099990606307983,workspace,1,321,,1,1784928620.965454,0.000484466552734375,world,pelvis,-0.484178648638955,1.0851581067844707,0.7777848697145024,0.021966824924771818,-0.0032621892196160107,0.9604181898197361,0.27767556137982563,capsules,0.05,0.5,0.1,0.5,0.5
216,1784928621.066043,21.70677954237908,1,1784928621.065651,0.00039196014404296875,17,-0.0005641563911922276,1,-0.07233989238739014,1,-0.007313345093280077,1,0.3795926570892334,1,0.6954808235168457,1,0.027124494314193726,1,0.8281828165054321,1,0.3202182650566101,1,-0.5954657793045044,1,0.019191626459360123,1,0.9994226694107056,1,-0.11306234449148178,1,-0.038129717111587524,1,-0.010426148772239685,1,-0.1620386242866516,1,0.05831776186823845,1,0.03262044116854668,1,0,,,,,,,,,,,,,,,,,,,,,,,,,,,,,,,,,,,,,,,,,,,,,,,,,,,,,,,,,,,,,,,,,,,,,,,,,,,,,,,,,,,,,,,,,,,,,,,,,,,,,,,,,,,,,,,,,,,,,1,1784928621.0644543,0.001588582992553711,world,base_footprint,-0.5363239516355043,1.1069389628199564,1,0,1,1784928593.86561,27.200433015823364,world,workspace,1,0,2,-0.0721911355745298,-0.0005509412263589577,0.0,0.0,0.0,-0.10574687133817579,0.994393080829803,1.5,1,2,1784928593.86561,world,workspace,-0.0721911355745298,-0.0005509412263589577,0.0,0.0,-0.10574687133817579,0.994393080829803,1,1784928593.865948,27.2000949382782,workspace,1,321,,1,1784928621.0654552,0.0005877017974853516,world,pelvis,-0.5011401826932442,1.0940415194190676,0.7749364328745018,0.02414632521470979,-0.002873780712273486,0.9655285928981465,0.2591587016852196,capsules,0.05,0.5,0.1,0.5,0.5
217,1784928621.1661413,21.806874359957874,1,1784928621.1655657,0.0005755424499511719,17,-0.030310431495308876,1,-0.02309088595211506,1,0.009396933019161224,1,0.3347837030887604,1,0.567672073841095,1,-0.006538026500493288,1,0.817053496837616,1,0.3526571989059448,1,-0.7042753100395203,1,0.0014447564026340842,1,1.0147448778152466,1,-0.24735058844089508,1,-0.0220416821539402,1,0.0626794695854187,1,-0.09893067181110382,1,0.013931524008512497,1,-0.033504702150821686,1,0,,,,,,,,,,,,,,,,,,,,,,,,,,,,,,,,,,,,,,,,,,,,,,,,,,,,,,,,,,,,,,,,,,,,,,,,,,,,,,,,,,,,,,,,,,,,,,,,,,,,,,,,,,,,,,,,,,,,,1,1784928621.1644588,0.0016825199127197266,world,base_footprint,-0.559283068207916,1.1078913395407395,1,0,1,1784928593.86561,27.3005313873291,world,workspace,1,0,2,-0.0721911355745298,-0.0005509412263589577,0.0,0.0,0.0,-0.10574687133817579,0.994393080829803,1.5,1,2,1784928593.86561,world,workspace,-0.0721911355745298,-0.0005509412263589577,0.0,0.0,-0.10574687133817579,0.994393080829803,1,1784928593.865948,27.300193309783936,workspace,1,321,,1,1784928621.1644588,0.0016825199127197266,world,pelvis,-0.5227110973152723,1.08435074158332,0.77790225749667,0.0260636403104663,-0.00950179109456044,0.9750107034657856,0.22041898907969812,capsules,0.05,0.5,0.1,0.5,0.5
218,1784928621.2659836,21.9067202238366,1,1784928621.2650137,0.0009698867797851562,17,-0.027739163488149643,1,0.05605943873524666,1,0.004562607500702143,1,0.3375225365161896,1,0.5099965929985046,1,-0.02697179839015007,1,0.8083178997039795,1,0.36426785588264465,1,-0.7714759111404419,1,-0.01306445337831974,1,1.0254300832748413,1,-0.32878321409225464,1,0.04704708978533745,1,0.01497588213533163,1,-0.025718025863170624,1,-0.01655174419283867,1,-0.0887904018163681,1,0,,,,,,,,,,,,,,,,,,,,,,,,,,,,,,,,,,,,,,,,,,,,,,,,,,,,,,,,,,,,,,,,,,,,,,,,,,,,,,,,,,,,,,,,,,,,,,,,,,,,,,,,,,,,,,,,,,,,,1,1784928621.2644575,0.0015261173248291016,world,base_footprint,-0.5731644113178436,1.1047941905391927,1,0,1,1784928593.86561,27.400373697280884,world,workspace,1,0,2,-0.0721911355745298,-0.0005509412263589577,0.0,0.0,0.0,-0.10574687133817579,0.994393080829803,1.5,1,2,1784928593.86561,world,workspace,-0.0721911355745298,-0.0005509412263589577,0.0,0.0,-0.10574687133817579,0.994393080829803,1,1784928593.865948,27.400035619735718,workspace,1,321,,1,1784928621.2644575,0.0015261173248291016,world,pelvis,-0.54995958467749,1.063191380027417,0.7784152333223887,0.019638195799907658,-0.023188299120485062,0.9808065769165278,0.19260088973550113,capsules,0.05,0.5,0.1,0.5,0.5
219,1784928621.3659573,22.006690208800137,1,1784928621.3650575,0.0008997917175292969,17,0.00044123694533482194,1,0.10352251678705215,1,-0.006374115124344826,1,0.36839982867240906,1,0.5336682796478271,1,-0.025952810421586037,1,0.8099528551101685,1,0.3515881597995758,1,-0.7669659852981567,1,-0.013825965113937855,1,1.0255249738693237,1,-0.23039093613624573,1,0.08105793595314026,1,0.006797744892537594,1,0.03421161323785782,1,-0.06907738000154495,1,-0.11284790933132172,1,0,,,,,,,,,,,,,,,,,,,,,,,,,,,,,,,,,,,,,,,,,,,,,,,,,,,,,,,,,,,,,,,,,,,,,,,,,,,,,,,,,,,,,,,,,,,,,,,,,,,,,,,,,,,,,,,,,,,,,1,1784928621.3644614,0.0014958381652832031,world,base_footprint,-0.6091377717409753,1.0877725296419702,1,0,1,1784928593.86561,27.50034737586975,world,workspace,1,0,2,-0.0721911355745298,-0.0005509412263589577,0.0,0.0,0.0,-0.10574687133817579,0.994393080829803,1.5,1,2,1784928593.86561,world,workspace,-0.0721911355745298,-0.0005509412263589577,0.0,0.0,-0.10574687133817579,0.994393080829803,1,1784928593.865948,27.500009298324585,workspace,1,321,,1,1784928621.3644614,0.0014958381652832031,world,pelvis,-0.5859381657712065,1.0346757631374368,0.7743020094136925,0.020636909910747844,-0.03067375192855126,0.9831182125767687,0.17919770922593023,capsules,0.05,0.5,0.1,0.5,0.5
220,1784928621.466012,22.106746634468436,1,1784928621.4651754,0.0008366107940673828,17,0.009702485986053944,1,0.012808909639716148,1,0.013891199603676796,1,0.36747467517852783,1,0.6590827107429504,1,0.0029279699083417654,1,0.8132267594337463,1,0.2999749779701233,1,-0.6205711364746094,1,0.002429672284051776,1,1.0095598697662354,1,-0.1775788813829422,1,-0.006540575996041298,1,-0.005796459503471851,1,-0.1319846659898758,1,0.002412905218079686,1,0.0221251230686903,1,0,,,,,,,,,,,,,,,,,,,,,,,,,,,,,,,,,,,,,,,,,,,,,,,,,,,,,,,,,,,,,,,,,,,,,,,,,,,,,,,,,,,,,,,,,,,,,,,,,,,,,,,,,,,,,,,,,,,,,1,1784928621.4644544,0.0015575885772705078,world,base_footprint,-0.6428375165400231,1.0487079635960517,1,0,1,1784928593.86561,27.600402116775513,world,workspace,1,0,2,-0.0721911355745298,-0.0005509412263589577,0.0,0.0,0.0,-0.10574687133817579,0.994393080829803,1.5,1,2,1784928593.86561,world,workspace,-0.0721911355745298,-0.0005509412263589577,0.0,0.0,-0.10574687133817579,0.994393080829803,1,1784928593.865948,27.600064039230347,workspace,1,321,,1,1784928621.4644544,0.0015575885772705078,world,pelvis,-0.6060523870875385,1.0223857276607247,0.7774037382155706,0.025802971892773297,-0.012909148347684422,0.9872563831266085,0.15650046168048742,capsules,0.05,0.5,0.1,0.5,0.5
221,1784928621.56596,22.206692605279386,1,1784928621.5651648,0.0007951259613037109,17,0.02535739541053772,1,-0.05553823709487915,1,0.019817836582660675,1,0.37164536118507385,1,0.7233783006668091,1,0.02561585232615471,1,0.8203138113021851,1,0.2732897996902466,1,-0.5627458691596985,1,0.018353916704654694,1,0.988586962223053,1,-0.16368015110492706,1,-0.030118294060230255,1,-0.009665992110967636,1,-0.2635793685913086,1,0.0741269588470459,1,-0.033465828746557236,1,0,,,,,,,,,,,,,,,,,,,,,,,,,,,,,,,,,,,,,,,,,,,,,,,,,,,,,,,,,,,,,,,,,,,,,,,,,,,,,,,,,,,,,,,,,,,,,,,,,,,,,,,,,,,,,,,,,,,,,1,1784928621.5644555,0.0015044212341308594,world,base_footprint,-0.649186634926838,1.0364331771170665,1,0,1,1784928593.86561,27.700350046157837,world,workspace,1,0,2,-0.0721911355745298,-0.0005509412263589577,0.0,0.0,0.0,-0.10574687133817579,0.994393080829803,1.5,1,2,1784928593.86561,world,workspace,-0.0721911355745298,-0.0005509412263589577,0.0,0.0,-0.10574687133817579,0.994393080829803,1,1784928593.865948,27.70001196861267,workspace,1,321,,1,1784928621.5644555,0.0015044212341308594,world,pelvis,-0.6194056606155621,1.0218216236025135,0.7781182601673085,0.02017062349826754,-0.006378456691106014,0.9885719384702797,0.14925811102598238,capsules,0.05,0.5,0.1,0.5,0.5
222,1784928621.6660066,22.306740605272353,1,1784928621.6654048,0.0006017684936523438,17,0.0040228660218417645,1,-0.08041615784168243,1,0.004011926706880331,1,0.368500292301178,1,0.691827118396759,1,0.02524745836853981,1,0.8224465847015381,1,0.30918264389038086,1,-0.6035409569740295,1,0.017662160098552704,1,0.9933918714523315,1,-0.16319681704044342,1,-0.06122467294335365,1,-0.05278181657195091,1,-0.15851479768753052,1,0.06417085230350494,1,0.050879817456007004,1,0,,,,,,,,,,,,,,,,,,,,,,,,,,,,,,,,,,,,,,,,,,,,,,,,,,,,,,,,,,,,,,,,,,,,,,,,,,,,,,,,,,,,,,,,,,,,,,,,,,,,,,,,,,,,,,,,,,,,,1,1784928621.6644537,0.0015528202056884766,world,base_footprint,-0.6683133456288001,1.0329493004931587,1,0,1,1784928593.86561,27.80039668083191,world,workspace,1,0,2,-0.0721911355745298,-0.0005509412263589577,0.0,0.0,0.0,-0.10574687133817579,0.994393080829803,1.5,1,2,1784928593.86561,world,workspace,-0.0721911355745298,-0.0005509412263589577,0.0,0.0,-0.10574687133817579,0.994393080829803,1,1784928593.865948,27.800058603286743,workspace,1,321,,1,1784928621.664454,0.001552581787109375,world,pelvis,-0.6400930010548065,1.0237990729855333,0.7749490783983665,0.01856728842688976,-0.0036290311416834935,0.9925677612734548,0.12021366483909991,capsules,0.05,0.5,0.1,0.5,0.5
223,1784928621.765961,22.406692646443844,1,1784928621.7651799,0.0007810592651367188,17,-0.027126142755150795,1,-0.037802889943122864,1,0.008629505522549152,1,0.33858752250671387,1,0.5780138373374939,1,-0.003693131497129798,1,0.8169174194335938,1,0.35366109013557434,1,-0.6961685419082642,1,0.004146882798522711,1,1.0118372440338135,1,-0.27931633591651917,1,-0.03368951752781868,1,0.06789517402648926,1,-0.07943473011255264,1,0.010425811633467674,1,-0.031246475875377655,1,0,,,,,,,,,,,,,,,,,,,,,,,,,,,,,,,,,,,,,,,,,,,,,,,,,,,,,,,,,,,,,,,,,,,,,,,,,,,,,,,,,,,,,,,,,,,,,,,,,,,,,,,,,,,,,,,,,,,,,1,1784928621.7644546,0.0015063285827636719,world,base_footprint,-0.6935662950875996,1.0243256666449156,1,0,1,1784928593.86561,27.90035104751587,world,workspace,1,0,2,-0.0721911355745298,-0.0005509412263589577,0.0,0.0,0.0,-0.10574687133817579,0.994393080829803,1.5,1,2,1784928593.86561,world,workspace,-0.0721911355745298,-0.0005509412263589577,0.0,0.0,-0.10574687133817579,0.994393080829803,1,1784928593.865948,27.900012969970703,workspace,1,321,,1,1784928621.7644548,0.0015060901641845703,world,pelvis,-0.6617930545416808,1.010764727274182,0.7789782427477853,0.020832103554910195,-0.007170627531639609,0.9971749501093404,0.07181033655898346,capsules,0.05,0.5,0.1,0.5,0.5
224,1784928621.8659678,22.506703377701342,1,1784928621.8654587,0.0005090236663818359,17,-0.020144255831837654,1,0.05648931488394737,1,-0.023125413805246353,1,0.3566245436668396,1,0.5145828127861023,1,-0.02436927892267704,1,0.8144720196723938,1,0.3760440945625305,1,-0.7725319266319275,1,-0.012865831144154072,1,1.0307170152664185,1,-0.3413258194923401,1,0.04772493615746498,1,0.03441552445292473,1,0.007040733937174082,1,-0.01770106516778469,1,-0.09401467442512512,1,0,,,,,,,,,,,,,,,,,,,,,,,,,,,,,,,,,,,,,,,,,,,,,,,,,,,,,,,,,,,,,,,,,,,,,,,,,,,,,,,,,,,,,,,,,,,,,,,,,,,,,,,,,,,,,,,,,,,,,1,1784928621.8644545,0.0015132427215576172,world,base_footprint,-0.7052943170314352,1.0183707757681315,1,0,1,1784928593.86561,28.00035786628723,world,workspace,1,0,2,-0.0721911355745298,-0.0005509412263589577,0.0,0.0,0.0,-0.10574687133817579,0.994393080829803,1.5,1,2,1784928593.86561,world,workspace,-0.0721911355745298,-0.0005509412263589577,0.0,0.0,-0.10574687133817579,0.994393080829803,1,1784928593.865948,28.000019788742065,workspace,1,321,,1,1784928621.8644547,0.0015130043029785156,world,pelvis,-0.688578302245918,0.9821056538136997,0.7784797633323441,0.011591019063211777,-0.022678242693773852,0.998852614206281,0.04055614230516592,capsules,0.05,0.5,0.1,0.5,0.5
225,1784928621.9659567,22.60668997373432,1,1784928621.964723,0.0012335777282714844,17,0.004377854987978935,1,0.08798729628324509,1,-0.008631751872599125,1,0.37584975361824036,1,0.5389032959938049,1,-0.022457260638475418,1,0.8161628246307373,1,0.35851702094078064,1,-0.7648962736129761,1,-0.014180314727127552,1,1.031371831893921,1,-0.2317887544631958,1,0.06682868301868439,1,0.05088929086923599,1,0.07646719366312027,1,-0.09885252267122269,1,-0.12705521285533905,1,0,,,,,,,,,,,,,,,,,,,,,,,,,,,,,,,,,,,,,,,,,,,,,,,,,,,,,,,,,,,,,,,,,,,,,,,,,,,,,,,,,,,,,,,,,,,,,,,,,,,,,,,,,,,,,,,,,,,,,1,1784928621.9644568,0.0014998912811279297,world,base_footprint,-0.7542329775925343,0.9751311864148854,1,0,1,1784928593.86561,28.10034680366516,world,workspace,1,0,2,-0.0721911355745298,-0.0005509412263589577,0.0,0.0,0.0,-0.10574687133817579,0.994393080829803,1.5,1,2,1784928593.86561,world,workspace,-0.0721911355745298,-0.0005509412263589577,0.0,0.0,-0.10574687133817579,0.994393080829803,1,1784928593.865948,28.100008726119995,workspace,1,321,,1,1784928621.9654555,0.0005011558532714844,world,pelvis,-0.7193572054175195,0.9437383536806574,0.773460582585861,0.02310685812446154,-0.01818519595016698,0.9993861924886817,0.01904232178191155,capsules,0.05,0.5,0.1,0.5,0.5
226,1784928622.065998,22.70672904793173,1,1784928622.065764,0.00023412704467773438,17,0.012524932622909546,1,0.019103704020380974,1,0.019478827714920044,1,0.3643225431442261,1,0.6638267040252686,1,0.005197003949433565,1,0.816940426826477,1,0.29634881019592285,1,-0.6097603440284729,1,0.005317761562764645,1,1.009812831878662,1,-0.16687440872192383,1,-0.004087813664227724,1,0.014227734878659248,1,-0.13275600969791412,1,0.004460785537958145,1,0.020372308790683746,1,0,,,,,,,,,,,,,,,,,,,,,,,,,,,,,,,,,,,,,,,,,,,,,,,,,,,,,,,,,,,,,,,,,,,,,,,,,,,,,,,,,,,,,,,,,,,,,,,,,,,,,,,,,,,,,,,,,,,,,1,1784928622.0644567,0.0015413761138916016,world,base_footprint,-0.7804574291483413,0.9442470282836626,1,0,1,1784928593.86561,28.200388193130493,world,workspace,1,0,2,-0.0721911355745298,-0.0005509412263589577,0.0,0.0,0.0,-0.10574687133817579,0.994393080829803,1.5,1,2,1784928593.86561,world,workspace,-0.0721911355745298,-0.0005509412263589577,0.0,0.0,-0.10574687133817579,0.994393080829803,1,1784928593.865948,28.200050115585327,workspace,1,321,,1,1784928622.0644567,0.0015413761138916016,world,pelvis,-0.738804819766951,0.929976648478752,0.7781913038081932,0.02646461629637302,-0.009398038735873148,0.9995433834037456,-0.011150141075233317,capsules,0.05,0.5,0.1,0.5,0.5
227,1784928622.1663606,22.80709612183273,1,1784928622.1646705,0.0016901493072509766,17,0.020783795043826103,1,-0.039980921894311905,1,0.01263944897800684,1,0.3657812178134918,1,0.7233450412750244,1,0.025259047746658325,1,0.8193578124046326,1,0.2700498402118683,1,-0.5581772327423096,1,0.01944056525826454,1,0.9870225191116333,1,-0.1534019112586975,1,-0.02736394852399826,1,-0.009349172934889793,1,-0.2707800269126892,1,0.061735544353723526,1,-0.010118774138391018,1,0,,,,,,,,,,,,,,,,,,,,,,,,,,,,,,,,,,,,,,,,,,,,,,,,,,,,,,,,,,,,,,,,,,,,,,,,,,,,,,,,,,,,,,,,,,,,,,,,,,,,,,,,,,,,,,,,,,,,,1,1784928622.1644573,0.0019032955169677734,world,base_footprint,-0.7823893369695933,0.9354085782162681,1,0,1,1784928593.86561,28.300750732421875,world,workspace,1,0,2,-0.0721911355745298,-0.0005509412263589577,0.0,0.0,0.0,-0.10574687133817579,0.994393080829803,1.5,1,2,1784928593.86561,world,workspace,-0.0721911355745298,-0.0005509412263589577,0.0,0.0,-0.10574687133817579,0.994393080829803,1,1784928593.865948,28.30041265487671,workspace,1,321,,1,1784928622.1654565,0.000904083251953125,world,pelvis,-0.757671213721755,0.9275476240206235,0.7794695147677825,0.015612471032049354,-0.0054612811173695135,0.9994546082602576,-0.02858165817732828,capsules,0.05,0.5,0.1,0.5,0.5
228,1784928622.265952,22.906684960238636,1,1784928622.2647684,0.0011837482452392578,17,0.002794848755002022,1,-0.07245760411024094,1,0.009645088575780392,1,0.3626476228237152,1,0.6998337507247925,1,0.025043556466698647,1,0.8211797475814819,1,0.2974269390106201,1,-0.5986671447753906,1,0.018823495134711266,1,0.9905896782875061,1,-0.13851985335350037,1,-0.0546257384121418,1,-0.0636826604604721,1,-0.16362890601158142,1,0.06480365246534348,1,0.05976284667849541,1,0,,,,,,,,,,,,,,,,,,,,,,,,,,,,,,,,,,,,,,,,,,,,,,,,,,,,,,,,,,,,,,,,,,,,,,,,,,,,,,,,,,,,,,,,,,,,,,,,,,,,,,,,,,,,,,,,,,,,,1,1784928622.2644556,0.0014965534210205078,world,base_footprint,-0.8054718349970483,0.9291533631943759,1,0,1,1784928593.86561,28.400342226028442,world,workspace,1,0,2,-0.0721911355745298,-0.0005509412263589577,0.0,0.0,0.0,-0.10574687133817579,0.994393080829803,1.5,1,2,1784928593.86561,world,workspace,-0.0721911355745298,-0.0005509412263589577,0.0,0.0,-0.10574687133817579,0.994393080829803,1,1784928593.865948,28.400004148483276,workspace,1,321,,1,1784928622.2644558,0.0014963150024414062,world,pelvis,-0.7827710285693708,0.9275302601783486,0.7769325517725334,0.01438440088027027,-0.0019224906005123105,0.9980052593357415,-0.06144017724100502,capsules,0.05,0.5,0.1,0.5,0.5
229,1784928622.3659792,23.006715779192746,1,1784928622.364894,0.0010852813720703125,17,-0.025331055745482445,1,-0.024700524285435677,1,0.04288817197084427,1,0.3277857005596161,1,0.5870280265808105,1,-0.0019215444335713983,1,0.8145403265953064,1,0.32738035917282104,1,-0.7023510336875916,1,0.002048460068181157,1,1.0035006999969482,1,-0.27776047587394714,1,-0.025425806641578674,1,0.051987357437610626,1,-0.0903930589556694,1,0.024238958954811096,1,-0.024206895381212234,1,0,,,,,,,,,,,,,,,,,,,,,,,,,,,,,,,,,,,,,,,,,,,,,,,,,,,,,,,,,,,,,,,,,,,,,,,,,,,,,,,,,,,,,,,,,,,,,,,,,,,,,,,,,,,,,,,,,,,,,1,1784928622.3644562,0.0015230178833007812,world,base_footprint,-0.8298675650877825,0.9202938062005142,1,0,1,1784928593.86561,28.50036931037903,world,workspace,1,0,2,-0.0721911355745298,-0.0005509412263589577,0.0,0.0,0.0,-0.10574687133817579,0.994393080829803,1.5,1,2,1784928593.86561,world,workspace,-0.0721911355745298,-0.0005509412263589577,0.0,0.0,-0.10574687133817579,0.994393080829803,1,1784928593.865948,28.500031232833862,workspace,1,321,,1,1784928622.3644564,0.0015227794647216797,world,pelvis,-0.7969558483606176,0.9127539068074624,0.779186505383856,0.02033915052279854,-0.007069778154718878,0.9937998361476427,-0.10907897536084825,capsules,0.05,0.5,0.1,0.5,0.5
230,1784928622.465955,23.106688791885972,1,1784928622.4654078,0.0005471706390380859,17,-0.023122603073716164,1,0.061114732176065445,1,0.00948446337133646,1,0.34751957654953003,1,0.520466685295105,1,-0.022921185940504074,1,0.8121192455291748,1,0.36096838116645813,1,-0.7799068689346313,1,-0.014917170628905296,1,1.0261778831481934,1,-0.3685201406478882,1,0.03254217654466629,1,0.03575449436903,1,-0.027210649102926254,1,-0.008104314096271992,1,-0.0976433977484703,1,0,,,,,,,,,,,,,,,,,,,,,,,,,,,,,,,,,,,,,,,,,,,,,,,,,,,,,,,,,,,,,,,,,,,,,,,,,,,,,,,,,,,,,,,,,,,,,,,,,,,,,,,,,,,,,,,,,,,,,1,1784928622.4644551,0.0014998912811279297,world,base_footprint,-0.8367292342367783,0.9118148904069946,1,0,1,1784928593.86561,28.600345134735107,world,workspace,1,0,2,-0.0721911355745298,-0.0005509412263589577,0.0,0.0,0.0,-0.10574687133817579,0.994393080829803,1.5,1,2,1784928593.86561,world,workspace,-0.0721911355745298,-0.0005509412263589577,0.0,0.0,-0.10574687133817579,0.994393080829803,1,1784928593.865948,28.60000705718994,workspace,1,321,,1,1784928622.4654586,0.0004963874816894531,world,pelvis,-0.8119708818218395,0.8808738143912038,0.7778041468230735,0.012918837542892143,-0.02163171142538567,0.9887659393724705,-0.14733326112668907,capsules,0.05,0.5,0.1,0.5,0.5
231,1784928622.5659616,23.206695636734366,1,1784928622.565099,0.0008625984191894531,17,0.00149526575114578,1,0.09981685131788254,1,-0.008795030415058136,1,0.3833315074443817,1,0.5388185977935791,1,-0.022780153900384903,1,0.8151907324790955,1,0.35811546444892883,1,-0.7712343335151672,1,-0.015591694973409176,1,1.028664231300354,1,-0.26243001222610474,1,0.0694422721862793,1,0.040379252284765244,1,0.05507228523492813,1,-0.07174278795719147,1,-0.14268672466278076,1,0,,,,,,,,,,,,,,,,,,,,,,,,,,,,,,,,,,,,,,,,,,,,,,,,,,,,,,,,,,,,,,,,,,,,,,,,,,,,,,,,,,,,,,,,,,,,,,,,,,,,,,,,,,,,,,,,,,,,,1,1784928622.564456,0.0015056133270263672,world,base_footprint,-0.8639915283966086,0.8675380275881741,1,0,1,1784928593.86561,28.70035171508789,world,workspace,1,0,2,-0.0721911355745298,-0.0005509412263589577,0.0,0.0,0.0,-0.10574687133817579,0.994393080829803,1.5,1,2,1784928593.86561,world,workspace,-0.0721911355745298,-0.0005509412263589577,0.0,0.0,-0.10574687133817579,0.994393080829803,1,1784928593.865948,28.700013637542725,workspace,1,321,,1,1784928622.564456,0.0015056133270263672,world,pelvis,-0.8291849327797269,0.838933284455846,0.7734624380847893,0.018741358440254853,-0.021784711248568185,0.984760628920588,-0.1715246092184978,capsules,0.05,0.5,0.1,0.5,0.5
232,1784928622.6659567,23.30668956786394,1,1784928622.6647394,0.0012173652648925781,17,0.015169377438724041,1,0.024169394746422768,1,0.014847585931420326,1,0.38229310512542725,1,0.6540961861610413,1,0.001839212840422988,1,0.8166428804397583,1,0.3010920286178589,1,-0.6290488243103027,1,0.0007505452958866954,1,1.011855959892273,1,-0.18739499151706696,1,-0.008735984563827515,1,0.016351008787751198,1,-0.11514084786176682,1,0.02455800585448742,1,0.01548058446496725,1,0,,,,,,,,,,,,,,,,,,,,,,,,,,,,,,,,,,,,,,,,,,,,,,,,,,,,,,,,,,,,,,,,,,,,,,,,,,,,,,,,,,,,,,,,,,,,,,,,,,,,,,,,,,,,,,,,,,,,,1,1784928622.664455,0.0015017986297607422,world,base_footprint,-0.8854636127732343,0.8180883122429071,1,0,1,1784928593.86561,28.800346851348877,world,workspace,1,0,2,-0.0721911355745298,-0.0005509412263589577,0.0,0.0,0.0,-0.10574687133817579,0.994393080829803,1.5,1,2,1784928593.86561,world,workspace,-0.0721911355745298,-0.0005509412263589577,0.0,0.0,-0.10574687133817579,0.994393080829803,1,1784928593.865948,28.80000877380371,workspace,1,321,,1,1784928622.664455,0.0015017986297607422,world,pelvis,-0.8449349453712455,0.8177879524422165,0.7759569234510815,0.025305400068598757,-0.005278450386635802,0.980088995340644,-0.19686882917580237,capsules,0.05,0.5,0.1,0.5,0.5
233,1784928622.7662184,23.406952087767422,1,1784928622.7652242,0.0009942054748535156,17,0.027356965467333794,1,-0.0433378703892231,1,0.013600110076367855,1,0.3810788691043854,1,0.7113695740699768,1,0.022437293082475662,1,0.8232408165931702,1,0.2680817246437073,1,-0.5686184763908386,1,0.016478829085826874,1,0.9868860840797424,1,-0.15369799733161926,1,-0.03788226470351219,1,0.003454177873209119,1,-0.27988728880882263,1,0.07516264915466309,1,-0.021160906180739403,1,0,,,,,,,,,,,,,,,,,,,,,,,,,,,,,,,,,,,,,,,,,,,,,,,,,,,,,,,,,,,,,,,,,,,,,,,,,,,,,,,,,,,,,,,,,,,,,,,,,,,,,,,,,,,,,,,,,,,,,1,1784928622.7644553,0.0017631053924560547,world,base_footprint,-0.889470053268959,0.800252363090113,1,0,1,1784928593.86561,28.9006085395813,world,workspace,1,0,2,-0.0721911355745298,-0.0005509412263589577,0.0,0.0,0.0,-0.10574687133817579,0.994393080829803,1.5,1,2,1784928593.86561,world,workspace,-0.0721911355745298,-0.0005509412263589577,0.0,0.0,-0.10574687133817579,0.994393080829803,1,1784928593.865948,28.900270462036133,workspace,1,321,,1,1784928622.7654562,0.0007622241973876953,world,pelvis,-0.8628377233410025,0.8090056565759296,0.7772236584057206,0.017763999410087758,0.0020974910447538846,0.9776643943992198,-0.2094095813956044,capsules,0.05,0.5,0.1,0.5,0.5
234,1784928622.866029,23.506762287579477,1,1784928622.865659,0.000370025634765625,17,0.0026060889940708876,1,-0.0649634525179863,1,-0.006115626078099012,1,0.37058117985725403,1,0.6877622604370117,1,0.022164784371852875,1,0.8240150809288025,1,0.3030601441860199,1,-0.5998771786689758,1,0.01637393608689308,1,0.9896764755249023,1,-0.14005951583385468,1,-0.06025536358356476,1,-0.05869500711560249,1,-0.17899104952812195,1,0.05027395859360695,1,0.0617450550198555,1,0,,,,,,,,,,,,,,,,,,,,,,,,,,,,,,,,,,,,,,,,,,,,,,,,,,,,,,,,,,,,,,,,,,,,,,,,,,,,,,,,,,,,,,,,,,,,,,,,,,,,,,,,,,,,,,,,,,,,,1,1784928622.8644562,0.0015728473663330078,world,base_footprint,-0.908399840137972,0.7913938294122751,1,0,1,1784928593.86561,29.00041913986206,world,workspace,1,0,2,-0.0721911355745298,-0.0005509412263589577,0.0,0.0,0.0,-0.10574687133817579,0.994393080829803,1.5,1,2,1784928593.86561,world,workspace,-0.0721911355745298,-0.0005509412263589577,0.0,0.0,-0.10574687133817579,0.994393080829803,1,1784928593.865948,29.000081062316895,workspace,1,321,,1,1784928622.8644564,0.0015726089477539062,world,pelvis,-0.8877809907313301,0.7983802032222931,0.7759097310488597,0.013838813818877652,0.0010927133875152882,0.9693372344048524,-0.24534184153114072,capsules,0.05,0.5,0.1,0.5,0.5
235,1784928622.9659328,23.606663866899908,1,1784928622.96547,0.0004627704620361328,17,-0.0258919820189476,1,-0.011835946701467037,1,0.03434636443853378,1,0.3247247040271759,1,0.5866701006889343,1,-0.0016933470033109188,1,0.8128180503845215,1,0.3289463222026825,1,-0.6958522200584412,1,0.0035487408749759197,1,1.0027998685836792,1,-0.2861698865890503,1,-0.02511323057115078,1,0.05831623822450638,1,-0.10002893954515457,1,0.0159869734197855,1,-0.029418600723147392,1,0,,,,,,,,,,,,,,,,,,,,,,,,,,,,,,,,,,,,,,,,,,,,,,,,,,,,,,,,,,,,,,,,,,,,,,,,,,,,,,,,,,,,,,,,,,,,,,,,,,,,,,,,,,,,,,,,,,,,,1,1784928622.964455,0.001477956771850586,world,base_footprint,-0.9325274380183816,0.7788020582401274,1,0,1,1784928593.86561,29.10032296180725,world,workspace,1,0,2,-0.0721911355745298,-0.0005509412263589577,0.0,0.0,0.0,-0.10574687133817579,0.994393080829803,1.5,1,2,1784928593.86561,world,workspace,-0.0721911355745298,-0.0005509412263589577,0.0,0.0,-0.10574687133817579,0.994393080829803,1,1784928593.865948,29.099984884262085,workspace,1,321,,1,1784928622.9644551,0.0014777183532714844,world,pelvis,-0.8958508717696388,0.7797932854617445,0.7779577436826504,0.022550350076982754,-0.0062467927993349,0.9558812727309725,-0.2928198281082483,capsules,0.05,0.5,0.1,0.5,0.5
236,1784928623.0659206,23.70665194746107,1,1784928623.0654423,0.0004782676696777344,17,-0.018205903470516205,1,0.07280141860246658,1,0.012030970305204391,1,0.3413650095462799,1,0.5263144373893738,1,-0.02068200707435608,1,0.8085026741027832,1,0.35524770617485046,1,-0.7728702425956726,1,-0.012420403771102428,1,1.0233875513076782,1,-0.3794330060482025,1,0.04391242191195488,1,0.03314657881855965,1,-0.02688208967447281,1,-0.012145943939685822,1,-0.09592457860708237,1,0,,,,,,,,,,,,,,,,,,,,,,,,,,,,,,,,,,,,,,,,,,,,,,,,,,,,,,,,,,,,,,,,,,,,,,,,,,,,,,,,,,,,,,,,,,,,,,,,,,,,,,,,,,,,,,,,,,,,,1,1784928623.0644546,0.0014660358428955078,world,base_footprint,-0.9391450099921494,0.7678412186285591,1,0,1,1784928593.86561,29.200310707092285,world,workspace,1,0,2,-0.0721911355745298,-0.0005509412263589577,0.0,0.0,0.0,-0.10574687133817579,0.994393080829803,1.5,1,2,1784928593.86561,world,workspace,-0.0721911355745298,-0.0005509412263589577,0.0,0.0,-0.10574687133817579,0.994393080829803,1,1784928593.865948,29.19997262954712,workspace,1,321,,1,1784928623.0644548,0.0014657974243164062,world,pelvis,-0.8979258240967143,0.745770467082578,0.7770289602925305,0.02029328095974013,-0.021856071076482266,0.9453438956472563,-0.32470819802933576,capsules,0.05,0.5,0.1,0.5,0.5
237,1784928623.1659498,23.80668213684112,1,1784928623.1649375,0.0010123252868652344,17,0.005402079783380032,1,0.10176893323659897,1,0.010525453835725784,1,0.38074222207069397,1,0.5495062470436096,1,-0.019630925729870796,1,0.8110124468803406,1,0.34556424617767334,1,-0.7638864517211914,1,-0.013627259992063046,1,1.0255811214447021,1,-0.25259631872177124,1,0.08303041011095047,1,0.040978237986564636,1,0.053760819137096405,1,-0.07947000861167908,1,-0.1309245228767395,1,0,,,,,,,,,,,,,,,,,,,,,,,,,,,,,,,,,,,,,,,,,,,,,,,,,,,,,,,,,,,,,,,,,,,,,,,,,,,,,,,,,,,,,,,,,,,,,,,,,,,,,,,,,,,,,,,,,,,,,1,1784928623.1644566,0.001493215560913086,world,base_footprint,-0.9543719869035463,0.708673008559106,1,0,1,1784928593.86561,29.300339937210083,world,workspace,1,0,2,-0.0721911355745298,-0.0005509412263589577,0.0,0.0,0.0,-0.10574687133817579,0.994393080829803,1.5,1,2,1784928593.86561,world,workspace,-0.0721911355745298,-0.0005509412263589577,0.0,0.0,-0.10574687133817579,0.994393080829803,1,1784928593.865948,29.300001859664917,workspace,1,321,,1,1784928623.1644566,0.001493215560913086,world,pelvis,-0.8994793322327239,0.6999802116019661,0.7721543989082553,0.03095868069984289,-0.017285634444558176,0.9380354825971347,-0.3447204669292716,capsules,0.05,0.5,0.1,0.5,0.5
238,1784928623.265983,23.906714831478894,1,1784928623.2650332,0.000949859619140625,17,0.01289600133895874,1,0.008715512230992317,1,0.024776281788945198,1,0.37642112374305725,1,0.6675750613212585,1,0.006331408862024546,1,0.8158861994743347,1,0.2999120354652405,1,-0.6091524958610535,1,0.005247384775429964,1,1.0105674266815186,1,-0.1741843968629837,1,0.004212928470224142,1,0.006918021477758884,1,-0.13891342282295227,1,0.011179747059941292,1,0.01852811872959137,1,0,,,,,,,,,,,,,,,,,,,,,,,,,,,,,,,,,,,,,,,,,,,,,,,,,,,,,,,,,,,,,,,,,,,,,,,,,,,,,,,,,,,,,,,,,,,,,,,,,,,,,,,,,,,,,,,,,,,,,1,1784928623.2644548,0.0015282630920410156,world,base_footprint,-0.9543474121176977,0.6599017946802911,1,0,1,1784928593.86561,29.400373220443726,world,workspace,1,0,2,-0.0721911355745298,-0.0005509412263589577,0.0,0.0,0.0,-0.10574687133817579,0.994393080829803,1.5,1,2,1784928593.86561,world,workspace,-0.0721911355745298,-0.0005509412263589577,0.0,0.0,-0.10574687133817579,0.994393080829803,1,1784928593.865948,29.40003514289856,workspace,1,321,,1,1784928623.264455,0.001528024673461914,world,pelvis,-0.9096965476005022,0.6786802094818871,0.7770554018561119,0.03089556231964127,0.0004583556036761721,0.9270038194365097,-0.37377690256250024,capsules,0.05,0.5,0.1,0.5,0.5
239,1784928623.3659582,24.006692002527416,1,1784928623.3648298,0.0011284351348876953,17,0.02792990580201149,1,-0.05656079947948456,1,0.011223290115594864,1,0.38113775849342346,1,0.7168760895729065,1,0.023732865229249,1,0.8224949240684509,1,0.2771303653717041,1,-0.56191086769104,1,0.018575511872768402,1,0.9906365871429443,1,-0.14328168332576752,1,-0.011451486498117447,1,-0.005636285990476608,1,-0.27795445919036865,1,0.05641231685876846,1,-0.03643286973237991,1,0,,,,,,,,,,,,,,,,,,,,,,,,,,,,,,,,,,,,,,,,,,,,,,,,,,,,,,,,,,,,,,,,,,,,,,,,,,,,,,,,,,,,,,,,,,,,,,,,,,,,,,,,,,,,,,,,,,,,,1,1784928623.364456,0.0015022754669189453,world,base_footprint,-0.9569944759340934,0.647517418497824,1,0,1,1784928593.86561,29.500348329544067,world,workspace,1,0,2,-0.0721911355745298,-0.0005509412263589577,0.0,0.0,0.0,-0.10574687133817579,0.994393080829803,1.5,1,2,1784928593.86561,world,workspace,-0.0721911355745298,-0.0005509412263589577,0.0,0.0,-0.10574687133817579,0.994393080829803,1,1784928593.865948,29.5000102519989,workspace,1,321,,1,1784928623.364456,0.0015022754669189453,world,pelvis,-0.9259772431987805,0.666016270567027,0.7786198308401587,0.022795231429441537,0.0032978663326058135,0.9230992056724913,-0.38387153839343974,capsules,0.05,0.5,0.1,0.5,0.5
240,1784928623.4664216,24.10716015473008,1,1784928623.4644482,0.001973390579223633,17,0.011397670023143291,1,-0.09889478981494904,1,-0.008882088586688042,1,0.37888193130493164,1,0.6906458139419556,1,0.02350408025085926,1,0.8238497376441956,1,0.3000185787677765,1,-0.602636992931366,1,0.018087243661284447,1,0.992072343826294,1,-0.12226352095603943,1,-0.03623868525028229,1,-0.041766442358493805,1,-0.18365360796451569,1,0.03693472221493721,1,0.05918450281023979,1,0,,,,,,,,,,,,,,,,,,,,,,,,,,,,,,,,,,,,,,,,,,,,,,,,,,,,,,,,,,,,,,,,,,,,,,,,,,,,,,,,,,,,,,,,,,,,,,,,,,,,,,,,,,,,,,,,,,,,,1,1784928623.4634566,0.0029649734497070312,world,base_footprint,-0.9655700302899715,0.6269221445284742,1,0,1,1784928593.86561,29.60081171989441,world,workspace,1,0,2,-0.0721911355745298,-0.0005509412263589577,0.0,0.0,0.0,-0.10574687133817579,0.994393080829803,1.5,1,2,1784928593.86561,world,workspace,-0.0721911355745298,-0.0005509412263589577,0.0,0.0,-0.10574687133817579,0.994393080829803,1,1784928593.865948,29.600473642349243,workspace,1,321,,1,1784928623.4644542,0.0019674301147460938,world,pelvis,-0.948966560697084,0.6505145594816769,0.7759103381386098,0.01663078457732351,0.008955742150819736,0.912888471286716,-0.4077718120207348,capsules,0.05,0.5,0.1,0.5,0.5
241,1784928623.5663989,24.20713256765157,1,1784928623.5652943,0.001104593276977539,17,-0.017058806493878365,1,-0.038126807659864426,1,0.01400871854275465,1,0.34164148569107056,1,0.5711281895637512,1,-0.005491765681654215,1,0.8180990219116211,1,0.32884156703948975,1,-0.7104160785675049,1,0.000556550920009613,1,1.0044199228286743,1,-0.24915999174118042,1,-0.010896039195358753,1,0.05524917319417,1,-0.09859415888786316,1,0.011823666281998158,1,-0.01600223407149315,1,0,,,,,,,,,,,,,,,,,,,,,,,,,,,,,,,,,,,,,,,,,,,,,,,,,,,,,,,,,,,,,,,,,,,,,,,,,,,,,,,,,,,,,,,,,,,,,,,,,,,,,,,,,,,,,,,,,,,,,1,1784928623.5644553,0.0019435882568359375,world,base_footprint,-0.9878274940295341,0.6062980102761886,1,0,1,1784928593.86561,29.700788974761963,world,workspace,1,0,2,-0.0721911355745298,-0.0005509412263589577,0.0,0.0,0.0,-0.10574687133817579,0.994393080829803,1.5,1,2,1784928593.86561,world,workspace,-0.0721911355745298,-0.0005509412263589577,0.0,0.0,-0.10574687133817579,0.994393080829803,1,1784928593.865948,29.700450897216797,workspace,1,321,,1,1784928623.5654564,0.0009424686431884766,world,pelvis,-0.9550726656104448,0.628928417665374,0.7782179742185925,0.025132364706629322,0.0036225908817502962,0.8951236010843705,-0.44509434939269366,capsules,0.05,0.5,0.1,0.5,0.5
242,1784928623.6660128,24.306748126633465,1,1784928623.6646512,0.0013616085052490234,17,-0.01174997165799141,1,0.054797183722257614,1,-0.016835549846291542,1,0.35965296626091003,1,0.5086646676063538,1,-0.026182297617197037,1,0.8156232833862305,1,0.3534914255142212,1,-0.7812454700469971,1,-0.015456130728125572,1,1.0227457284927368,1,-0.33077922463417053,1,0.04900519549846649,1,0.031199861317873,1,-0.016687871888279915,1,-0.003645277116447687,1,-0.06562233716249466,1,0,,,,,,,,,,,,,,,,,,,,,,,,,,,,,,,,,,,,,,,,,,,,,,,,,,,,,,,,,,,,,,,,,,,,,,,,,,,,,,,,,,,,,,,,,,,,,,,,,,,,,,,,,,,,,,,,,,,,,1,1784928623.664456,0.0015568733215332031,world,base_footprint,-0.9957508092339529,0.5950319797978858,1,0,1,1784928593.86561,29.800402879714966,world,workspace,1,0,2,-0.0721911355745298,-0.0005509412263589577,0.0,0.0,0.0,-0.10574687133817579,0.994393080829803,1.5,1,2,1784928593.86561,world,workspace,-0.0721911355745298,-0.0005509412263589577,0.0,0.0,-0.10574687133817579,0.994393080829803,1,1784928593.865948,29.8000648021698,workspace,1,321,,1,1784928623.6644561,0.0015566349029541016,world,pelvis,-0.9513580088557372,0.5949296453103045,0.778160355380505,0.025006718277371404,-0.013283546661418759,0.8838588583594599,-0.4668958448397269,capsules,0.05,0.5,0.1,0.5,0.5
243,1784928623.7659905,24.406728924252093,1,1784928623.7653692,0.0006213188171386719,17,0.010679012164473534,1,0.08304610103368759,1,-0.018531600013375282,1,0.39058917760849,1,0.5359572768211365,1,-0.024303197860717773,1,0.8167749643325806,1,0.34362900257110596,1,-0.7632825374603271,1,-0.015998875722289085,1,1.0236561298370361,1,-0.21960219740867615,1,0.05879994481801987,1,0.04633590951561928,1,0.05012005195021629,1,-0.0692884549498558,1,-0.0797109380364418,1,0,,,,,,,,,,,,,,,,,,,,,,,,,,,,,,,,,,,,,,,,,,,,,,,,,,,,,,,,,,,,,,,,,,,,,,,,,,,,,,,,,,,,,,,,,,,,,,,,,,,,,,,,,,,,,,,,,,,,,1,1784928623.764454,0.0015366077423095703,world,base_footprint,-0.9883445239072229,0.5369219550653411,1,0,1,1784928593.86561,29.900380611419678,world,workspace,1,0,2,-0.0721911355745298,-0.0005509412263589577,0.0,0.0,0.0,-0.10574687133817579,0.994393080829803,1.5,1,2,1784928593.86561,world,workspace,-0.0721911355745298,-0.0005509412263589577,0.0,0.0,-0.10574687133817579,0.994393080829803,1,1784928593.865948,29.90004253387451,workspace,1,321,,1,1784928623.764454,0.0015366077423095703,world,pelvis,-0.9440285271915715,0.5513159115315537,0.7745298508082771,0.029224277379794036,-0.005414738139841195,0.878505531758484,-0.47680672488152814,capsules,0.05,0.5,0.1,0.5,0.5
244,1784928623.8659787,24.506714501418173,1,1784928623.8649116,0.0010671615600585938,17,0.02282208576798439,1,-0.00225821346975863,1,0.020622294396162033,1,0.38386476039886475,1,0.6697109341621399,1,0.007552663329988718,1,0.8185456991195679,1,0.293373703956604,1,-0.6062478423118591,1,0.00620201975107193,1,1.007196307182312,1,-0.12759102880954742,1,0.0026850495487451553,1,0.03576125204563141,1,-0.13695365190505981,1,0.0270181093364954,1,0.00045065939775668085,1,0,,,,,,,,,,,,,,,,,,,,,,,,,,,,,,,,,,,,,,,,,,,,,,,,,,,,,,,,,,,,,,,,,,,,,,,,,,,,,,,,,,,,,,,,,,,,,,,,,,,,,,,,,,,,,,,,,,,,,1,1784928623.8644543,0.0015244483947753906,world,base_footprint,-0.9843836761686708,0.4857779477726182,1,0,1,1784928593.86561,30.00036883354187,world,workspace,1,0,2,-0.0721911355745298,-0.0005509412263589577,0.0,0.0,0.0,-0.10574687133817579,0.994393080829803,1.5,1,2,1784928593.86561,world,workspace,-0.0721911355745298,-0.0005509412263589577,0.0,0.0,-0.10574687133817579,0.994393080829803,1,1784928593.865948,30.000030755996704,workspace,1,321,,1,1784928623.8644545,0.001524209976196289,world,pelvis,-0.9536650522979664,0.5283283522767097,0.7769420820653674,0.030376476574352204,0.014076833343781738,0.8714986079825288,-0.4892538080776215,capsules,0.05,0.5,0.1,0.5,0.5
245,1784928623.9660916,24.606826192699373,1,1784928623.9653988,0.0006928443908691406,17,0.02520684152841568,1,-0.057800184935331345,1,-0.0095278425142169,1,0.3909662365913391,1,0.7188148498535156,1,0.023956337943673134,1,0.8270366787910461,1,0.28526145219802856,1,-0.5556821823120117,1,0.01968112587928772,1,0.993492841720581,1,-0.08929531276226044,1,-0.0016206594882532954,1,0.032567206770181656,1,-0.2928681969642639,1,0.05487620830535889,1,-0.04883110895752907,1,0,,,,,,,,,,,,,,,,,,,,,,,,,,,,,,,,,,,,,,,,,,,,,,,,,,,,,,,,,,,,,,,,,,,,,,,,,,,,,,,,,,,,,,,,,,,,,,,,,,,,,,,,,,,,,,,,,,,,,1,1784928623.9644556,0.0016360282897949219,world,base_footprint,-0.9877685433942319,0.47544318697020876,1,0,1,1784928593.86561,30.100481748580933,world,workspace,1,0,2,-0.0721911355745298,-0.0005509412263589577,0.0,0.0,0.0,-0.10574687133817579,0.994393080829803,1.5,1,2,1784928593.86561,world,workspace,-0.0721911355745298,-0.0005509412263589577,0.0,0.0,-0.10574687133817579,0.994393080829803,1,1784928593.865948,30.100143671035767,workspace,1,321,,1,1784928623.965458,0.0006337165832519531,world,pelvis,-0.9734758538005278,0.5083903611590772,0.7781081810512008,0.01828678905911261,0.01379128702323345,0.8699028705298597,-0.4926909676379917,capsules,0.05,0.5,0.1,0.5,0.5
246,1784928624.0661106,24.706847125664353,1,1784928624.0646465,0.0014641284942626953,17,0.002990618348121643,1,-0.08364512771368027,1,-0.03390275314450264,1,0.38477209210395813,1,0.6943312287330627,1,0.023709826171398163,1,0.8275942802429199,1,0.3234717547893524,1,-0.5946854948997498,1,0.019284354522824287,1,0.9967440366744995,1,-0.0504547581076622,1,-0.003397516207769513,1,0.001242807600647211,1,-0.19171075522899628,1,0.011137068271636963,1,0.039693448692560196,1,0,,,,,,,,,,,,,,,,,,,,,,,,,,,,,,,,,,,,,,,,,,,,,,,,,,,,,,,,,,,,,,,,,,,,,,,,,,,,,,,,,,,,,,,,,,,,,,,,,,,,,,,,,,,,,,,,,,,,,1,1784928624.0644543,0.0016562938690185547,world,base_footprint,-1.0052512655549974,0.45124603637307287,1,0,1,1784928593.86561,30.20050072669983,world,workspace,1,0,2,-0.0721911355745298,-0.0005509412263589577,0.0,0.0,0.0,-0.10574687133817579,0.994393080829803,1.5,1,2,1784928593.86561,world,workspace,-0.0721911355745298,-0.0005509412263589577,0.0,0.0,-0.10574687133817579,0.994393080829803,1,1784928593.865948,30.200162649154663,workspace,1,321,,1,1784928624.065455,0.0006556510925292969,world,pelvis,-1.0003942414474845,0.48298232529200424,0.7750886953036373,-0.014254932158531977,-0.015325820722628829,-0.8595180645591254,0.5106766225556725,capsules,0.05,0.5,0.1,0.5,0.5
247,1784928624.1659472,24.806681843474507,1,1784928624.165077,0.0008702278137207031,17,-0.024976296350359917,1,-0.0214143767952919,1,0.0027672916185110807,1,0.33458298444747925,1,0.5759281516075134,1,-0.0031881146132946014,1,0.8169863820075989,1,0.34590426087379456,1,-0.6976270079612732,1,0.003935608547180891,1,1.0102237462997437,1,-0.19094553589820862,1,0.006112726405262947,1,0.046859197318553925,1,-0.08960083872079849,1,0.00010392966214567423,1,-0.027618417516350746,1,0,,,,,,,,,,,,,,,,,,,,,,,,,,,,,,,,,,,,,,,,,,,,,,,,,,,,,,,,,,,,,,,,,,,,,,,,,,,,,,,,,,,,,,,,,,,,,,,,,,,,,,,,,,,,,,,,,,,,,1,1784928624.1644545,0.0014927387237548828,world,base_footprint,-1.031859119468717,0.42172092123757654,1,0,1,1784928593.86561,30.300337314605713,world,workspace,1,0,2,-0.0721911355745298,-0.0005509412263589577,0.0,0.0,0.0,-0.10574687133817579,0.994393080829803,1.5,1,2,1784928593.86561,world,workspace,-0.0721911355745298,-0.0005509412263589577,0.0,0.0,-0.10574687133817579,0.994393080829803,1,1784928593.865948,30.299999237060547,workspace,1,321,,1,1784928624.165457,0.0004901885986328125,world,pelvis,-1.0092224967858885,0.4571544216038248,0.7781488147776272,-0.024569300780113965,-0.011167287095479586,-0.8403411532446378,0.5413856179485893,capsules,0.05,0.5,0.1,0.5,0.5
248,1784928624.265983,24.90671585034579,1,1784928624.2649834,0.0009996891021728516,17,-0.019111398607492447,1,0.07008563727140427,1,-0.007805935572832823,1,0.3435559570789337,1,0.5138385891914368,1,-0.0250694677233696,1,0.8082183003425598,1,0.3580116927623749,1,-0.7730006575584412,1,-0.013315686024725437,1,1.0229167938232422,1,-0.3154588043689728,1,0.03919393569231033,1,0.04050172492861748,1,0.0012569971149787307,1,-0.0068491376005113125,1,-0.07441116124391556,1,0,,,,,,,,,,,,,,,,,,,,,,,,,,,,,,,,,,,,,,,,,,,,,,,,,,,,,,,,,,,,,,,,,,,,,,,,,,,,,,,,,,,,,,,,,,,,,,,,,,,,,,,,,,,,,,,,,,,,,1,1784928624.2644558,0.0015273094177246094,world,base_footprint,-1.0426470349017987,0.4057327883853487,1,0,1,1784928593.86561,30.400373220443726,world,workspace,1,0,2,-0.0721911355745298,-0.0005509412263589577,0.0,0.0,0.0,-0.10574687133817579,0.994393080829803,1.5,1,2,1784928593.86561,world,workspace,-0.0721911355745298,-0.0005509412263589577,0.0,0.0,-0.10574687133817579,0.994393080829803,1,1784928593.865948,30.40003514289856,workspace,1,321,,1,1784928624.2644558,0.0015273094177246094,world,pelvis,-1.005241052427165,0.42289692923495553,0.7783090234190375,-0.02590034981656569,0.004268481408476478,-0.8286836971946752,0.5591013163547455,capsules,0.05,0.5,0.1,0.5,0.5
249,1784928624.3659196,25.006650273688138,1,1784928624.3650825,0.0008370876312255859,17,0.011492809280753136,1,0.09483974426984787,1,-0.0030295990873128176,1,0.38130834698677063,1,0.5476001501083374,1,-0.0229862742125988,1,0.810653567314148,1,0.34125158190727234,1,-0.7585185766220093,1,-0.013802139088511467,1,1.0228407382965088,1,-0.2206932157278061,1,0.04141462966799736,1,0.04413449764251709,1,0.06939235329627991,1,-0.053911708295345306,1,-0.08059263974428177,1,0,,,,,,,,,,,,,,,,,,,,,,,,,,,,,,,,,,,,,,,,,,,,,,,,,,,,,,,,,,,,,,,,,,,,,,,,,,,,,,,,,,,,,,,,,,,,,,,,,,,,,,,,,,,,,,,,,,,,,1,1784928624.3644547,0.00146484375,world,base_footprint,-1.034899685257404,0.35189297096541133,1,0,1,1784928593.86561,30.500309705734253,world,workspace,1,0,2,-0.0721911355745298,-0.0005509412263589577,0.0,0.0,0.0,-0.10574687133817579,0.994393080829803,1.5,1,2,1784928593.86561,world,workspace,-0.0721911355745298,-0.0005509412263589577,0.0,0.0,-0.10574687133817579,0.994393080829803,1,1784928593.865948,30.499971628189087,workspace,1,321,,1,1784928624.3644547,0.00146484375,world,pelvis,-0.9982482684064363,0.38018501480918354,0.7737926205473978,-0.029478722448075697,-0.0018038716458806245,-0.8270760334510623,0.5613136252228088,capsules,0.05,0.5,0.1,0.5,0.5
250,1784928624.465947,25.10667838063091,1,1784928624.4647865,0.0011603832244873047,17,0.021778173744678497,1,0.010710585862398148,1,0.019946064800024033,1,0.3840567469596863,1,0.6681328415870667,1,0.0067577064037323,1,0.8192397952079773,1,0.29423093795776367,1,-0.6116062998771667,1,0.004384602885693312,1,1.0081838369369507,1,-0.14771521091461182,1,0.003653050633147359,1,0.03490198403596878,1,-0.12752307951450348,1,0.03097548522055149,1,0.015264628455042839,1,0,,,,,,,,,,,,,,,,,,,,,,,,,,,,,,,,,,,,,,,,,,,,,,,,,,,,,,,,,,,,,,,,,,,,,,,,,,,,,,,,,,,,,,,,,,,,,,,,,,,,,,,,,,,,,,,,,,,,,1,1784928624.4644542,0.0014927387237548828,world,base_footprint,-1.0279982323807155,0.31345531621850387,1,0,1,1784928593.86561,30.600337028503418,world,workspace,1,0,2,-0.0721911355745298,-0.0005509412263589577,0.0,0.0,0.0,-0.10574687133817579,0.994393080829803,1.5,1,2,1784928593.86561,world,workspace,-0.0721911355745298,-0.0005509412263589577,0.0,0.0,-0.10574687133817579,0.994393080829803,1,1784928593.865948,30.599998950958252,workspace,1,321,,1,1784928624.4644542,0.0014927387237548828,world,pelvis,-1.010832771934575,0.3545405948948826,0.7763372253009482,-0.0239215245663303,-0.01531024429375913,-0.8217651887327546,0.569118029646846,capsules,0.05,0.5,0.1,0.5,0.5
251,1784928624.5660446,25.206777379848063,1,1784928624.5657735,0.00027108192443847656,17,0.038785211741924286,1,-0.05417695268988609,1,0.002962949685752392,1,0.39681383967399597,1,0.7120250463485718,1,0.023033441975712776,1,0.8303531408309937,1,0.2721607983112335,1,-0.5606216788291931,1,0.01874043047428131,1,0.9897337555885315,1,-0.09736703336238861,1,0.017662925645709038,1,0.06180780380964279,1,-0.3192382752895355,1,0.024055106565356255,1,-0.06131717190146446,1,0,,,,,,,,,,,,,,,,,,,,,,,,,,,,,,,,,,,,,,,,,,,,,,,,,,,,,,,,,,,,,,,,,,,,,,,,,,,,,,,,,,,,,,,,,,,,,,,,,,,,,,,,,,,,,,,,,,,,,1,1784928624.5644548,0.0015897750854492188,world,base_footprint,-1.033635791468842,0.3052435694522943,1,0,1,1784928593.86561,30.700434684753418,world,workspace,1,0,2,-0.0721911355745298,-0.0005509412263589577,0.0,0.0,0.0,-0.10574687133817579,0.994393080829803,1.5,1,2,1784928593.86561,world,workspace,-0.0721911355745298,-0.0005509412263589577,0.0,0.0,-0.10574687133817579,0.994393080829803,1,1784928593.865948,30.700096607208252,workspace,1,321,,1,1784928624.564455,0.0015895366668701172,world,pelvis,-1.0330272220183274,0.33183306607981344,0.7781469058643242,-0.009790998568561046,-0.013848511913562083,-0.8294112424723851,0.5583810042661059,capsules,0.05,0.5,0.1,0.5,0.5
252,1784928624.6659927,25.30672718025744,1,1784928624.665461,0.0005316734313964844,17,0.0034155005123466253,1,-0.09106884896755219,1,0.013409770093858242,1,0.3806220591068268,1,0.692345917224884,1,0.022627534344792366,1,0.8298912644386292,1,0.3035566210746765,1,-0.6056537628173828,1,0.017521090805530548,1,0.992895245552063,1,-0.055516183376312256,1,0.022254541516304016,1,0.0350472517311573,1,-0.22350728511810303,1,-0.0020047766156494617,1,0.014862525276839733,1,0,,,,,,,,,,,,,,,,,,,,,,,,,,,,,,,,,,,,,,,,,,,,,,,,,,,,,,,,,,,,,,,,,,,,,,,,,,,,,,,,,,,,,,,,,,,,,,,,,,,,,,,,,,,,,,,,,,,,,1,1784928624.6644542,0.0015385150909423828,world,base_footprint,-1.0543246577827987,0.2662096454093539,1,0,1,1784928593.86561,30.80038285255432,world,workspace,1,0,2,-0.0721911355745298,-0.0005509412263589577,0.0,0.0,0.0,-0.10574687133817579,0.994393080829803,1.5,1,2,1784928593.86561,world,workspace,-0.0721911355745298,-0.0005509412263589577,0.0,0.0,-0.10574687133817579,0.994393080829803,1,1784928593.865948,30.800044775009155,workspace,1,321,,1,1784928624.6644542,0.0015385150909423828,world,pelvis,-1.0610326384730389,0.30552560851502947,0.7717179175397595,-0.010870310789406909,-0.022998407936874167,-0.819083033095669,0.5731107174626122,capsules,0.05,0.5,0.1,0.5,0.5
253,1784928624.7659159,25.406647868454456,1,1784928624.7655766,0.00033926963806152344,17,-0.021888814866542816,1,-0.0028837912250310183,1,0.021934663876891136,1,0.3377591669559479,1,0.5500335693359375,1,-0.01098102517426014,1,0.818028450012207,1,0.3417690396308899,1,-0.7242804169654846,1,-0.002355919685214758,1,1.0139862298965454,1,-0.2102750688791275,1,0.017211174592375755,1,0.03921228274703026,1,-0.12883999943733215,1,0.0009418724221177399,1,-0.030012888833880424,1,0,,,,,,,,,,,,,,,,,,,,,,,,,,,,,,,,,,,,,,,,,,,,,,,,,,,,,,,,,,,,,,,,,,,,,,,,,,,,,,,,,,,,,,,,,,,,,,,,,,,,,,,,,,,,,,,,,,,,,1,1784928624.7644563,0.0014595985412597656,world,base_footprint,-1.0801431261936225,0.23508944535360374,1,0,1,1784928593.86561,30.90030598640442,world,workspace,1,0,2,-0.0721911355745298,-0.0005509412263589577,0.0,0.0,0.0,-0.10574687133817579,0.994393080829803,1.5,1,2,1784928593.86561,world,workspace,-0.0721911355745298,-0.0005509412263589577,0.0,0.0,-0.10574687133817579,0.994393080829803,1,1784928593.865948,30.899967908859253,workspace,1,321,,1,1784928624.7644565,0.001459360122680664,world,pelvis,-1.0657712508076507,0.275401497569958,0.7750683022914877,-0.022613808064151274,-0.01528926928859041,-0.8054698772901568,0.5920077116960881,capsules,0.05,0.5,0.1,0.5,0.5
254,1784928624.865989,25.506722882390022,1,1784928624.86528,0.0007090568542480469,17,-0.026234203949570656,1,0.08406791090965271,1,-0.0008810059516690671,1,0.3381200134754181,1,0.4997098445892334,1,-0.03114086017012596,1,0.808659017086029,1,0.36114174127578735,1,-0.7770566344261169,1,-0.015326330438256264,1,1.0256412029266357,1,-0.3180239498615265,1,0.021472783759236336,1,0.04044153168797493,1,-0.03558015078306198,1,-0.004931631963700056,1,-0.07222188264131546,1,0,,,,,,,,,,,,,,,,,,,,,,,,,,,,,,,,,,,,,,,,,,,,,,,,,,,,,,,,,,,,,,,,,,,,,,,,,,,,,,,,,,,,,,,,,,,,,,,,,,,,,,,,,,,,,,,,,,,,,1,1784928624.8644545,0.0015344619750976562,world,base_footprint,-1.09108094336896,0.21410344703919498,1,0,1,1784928593.86561,31.00037908554077,world,workspace,1,0,2,-0.0721911355745298,-0.0005509412263589577,0.0,0.0,0.0,-0.10574687133817579,0.994393080829803,1.5,1,2,1784928593.86561,world,workspace,-0.0721911355745298,-0.0005509412263589577,0.0,0.0,-0.10574687133817579,0.994393080829803,1,1784928593.865948,31.000041007995605,workspace,1,321,,1,1784928624.865455,0.0005340576171875,world,pelvis,-1.058164794266756,0.23981746070524962,0.7766814277591468,-0.02671662853005265,-0.0005819119198853255,-0.7935247581414869,0.607950936634692,capsules,0.05,0.5,0.1,0.5,0.5
255,1784928624.9660015,25.60673334635794,1,1784928624.964924,0.001077413558959961,17,0.0028961864300072193,1,0.1060890406370163,1,-0.009509725496172905,1,0.3647904694080353,1,0.5503397583961487,1,-0.0252789668738842,1,0.8102456331253052,1,0.34906646609306335,1,-0.7458269596099854,1,-0.015247277915477753,1,1.0260359048843384,1,-0.22202710807323456,1,0.03738996013998985,1,0.07090885192155838,1,0.042980536818504333,1,-0.03944976255297661,1,-0.0761106088757515,1,0,,,,,,,,,,,,,,,,,,,,,,,,,,,,,,,,,,,,,,,,,,,,,,,,,,,,,,,,,,,,,,,,,,,,,,,,,,,,,,,,,,,,,,,,,,,,,,,,,,,,,,,,,,,,,,,,,,,,,1,1784928624.964456,0.0015454292297363281,world,base_footprint,-1.084069284157647,0.16352329783306224,1,0,1,1784928593.86561,31.100391626358032,world,workspace,1,0,2,-0.0721911355745298,-0.0005509412263589577,0.0,0.0,0.0,-0.10574687133817579,0.994393080829803,1.5,1,2,1784928593.86561,world,workspace,-0.0721911355745298,-0.0005509412263589577,0.0,0.0,-0.10574687133817579,0.994393080829803,1,1784928593.865948,31.100053548812866,workspace,1,321,,1,1784928624.964456,0.0015454292297363281,world,pelvis,-1.0484401379092594,0.19949274257688032,0.7728893273818803,-0.032003411019256627,-0.004345357757433558,-0.7925134496173989,0.6089986303142423,capsules,0.05,0.5,0.1,0.5,0.5
256,1784928625.0660057,25.70674096699804,1,1784928625.065726,0.0002796649932861328,17,0.013359514996409416,1,0.015291846357285976,1,0.02282685600221157,1,0.3608148396015167,1,0.6786230802536011,1,0.01070520281791687,1,0.815628170967102,1,0.2944353222846985,1,-0.5955946445465088,1,0.00770016573369503,1,1.0065747499465942,1,-0.13892748951911926,1,0.004355804529041052,1,0.06278889626264572,1,-0.15653729438781738,1,0.051327891647815704,1,-0.007708521094173193,1,0,,,,,,,,,,,,,,,,,,,,,,,,,,,,,,,,,,,,,,,,,,,,,,,,,,,,,,,,,,,,,,,,,,,,,,,,,,,,,,,,,,,,,,,,,,,,,,,,,,,,,,,,,,,,,,,,,,,,,1,1784928625.064456,0.0015497207641601562,world,base_footprint,-1.0762272149436074,0.12378327321125626,1,0,1,1784928593.86561,31.200395822525024,world,workspace,1,0,2,-0.0721911355745298,-0.0005509412263589577,0.0,0.0,0.0,-0.10574687133817579,0.994393080829803,1.5,1,2,1784928593.86561,world,workspace,-0.0721911355745298,-0.0005509412263589577,0.0,0.0,-0.10574687133817579,0.994393080829803,1,1784928593.865948,31.20005774497986,workspace,1,321,,1,1784928625.0644562,0.0015494823455810547,world,pelvis,-1.058591169415852,0.17536268438147806,0.7766307320062827,-0.029114193022954184,-0.019020853408944417,-0.7878984557697309,0.6148224087457215,capsules,0.05,0.5,0.1,0.5,0.5
257,1784928625.165965,25.806699665263295,1,1784928625.1654615,0.0005035400390625,17,0.024970559403300285,1,-0.050796989351511,1,-0.007361806463450193,1,0.37928131222724915,1,0.7188552021980286,1,0.024819759652018547,1,0.8233661651611328,1,0.2801925241947174,1,-0.5600073933601379,1,0.019189640879631042,1,0.9922898411750793,1,-0.1041792705655098,1,0.011474451050162315,1,0.08008625358343124,1,-0.31835833191871643,1,0.042471326887607574,1,-0.07379093766212463,1,0,,,,,,,,,,,,,,,,,,,,,,,,,,,,,,,,,,,,,,,,,,,,,,,,,,,,,,,,,,,,,,,,,,,,,,,,,,,,,,,,,,,,,,,,,,,,,,,,,,,,,,,,,,,,,,,,,,,,,1,1784928625.1644576,0.0015075206756591797,world,base_footprint,-1.0780061157182899,0.12026649939579312,1,0,1,1784928593.86561,31.300355195999146,world,workspace,1,0,2,-0.0721911355745298,-0.0005509412263589577,0.0,0.0,0.0,-0.10574687133817579,0.994393080829803,1.5,1,2,1784928593.86561,world,workspace,-0.0721911355745298,-0.0005509412263589577,0.0,0.0,-0.10574687133817579,0.994393080829803,1,1784928593.865948,31.30001711845398,workspace,1,321,,1,1784928625.1644578,0.0015072822570800781,world,pelvis,-1.0767956213865342,0.15199633725320988,0.7782782298932099,-0.012932998065757184,-0.015581422028820414,-0.793097111301587,0.6087585144321754,capsules,0.05,0.5,0.1,0.5,0.5
258,1784928625.2659786,25.906710471957922,1,1784928625.2651958,0.0007827281951904297,17,0.00796469021588564,1,-0.09768310934305191,1,-0.016750268638134003,1,0.38027340173721313,1,0.6965996026992798,1,0.024435384199023247,1,0.8238857388496399,1,0.3118283748626709,1,-0.600586473941803,1,0.018885347992181778,1,0.993106484413147,1,-0.04877641797065735,1,0.013682705350220203,1,0.06732718646526337,1,-0.21777814626693726,1,-0.01009134016931057,1,0.002342557767406106,1,0,,,,,,,,,,,,,,,,,,,,,,,,,,,,,,,,,,,,,,,,,,,,,,,,,,,,,,,,,,,,,,,,,,,,,,,,,,,,,,,,,,,,,,,,,,,,,,,,,,,,,,,,,,,,,,,,,,,,,1,1784928625.2644565,0.001522064208984375,world,base_footprint,-1.088406151504257,0.08947889394519815,1,0,1,1784928593.86561,31.400368690490723,world,workspace,1,0,2,-0.0721911355745298,-0.0005509412263589577,0.0,0.0,0.0,-0.10574687133817579,0.994393080829803,1.5,1,2,1784928593.86561,world,workspace,-0.0721911355745298,-0.0005509412263589577,0.0,0.0,-0.10574687133817579,0.994393080829803,1,1784928593.865948,31.400030612945557,workspace,1,321,,1,1784928625.2644565,0.001522064208984375,world,pelvis,-1.1009203513579764,0.12374756793593837,0.7755116316594519,-0.00720670368251728,-0.022122745941477093,-0.7866717681985954,0.6169328785640597,capsules,0.05,0.5,0.1,0.5,0.5
259,1784928625.365947,26.0066783381626,1,1784928625.3650296,0.0009174346923828125,17,-0.014334154315292835,1,-0.03136806562542915,1,0.018207117915153503,1,0.34181302785873413,1,0.5773205161094666,1,-0.0017715401481837034,1,0.8196536302566528,1,0.32772746682167053,1,-0.7077944278717041,1,0.0008338231709785759,1,1.006992220878601,1,-0.1900501549243927,1,0.02828141674399376,1,0.05133669823408127,1,-0.1331799030303955,1,0.011228351853787899,1,-0.04042304679751396,1,0,,,,,,,,,,,,,,,,,,,,,,,,,,,,,,,,,,,,,,,,,,,,,,,,,,,,,,,,,,,,,,,,,,,,,,,,,,,,,,,,,,,,,,,,,,,,,,,,,,,,,,,,,,,,,,,,,,,,,1,1784928625.3644545,0.0014925003051757812,world,base_footprint,-1.121396952037524,0.05694142589602898,1,0,1,1784928593.86561,31.50033712387085,world,workspace,1,0,2,-0.0721911355745298,-0.0005509412263589577,0.0,0.0,0.0,-0.10574687133817579,0.994393080829803,1.5,1,2,1784928593.86561,world,workspace,-0.0721911355745298,-0.0005509412263589577,0.0,0.0,-0.10574687133817579,0.994393080829803,1,1784928593.865948,31.499999046325684,workspace,1,321,,1,1784928625.3644547,0.0014922618865966797,world,pelvis,-1.1092605967770182,0.09825967783732747,0.7764083374569402,-0.022651105981339844,-0.015536644467799047,-0.7748250138459826,0.6315787662636201,capsules,0.05,0.5,0.1,0.5,0.5
260,1784928625.465952,26.10668399464339,1,1784928625.4651577,0.0007941722869873047,17,-0.014292299747467041,1,0.056268054991960526,1,0.0021413215436041355,1,0.3507106602191925,1,0.5051027536392212,1,-0.02823958732187748,1,0.8155268430709839,1,0.3437926173210144,1,-0.7786921858787537,1,-0.015224125236272812,1,1.0177985429763794,1,-0.29500749707221985,1,0.022470885887742043,1,0.04255210608243942,1,-0.048672571778297424,1,0.015415791422128677,1,-0.060952555388212204,1,0,,,,,,,,,,,,,,,,,,,,,,,,,,,,,,,,,,,,,,,,,,,,,,,,,,,,,,,,,,,,,,,,,,,,,,,,,,,,,,,,,,,,,,,,,,,,,,,,,,,,,,,,,,,,,,,,,,,,,1,1784928625.464454,0.0014979839324951172,world,base_footprint,-1.1322830857825263,0.03564981740367516,1,0,1,1784928593.86561,31.60034203529358,world,workspace,1,0,2,-0.0721911355745298,-0.0005509412263589577,0.0,0.0,0.0,-0.10574687133817579,0.994393080829803,1.5,1,2,1784928593.86561,world,workspace,-0.0721911355745298,-0.0005509412263589577,0.0,0.0,-0.10574687133817579,0.994393080829803,1,1784928593.865948,31.600003957748413,workspace,1,321,,1,1784928625.464454,0.0014979839324951172,world,pelvis,-1.1015130093039844,0.0655022158240751,0.7780553728771684,-0.027263641837797302,-0.0021037020591043593,-0.7688837408804258,0.638803617147797,capsules,0.05,0.5,0.1,0.5,0.5
261,1784928625.5660229,26.206757857464254,1,1784928625.5648055,0.0012173652648925781,17,0.007339064963161945,1,0.08154665678739548,1,-0.008876252919435501,1,0.3776088058948517,1,0.536910355091095,1,-0.02658405900001526,1,0.8158005475997925,1,0.3402242362499237,1,-0.7557766437530518,1,-0.015484286472201347,1,1.0188124179840088,1,-0.2042316198348999,1,0.019085422158241272,1,0.05739736184477806,1,0.02005331963300705,1,-0.016784366220235825,1,-0.05750114470720291,1,0,,,,,,,,,,,,,,,,,,,,,,,,,,,,,,,,,,,,,,,,,,,,,,,,,,,,,,,,,,,,,,,,,,,,,,,,,,,,,,,,,,,,,,,,,,,,,,,,,,,,,,,,,,,,,,,,,,,,,1,1784928625.5644557,0.0015671253204345703,world,base_footprint,-1.1209183383786234,-0.008801400102479755,1,0,1,1784928593.86561,31.70041298866272,world,workspace,1,0,2,-0.0721911355745298,-0.0005509412263589577,0.0,0.0,0.0,-0.10574687133817579,0.994393080829803,1.5,1,2,1784928593.86561,world,workspace,-0.0721911355745298,-0.0005509412263589577,0.0,0.0,-0.10574687133817579,0.994393080829803,1,1784928593.865948,31.700074911117554,workspace,1,321,,1,1784928625.5654562,0.0005667209625244141,world,pelvis,-1.0905445459785237,0.02644826096351075,0.7756085373786438,-0.02920667830232264,-0.006353830530676919,-0.7700575469317912,0.6372738604348402,capsules,0.05,0.5,0.1,0.5,0.5
262,1784928625.6659465,26.3066800897941,1,1784928625.6655645,0.0003819465637207031,17,0.02155672200024128,1,0.006109902635216713,1,0.017210258170962334,1,0.3824807405471802,1,0.6595761179924011,1,0.004504065029323101,1,0.8201008439064026,1,0.2916417717933655,1,-0.6147977709770203,1,0.0033378677908331156,1,1.0054295063018799,1,-0.11721955984830856,1,-0.0010988529538735747,1,0.07191772758960724,1,-0.15217989683151245,1,0.046235181391239166,1,-0.028082557022571564,1,0,,,,,,,,,,,,,,,,,,,,,,,,,,,,,,,,,,,,,,,,,,,,,,,,,,,,,,,,,,,,,,,,,,,,,,,,,,,,,,,,,,,,,,,,,,,,,,,,,,,,,,,,,,,,,,,,,,,,,1,1784928625.6644573,0.0014891624450683594,world,base_footprint,-1.1129815268903216,-0.0493037087743409,1,0,1,1784928593.86561,31.800336599349976,world,workspace,1,0,2,-0.0721911355745298,-0.0005509412263589577,0.0,0.0,0.0,-0.10574687133817579,0.994393080829803,1.5,1,2,1784928593.86561,world,workspace,-0.0721911355745298,-0.0005509412263589577,0.0,0.0,-0.10574687133817579,0.994393080829803,1,1784928593.865948,31.79999852180481,workspace,1,321,,1,1784928625.6644576,0.0014889240264892578,world,pelvis,-1.0998105325932515,-0.00032558055207841663,0.7777986555133537,-0.026284901039268255,-0.01886556485871524,-0.7736554292550012,0.6327799548217194,capsules,0.05,0.5,0.1,0.5,0.5
263,1784928625.7659547,26.406688100658357,1,1784928625.7651343,0.0008203983306884766,17,0.02499859221279621,1,-0.05412796884775162,1,-0.007979684509336948,1,0.3876141309738159,1,0.7118822932243347,1,0.020972708240151405,1,0.8260975480079651,1,0.2857767939567566,1,-0.564171552658081,1,0.0171092189848423,1,0.9962152242660522,1,-0.06911026686429977,1,0.011818435043096542,1,0.09236342459917068,1,-0.31762540340423584,1,0.03983898088335991,1,-0.07301411777734756,1,0,,,,,,,,,,,,,,,,,,,,,,,,,,,,,,,,,,,,,,,,,,,,,,,,,,,,,,,,,,,,,,,,,,,,,,,,,,,,,,,,,,,,,,,,,,,,,,,,,,,,,,,,,,,,,,,,,,,,,1,1784928625.7644567,0.0014979839324951172,world,base_footprint,-1.1192553845641904,-0.059381955375770915,1,0,1,1784928593.86561,31.900344848632812,world,workspace,1,0,2,-0.0721911355745298,-0.0005509412263589577,0.0,0.0,0.0,-0.10574687133817579,0.994393080829803,1.5,1,2,1784928593.86561,world,workspace,-0.0721911355745298,-0.0005509412263589577,0.0,0.0,-0.10574687133817579,0.994393080829803,1,1784928593.865948,31.900006771087646,workspace,1,321,,1,1784928625.7644567,0.0014979839324951172,world,pelvis,-1.118670693463976,-0.02570105159668546,0.7790162866253124,-0.013706923739467637,-0.016541830849698118,-0.7807807717090645,0.6244356448851542,capsules,0.05,0.5,0.1,0.5,0.5
264,1784928625.865914,26.506647180765867,1,1784928625.8656595,0.00025463104248046875,17,-0.001939448993653059,1,-0.09705408662557602,1,-0.033286597579717636,1,0.38346776366233826,1,0.7002221941947937,1,0.020936766639351845,1,0.8263810276985168,1,0.3295367956161499,1,-0.5958729982376099,1,0.01693016290664673,1,0.996905505657196,1,-0.011553389020264149,1,0.019564025104045868,1,0.0808219313621521,1,-0.23043647408485413,1,-0.010893803089857101,1,-0.016169099137187004,1,0,,,,,,,,,,,,,,,,,,,,,,,,,,,,,,,,,,,,,,,,,,,,,,,,,,,,,,,,,,,,,,,,,,,,,,,,,,,,,,,,,,,,,,,,,,,,,,,,,,,,,,,,,,,,,,,,,,,,,1,1784928625.8644536,0.0014605522155761719,world,base_footprint,-1.1303263289302057,-0.08993311433368922,1,0,1,1784928593.86561,32.000304222106934,world,workspace,1,0,2,-0.0721911355745298,-0.0005509412263589577,0.0,0.0,0.0,-0.10574687133817579,0.994393080829803,1.5,1,2,1784928593.86561,world,workspace,-0.0721911355745298,-0.0005509412263589577,0.0,0.0,-0.10574687133817579,0.994393080829803,1,1784928593.865948,31.999966144561768,workspace,1,321,,1,1784928625.865455,0.0004591941833496094,world,pelvis,-1.1447779361691992,-0.05927792917115299,0.7750441984007902,-0.006332977608563275,-0.02109493642828885,-0.7755156492322034,0.6309440346398799,capsules,0.05,0.5,0.1,0.5,0.5
265,1784928625.966042,26.606774182990193,1,1784928625.9655855,0.0004565715789794922,17,-0.02290339022874832,1,-0.026958191767334938,1,0.0205082930624485,1,0.3289566934108734,1,0.579938530921936,1,-0.000871134689077735,1,0.8202080726623535,1,0.339184045791626,1,-0.6990233063697815,1,0.002425798214972019,1,1.0117210149765015,1,-0.1520397663116455,1,0.0274699367582798,1,0.057088401168584824,1,-0.13094362616539001,1,0.014571547508239746,1,-0.05273151770234108,1,0,,,,,,,,,,,,,,,,,,,,,,,,,,,,,,,,,,,,,,,,,,,,,,,,,,,,,,,,,,,,,,,,,,,,,,,,,,,,,,,,,,,,,,,,,,,,,,,,,,,,,,,,,,,,,,,,,,,,,1,1784928625.9644587,0.0015833377838134766,world,base_footprint,-1.1661536959981365,-0.13506274863023765,1,0,1,1784928593.86561,32.10043215751648,world,workspace,1,0,2,-0.0721911355745298,-0.0005509412263589577,0.0,0.0,0.0,-0.10574687133817579,0.994393080829803,1.5,1,2,1784928593.86561,world,workspace,-0.0721911355745298,-0.0005509412263589577,0.0,0.0,-0.10574687133817579,0.994393080829803,1,1784928593.865948,32.10009407997131,workspace,1,321,,1,1784928625.964459,0.001583099365234375,world,pelvis,-1.1536855796389798,-0.08668861536529682,0.7759262241634324,-0.02593196580530408,-0.01852146217142288,-0.7655288674217835,0.6426118904380984,capsules,0.05,0.5,0.1,0.5,0.5
266,1784928626.0660198,26.70675371121615,1,1784928626.065136,0.0008838176727294922,17,-0.024521471932530403,1,0.056120555847883224,1,0.014089432545006275,1,0.32971635460853577,1,0.5103752613067627,1,-0.027448812499642372,1,0.8063461780548096,1,0.34761008620262146,1,-0.7695221900939941,1,-0.013352540321648121,1,1.0184154510498047,1,-0.29210013151168823,1,0.004298761021345854,1,0.051831383258104324,1,-0.0652046725153923,1,0.014407345093786716,1,-0.07392352819442749,1,0,,,,,,,,,,,,,,,,,,,,,,,,,,,,,,,,,,,,,,,,,,,,,,,,,,,,,,,,,,,,,,,,,,,,,,,,,,,,,,,,,,,,,,,,,,,,,,,,,,,,,,,,,,,,,,,,,,,,,1,1784928626.0654542,0.0005655288696289062,world,base_footprint,-1.1732694880413377,-0.15317037823961843,1,0,1,1784928593.86561,32.20040988922119,world,workspace,1,0,2,-0.0721911355745298,-0.0005509412263589577,0.0,0.0,0.0,-0.10574687133817579,0.994393080829803,1.5,1,2,1784928593.86561,world,workspace,-0.0721911355745298,-0.0005509412263589577,0.0,0.0,-0.10574687133817579,0.994393080829803,1,1784928593.865948,32.200071811676025,workspace,1,321,,1,1784928626.0654545,0.0005652904510498047,world,pelvis,-1.1462515404953921,-0.11759655680517342,0.7773901598785684,-0.027850169311730236,-0.006018990041451414,-0.7590937798554885,0.6503574195877956,capsules,0.05,0.5,0.1,0.5,0.5
267,1784928626.1660492,26.80678262282163,1,1784928626.1657598,0.0002894401550292969,17,0.0034050666727125645,1,0.08868683874607086,1,0.006238212808966637,1,0.35951656103134155,1,0.5447819232940674,1,-0.02503991313278675,1,0.8075062036514282,1,0.34252676367759705,1,-0.7485901117324829,1,-0.013627809472382069,1,1.019489049911499,1,-0.20869703590869904,1,0.00933035183697939,1,0.06295951455831528,1,0.010355090722441673,1,-0.007215396035462618,1,-0.07319086045026779,1,0,,,,,,,,,,,,,,,,,,,,,,,,,,,,,,,,,,,,,,,,,,,,,,,,,,,,,,,,,,,,,,,,,,,,,,,,,,,,,,,,,,,,,,,,,,,,,,,,,,,,,,,,,,,,,,,,,,,,,1,1784928626.1644547,0.00159454345703125,world,base_footprint,-1.1691834123195433,-0.19586090278071644,1,0,1,1784928593.86561,32.30043935775757,world,workspace,1,0,2,-0.0721911355745298,-0.0005509412263589577,0.0,0.0,0.0,-0.10574687133817579,0.994393080829803,1.5,1,2,1784928593.86561,world,workspace,-0.0721911355745298,-0.0005509412263589577,0.0,0.0,-0.10574687133817579,0.994393080829803,1,1784928593.865948,32.3001012802124,workspace,1,321,,1,1784928626.1654563,0.0005929470062255859,world,pelvis,-1.1364766336447125,-0.15557017357803454,0.774983189241978,-0.032406807510930176,-0.007392430569702824,-0.7598072417443652,0.6492981643205543,capsules,0.05,0.5,0.1,0.5,0.5
268,1784928626.2659576,26.906691971234977,1,1784928626.2650282,0.0009293556213378906,17,0.0169870276004076,1,0.014232847839593887,1,0.03274582698941231,1,0.37111857533454895,1,0.6604938507080078,1,0.0048390221782028675,1,0.8158745169639587,1,0.29230502247810364,1,-0.6201624870300293,1,0.002696727402508259,1,1.005062460899353,1,-0.1279335767030716,1,-0.014581977389752865,1,0.07200248539447784,1,-0.15590398013591766,1,0.06654525548219681,1,-0.019956739619374275,1,0,,,,,,,,,,,,,,,,,,,,,,,,,,,,,,,,,,,,,,,,,,,,,,,,,,,,,,,,,,,,,,,,,,,,,,,,,,,,,,,,,,,,,,,,,,,,,,,,,,,,,,,,,,,,,,,,,,,,,1,1784928626.264456,0.0015015602111816406,world,base_footprint,-1.1572333246845092,-0.23549045640598398,1,0,1,1784928593.86561,32.40034770965576,world,workspace,1,0,2,-0.0721911355745298,-0.0005509412263589577,0.0,0.0,0.0,-0.10574687133817579,0.994393080829803,1.5,1,2,1784928593.86561,world,workspace,-0.0721911355745298,-0.0005509412263589577,0.0,0.0,-0.10574687133817579,0.994393080829803,1,1784928593.865948,32.400009632110596,workspace,1,321,,1,1784928626.2644563,0.001501321792602539,world,pelvis,-1.1454315813797484,-0.18140074049882826,0.7768717627033612,-0.028080198166645465,-0.021425223440813542,-0.7616511623416088,0.6470239324593097,capsules,0.05,0.5,0.1,0.5,0.5
269,1784928626.3659537,27.006686788983643,1,1784928626.3651016,0.0008521080017089844,17,0.026323623955249786,1,-0.039077579975128174,1,0.006348607130348682,1,0.3870590627193451,1,0.7044510841369629,1,0.019364044070243835,1,0.8259076476097107,1,0.28374505043029785,1,-0.5756891965866089,1,0.014725618064403534,1,0.9935196042060852,1,-0.08834619075059891,1,0.0004958997596986592,1,0.09214522689580917,1,-0.3193950057029724,1,0.04580627381801605,1,-0.08387815207242966,1,0,,,,,,,,,,,,,,,,,,,,,,,,,,,,,,,,,,,,,,,,,,,,,,,,,,,,,,,,,,,,,,,,,,,,,,,,,,,,,,,,,,,,,,,,,,,,,,,,,,,,,,,,,,,,,,,,,,,,,1,1784928626.3644562,0.001497507095336914,world,base_footprint,-1.1635201664254513,-0.2438316600425261,1,0,1,1784928593.86561,32.500343799591064,world,workspace,1,0,2,-0.0721911355745298,-0.0005509412263589577,0.0,0.0,0.0,-0.10574687133817579,0.994393080829803,1.5,1,2,1784928593.86561,world,workspace,-0.0721911355745298,-0.0005509412263589577,0.0,0.0,-0.10574687133817579,0.994393080829803,1,1784928593.865948,32.5000057220459,workspace,1,321,,1,1784928626.3644564,0.0014972686767578125,world,pelvis,-1.1622691766714153,-0.20582455136508832,0.7782265703713245,-0.01609196170205629,-0.018145756264835482,-0.7693742313119757,0.6383377417098752,capsules,0.05,0.5,0.1,0.5,0.5
270,1784928626.4659507,27.10668382048607,1,1784928626.4645772,0.0013735294342041016,17,0.008342508226633072,1,-0.08796940743923187,1,-0.02463647723197937,1,0.3916309177875519,1,0.6961894035339355,1,0.01932419091463089,1,0.8270130157470703,1,0.3225458860397339,1,-0.5957105755805969,1,0.014754383824765682,1,0.9943362474441528,1,-0.0246320478618145,1,0.0049393149092793465,1,0.08816386014223099,1,-0.22247318923473358,1,-0.013513985089957714,1,-0.007982108741998672,1,0,,,,,,,,,,,,,,,,,,,,,,,,,,,,,,,,,,,,,,,,,,,,,,,,,,,,,,,,,,,,,,,,,,,,,,,,,,,,,,,,,,,,,,,,,,,,,,,,,,,,,,,,,,,,,,,,,,,,,1,1784928626.4644547,0.0014960765838623047,world,base_footprint,-1.1725392351400585,-0.27480833761090717,1,0,1,1784928593.86561,32.600340843200684,world,workspace,1,0,2,-0.0721911355745298,-0.0005509412263589577,0.0,0.0,0.0,-0.10574687133817579,0.994393080829803,1.5,1,2,1784928593.86561,world,workspace,-0.0721911355745298,-0.0005509412263589577,0.0,0.0,-0.10574687133817579,0.994393080829803,1,1784928593.865948,32.60000276565552,workspace,1,321,,1,1784928626.4644547,0.0014960765838623047,world,pelvis,-1.1870242202407704,-0.23822704069423561,0.7756792782300678,-0.00788475009431997,-0.02382280107887565,-0.7667536665072173,0.6414507929392913,capsules,0.05,0.5,0.1,0.5,0.5
271,1784928626.565965,27.206698555499315,1,1784928626.5652888,0.0006761550903320312,17,-0.01963197812438011,1,-0.030681679025292397,1,0.011354346759617329,1,0.3383950889110565,1,0.590920627117157,1,0.0021330818999558687,1,0.8231607675552368,1,0.3362535238265991,1,-0.6856810450553894,1,0.004561935551464558,1,1.0094847679138184,1,-0.14679200947284698,1,0.016889037564396858,1,0.061594851315021515,1,-0.1224873960018158,1,0.015346375294029713,1,-0.055893104523420334,1,0,,,,,,,,,,,,,,,,,,,,,,,,,,,,,,,,,,,,,,,,,,,,,,,,,,,,,,,,,,,,,,,,,,,,,,,,,,,,,,,,,,,,,,,,,,,,,,,,,,,,,,,,,,,,,,,,,,,,,1,1784928626.5644574,0.0015075206756591797,world,base_footprint,-1.2095834378383696,-0.314182515834374,1,0,1,1784928593.86561,32.700355052948,world,workspace,1,0,2,-0.0721911355745298,-0.0005509412263589577,0.0,0.0,0.0,-0.10574687133817579,0.994393080829803,1.5,1,2,1784928593.86561,world,workspace,-0.0721911355745298,-0.0005509412263589577,0.0,0.0,-0.10574687133817579,0.994393080829803,1,1784928593.865948,32.70001697540283,workspace,1,321,,1,1784928626.5644577,0.0015072822570800781,world,pelvis,-1.1989841158185932,-0.26509949424541746,0.7764750388507085,-0.02563125349464893,-0.019212820368946525,-0.7547847138544226,0.6551900045860447,capsules,0.05,0.5,0.1,0.5,0.5
272,1784928626.6660128,27.30674489866942,1,1784928626.6652765,0.000736236572265625,17,-0.01800544001162052,1,0.04701969400048256,1,-0.0014397917548194528,1,0.33661186695098877,1,0.513621985912323,1,-0.025487031787633896,1,0.8080120086669922,1,0.34335166215896606,1,-0.7626301646232605,1,-0.011437480337917805,1,1.0153093338012695,1,-0.2889365553855896,1,-0.0035536736249923706,1,0.05528350546956062,1,-0.06145089864730835,1,0.01707199402153492,1,-0.06776490062475204,1,0,,,,,,,,,,,,,,,,,,,,,,,,,,,,,,,,,,,,,,,,,,,,,,,,,,,,,,,,,,,,,,,,,,,,,,,,,,,,,,,,,,,,,,,,,,,,,,,,,,,,,,,,,,,,,,,,,,,,,1,1784928626.6644552,0.0015575885772705078,world,base_footprint,-1.2144168237521038,-0.3265076294254237,1,0,1,1784928593.86561,32.800402879714966,world,workspace,1,0,2,-0.0721911355745298,-0.0005509412263589577,0.0,0.0,0.0,-0.10574687133817579,0.994393080829803,1.5,1,2,1784928593.86561,world,workspace,-0.0721911355745298,-0.0005509412263589577,0.0,0.0,-0.10574687133817579,0.994393080829803,1,1784928593.865948,32.8000648021698,workspace,1,321,,1,1784928626.6644552,0.0015575885772705078,world,pelvis,-1.1921184266612106,-0.2934253880533243,0.778944400372262,-0.024609022474041432,-0.006469726378363591,-0.751146334128373,0.6596451495910268,capsules,0.05,0.5,0.1,0.5,0.5
273,1784928626.765975,27.406708037480712,1,1784928626.7648623,0.0011126995086669922,17,6.466686318162829e-05,1,0.09679163992404938,1,-0.01091307308524847,1,0.3626544773578644,1,0.5324567556381226,1,-0.025893984362483025,1,0.8082035183906555,1,0.3407859802246094,1,-0.7613199949264526,1,-0.012831319123506546,1,1.0158025026321411,1,-0.22626222670078278,1,0.012811391614377499,1,0.04921485483646393,1,0.010198731906712055,1,0.004939603619277477,1,-0.07048089057207108,1,0,,,,,,,,,,,,,,,,,,,,,,,,,,,,,,,,,,,,,,,,,,,,,,,,,,,,,,,,,,,,,,,,,,,,,,,,,,,,,,,,,,,,,,,,,,,,,,,,,,,,,,,,,,,,,,,,,,,,,1,1784928626.7644544,0.0015206336975097656,world,base_footprint,-1.2121097279042201,-0.3595448723612579,1,0,1,1784928593.86561,32.900365114212036,world,workspace,1,0,2,-0.0721911355745298,-0.0005509412263589577,0.0,0.0,0.0,-0.10574687133817579,0.994393080829803,1.5,1,2,1784928593.86561,world,workspace,-0.0721911355745298,-0.0005509412263589577,0.0,0.0,-0.10574687133817579,0.994393080829803,1,1784928593.865948,32.90002703666687,workspace,1,321,,1,1784928626.7644546,0.001520395278930664,world,pelvis,-1.1798374151531497,-0.3293254558210003,0.7771047811523415,-0.028185677108781216,-0.0009137553766575034,-0.7514068620895612,0.6592362704385663,capsules,0.05,0.5,0.1,0.5,0.5
274,1784928626.865994,27.506725637242198,1,1784928626.865611,0.0003829002380371094,17,0.01414281502366066,1,0.03310905769467354,1,0.025435885414481163,1,0.3724437952041626,1,0.636110782623291,1,-0.0028400523588061333,1,0.8136786222457886,1,0.29517924785614014,1,-0.6475786566734314,1,-0.0035429494455456734,1,1.007481336593628,1,-0.13581176102161407,1,-0.02492530457675457,1,0.07229996472597122,1,-0.11454419791698456,1,0.03616728633642197,1,-0.010806255042552948,1,0,,,,,,,,,,,,,,,,,,,,,,,,,,,,,,,,,,,,,,,,,,,,,,,,,,,,,,,,,,,,,,,,,,,,,,,,,,,,,,,,,,,,,,,,,,,,,,,,,,,,,,,,,,,,,,,,,,,,,1,1784928626.8644538,0.0015401840209960938,world,base_footprint,-1.189447781879585,-0.40180431878167633,1,0,1,1784928593.86561,33.00038409233093,world,workspace,1,0,2,-0.0721911355745298,-0.0005509412263589577,0.0,0.0,0.0,-0.10574687133817579,0.994393080829803,1.5,1,2,1784928593.86561,world,workspace,-0.0721911355745298,-0.0005509412263589577,0.0,0.0,-0.10574687133817579,0.994393080829803,1,1784928593.865948,33.00004601478577,workspace,1,321,,1,1784928626.8644538,0.0015401840209960938,world,pelvis,-1.180689531338764,-0.3559866491056758,0.778161279024366,-0.0233551416223779,-0.01843635885271076,-0.7556223629382676,0.6543313248344769,capsules,0.05,0.5,0.1,0.5,0.5
275,1784928626.9659007,27.606631910428405,1,1784928626.9652424,0.0006582736968994141,17,0.0300592128187418,1,-0.02450665645301342,1,0.01374698057770729,1,0.3854975998401642,1,0.7013969421386719,1,0.018127882853150368,1,0.8238531351089478,1,0.28106993436813354,1,-0.5830108523368835,1,0.012870905920863152,1,0.9948545694351196,1,-0.10793676227331161,1,-0.01187495794147253,1,0.10375166684389114,1,-0.2885856330394745,1,0.048371635377407074,1,-0.06369403004646301,1,0,,,,,,,,,,,,,,,,,,,,,,,,,,,,,,,,,,,,,,,,,,,,,,,,,,,,,,,,,,,,,,,,,,,,,,,,,,,,,,,,,,,,,,,,,,,,,,,,,,,,,,,,,,,,,,,,,,,,,1,1784928626.9644585,0.0014421939849853516,world,base_footprint,-1.191541959819316,-0.40814613381305914,1,0,1,1784928593.86561,33.10029077529907,world,workspace,1,0,2,-0.0721911355745298,-0.0005509412263589577,0.0,0.0,0.0,-0.10574687133817579,0.994393080829803,1.5,1,2,1784928593.86561,world,workspace,-0.0721911355745298,-0.0005509412263589577,0.0,0.0,-0.10574687133817579,0.994393080829803,1,1784928593.865948,33.099952697753906,workspace,1,321,,1,1784928626.9644587,0.00144195556640625,world,pelvis,-1.1937294601175397,-0.37836486521369794,0.7785983522125957,-0.011112135531049378,-0.015464519784585667,-0.767022133269908,0.6413379890087998,capsules,0.05,0.5,0.1,0.5,0.5
276,1784928627.0659099,27.706642628647387,1,1784928627.0655491,0.00036072731018066406,17,0.0005532497889362276,1,-0.06302787363529205,1,0.003351702122017741,1,0.3802557587623596,1,0.6911004185676575,1,0.01846061274409294,1,0.8267318606376648,1,0.320168673992157,1,-0.6056386828422546,1,0.013009589165449142,1,0.9979096055030823,1,-0.06771837174892426,1,-0.01182230468839407,1,0.09083309769630432,1,-0.20973855257034302,1,0.0008836466004140675,1,-0.005470514763146639,1,0,,,,,,,,,,,,,,,,,,,,,,,,,,,,,,,,,,,,,,,,,,,,,,,,,,,,,,,,,,,,,,,,,,,,,,,,,,,,,,,,,,,,,,,,,,,,,,,,,,,,,,,,,,,,,,,,,,,,,1,1784928627.0644543,0.001455545425415039,world,base_footprint,-1.1979578972350677,-0.4445721498102317,1,0,1,1784928593.86561,33.200299978256226,world,workspace,1,0,2,-0.0721911355745298,-0.0005509412263589577,0.0,0.0,0.0,-0.10574687133817579,0.994393080829803,1.5,1,2,1784928593.86561,world,workspace,-0.0721911355745298,-0.0005509412263589577,0.0,0.0,-0.10574687133817579,0.994393080829803,1,1784928593.865948,33.19996190071106,workspace,1,321,,1,1784928627.0654547,0.0004551410675048828,world,pelvis,-1.211248172030382,-0.40899654449569856,0.7737202446828734,-0.008246724742198551,-0.02277376133967176,-0.7614201825996701,0.6478060302709099,capsules,0.05,0.5,0.1,0.5,0.5
277,1784928627.1659505,27.806682261638343,1,1784928627.1649585,0.0009920597076416016,17,-0.01870478317141533,1,0.010067849420011044,1,0.013859210535883904,1,0.33951565623283386,1,0.5676627159118652,1,-0.005222405306994915,1,0.8190231323242188,1,0.3402552008628845,1,-0.7045703530311584,1,0.001108288299292326,1,1.0132099390029907,1,-0.2152358740568161,1,-0.01944580301642418,1,0.06754636764526367,1,-0.13877959549427032,1,0.008165350183844566,1,-0.02615700289607048,1,0,,,,,,,,,,,,,,,,,,,,,,,,,,,,,,,,,,,,,,,,,,,,,,,,,,,,,,,,,,,,,,,,,,,,,,,,,,,,,,,,,,,,,,,,,,,,,,,,,,,,,,,,,,,,,,,,,,,,,1,1784928627.164454,0.0014965534210205078,world,base_footprint,-1.213515870710501,-0.4729021104575124,1,0,1,1784928593.86561,33.30034065246582,world,workspace,1,0,2,-0.0721911355745298,-0.0005509412263589577,0.0,0.0,0.0,-0.10574687133817579,0.994393080829803,1.5,1,2,1784928593.86561,world,workspace,-0.0721911355745298,-0.0005509412263589577,0.0,0.0,-0.10574687133817579,0.994393080829803,1,1784928593.865948,33.300002574920654,workspace,1,321,,1,1784928627.164454,0.0014965534210205078,world,pelvis,-1.2073859732559162,-0.43557345776200596,0.776186050945375,-0.01858771655778959,-0.015380841269114764,-0.7537156245886172,0.6567577055246573,capsules,0.05,0.5,0.1,0.5,0.5
278,1784928627.265993,27.906724407337606,1,1784928627.2648373,0.001155853271484375,17,-0.015924686565995216,1,0.08898115158081055,1,0.010454454459249973,1,0.33709681034088135,1,0.5148533582687378,1,-0.02506871335208416,1,0.8055399656295776,1,0.3400407135486603,1,-0.7632179260253906,1,-0.011914262548089027,1,1.0160077810287476,1,-0.34081947803497314,1,0.010182431899011135,1,0.038087114691734314,1,-0.0812879279255867,1,0.000677817384712398,1,-0.0354597270488739,1,0,,,,,,,,,,,,,,,,,,,,,,,,,,,,,,,,,,,,,,,,,,,,,,,,,,,,,,,,,,,,,,,,,,,,,,,,,,,,,,,,,,,,,,,,,,,,,,,,,,,,,,,,,,,,,,,,,,,,,1,1784928627.2644572,0.0015358924865722656,world,base_footprint,-1.213333979697364,-0.4863368649591876,1,0,1,1784928593.86561,33.40038323402405,world,workspace,1,0,2,-0.0721911355745298,-0.0005509412263589577,0.0,0.0,0.0,-0.10574687133817579,0.994393080829803,1.5,1,2,1784928593.86561,world,workspace,-0.0721911355745298,-0.0005509412263589577,0.0,0.0,-0.10574687133817579,0.994393080829803,1,1784928593.865948,33.40004515647888,workspace,1,321,,1,1784928627.2644572,0.0015358924865722656,world,pelvis,-1.189508907149442,-0.46183713000687765,0.7772807334317071,-0.021726722862257162,-0.0017147866264470325,-0.7512339322874427,0.6596761235640096,capsules,0.05,0.5,0.1,0.5,0.5
279,1784928627.3661525,28.00688837096095,1,1784928627.3655477,0.0006048679351806641,17,0.004013173282146454,1,0.13052116334438324,1,-0.0011886133579537272,1,0.3655662536621094,1,0.5393496155738831,1,-0.024532116949558258,1,0.807033896446228,1,0.3346750736236572,1,-0.7544543743133545,1,-0.012178683653473854,1,1.0161582231521606,1,-0.24159754812717438,1,0.04203807935118675,1,0.01183253526687622,1,-0.019252242520451546,1,-0.0291269663721323,1,-0.024589253589510918,1,0,,,,,,,,,,,,,,,,,,,,,,,,,,,,,,,,,,,,,,,,,,,,,,,,,,,,,,,,,,,,,,,,,,,,,,,,,,,,,,,,,,,,,,,,,,,,,,,,,,,,,,,,,,,,,,,,,,,,,1,1784928627.3644567,0.001695871353149414,world,base_footprint,-1.198033399564205,-0.5155084162114296,1,0,1,1784928593.86561,33.500542640686035,world,workspace,1,0,2,-0.0721911355745298,-0.0005509412263589577,0.0,0.0,0.0,-0.10574687133817579,0.994393080829803,1.5,1,2,1784928593.86561,world,workspace,-0.0721911355745298,-0.0005509412263589577,0.0,0.0,-0.10574687133817579,0.994393080829803,1,1784928593.865948,33.50020456314087,workspace,1,321,,1,1784928627.364457,0.0016956329345703125,world,pelvis,-1.1644932828986587,-0.49450460974793786,0.7753314739540974,-0.024937079224524622,0.0038989541096023043,-0.7551286298273036,0.6550905988119051,capsules,0.05,0.5,0.1,0.5,0.5
280,1784928627.4659798,28.106715257279575,1,1784928627.4656498,0.0003299713134765625,17,0.0190926231443882,1,0.044809211045503616,1,0.04085227847099304,1,0.36648938059806824,1,0.6495775580406189,1,0.0004901569336652756,1,0.8118190765380859,1,0.28775355219841003,1,-0.6316260099411011,1,0.0007482909131795168,1,1.0043929815292358,1,-0.1636432707309723,1,-0.011319814249873161,1,0.05278964340686798,1,-0.1893647313117981,1,0.0029025734402239323,1,0.022245533764362335,1,0,,,,,,,,,,,,,,,,,,,,,,,,,,,,,,,,,,,,,,,,,,,,,,,,,,,,,,,,,,,,,,,,,,,,,,,,,,,,,,,,,,,,,,,,,,,,,,,,,,,,,,,,,,,,,,,,,,,,,1,1784928627.4644551,0.0015246868133544922,world,base_footprint,-1.1596314162842944,-0.5502627404506086,1,0,1,1784928593.86561,33.600369930267334,world,workspace,1,0,2,-0.0721911355745298,-0.0005509412263589577,0.0,0.0,0.0,-0.10574687133817579,0.994393080829803,1.5,1,2,1784928593.86561,world,workspace,-0.0721911355745298,-0.0005509412263589577,0.0,0.0,-0.10574687133817579,0.994393080829803,1,1784928593.865948,33.60003185272217,workspace,1,321,,1,1784928627.4644554,0.0015244483947753906,world,pelvis,-1.1539770433262129,-0.5145077492399227,0.7772078275813943,-0.01753484885680187,-0.015017194595240419,-0.760926587198271,0.6484271291647581,capsules,0.05,0.5,0.1,0.5,0.5
281,1784928627.5659657,28.206699176691473,1,1784928627.5650773,0.0008883476257324219,17,0.029949937015771866,1,-0.03196076303720474,1,0.021062606945633888,1,0.38202840089797974,1,0.7155448794364929,1,0.023212391883134842,1,0.8252103328704834,1,0.2797612249851227,1,-0.5679755210876465,1,0.016779139637947083,1,0.9950657486915588,1,-0.14495022594928741,1,-0.008448523469269276,1,0.09207947552204132,1,-0.323429137468338,1,0.03426725044846535,1,-0.06015552207827568,1,0,,,,,,,,,,,,,,,,,,,,,,,,,,,,,,,,,,,,,,,,,,,,,,,,,,,,,,,,,,,,,,,,,,,,,,,,,,,,,,,,,,,,,,,,,,,,,,,,,,,,,,,,,,,,,,,,,,,,,1,1784928627.5644538,0.0015118122100830078,world,base_footprint,-1.1518966546803824,-0.5513898767071659,1,0,1,1784928593.86561,33.700355768203735,world,workspace,1,0,2,-0.0721911355745298,-0.0005509412263589577,0.0,0.0,0.0,-0.10574687133817579,0.994393080829803,1.5,1,2,1784928593.86561,world,workspace,-0.0721911355745298,-0.0005509412263589577,0.0,0.0,-0.10574687133817579,0.994393080829803,1,1784928593.865948,33.70001769065857,workspace,1,321,,1,1784928627.564454,0.0015115737915039062,world,pelvis,-1.1577821673322815,-0.532115032687808,0.7774796942406984,-0.004912136904171691,-0.011874793603740646,-0.7720840269032013,0.635390522111276,capsules,0.05,0.5,0.1,0.5,0.5
282,1784928627.6659312,28.30666560307145,1,1784928627.664928,0.001003265380859375,17,0.003996569197624922,1,-0.0818515196442604,1,0.016733648255467415,1,0.37761080265045166,1,0.7001219391822815,1,0.02316974475979805,1,0.8273727297782898,1,0.3109406530857086,1,-0.5996578335762024,1,0.01664014719426632,1,0.9968894720077515,1,-0.11318077892065048,1,-0.013502725400030613,1,0.09731589257717133,1,-0.21500279009342194,1,0.01309653278440237,1,-0.010125522501766682,1,0,,,,,,,,,,,,,,,,,,,,,,,,,,,,,,,,,,,,,,,,,,,,,,,,,,,,,,,,,,,,,,,,,,,,,,,,,,,,,,,,,,,,,,,,,,,,,,,,,,,,,,,,,,,,,,,,,,,,,1,1784928627.664454,0.0014772415161132812,world,base_footprint,-1.151646870492794,-0.583192483746891,1,0,1,1784928593.86561,33.80032134056091,world,workspace,1,0,2,-0.0721911355745298,-0.0005509412263589577,0.0,0.0,0.0,-0.10574687133817579,0.994393080829803,1.5,1,2,1784928593.86561,world,workspace,-0.0721911355745298,-0.0005509412263589577,0.0,0.0,-0.10574687133817579,0.994393080829803,1,1784928593.865948,33.79998326301575,workspace,1,321,,1,1784928627.664454,0.0014772415161132812,world,pelvis,-1.1656452878559092,-0.5541994394167676,0.7731243671320122,-0.004881230893674429,-0.01994323636071324,-0.7711810870488386,0.6362846626209021,capsules,0.05,0.5,0.1,0.5,0.5
283,1784928627.7659516,28.40668378584087,1,1784928627.7653883,0.0005633831024169922,17,-0.019376657903194427,1,-0.01986856944859028,1,0.012616170570254326,1,0.3410731256008148,1,0.574860692024231,1,-0.0030692352447658777,1,0.8209646940231323,1,0.33962833881378174,1,-0.7046481966972351,1,0.0009710232843644917,1,1.0115495920181274,1,-0.23978093266487122,1,-0.017192324623465538,1,0.07719895988702774,1,-0.15782202780246735,1,0.01508240308612585,1,-0.024793053045868874,1,0,,,,,,,,,,,,,,,,,,,,,,,,,,,,,,,,,,,,,,,,,,,,,,,,,,,,,,,,,,,,,,,,,,,,,,,,,,,,,,,,,,,,,,,,,,,,,,,,,,,,,,,,,,,,,,,,,,,,,1,1784928627.7644534,0.0014982223510742188,world,base_footprint,-1.1616382897799353,-0.6031857482997491,1,0,1,1784928593.86561,33.900341749191284,world,workspace,1,0,2,-0.0721911355745298,-0.0005509412263589577,0.0,0.0,0.0,-0.10574687133817579,0.994393080829803,1.5,1,2,1784928593.86561,world,workspace,-0.0721911355745298,-0.0005509412263589577,0.0,0.0,-0.10574687133817579,0.994393080829803,1,1784928593.865948,33.90000367164612,workspace,1,321,,1,1784928627.7654545,0.0004971027374267578,world,pelvis,-1.1544072402231,-0.5759818059534841,0.7753156828229454,-0.014859760652789588,-0.010382554922215178,-0.7652801947282203,0.6434420048639707,capsules,0.05,0.5,0.1,0.5,0.5
284,1784928627.8659952,28.506728396750987,1,1784928627.8651671,0.0008280277252197266,17,-0.011305614374577999,1,0.054751887917518616,1,0.012995829805731773,1,0.3369375467300415,1,0.5110265612602234,1,-0.025694871321320534,1,0.8079072833061218,1,0.341581255197525,1,-0.7704596519470215,1,-0.013234825804829597,1,1.0153093338012695,1,-0.3267768919467926,1,0.021383147686719894,1,0.03603263944387436,1,-0.10543172806501389,1,0.002063906053081155,1,-0.01598675176501274,1,0,,,,,,,,,,,,,,,,,,,,,,,,,,,,,,,,,,,,,,,,,,,,,,,,,,,,,,,,,,,,,,,,,,,,,,,,,,,,,,,,,,,,,,,,,,,,,,,,,,,,,,,,,,,,,,,,,,,,,1,1784928627.8644571,0.0015380382537841797,world,base_footprint,-1.1556229567001322,-0.6178492437251583,1,0,1,1784928593.86561,34.00038528442383,world,workspace,1,0,2,-0.0721911355745298,-0.0005509412263589577,0.0,0.0,0.0,-0.10574687133817579,0.994393080829803,1.5,1,2,1784928593.86561,world,workspace,-0.0721911355745298,-0.0005509412263589577,0.0,0.0,-0.10574687133817579,0.994393080829803,1,1784928593.865948,34.00004720687866,workspace,1,321,,1,1784928627.8644574,0.0015377998352050781,world,pelvis,-1.1292914372790883,-0.5966119943271039,0.7764310691273087,-0.02157092907656435,0.0003509423032678824,-0.7678878609771689,0.6402209031437368,capsules,0.05,0.5,0.1,0.5,0.5
285,1784928627.9659758,28.606709951534867,1,1784928627.9650264,0.0009493827819824219,17,0.006639514584094286,1,0.08982720971107483,1,0.015113022178411484,1,0.3531475067138672,1,0.5348985195159912,1,-0.02502395398914814,1,0.8090258836746216,1,0.32851192355155945,1,-0.7575886845588684,1,-0.01404146384447813,1,1.015533447265625,1,-0.2428586483001709,1,0.048528656363487244,1,-0.00679314648732543,1,-0.07653738558292389,1,-0.04330068826675415,1,0.006471211090683937,1,0,,,,,,,,,,,,,,,,,,,,,,,,,,,,,,,,,,,,,,,,,,,,,,,,,,,,,,,,,,,,,,,,,,,,,,,,,,,,,,,,,,,,,,,,,,,,,,,,,,,,,,,,,,,,,,,,,,,,,1,1784928627.9644556,0.0015201568603515625,world,base_footprint,-1.1294746645569098,-0.6445979491404183,1,0,1,1784928593.86561,34.10036587715149,world,workspace,1,0,2,-0.0721911355745298,-0.0005509412263589577,0.0,0.0,0.0,-0.10574687133817579,0.994393080829803,1.5,1,2,1784928593.86561,world,workspace,-0.0721911355745298,-0.0005509412263589577,0.0,0.0,-0.10574687133817579,0.994393080829803,1,1784928593.865948,34.10002779960632,workspace,1,321,,1,1784928627.9644558,0.001519918441772461,world,pelvis,-1.0963957139894176,-0.6207056560152304,0.7735361866562791,-0.02597888785753106,0.001561808703185033,-0.7737962966941053,0.6328996360891265,capsules,0.05,0.5,0.1,0.5,0.5
286,1784928628.0658927,28.706625543534756,1,1784928628.0654502,0.0004425048828125,17,0.025962840765714645,1,0.010445046238601208,1,0.04609916731715202,1,0.3675243556499481,1,0.6494510173797607,1,0.000793078972492367,1,0.8144533634185791,1,0.2828156650066376,1,-0.6256349086761475,1,0.0026060084346681833,1,1.0019550323486328,1,-0.17377348244190216,1,0.005971623118966818,1,0.05173421651124954,1,-0.2138148993253708,1,-0.020873408764600754,1,0.012166854925453663,1,0,,,,,,,,,,,,,,,,,,,,,,,,,,,,,,,,,,,,,,,,,,,,,,,,,,,,,,,,,,,,,,,,,,,,,,,,,,,,,,,,,,,,,,,,,,,,,,,,,,,,,,,,,,,,,,,,,,,,,1,1784928628.064454,0.0014386177062988281,world,base_footprint,-1.0938269292044613,-0.6715886109505211,1,0,1,1784928593.86561,34.20028281211853,world,workspace,1,0,2,-0.0721911355745298,-0.0005509412263589577,0.0,0.0,0.0,-0.10574687133817579,0.994393080829803,1.5,1,2,1784928593.86561,world,workspace,-0.0721911355745298,-0.0005509412263589577,0.0,0.0,-0.10574687133817579,0.994393080829803,1,1784928593.865948,34.199944734573364,workspace,1,321,,1,1784928628.0644543,0.0014383792877197266,world,pelvis,-1.0818736320144238,-0.6333121762881017,0.776485142911161,-0.021097152127787747,-0.014457246711510309,-0.7852184531492056,0.6186904549316956,capsules,0.05,0.5,0.1,0.5,0.5
287,1784928628.1659338,28.80666563846171,1,1784928628.1650543,0.0008795261383056641,17,0.021237825974822044,1,-0.06868644058704376,1,0.025748752057552338,1,0.3842833936214447,1,0.7244904637336731,1,0.024153808131814003,1,0.8265929818153381,1,0.287981241941452,1,-0.5588127970695496,1,0.01844668947160244,1,0.9953659176826477,1,-0.14893417060375214,1,-0.004032430704683065,1,0.08396723121404648,1,-0.2939726710319519,1,0.03521610423922539,1,-0.05361561477184296,1,0,,,,,,,,,,,,,,,,,,,,,,,,,,,,,,,,,,,,,,,,,,,,,,,,,,,,,,,,,,,,,,,,,,,,,,,,,,,,,,,,,,,,,,,,,,,,,,,,,,,,,,,,,,,,,,,,,,,,,1,1784928628.1634557,0.0024781227111816406,world,base_footprint,-1.0817341151635151,-0.6797536141354542,1,0,1,1784928593.86561,34.30032396316528,world,workspace,1,0,2,-0.0721911355745298,-0.0005509412263589577,0.0,0.0,0.0,-0.10574687133817579,0.994393080829803,1.5,1,2,1784928593.86561,world,workspace,-0.0721911355745298,-0.0005509412263589577,0.0,0.0,-0.10574687133817579,0.994393080829803,1,1784928593.865948,34.29998588562012,workspace,1,321,,1,1784928628.164455,0.0014789104461669922,world,pelvis,-1.0822192852836883,-0.6442190279494098,0.7763158453580533,-0.013569093681176831,-0.018489413039087667,-0.7930004822924999,0.6087891723626532,capsules,0.05,0.5,0.1,0.5,0.5
288,1784928628.26605,28.906786803156137,1,1784928628.2650297,0.0010204315185546875,17,4.976790660293773e-05,1,-0.11236131191253662,1,0.005374520551413298,1,0.38175705075263977,1,0.7029761075973511,1,0.024464281275868416,1,0.82679283618927,1,0.31969496607780457,1,-0.5962799191474915,1,0.01832640916109085,1,0.9961796998977661,1,-0.1268504559993744,1,-0.016230039298534393,1,0.10084209591150284,1,-0.199143186211586,1,0.029355354607105255,1,-0.014897025190293789,1,0,,,,,,,,,,,,,,,,,,,,,,,,,,,,,,,,,,,,,,,,,,,,,,,,,,,,,,,,,,,,,,,,,,,,,,,,,,,,,,,,,,,,,,,,,,,,,,,,,,,,,,,,,,,,,,,,,,,,,1,1784928628.2644541,0.0015959739685058594,world,base_footprint,-1.074314715555708,-0.7024794349473885,1,0,1,1784928593.86561,34.40044021606445,world,workspace,1,0,2,-0.0721911355745298,-0.0005509412263589577,0.0,0.0,0.0,-0.10574687133817579,0.994393080829803,1.5,1,2,1784928593.86561,world,workspace,-0.0721911355745298,-0.0005509412263589577,0.0,0.0,-0.10574687133817579,0.994393080829803,1,1784928593.865948,34.40010213851929,workspace,1,321,,1,1784928628.2644544,0.0015957355499267578,world,pelvis,-1.0866333905036523,-0.657063866193083,0.7727190333981829,-0.011303445216742147,-0.027806749241676136,-0.7951393367242966,0.6056834585957326,capsules,0.05,0.5,0.1,0.5,0.5
289,1784928628.3659549,29.006687418557703,1,1784928628.3648233,0.0011315345764160156,17,-0.018859265372157097,1,-0.04421837627887726,1,0.0011242326581850648,1,0.33984410762786865,1,0.5843537449836731,1,0.0007163364789448678,1,0.8209919929504395,1,0.3410581350326538,1,-0.6990104913711548,1,0.0020969139877706766,1,1.0113613605499268,1,-0.2418481707572937,1,-0.01199618261307478,1,0.08081817626953125,1,-0.15380428731441498,1,0.04245825856924057,1,-0.01864180527627468,1,0,,,,,,,,,,,,,,,,,,,,,,,,,,,,,,,,,,,,,,,,,,,,,,,,,,,,,,,,,,,,,,,,,,,,,,,,,,,,,,,,,,,,,,,,,,,,,,,,,,,,,,,,,,,,,,,,,,,,,1,1784928628.364459,0.0014958381652832031,world,base_footprint,-1.085475979179818,-0.7081009072500557,1,0,1,1784928593.86561,34.50034499168396,world,workspace,1,0,2,-0.0721911355745298,-0.0005509412263589577,0.0,0.0,0.0,-0.10574687133817579,0.994393080829803,1.5,1,2,1784928593.86561,world,workspace,-0.0721911355745298,-0.0005509412263589577,0.0,0.0,-0.10574687133817579,0.994393080829803,1,1784928593.865948,34.500006914138794,workspace,1,321,,1,1784928628.364459,0.0014958381652832031,world,pelvis,-1.0765331864725785,-0.668695975016459,0.7733698943948899,-0.01985286401902043,-0.016432970701124303,-0.7920511474678494,0.6099104861035276,capsules,0.05,0.5,0.1,0.5,0.5
290,1784928628.465995,29.1067269211635,1,1784928628.4650466,0.0009484291076660156,17,-0.016572264954447746,1,0.044624339789152145,1,-0.0023239676374942064,1,0.3401590585708618,1,0.5148311853408813,1,-0.025068946182727814,1,0.8109987378120422,1,0.34090426564216614,1,-0.7671846151351929,1,-0.013400960713624954,1,1.0140715837478638,1,-0.3071730136871338,1,0.014993109740316868,1,0.036424342542886734,1,-0.12456835806369781,1,0.03490182012319565,1,-0.007817617617547512,1,0,,,,,,,,,,,,,,,,,,,,,,,,,,,,,,,,,,,,,,,,,,,,,,,,,,,,,,,,,,,,,,,,,,,,,,,,,,,,,,,,,,,,,,,,,,,,,,,,,,,,,,,,,,,,,,,,,,,,,1,1784928628.4644573,0.0015377998352050781,world,base_footprint,-1.0806154414516884,-0.7109965973602455,1,0,1,1784928593.86561,34.6003851890564,world,workspace,1,0,2,-0.0721911355745298,-0.0005509412263589577,0.0,0.0,0.0,-0.10574687133817579,0.994393080829803,1.5,1,2,1784928593.86561,world,workspace,-0.0721911355745298,-0.0005509412263589577,0.0,0.0,-0.10574687133817579,0.994393080829803,1,1784928593.865948,34.60004711151123,workspace,1,321,,1,1784928628.4654574,0.0005376338958740234,world,pelvis,-1.051601319195108,-0.6832099246900841,0.7749499877468282,-0.025460486841120226,-0.002878905082327877,-0.7950979386112389,0.6059395543546392,capsules,0.05,0.5,0.1,0.5,0.5
291,1784928628.5659409,29.20667466428131,1,1784928628.5652583,0.0006825923919677734,17,-0.000710575666744262,1,0.0750211700797081,1,0.011024978943169117,1,0.3485243022441864,1,0.5403139591217041,1,-0.024129273369908333,1,0.8117736577987671,1,0.33053821325302124,1,-0.7509555220603943,1,-0.01379645336419344,1,1.0145701169967651,1,-0.20756877958774567,1,0.033665478229522705,1,0.0026858020573854446,1,-0.11717062443494797,1,-0.0130405118688941,1,0.015335921198129654,1,0,,,,,,,,,,,,,,,,,,,,,,,,,,,,,,,,,,,,,,,,,,,,,,,,,,,,,,,,,,,,,,,,,,,,,,,,,,,,,,,,,,,,,,,,,,,,,,,,,,,,,,,,,,,,,,,,,,,,,1,1784928628.564456,0.0014848709106445312,world,base_footprint,-1.0529323671567974,-0.7326300904248977,1,0,1,1784928593.86561,34.70033097267151,world,workspace,1,0,2,-0.0721911355745298,-0.0005509412263589577,0.0,0.0,0.0,-0.10574687133817579,0.994393080829803,1.5,1,2,1784928593.86561,world,workspace,-0.0721911355745298,-0.0005509412263589577,0.0,0.0,-0.10574687133817579,0.994393080829803,1,1784928593.865948,34.69999289512634,workspace,1,321,,1,1784928628.564456,0.0014848709106445312,world,pelvis,-1.022975124781291,-0.6992089832143875,0.7730344302588894,-0.02808165003511133,-0.00556717371592324,-0.7992012626248549,0.6003813532472173,capsules,0.05,0.5,0.1,0.5,0.5
292,1784928628.6659446,29.306677790358663,1,1784928628.665394,0.0005505084991455078,17,0.01853805221617222,1,0.009870393201708794,1,0.019094988703727722,1,0.3698558807373047,1,0.6494274139404297,1,0.0004543835239019245,1,0.8155772089958191,1,0.2999691665172577,1,-0.6269182562828064,1,0.001328373677097261,1,1.0077062845230103,1,-0.16228029131889343,1,-0.005898080300539732,1,0.05162794888019562,1,-0.23452050983905792,1,-0.0053488388657569885,1,0.006874035112559795,1,0,,,,,,,,,,,,,,,,,,,,,,,,,,,,,,,,,,,,,,,,,,,,,,,,,,,,,,,,,,,,,,,,,,,,,,,,,,,,,,,,,,,,,,,,,,,,,,,,,,,,,,,,,,,,,,,,,,,,,1,1784928628.6644564,0.0014882087707519531,world,base_footprint,-1.0196790794021806,-0.7466174853079587,1,0,1,1784928593.86561,34.80033469200134,world,workspace,1,0,2,-0.0721911355745298,-0.0005509412263589577,0.0,0.0,0.0,-0.10574687133817579,0.994393080829803,1.5,1,2,1784928593.86561,world,workspace,-0.0721911355745298,-0.0005509412263589577,0.0,0.0,-0.10574687133817579,0.994393080829803,1,1784928593.865948,34.79999661445618,workspace,1,321,,1,1784928628.6644566,0.0014879703521728516,world,pelvis,-1.0105031502567516,-0.7073442331596497,0.7760544003042246,-0.01946434786446988,-0.01681725540056582,-0.8085233532713558,0.5879016127702369,capsules,0.05,0.5,0.1,0.5,0.5
293,1784928628.7659333,29.406670135445893,1,1784928628.765335,0.0005981922149658203,17,0.014338136650621891,1,-0.051951318979263306,1,0.0018546241335570812,1,0.3872371017932892,1,0.7178061604499817,1,0.022276947274804115,1,0.8278875946998596,1,0.30389174818992615,1,-0.5628923773765564,1,0.01635836623609066,1,1.0029288530349731,1,-0.14820657670497894,1,-0.004421711899340153,1,0.07830604165792465,1,-0.2982132136821747,1,0.03769960626959801,1,-0.039377305656671524,1,0,,,,,,,,,,,,,,,,,,,,,,,,,,,,,,,,,,,,,,,,,,,,,,,,,,,,,,,,,,,,,,,,,,,,,,,,,,,,,,,,,,,,,,,,,,,,,,,,,,,,,,,,,,,,,,,,,,,,,1,1784928628.7644541,0.0014791488647460938,world,base_footprint,-1.0141724510227788,-0.7482891036714145,1,0,1,1784928593.86561,34.90032339096069,world,workspace,1,0,2,-0.0721911355745298,-0.0005509412263589577,0.0,0.0,0.0,-0.10574687133817579,0.994393080829803,1.5,1,2,1784928593.86561,world,workspace,-0.0721911355745298,-0.0005509412263589577,0.0,0.0,-0.10574687133817579,0.994393080829803,1,1784928593.865948,34.89998531341553,workspace,1,321,,1,1784928628.765454,0.0004792213439941406,world,pelvis,-1.0132391360350699,-0.7128743400230546,0.7765225659569708,-0.01356057701375159,-0.01807173612750403,-0.8151821548685634,0.578763835677591,capsules,0.05,0.5,0.1,0.5,0.5
294,1784928628.8659985,29.50673090852797,1,1784928628.8655956,0.0004029273986816406,17,-0.0019733605440706015,1,-0.09785383939743042,1,-0.00763319106772542,1,0.3827168643474579,1,0.7007386088371277,1,0.02250698208808899,1,0.8285428285598755,1,0.3270263671875,1,-0.596317708492279,1,0.016219204291701317,1,1.003685712814331,1,-0.14261175692081451,1,-0.015612599439918995,1,0.09460379928350449,1,-0.1667519062757492,1,0.01744464784860611,1,-0.011751106940209866,1,0,,,,,,,,,,,,,,,,,,,,,,,,,,,,,,,,,,,,,,,,,,,,,,,,,,,,,,,,,,,,,,,,,,,,,,,,,,,,,,,,,,,,,,,,,,,,,,,,,,,,,,,,,,,,,,,,,,,,,1,1784928628.8644593,0.0015392303466796875,world,base_footprint,-1.0064800123696647,-0.7646325290224126,1,0,1,1784928593.86561,35.000388622283936,world,workspace,1,0,2,-0.0721911355745298,-0.0005509412263589577,0.0,0.0,0.0,-0.10574687133817579,0.994393080829803,1.5,1,2,1784928593.86561,world,workspace,-0.0721911355745298,-0.0005509412263589577,0.0,0.0,-0.10574687133817579,0.994393080829803,1,1784928593.865948,35.00005054473877,workspace,1,321,,1,1784928628.8644593,0.0015392303466796875,world,pelvis,-1.0207349291835395,-0.7202072137320319,0.7717172831690395,-0.00888702584322908,-0.02840294100443571,-0.8171397261391059,0.5756708796519654,capsules,0.05,0.5,0.1,0.5,0.5
295,1784928628.9659722,29.606707074679434,1,1784928628.9654672,0.0005049705505371094,17,-0.01887655258178711,1,-0.02195489965379238,1,-0.006504657678306103,1,0.34630030393600464,1,0.574174165725708,1,-0.004200489725917578,1,0.8201465606689453,1,0.3444977104663849,1,-0.7008751034736633,1,0.0018285020487383008,1,1.0119926929473877,1,-0.25949957966804504,1,-0.015209612436592579,1,0.08231421560049057,1,-0.12881895899772644,1,0.02678188867866993,1,-0.025957394391298294,1,0,,,,,,,,,,,,,,,,,,,,,,,,,,,,,,,,,,,,,,,,,,,,,,,,,,,,,,,,,,,,,,,,,,,,,,,,,,,,,,,,,,,,,,,,,,,,,,,,,,,,,,,,,,,,,,,,,,,,,1,1784928628.9644556,0.001516580581665039,world,base_footprint,-1.0172403885586982,-0.7668686003302914,1,0,1,1784928593.86561,35.1003623008728,world,workspace,1,0,2,-0.0721911355745298,-0.0005509412263589577,0.0,0.0,0.0,-0.10574687133817579,0.994393080829803,1.5,1,2,1784928593.86561,world,workspace,-0.0721911355745298,-0.0005509412263589577,0.0,0.0,-0.10574687133817579,0.994393080829803,1,1784928593.865948,35.10002422332764,workspace,1,321,,1,1784928628.9654553,0.0005168914794921875,world,pelvis,-1.0111166844552584,-0.7300450179698215,0.7746704495116432,-0.01681001735380068,-0.016858923466014128,-0.8141381826545527,0.5801829190523228,capsules,0.05,0.5,0.1,0.5,0.5
296,1784928629.0659168,29.706648205406964,1,1784928629.0652595,0.0006573200225830078,17,-0.0167736504226923,1,0.06357236951589584,1,-0.00575120048597455,1,0.3433957099914551,1,0.5173037052154541,1,-0.024475783109664917,1,0.8080868721008301,1,0.34402117133140564,1,-0.7629786133766174,1,-0.012234550900757313,1,1.01433265209198,1,-0.31803837418556213,1,0.008917108178138733,1,0.04592490568757057,1,-0.10618758946657181,1,0.02344181202352047,1,-0.02868109941482544,1,0,,,,,,,,,,,,,,,,,,,,,,,,,,,,,,,,,,,,,,,,,,,,,,,,,,,,,,,,,,,,,,,,,,,,,,,,,,,,,,,,,,,,,,,,,,,,,,,,,,,,,,,,,,,,,,,,,,,,,1,1784928629.0644588,0.0014579296112060547,world,base_footprint,-1.0154319271825143,-0.762478563715613,1,0,1,1784928593.86561,35.20030689239502,world,workspace,1,0,2,-0.0721911355745298,-0.0005509412263589577,0.0,0.0,0.0,-0.10574687133817579,0.994393080829803,1.5,1,2,1784928593.86561,world,workspace,-0.0721911355745298,-0.0005509412263589577,0.0,0.0,-0.10574687133817579,0.994393080829803,1,1784928593.865948,35.19996881484985,workspace,1,321,,1,1784928629.0644588,0.0014579296112060547,world,pelvis,-0.9899660857197367,-0.7423612727291329,0.7759136933687801,-0.02067094913207708,-0.0010248194343472374,-0.8142504856186072,0.5801446442715544,capsules,0.05,0.5,0.1,0.5,0.5
297,1784928629.1659315,29.80666220281273,1,1784928629.165701,0.00023055076599121094,17,0.004870856646448374,1,0.09158992022275925,1,0.009493567980825901,1,0.3549248278141022,1,0.5493811368942261,1,-0.022498542442917824,1,0.8084436058998108,1,0.33193454146385193,1,-0.7441964745521545,1,-0.012555964291095734,1,1.0144901275634766,1,-0.21540208160877228,1,0.026787888258695602,1,0.0010950281284749508,1,-0.10116031020879745,1,-0.017489343881607056,1,-0.007576406467705965,1,0,,,,,,,,,,,,,,,,,,,,,,,,,,,,,,,,,,,,,,,,,,,,,,,,,,,,,,,,,,,,,,,,,,,,,,,,,,,,,,,,,,,,,,,,,,,,,,,,,,,,,,,,,,,,,,,,,,,,,1,1784928629.164454,0.0014774799346923828,world,base_footprint,-0.9928141757639731,-0.7815811897651224,1,0,1,1784928593.86561,35.30032157897949,world,workspace,1,0,2,-0.0721911355745298,-0.0005509412263589577,0.0,0.0,0.0,-0.10574687133817579,0.994393080829803,1.5,1,2,1784928593.86561,world,workspace,-0.0721911355745298,-0.0005509412263589577,0.0,0.0,-0.10574687133817579,0.994393080829803,1,1784928593.865948,35.299983501434326,workspace,1,321,,1,1784928629.1644542,0.0014772415161132812,world,pelvis,-0.9640076956064978,-0.7585978960188835,0.7742185401675861,-0.023457601540383434,-0.0014564826449686298,-0.8186080439571428,0.5738714925459691,capsules,0.05,0.5,0.1,0.5,0.5
298,1784928629.2659829,29.906716275028884,1,1784928629.2652926,0.0006902217864990234,17,0.02413438819348812,1,0.007717462722212076,1,0.047571972012519836,1,0.36673760414123535,1,0.6643806099891663,1,0.005130192264914513,1,0.8143445253372192,1,0.28624486923217773,1,-0.6199770569801331,1,0.0035518608056008816,1,1.003040075302124,1,-0.17156562209129333,1,-0.006300725508481264,1,0.04824288934469223,1,-0.22713790833950043,1,0.001045670360326767,1,0.009939578361809254,1,0,,,,,,,,,,,,,,,,,,,,,,,,,,,,,,,,,,,,,,,,,,,,,,,,,,,,,,,,,,,,,,,,,,,,,,,,,,,,,,,,,,,,,,,,,,,,,,,,,,,,,,,,,,,,,,,,,,,,,1,1784928629.2644575,0.0015254020690917969,world,base_footprint,-0.9655954864649606,-0.800252907535438,1,0,1,1784928593.86561,35.40037298202515,world,workspace,1,0,2,-0.0721911355745298,-0.0005509412263589577,0.0,0.0,0.0,-0.10574687133817579,0.994393080829803,1.5,1,2,1784928593.86561,world,workspace,-0.0721911355745298,-0.0005509412263589577,0.0,0.0,-0.10574687133817579,0.994393080829803,1,1784928593.865948,35.40003490447998,workspace,1,321,,1,1784928629.2644575,0.0015254020690917969,world,pelvis,-0.9561436118928738,-0.7601153163433508,0.7758313293430149,-0.019353807732605567,-0.01780854107578832,-0.8274794418611275,0.5608797190915343,capsules,0.05,0.5,0.1,0.5,0.5
299,1784928629.365966,30.006699644960463,1,1784928629.365014,0.0009520053863525391,17,0.016054268926382065,1,-0.056638848036527634,1,0.02227475307881832,1,0.37983423471450806,1,0.7219581007957458,1,0.022655433043837547,1,0.8256062269210815,1,0.2958233654499054,1,-0.564583957195282,1,0.016802901402115822,1,0.9992059469223022,1,-0.17465421557426453,1,0.0017698790179565549,1,0.06100856885313988,1,-0.2897610366344452,1,0.030001414939761162,1,-0.027177248150110245,1,0,,,,,,,,,,,,,,,,,,,,,,,,,,,,,,,,,,,,,,,,,,,,,,,,,,,,,,,,,,,,,,,,,,,,,,,,,,,,,,,,,,,,,,,,,,,,,,,,,,,,,,,,,,,,,,,,,,,,,1,1784928629.3644543,0.0015118122100830078,world,base_footprint,-0.9641074258603962,-0.7934401724680977,1,0,1,1784928593.86561,35.50035619735718,world,workspace,1,0,2,-0.0721911355745298,-0.0005509412263589577,0.0,0.0,0.0,-0.10574687133817579,0.994393080829803,1.5,1,2,1784928593.86561,world,workspace,-0.0721911355745298,-0.0005509412263589577,0.0,0.0,-0.10574687133817579,0.994393080829803,1,1784928593.865948,35.50001811981201,workspace,1,321,,1,1784928629.3644543,0.0015118122100830078,world,pelvis,-0.9616252858520956,-0.76032033836896,0.7761050850404929,-0.013065290057749784,-0.016671161287867973,-0.8307976676182116,0.5561713819113319,capsules,0.05,0.5,0.1,0.5,0.5
300,1784928629.4660618,30.106794863007963,1,1784928629.465573,0.0004887580871582031,17,-0.0016741857398301363,1,-0.10414726287126541,1,-0.006161080207675695,1,0.37707793712615967,1,0.6975175142288208,1,0.022717952728271484,1,0.8272611498832703,1,0.32963669300079346,1,-0.5978702306747437,1,0.01660379208624363,1,1.0032470226287842,1,-0.1774044781923294,1,0.00162132375407964,1,0.06221596151590347,1,-0.15975619852542877,1,0.005016932263970375,1,0.007829133421182632,1,0,,,,,,,,,,,,,,,,,,,,,,,,,,,,,,,,,,,,,,,,,,,,,,,,,,,,,,,,,,,,,,,,,,,,,,,,,,,,,,,,,,,,,,,,,,,,,,,,,,,,,,,,,,,,,,,,,,,,,1,1784928629.4644582,0.0016036033630371094,world,base_footprint,-0.9645244518135575,-0.800569298163897,1,0,1,1784928593.86561,35.600451946258545,world,workspace,1,0,2,-0.0721911355745298,-0.0005509412263589577,0.0,0.0,0.0,-0.10574687133817579,0.994393080829803,1.5,1,2,1784928593.86561,world,workspace,-0.0721911355745298,-0.0005509412263589577,0.0,0.0,-0.10574687133817579,0.994393080829803,1,1784928593.865948,35.60011386871338,workspace,1,321,,1,1784928629.4644585,0.0016033649444580078,world,pelvis,-0.9728912989828817,-0.7624803279917377,0.7725999467100606,-0.009098729421384283,-0.023147870139608777,-0.8302665599761154,0.5568113043180283,capsules,0.05,0.5,0.1,0.5,0.5
301,1784928629.566054,30.206789914518595,1,1784928629.5647745,0.001279592514038086,17,-0.01850264146924019,1,-0.031281109899282455,1,-0.0132699990645051,1,0.3431078791618347,1,0.5630090236663818,1,-0.00725352531298995,1,0.8167476654052734,1,0.3491905629634857,1,-0.7090593576431274,1,0.0009768169838935137,1,1.0117650032043457,1,-0.29419946670532227,1,-0.00022194732446223497,1,0.06234647333621979,1,-0.13384658098220825,1,0.010179954580962658,1,-0.014286570250988007,1,0,,,,,,,,,,,,,,,,,,,,,,,,,,,,,,,,,,,,,,,,,,,,,,,,,,,,,,,,,,,,,,,,,,,,,,,,,,,,,,,,,,,,,,,,,,,,,,,,,,,,,,,,,,,,,,,,,,,,,1,1784928629.5634587,0.0025954246520996094,world,base_footprint,-0.971532580761911,-0.7923583473429736,1,0,1,1784928593.86561,35.70044422149658,world,workspace,1,0,2,-0.0721911355745298,-0.0005509412263589577,0.0,0.0,0.0,-0.10574687133817579,0.994393080829803,1.5,1,2,1784928593.86561,world,workspace,-0.0721911355745298,-0.0005509412263589577,0.0,0.0,-0.10574687133817579,0.994393080829803,1,1784928593.865948,35.700106143951416,workspace,1,321,,1,1784928629.5654547,0.0005993843078613281,world,pelvis,-0.9636840808010348,-0.7672255895603507,0.7763344675301598,-0.013131208946272828,-0.01022986088360922,-0.825225591101003,0.5645579200488746,capsules,0.05,0.5,0.1,0.5,0.5
302,1784928629.6660185,30.30675181467086,1,1784928629.6649632,0.0010552406311035156,17,-0.01774832420051098,1,0.060764823108911514,1,-0.0017350028501823545,1,0.34084567427635193,1,0.5013661980628967,1,-0.029937585815787315,1,0.8075036406517029,1,0.34718891978263855,1,-0.779694139957428,1,-0.01636817678809166,1,1.016169786453247,1,-0.33946114778518677,1,0.020368028432130814,1,0.03433426097035408,1,-0.10504968464374542,1,0.0003093812265433371,1,-0.026965828612446785,1,0,,,,,,,,,,,,,,,,,,,,,,,,,,,,,,,,,,,,,,,,,,,,,,,,,,,,,,,,,,,,,,,,,,,,,,,,,,,,,,,,,,,,,,,,,,,,,,,,,,,,,,,,,,,,,,,,,,,,,1,1784928629.6644566,0.001561880111694336,world,base_footprint,-0.9688497268110854,-0.7912496979366164,1,0,1,1784928593.86561,35.800408601760864,world,workspace,1,0,2,-0.0721911355745298,-0.0005509412263589577,0.0,0.0,0.0,-0.10574687133817579,0.994393080829803,1.5,1,2,1784928593.86561,world,workspace,-0.0721911355745298,-0.0005509412263589577,0.0,0.0,-0.10574687133817579,0.994393080829803,1,1784928593.865948,35.8000705242157,workspace,1,321,,1,1784928629.6644566,0.001561880111694336,world,pelvis,-0.9408348587128045,-0.7759640564726586,0.7770644987282873,-0.0202405865591917,0.002127510989798477,-0.8227832884326665,0.5679907152662407,capsules,0.05,0.5,0.1,0.5,0.5
303,1784928629.7660542,30.406788273714483,1,1784928629.7652485,0.0008056163787841797,17,0.00877462700009346,1,0.10428103059530258,1,-0.004251836333423853,1,0.3693874776363373,1,0.534003734588623,1,-0.02822289615869522,1,0.8102222084999084,1,0.3356318473815918,1,-0.762856125831604,1,-0.016656240448355675,1,1.0163071155548096,1,-0.21741263568401337,1,0.036088816821575165,1,-0.014767634682357311,1,-0.10536639392375946,1,-0.03459011763334274,1,-0.00344287883490324,1,0,,,,,,,,,,,,,,,,,,,,,,,,,,,,,,,,,,,,,,,,,,,,,,,,,,,,,,,,,,,,,,,,,,,,,,,,,,,,,,,,,,,,,,,,,,,,,,,,,,,,,,,,,,,,,,,,,,,,,1,1784928629.765454,0.0006000995635986328,world,base_footprint,-0.9478930675183782,-0.8047264306501265,1,0,1,1784928593.86561,35.9004442691803,world,workspace,1,0,2,-0.0721911355745298,-0.0005509412263589577,0.0,0.0,0.0,-0.10574687133817579,0.994393080829803,1.5,1,2,1784928593.86561,world,workspace,-0.0721911355745298,-0.0005509412263589577,0.0,0.0,-0.10574687133817579,0.994393080829803,1,1784928593.865948,35.90010619163513,workspace,1,321,,1,1784928629.7654543,0.0005998611450195312,world,pelvis,-0.913107412323799,-0.7913845941462695,0.7743290165006742,-0.02314667301091241,0.0053685916141191815,-0.8283915005418947,0.5596453623345367,capsules,0.05,0.5,0.1,0.5,0.5
304,1784928629.865961,30.50669651478529,1,1784928629.8652463,0.0007147789001464844,17,0.01791217364370823,1,0.0263243205845356,1,0.006703222170472145,1,0.3872632086277008,1,0.6552049517631531,1,0.001325068878941238,1,0.8208940625190735,1,0.3054724335670471,1,-0.6217362880706787,1,0.0017653328832238913,1,1.0099390745162964,1,-0.17536626756191254,1,-0.011318926699459553,1,0.017622023820877075,1,-0.2150699645280838,1,-0.019318431615829468,1,0.025338325649499893,1,0,,,,,,,,,,,,,,,,,,,,,,,,,,,,,,,,,,,,,,,,,,,,,,,,,,,,,,,,,,,,,,,,,,,,,,,,,,,,,,,,,,,,,,,,,,,,,,,,,,,,,,,,,,,,,,,,,,,,,1,1784928629.864455,0.0015060901641845703,world,base_footprint,-0.915683647757534,-0.8243752088153461,1,0,1,1784928593.86561,36.00035119056702,world,workspace,1,0,2,-0.0721911355745298,-0.0005509412263589577,0.0,0.0,0.0,-0.10574687133817579,0.994393080829803,1.5,1,2,1784928593.86561,world,workspace,-0.0721911355745298,-0.0005509412263589577,0.0,0.0,-0.10574687133817579,0.994393080829803,1,1784928593.865948,36.00001311302185,workspace,1,321,,1,1784928629.864455,0.0015060901641845703,world,pelvis,-0.9024934623419901,-0.7975854692242892,0.7768885745265783,-0.016470754571748906,-0.00955665850849507,-0.8321606471836032,0.5542075800645063,capsules,0.05,0.5,0.1,0.5,0.5
305,1784928629.9659617,30.606695994734764,1,1784928629.9650815,0.0008802413940429688,17,0.014684747904539108,1,-0.04994848743081093,1,0.004146310966461897,1,0.3902311623096466,1,0.7310681343078613,1,0.027275122702121735,1,0.8273088932037354,1,0.30644357204437256,1,-0.5454203486442566,1,0.021044611930847168,1,1.0049328804016113,1,-0.16037899255752563,1,-0.014025666750967503,1,0.028328415006399155,1,-0.2844598889350891,1,0.0357084684073925,1,-0.02860582433640957,1,0,,,,,,,,,,,,,,,,,,,,,,,,,,,,,,,,,,,,,,,,,,,,,,,,,,,,,,,,,,,,,,,,,,,,,,,,,,,,,,,,,,,,,,,,,,,,,,,,,,,,,,,,,,,,,,,,,,,,,1,1784928629.9644544,0.0015072822570800781,world,base_footprint,-0.9117679501163483,-0.8275881026100468,1,0,1,1784928593.86561,36.10035181045532,world,workspace,1,0,2,-0.0721911355745298,-0.0005509412263589577,0.0,0.0,0.0,-0.10574687133817579,0.994393080829803,1.5,1,2,1784928593.86561,world,workspace,-0.0721911355745298,-0.0005509412263589577,0.0,0.0,-0.10574687133817579,0.994393080829803,1,1784928593.865948,36.100013732910156,workspace,1,321,,1,1784928629.9644544,0.0015072822570800781,world,pelvis,-0.9077750748514413,-0.7981788174671118,0.7772794880264967,-0.01246641285460521,-0.014240837750746832,-0.8340528187012828,0.5513598486534369,capsules,0.05,0.5,0.1,0.5,0.5
306,1784928630.0659559,30.706688784062862,1,1784928630.0651212,0.0008347034454345703,17,-0.0019866954535245895,1,-0.09483835846185684,1,-0.003386985044926405,1,0.38260555267333984,1,0.7061610817909241,1,0.02735983394086361,1,0.8283891677856445,1,0.32489144802093506,1,-0.5859183073043823,1,0.02058449387550354,1,1.0056344270706177,1,-0.16246113181114197,1,-0.01962531916797161,1,0.0355483740568161,1,-0.1649184376001358,1,0.02873944118618965,1,0.02287066914141178,1,0,,,,,,,,,,,,,,,,,,,,,,,,,,,,,,,,,,,,,,,,,,,,,,,,,,,,,,,,,,,,,,,,,,,,,,,,,,,,,,,,,,,,,,,,,,,,,,,,,,,,,,,,,,,,,,,,,,,,,1,1784928630.0644543,0.0015015602111816406,world,base_footprint,-0.91017804478584,-0.8408705242835376,1,0,1,1784928593.86561,36.20034599304199,world,workspace,1,0,2,-0.0721911355745298,-0.0005509412263589577,0.0,0.0,0.0,-0.10574687133817579,0.994393080829803,1.5,1,2,1784928593.86561,world,workspace,-0.0721911355745298,-0.0005509412263589577,0.0,0.0,-0.10574687133817579,0.994393080829803,1,1784928593.865948,36.200007915496826,workspace,1,321,,1,1784928630.0644546,0.001501321792602539,world,pelvis,-0.916348494689618,-0.8017924975134889,0.7726621087500548,-0.010464048269163853,-0.02296048381857334,-0.8338735771676303,0.5513784337261458,capsules,0.05,0.5,0.1,0.5,0.5
307,1784928630.1659904,30.80672235786915,1,1784928630.1647534,0.0012369155883789062,17,-0.020653387531638145,1,-0.023185843601822853,1,-0.012371954508125782,1,0.34390661120414734,1,0.5639937520027161,1,-0.00660467054694891,1,0.819227397441864,1,0.34679073095321655,1,-0.7065662145614624,1,0.0012358444510027766,1,1.012421727180481,1,-0.28557538986206055,1,-0.009613067843019962,1,0.06980366259813309,1,-0.13911546766757965,1,0.022970154881477356,1,-0.0001391322148265317,1,0,,,,,,,,,,,,,,,,,,,,,,,,,,,,,,,,,,,,,,,,,,,,,,,,,,,,,,,,,,,,,,,,,,,,,,,,,,,,,,,,,,,,,,,,,,,,,,,,,,,,,,,,,,,,,,,,,,,,,1,1784928630.164458,0.0015323162078857422,world,base_footprint,-0.9117992417268093,-0.8356035403052209,1,0,1,1784928593.86561,36.30038046836853,world,workspace,1,0,2,-0.0721911355745298,-0.0005509412263589577,0.0,0.0,0.0,-0.10574687133817579,0.994393080829803,1.5,1,2,1784928593.86561,world,workspace,-0.0721911355745298,-0.0005509412263589577,0.0,0.0,-0.10574687133817579,0.994393080829803,1,1784928593.865948,36.300042390823364,workspace,1,321,,1,1784928630.1654565,0.0005338191986083984,world,pelvis,-0.9057269111461854,-0.8102017561345576,0.7763867287558158,-0.012296572780793831,-0.011232525207178056,-0.8275052301583631,0.5612109396081579,capsules,0.05,0.5,0.1,0.5,0.5
308,1784928630.2659194,30.90665193926543,1,1784928630.2656524,0.00026702880859375,17,-0.014561277814209461,1,0.060546454042196274,1,0.0029638144187629223,1,0.3414626717567444,1,0.5059463381767273,1,-0.028146494179964066,1,0.8068225383758545,1,0.34488487243652344,1,-0.7749952077865601,1,-0.014605850912630558,1,1.015022873878479,1,-0.3145960569381714,1,0.023987820371985435,1,0.02342277020215988,1,-0.10492366552352905,1,0.01223967969417572,1,-0.00804708618670702,1,0,,,,,,,,,,,,,,,,,,,,,,,,,,,,,,,,,,,,,,,,,,,,,,,,,,,,,,,,,,,,,,,,,,,,,,,,,,,,,,,,,,,,,,,,,,,,,,,,,,,,,,,,,,,,,,,,,,,,,1,1784928630.2644541,0.0014653205871582031,world,base_footprint,-0.9093655073322262,-0.8380521292598769,1,0,1,1784928593.86561,36.400309562683105,world,workspace,1,0,2,-0.0721911355745298,-0.0005509412263589577,0.0,0.0,0.0,-0.10574687133817579,0.994393080829803,1.5,1,2,1784928593.86561,world,workspace,-0.0721911355745298,-0.0005509412263589577,0.0,0.0,-0.10574687133817579,0.994393080829803,1,1784928593.865948,36.39997148513794,workspace,1,321,,1,1784928630.2644544,0.0014650821685791016,world,pelvis,-0.8836340791473715,-0.8210163728681322,0.7775534967450237,-0.0196779006224841,0.00026587233076711054,-0.8261246209837274,0.5631436940457455,capsules,0.05,0.5,0.1,0.5,0.5
309,1784928630.365975,31.00670950859785,1,1784928630.3653712,0.0006036758422851562,17,0.009537731297314167,1,0.08154336363077164,1,0.011426890268921852,1,0.3614855110645294,1,0.5450704097747803,1,-0.02513374574482441,1,0.808647096157074,1,0.32703447341918945,1,-0.7536296248435974,1,-0.014912594109773636,1,1.0150848627090454,1,-0.21076083183288574,1,0.034414008259773254,1,-0.006131650879979134,1,-0.12463068962097168,1,-0.029227374121546745,1,0.01925303041934967,1,0,,,,,,,,,,,,,,,,,,,,,,,,,,,,,,,,,,,,,,,,,,,,,,,,,,,,,,,,,,,,,,,,,,,,,,,,,,,,,,,,,,,,,,,,,,,,,,,,,,,,,,,,,,,,,,,,,,,,,1,1784928630.364455,0.001519918441772461,world,base_footprint,-0.8837238529462688,-0.854954872232649,1,0,1,1784928593.86561,36.500365018844604,world,workspace,1,0,2,-0.0721911355745298,-0.0005509412263589577,0.0,0.0,0.0,-0.10574687133817579,0.994393080829803,1.5,1,2,1784928593.86561,world,workspace,-0.0721911355745298,-0.0005509412263589577,0.0,0.0,-0.10574687133817579,0.994393080829803,1,1784928593.865948,36.50002694129944,workspace,1,321,,1,1784928630.3644552,0.0015196800231933594,world,pelvis,-0.8578293453063259,-0.8356031463450156,0.7738774887298335,-0.02058729960163646,-0.001079490401364839,-0.8310960632207987,0.5557466432597468,capsules,0.05,0.5,0.1,0.5,0.5
310,1784928630.4659665,31.10670142620802,1,1784928630.4648213,0.0011451244354248047,17,0.02126884087920189,1,-0.0077430265955626965,1,0.026187915354967117,1,0.3785993754863739,1,0.6730496883392334,1,0.007528230547904968,1,0.8200567960739136,1,0.2927827537059784,1,-0.6079354882240295,1,0.005763302557170391,1,1.0055698156356812,1,-0.17500463128089905,1,0.005583753809332848,1,0.024323541671037674,1,-0.2519906461238861,1,-0.007259393110871315,1,0.010335736908018589,1,0,,,,,,,,,,,,,,,,,,,,,,,,,,,,,,,,,,,,,,,,,,,,,,,,,,,,,,,,,,,,,,,,,,,,,,,,,,,,,,,,,,,,,,,,,,,,,,,,,,,,,,,,,,,,,,,,,,,,,1,1784928630.464455,0.0015115737915039062,world,base_footprint,-0.861398242077005,-0.8680901859411916,1,0,1,1784928593.86561,36.600356578826904,world,workspace,1,0,2,-0.0721911355745298,-0.0005509412263589577,0.0,0.0,0.0,-0.10574687133817579,0.994393080829803,1.5,1,2,1784928593.86561,world,workspace,-0.0721911355745298,-0.0005509412263589577,0.0,0.0,-0.10574687133817579,0.994393080829803,1,1784928593.865948,36.60001850128174,workspace,1,321,,1,1784928630.4644551,0.0015113353729248047,world,pelvis,-0.8535907254592688,-0.8368751864690267,0.7761349961296492,-0.01508375679917162,-0.013911990702212584,-0.8359051983632115,0.5484901422495077,capsules,0.05,0.5,0.1,0.5,0.5
311,1784928630.566008,31.206740461289883,1,1784928630.565412,0.0005960464477539062,17,0.01953257992863655,1,-0.07894889265298843,1,0.01563197188079357,1,0.38521236181259155,1,0.7291818857192993,1,0.0261699166148901,1,0.8286207914352417,1,0.29821833968162537,1,-0.5519565343856812,1,0.02022692747414112,1,1.0011802911758423,1,-0.1560453474521637,1,0.015268104150891304,1,0.04140492156147957,1,-0.2977094352245331,1,0.017243418842554092,1,-0.029086528345942497,1,0,,,,,,,,,,,,,,,,,,,,,,,,,,,,,,,,,,,,,,,,,,,,,,,,,,,,,,,,,,,,,,,,,,,,,,,,,,,,,,,,,,,,,,,,,,,,,,,,,,,,,,,,,,,,,,,,,,,,,1,1784928630.5644548,0.0015532970428466797,world,base_footprint,-0.8634070241455363,-0.8700998291090398,1,0,1,1784928593.86561,36.700398206710815,world,workspace,1,0,2,-0.0721911355745298,-0.0005509412263589577,0.0,0.0,0.0,-0.10574687133817579,0.994393080829803,1.5,1,2,1784928593.86561,world,workspace,-0.0721911355745298,-0.0005509412263589577,0.0,0.0,-0.10574687133817579,0.994393080829803,1,1784928593.865948,36.70006012916565,workspace,1,321,,1,1784928630.564455,0.0015530586242675781,world,pelvis,-0.8622384479333332,-0.8349847120907701,0.7765942616286525,-0.012767331578436257,-0.01841394048540038,-0.8400761526596808,0.5420055163673845,capsules,0.05,0.5,0.1,0.5,0.5
312,1784928630.666011,31.306745233014226,1,1784928630.665251,0.0007600784301757812,17,-0.0016867504455149174,1,-0.11906376481056213,1,-0.009287274442613125,1,0.37755087018013,1,0.6976048350334167,1,0.025872349739074707,1,0.8300208449363708,1,0.32512062788009644,1,-0.5951318740844727,1,0.01909942366182804,1,1.0031994581222534,1,-0.165925532579422,1,0.023587621748447418,1,0.04257399961352348,1,-0.17408718168735504,1,0.0036498266272246838,1,0.029940031468868256,1,0,,,,,,,,,,,,,,,,,,,,,,,,,,,,,,,,,,,,,,,,,,,,,,,,,,,,,,,,,,,,,,,,,,,,,,,,,,,,,,,,,,,,,,,,,,,,,,,,,,,,,,,,,,,,,,,,,,,,,1,1784928630.6644547,0.001556396484375,world,base_footprint,-0.8682146295768822,-0.8743636895648348,1,0,1,1784928593.86561,36.80040121078491,world,workspace,1,0,2,-0.0721911355745298,-0.0005509412263589577,0.0,0.0,0.0,-0.10574687133817579,0.994393080829803,1.5,1,2,1784928593.86561,world,workspace,-0.0721911355745298,-0.0005509412263589577,0.0,0.0,-0.10574687133817579,0.994393080829803,1,1784928593.865948,36.800063133239746,workspace,1,321,,1,1784928630.664455,0.0015561580657958984,world,pelvis,-0.8766073833965529,-0.8346633336722806,0.772147208597382,-0.009244959419095446,-0.02417314504816106,-0.8396611760453021,0.5424935937188936,capsules,0.05,0.5,0.1,0.5,0.5
313,1784928630.7659605,31.406695833429694,1,1784928630.7650478,0.0009126663208007812,17,-0.021833661943674088,1,-0.03864634037017822,1,-0.011306537315249443,1,0.33569201827049255,1,0.5588441491127014,1,-0.007963765412569046,1,0.8163070678710938,1,0.3473716974258423,1,-0.7113217115402222,1,0.00044440306373871863,1,1.0118709802627563,1,-0.27732500433921814,1,0.031157707795500755,1,0.04949254170060158,1,-0.1458415389060974,1,0.015638699755072594,1,-0.0021120309829711914,1,0,,,,,,,,,,,,,,,,,,,,,,,,,,,,,,,,,,,,,,,,,,,,,,,,,,,,,,,,,,,,,,,,,,,,,,,,,,,,,,,,,,,,,,,,,,,,,,,,,,,,,,,,,,,,,,,,,,,,,1,1784928630.764454,0.0015065670013427734,world,base_footprint,-0.8814955173513497,-0.8636640046521891,1,0,1,1784928593.86561,36.90035057067871,world,workspace,1,0,2,-0.0721911355745298,-0.0005509412263589577,0.0,0.0,0.0,-0.10574687133817579,0.994393080829803,1.5,1,2,1784928593.86561,world,workspace,-0.0721911355745298,-0.0005509412263589577,0.0,0.0,-0.10574687133817579,0.994393080829803,1,1784928593.865948,36.900012493133545,workspace,1,321,,1,1784928630.764454,0.0015065670013427734,world,pelvis,-0.8715513364967127,-0.8371052107925046,0.7757624319934572,-0.01465454179430325,-0.010597135597458517,-0.8327733183178448,0.5533186653455798,capsules,0.05,0.5,0.1,0.5,0.5
314,1784928630.8659189,31.50665348675102,1,1784928630.8653522,0.0005667209625244141,17,-0.01939404383301735,1,0.05798860639333725,1,0.004897215869277716,1,0.33335936069488525,1,0.4946903586387634,1,-0.0322306789457798,1,0.8037252426147461,1,0.34900492429733276,1,-0.7848457098007202,1,-0.017002230510115623,1,1.0160953998565674,1,-0.30955758690834045,1,0.03290892019867897,1,0.0264778733253479,1,-0.11420456320047379,1,0.01146125141531229,1,-0.01616249606013298,1,0,,,,,,,,,,,,,,,,,,,,,,,,,,,,,,,,,,,,,,,,,,,,,,,,,,,,,,,,,,,,,,,,,,,,,,,,,,,,,,,,,,,,,,,,,,,,,,,,,,,,,,,,,,,,,,,,,,,,,1,1784928630.864457,0.0014619827270507812,world,base_footprint,-0.8827119700344881,-0.8617892472022032,1,0,1,1784928593.86561,37.000308990478516,world,workspace,1,0,2,-0.0721911355745298,-0.0005509412263589577,0.0,0.0,0.0,-0.10574687133817579,0.994393080829803,1.5,1,2,1784928593.86561,world,workspace,-0.0721911355745298,-0.0005509412263589577,0.0,0.0,-0.10574687133817579,0.994393080829803,1,1784928593.865948,36.99997091293335,workspace,1,321,,1,1784928630.8644571,0.0014617443084716797,world,pelvis,-0.8520371918822828,-0.8442404152452537,0.7767946942937713,-0.02248003677954765,0.0016164174332078673,-0.8299344621473608,0.5574054392282541,capsules,0.05,0.5,0.1,0.5,0.5
315,1784928630.9659517,31.606683695688844,1,1784928630.9649746,0.0009770393371582031,17,0.005764897912740707,1,0.09461215883493423,1,0.01567242108285427,1,0.35720187425613403,1,0.537925124168396,1,-0.027912616729736328,1,0.8078235983848572,1,0.33248817920684814,1,-0.7581384778022766,1,-0.017202870920300484,1,1.0169365406036377,1,-0.19888389110565186,1,0.029381874948740005,1,-0.011400203220546246,1,-0.11657419055700302,1,-0.020672142505645752,1,0.0005872310721315444,1,0,,,,,,,,,,,,,,,,,,,,,,,,,,,,,,,,,,,,,,,,,,,,,,,,,,,,,,,,,,,,,,,,,,,,,,,,,,,,,,,,,,,,,,,,,,,,,,,,,,,,,,,,,,,,,,,,,,,,,1,1784928630.9644563,0.001495361328125,world,base_footprint,-0.8665249424957856,-0.8787458248411253,1,0,1,1784928593.86561,37.100341796875,world,workspace,1,0,2,-0.0721911355745298,-0.0005509412263589577,0.0,0.0,0.0,-0.10574687133817579,0.994393080829803,1.5,1,2,1784928593.86561,world,workspace,-0.0721911355745298,-0.0005509412263589577,0.0,0.0,-0.10574687133817579,0.994393080829803,1,1784928593.865948,37.100003719329834,workspace,1,321,,1,1784928630.9644566,0.0014951229095458984,world,pelvis,-0.8293552818644884,-0.8557661958991631,0.7738095365195616,-0.027859954586375912,0.0008603314217443149,-0.8336136227705159,0.551644279125331,capsules,0.05,0.5,0.1,0.5,0.5
316,1784928631.066153,31.706884341314435,1,1784928631.0656228,0.000530242919921875,17,0.02236083708703518,1,0.014865783043205738,1,0.019019857048988342,1,0.37993988394737244,1,0.6653060913085938,1,0.005457488354295492,1,0.8193326592445374,1,0.2971176207065582,1,-0.6106136441230774,1,0.005051220767199993,1,1.0062533617019653,1,-0.16049812734127045,1,-0.0018532013054937124,1,0.020756909623742104,1,-0.234696164727211,1,0.0006464985781349242,1,0.009558440186083317,1,0,,,,,,,,,,,,,,,,,,,,,,,,,,,,,,,,,,,,,,,,,,,,,,,,,,,,,,,,,,,,,,,,,,,,,,,,,,,,,,,,,,,,,,,,,,,,,,,,,,,,,,,,,,,,,,,,,,,,,1,1784928631.0644543,0.0016987323760986328,world,base_footprint,-0.8401952645623804,-0.8866509770258993,1,0,1,1784928593.86561,37.20054316520691,world,workspace,1,0,2,-0.0721911355745298,-0.0005509412263589577,0.0,0.0,0.0,-0.10574687133817579,0.994393080829803,1.5,1,2,1784928593.86561,world,workspace,-0.0721911355745298,-0.0005509412263589577,0.0,0.0,-0.10574687133817579,0.994393080829803,1,1784928593.865948,37.20020508766174,workspace,1,321,,1,1784928631.0644546,0.0016984939575195312,world,pelvis,-0.8248514774084987,-0.8553227360811138,0.7777214007534881,-0.01908581562758018,-0.011431073083059424,-0.8385876945880428,0.544312172099349,capsules,0.05,0.5,0.1,0.5,0.5
317,1784928631.165958,31.806693169288337,1,1784928631.1650972,0.0008606910705566406,17,0.0170041024684906,1,-0.04606135934591293,1,0.008112401701509953,1,0.39078807830810547,1,0.7270358800888062,1,0.024372657760977745,1,0.8287632465362549,1,0.30150410532951355,1,-0.5523215532302856,1,0.01987229660153389,1,1.0012216567993164,1,-0.14436186850070953,1,0.0073249684646725655,1,0.030439691618084908,1,-0.2721109986305237,1,0.022305471822619438,1,-0.019610941410064697,1,0,,,,,,,,,,,,,,,,,,,,,,,,,,,,,,,,,,,,,,,,,,,,,,,,,,,,,,,,,,,,,,,,,,,,,,,,,,,,,,,,,,,,,,,,,,,,,,,,,,,,,,,,,,,,,,,,,,,,,1,1784928631.1644552,0.0015027523040771484,world,base_footprint,-0.8427616130686802,-0.886297355766576,1,0,1,1784928593.86561,37.30034804344177,world,workspace,1,0,2,-0.0721911355745298,-0.0005509412263589577,0.0,0.0,0.0,-0.10574687133817579,0.994393080829803,1.5,1,2,1784928593.86561,world,workspace,-0.0721911355745298,-0.0005509412263589577,0.0,0.0,-0.10574687133817579,0.994393080829803,1,1784928593.865948,37.300009965896606,workspace,1,321,,1,1784928631.1644552,0.0015027523040771484,world,pelvis,-0.8329540745666404,-0.8524150557872257,0.7787472483624602,-0.01695373166137372,-0.01478583880022575,-0.8406957766511189,0.5410402582753894,capsules,0.05,0.5,0.1,0.5,0.5
318,1784928631.2658954,31.9066283935681,1,1784928631.2646701,0.0012252330780029297,17,-0.0015086493222042918,1,-0.08756205439567566,1,-0.004724873695522547,1,0.380387544631958,1,0.7039552330970764,1,0.024793338030576706,1,0.8309540748596191,1,0.32300907373428345,1,-0.5916553735733032,1,0.018886862322688103,1,1.004036784172058,1,-0.16364869475364685,1,0.014919688925147057,1,0.026610977947711945,1,-0.14646011590957642,1,0.013328625820577145,1,0.031045367941260338,1,0,,,,,,,,,,,,,,,,,,,,,,,,,,,,,,,,,,,,,,,,,,,,,,,,,,,,,,,,,,,,,,,,,,,,,,,,,,,,,,,,,,,,,,,,,,,,,,,,,,,,,,,,,,,,,,,,,,,,,1,1784928631.2634552,0.002440214157104492,world,base_footprint,-0.8468927632114926,-0.8902426958845803,1,0,1,1784928593.86561,37.400285482406616,world,workspace,1,0,2,-0.0721911355745298,-0.0005509412263589577,0.0,0.0,0.0,-0.10574687133817579,0.994393080829803,1.5,1,2,1784928593.86561,world,workspace,-0.0721911355745298,-0.0005509412263589577,0.0,0.0,-0.10574687133817579,0.994393080829803,1,1784928593.865948,37.39994740486145,workspace,1,321,,1,1784928631.2644546,0.0014407634735107422,world,pelvis,-0.8466304003987255,-0.8495778131639228,0.7734647845501618,-0.014874186907038775,-0.021150059669346008,-0.8390084368599565,0.5435037041434494,capsules,0.05,0.5,0.1,0.5,0.5
319,1784928631.3659513,32.00668333936483,1,1784928631.3653467,0.0006046295166015625,17,-0.020731769502162933,1,-0.02292860858142376,1,-0.013435638509690762,1,0.344882994890213,1,0.5662078857421875,1,-0.0064411167986691,1,0.819853663444519,1,0.35261666774749756,1,-0.7045807242393494,1,0.0021390586625784636,1,1.0136799812316895,1,-0.260333776473999,1,0.014418640173971653,1,0.051390040665864944,1,-0.11754599958658218,1,0.011483102105557919,1,-0.0013976895716041327,1,0,,,,,,,,,,,,,,,,,,,,,,,,,,,,,,,,,,,,,,,,,,,,,,,,,,,,,,,,,,,,,,,,,,,,,,,,,,,,,,,,,,,,,,,,,,,,,,,,,,,,,,,,,,,,,,,,,,,,,1,1784928631.364454,0.0014972686767578125,world,base_footprint,-0.8541375185576474,-0.88551841961903,1,0,1,1784928593.86561,37.50034141540527,world,workspace,1,0,2,-0.0721911355745298,-0.0005509412263589577,0.0,0.0,0.0,-0.10574687133817579,0.994393080829803,1.5,1,2,1784928593.86561,world,workspace,-0.0721911355745298,-0.0005509412263589577,0.0,0.0,-0.10574687133817579,0.994393080829803,1,1784928593.865948,37.50000333786011,workspace,1,321,,1,1784928631.3644543,0.001497030258178711,world,pelvis,-0.8416049381740172,-0.8531186201098111,0.7773434072253895,-0.018145430688710367,-0.01271142012435472,-0.8303860932127269,0.5567477879097931,capsules,0.05,0.5,0.1,0.5,0.5
320,1784928631.4659708,32.10670276824385,1,1784928631.4650607,0.0009100437164306641,17,-0.015365268103778362,1,0.06852921843528748,1,-0.01750226691365242,1,0.34574198722839355,1,0.4980262219905853,1,-0.03029613010585308,1,0.8131000995635986,1,0.35501164197921753,1,-0.7801859378814697,1,-0.01603185571730137,1,1.0209115743637085,1,-0.2904168665409088,1,0.03277108073234558,1,0.020781299099326134,1,-0.08899571001529694,1,0.007809939794242382,1,-0.014470763504505157,1,0,,,,,,,,,,,,,,,,,,,,,,,,,,,,,,,,,,,,,,,,,,,,,,,,,,,,,,,,,,,,,,,,,,,,,,,,,,,,,,,,,,,,,,,,,,,,,,,,,,,,,,,,,,,,,,,,,,,,,1,1784928631.4644554,0.0015153884887695312,world,base_footprint,-0.8543643793165203,-0.8812920662675983,1,0,1,1784928593.86561,37.60036087036133,world,workspace,1,0,2,-0.0721911355745298,-0.0005509412263589577,0.0,0.0,0.0,-0.10574687133817579,0.994393080829803,1.5,1,2,1784928593.86561,world,workspace,-0.0721911355745298,-0.0005509412263589577,0.0,0.0,-0.10574687133817579,0.994393080829803,1,1784928593.865948,37.60002279281616,workspace,1,321,,1,1784928631.4654558,0.000514984130859375,world,pelvis,-0.8228378159369389,-0.8633803141883464,0.7780514886835591,-0.023030998779566356,0.001531033071341431,-0.8278733627665535,0.5604399381330248,capsules,0.05,0.5,0.1,0.5,0.5
321,1784928631.5659466,32.20667786616832,1,1784928631.5655363,0.00041031837463378906,17,0.005188474431633949,1,0.10153676569461823,1,-0.008327559567987919,1,0.3588086664676666,1,0.5307512879371643,1,-0.027983039617538452,1,0.8129333257675171,1,0.3416742980480194,1,-0.7614850401878357,1,-0.01642097905278206,1,1.0211544036865234,1,-0.1821187287569046,1,0.03006245568394661,1,0.0005061487900093198,1,-0.08327844738960266,1,-0.0374467633664608,1,-0.008520296774804592,1,0,,,,,,,,,,,,,,,,,,,,,,,,,,,,,,,,,,,,,,,,,,,,,,,,,,,,,,,,,,,,,,,,,,,,,,,,,,,,,,,,,,,,,,,,,,,,,,,,,,,,,,,,,,,,,,,,,,,,,1,1784928631.5644567,0.001489877700805664,world,base_footprint,-0.8322391409900155,-0.8996822503610103,1,0,1,1784928593.86561,37.70033669471741,world,workspace,1,0,2,-0.0721911355745298,-0.0005509412263589577,0.0,0.0,0.0,-0.10574687133817579,0.994393080829803,1.5,1,2,1784928593.86561,world,workspace,-0.0721911355745298,-0.0005509412263589577,0.0,0.0,-0.10574687133817579,0.994393080829803,1,1784928593.865948,37.69999861717224,workspace,1,321,,1,1784928631.5644567,0.001489877700805664,world,pelvis,-0.7989709247220221,-0.8774578742697137,0.7759234750012013,-0.025516939683952196,0.00016870344150459626,-0.8275640548283634,0.5607910417297625,capsules,0.05,0.5,0.1,0.5,0.5
322,1784928631.6660306,32.30676156561822,1,1784928631.6649954,0.0010352134704589844,17,0.016850091516971588,1,0.022448142990469933,1,0.0006795876543037593,1,0.38346922397613525,1,0.6576765775680542,1,0.0021805539727211,1,0.8187406659126282,1,0.30278486013412476,1,-0.6228731870651245,1,0.0013173363404348493,1,1.0081068277359009,1,-0.14566446840763092,1,-0.010112680494785309,1,0.025775795802474022,1,-0.19773851335048676,1,-0.01420777291059494,1,0.024720018729567528,1,0,,,,,,,,,,,,,,,,,,,,,,,,,,,,,,,,,,,,,,,,,,,,,,,,,,,,,,,,,,,,,,,,,,,,,,,,,,,,,,,,,,,,,,,,,,,,,,,,,,,,,,,,,,,,,,,,,,,,,1,1784928631.6644545,0.0015761852264404297,world,base_footprint,-0.8054590118774522,-0.9152787573529749,1,0,1,1784928593.86561,37.8004207611084,world,workspace,1,0,2,-0.0721911355745298,-0.0005509412263589577,0.0,0.0,0.0,-0.10574687133817579,0.994393080829803,1.5,1,2,1784928593.86561,world,workspace,-0.0721911355745298,-0.0005509412263589577,0.0,0.0,-0.10574687133817579,0.994393080829803,1,1784928593.865948,37.80008268356323,workspace,1,321,,1,1784928631.6644545,0.0015761852264404297,world,pelvis,-0.79335954196411,-0.8831048964703819,0.7777125916087939,-0.0178271285628844,-0.012757444562161215,-0.8307633308639483,0.5561939672338094,capsules,0.05,0.5,0.1,0.5,0.5
323,1784928631.7660403,32.40677181817591,1,1784928631.7657278,0.00031256675720214844,17,0.020347826182842255,1,-0.0556158572435379,1,0.012464857660233974,1,0.38779085874557495,1,0.7324448227882385,1,0.027544716373085976,1,0.8278191089630127,1,0.29836422204971313,1,-0.5515884160995483,1,0.02001274563372135,1,0.9999520182609558,1,-0.12028339505195618,1,-0.008825124241411686,1,0.03843388706445694,1,-0.26766982674598694,1,0.03640246391296387,1,-0.020859213545918465,1,0,,,,,,,,,,,,,,,,,,,,,,,,,,,,,,,,,,,,,,,,,,,,,,,,,,,,,,,,,,,,,,,,,,,,,,,,,,,,,,,,,,,,,,,,,,,,,,,,,,,,,,,,,,,,,,,,,,,,,1,1784928631.7644553,0.0015850067138671875,world,base_footprint,-0.8065161090408858,-0.924977188442658,1,0,1,1784928593.86561,37.90043044090271,world,workspace,1,0,2,-0.0721911355745298,-0.0005509412263589577,0.0,0.0,0.0,-0.10574687133817579,0.994393080829803,1.5,1,2,1784928593.86561,world,workspace,-0.0721911355745298,-0.0005509412263589577,0.0,0.0,-0.10574687133817579,0.994393080829803,1,1784928593.865948,37.900092363357544,workspace,1,321,,1,1784928631.7644556,0.001584768295288086,world,pelvis,-0.8023340345298337,-0.8829317111823747,0.777387705225789,-0.017036499286316776,-0.02088190296579154,-0.833303449235675,0.5521585508823724,capsules,0.05,0.5,0.1,0.5,0.5
324,1784928631.8659139,32.50664588715881,1,1784928631.8652802,0.0006337165832519531,17,-0.0037945767398923635,1,-0.08310640603303909,1,0.0019700396806001663,1,0.3762155771255493,1,0.6986750364303589,1,0.027142344042658806,1,0.8294970393180847,1,0.3224414587020874,1,-0.5912619829177856,1,0.01938558742403984,1,1.0031038522720337,1,-0.12549099326133728,1,0.0021513786632567644,1,0.024287059903144836,1,-0.15924587845802307,1,0.03162502869963646,1,0.0328991562128067,1,0,,,,,,,,,,,,,,,,,,,,,,,,,,,,,,,,,,,,,,,,,,,,,,,,,,,,,,,,,,,,,,,,,,,,,,,,,,,,,,,,,,,,,,,,,,,,,,,,,,,,,,,,,,,,,,,,,,,,,1,1784928631.8634548,0.0024590492248535156,world,base_footprint,-0.8170668022787743,-0.9328291888418124,1,0,1,1784928593.86561,38.000303983688354,world,workspace,1,0,2,-0.0721911355745298,-0.0005509412263589577,0.0,0.0,0.0,-0.10574687133817579,0.994393080829803,1.5,1,2,1784928593.86561,world,workspace,-0.0721911355745298,-0.0005509412263589577,0.0,0.0,-0.10574687133817579,0.994393080829803,1,1784928593.865948,37.99996590614319,workspace,1,321,,1,1784928631.8654547,0.0004591941833496094,world,pelvis,-0.8144051188740326,-0.8862678244917602,0.7744540772834473,-0.018683144246060383,-0.023170530640349227,-0.8285450117313127,0.5591307809145232,capsules,0.05,0.5,0.1,0.5,0.5
325,1784928631.9659555,32.60668777953833,1,1784928631.9649074,0.0010480880737304688,17,-0.022860964760184288,1,-0.01853606477379799,1,0.002558839973062277,1,0.33696430921554565,1,0.5676282048225403,1,-0.005539534147828817,1,0.8173331022262573,1,0.34486114978790283,1,-0.7080930471420288,1,0.0011773394653573632,1,1.0116314888000488,1,-0.24549134075641632,1,0.006063790991902351,1,0.04280150681734085,1,-0.1389762908220291,1,0.022706836462020874,1,-4.7955818445188925e-05,1,0,,,,,,,,,,,,,,,,,,,,,,,,,,,,,,,,,,,,,,,,,,,,,,,,,,,,,,,,,,,,,,,,,,,,,,,,,,,,,,,,,,,,,,,,,,,,,,,,,,,,,,,,,,,,,,,,,,,,,1,1784928631.964456,0.0014994144439697266,world,base_footprint,-0.8218208830967428,-0.9306985376458119,1,0,1,1784928593.86561,38.100345611572266,world,workspace,1,0,2,-0.0721911355745298,-0.0005509412263589577,0.0,0.0,0.0,-0.10574687133817579,0.994393080829803,1.5,1,2,1784928593.86561,world,workspace,-0.0721911355745298,-0.0005509412263589577,0.0,0.0,-0.10574687133817579,0.994393080829803,1,1784928593.865948,38.1000075340271,workspace,1,321,,1,1784928631.964456,0.0014994144439697266,world,pelvis,-0.8062809409107206,-0.8916281155730703,0.7762876285109098,-0.022414867707300376,-0.014724707528004762,-0.818771117765621,0.5734933420770592,capsules,0.05,0.5,0.1,0.5,0.5
326,1784928632.0659442,32.706675350666046,1,1784928632.0651734,0.0007708072662353516,17,-0.019146637991070747,1,0.06571623682975769,1,0.007410900667309761,1,0.3360174000263214,1,0.5043972134590149,1,-0.028531184419989586,1,0.8082678914070129,1,0.3443049490451813,1,-0.778656542301178,1,-0.015989989042282104,1,1.016840934753418,1,-0.30636048316955566,1,0.04386933520436287,1,0.017401238903403282,1,-0.1137770563364029,1,0.00848887488245964,1,-0.017358846962451935,1,0,,,,,,,,,,,,,,,,,,,,,,,,,,,,,,,,,,,,,,,,,,,,,,,,,,,,,,,,,,,,,,,,,,,,,,,,,,,,,,,,,,,,,,,,,,,,,,,,,,,,,,,,,,,,,,,,,,,,,1,1784928632.0644538,0.0014903545379638672,world,base_footprint,-0.8177570274457592,-0.9296112703158042,1,0,1,1784928593.86561,38.200334310531616,world,workspace,1,0,2,-0.0721911355745298,-0.0005509412263589577,0.0,0.0,0.0,-0.10574687133817579,0.994393080829803,1.5,1,2,1784928593.86561,world,workspace,-0.0721911355745298,-0.0005509412263589577,0.0,0.0,-0.10574687133817579,0.994393080829803,1,1784928593.865948,38.19999623298645,workspace,1,321,,1,1784928632.064454,0.0014901161193847656,world,pelvis,-0.7845003983833725,-0.9003300987097274,0.776766881277866,-0.028114098516319116,-0.0028977663749534138,-0.814014368855823,0.5801567096146585,capsules,0.05,0.5,0.1,0.5,0.5
327,1784928632.1661131,32.806847866624594,1,1784928632.164637,0.0014760494232177734,17,0.005092171486467123,1,0.11180662363767624,1,-0.002968836110085249,1,0.36281371116638184,1,0.5323413014411926,1,-0.027244415134191513,1,0.8095602989196777,1,0.3362026810646057,1,-0.7654693722724915,1,-0.016337737441062927,1,1.017245888710022,1,-0.1854870617389679,1,0.04848404601216316,1,-0.011772439815104008,1,-0.10681679844856262,1,-0.029351014643907547,1,-0.009925326332449913,1,0,,,,,,,,,,,,,,,,,,,,,,,,,,,,,,,,,,,,,,,,,,,,,,,,,,,,,,,,,,,,,,,,,,,,,,,,,,,,,,,,,,,,,,,,,,,,,,,,,,,,,,,,,,,,,,,,,,,,,1,1784928632.1644557,0.0016574859619140625,world,base_footprint,-0.7976826589011974,-0.9415736126010125,1,0,1,1784928593.86561,38.30050325393677,world,workspace,1,0,2,-0.0721911355745298,-0.0005509412263589577,0.0,0.0,0.0,-0.10574687133817579,0.994393080829803,1.5,1,2,1784928593.86561,world,workspace,-0.0721911355745298,-0.0005509412263589577,0.0,0.0,-0.10574687133817579,0.994393080829803,1,1784928593.865948,38.3001651763916,workspace,1,321,,1,1784928632.1654568,0.0006563663482666016,world,pelvis,-0.756023963891625,-0.9160691288157256,0.7741807397643682,-0.031084347364324232,0.002153443713753494,-0.814337989273976,0.5795539364496833,capsules,0.05,0.5,0.1,0.5,0.5
328,1784928632.2659564,32.90668828506023,1,1784928632.2651951,0.0007612705230712891,17,0.017208866775035858,1,0.017917364835739136,1,0.009409196674823761,1,0.37958213686943054,1,0.6603130102157593,1,0.0039527565240859985,1,0.8190494775772095,1,0.30095991492271423,1,-0.6173083782196045,1,0.0028360397554934025,1,1.0083281993865967,1,-0.13985173404216766,1,-0.007477682549506426,1,0.010781770572066307,1,-0.2201087325811386,1,-0.013830319046974182,1,0.03159300610423088,1,0,,,,,,,,,,,,,,,,,,,,,,,,,,,,,,,,,,,,,,,,,,,,,,,,,,,,,,,,,,,,,,,,,,,,,,,,,,,,,,,,,,,,,,,,,,,,,,,,,,,,,,,,,,,,,,,,,,,,,1,1784928632.2644534,0.00150299072265625,world,base_footprint,-0.761978911630809,-0.9610951978730078,1,0,1,1784928593.86561,38.400346517562866,world,workspace,1,0,2,-0.0721911355745298,-0.0005509412263589577,0.0,0.0,0.0,-0.10574687133817579,0.994393080829803,1.5,1,2,1784928593.86561,world,workspace,-0.0721911355745298,-0.0005509412263589577,0.0,0.0,-0.10574687133817579,0.994393080829803,1,1784928593.865948,38.4000084400177,workspace,1,321,,1,1784928632.2644534,0.00150299072265625,world,pelvis,-0.7474218928604229,-0.9210723616657831,0.7768257327255372,-0.02235574398858602,-0.015430104588756497,-0.8148367317362532,0.5790537394719755,capsules,0.05,0.5,0.1,0.5,0.5
329,1784928632.365945,33.006676407530904,1,1784928632.3650215,0.0009236335754394531,17,0.0185196902602911,1,-0.06089102849364281,1,0.008808210492134094,1,0.3837406039237976,1,0.7351018190383911,1,0.02838217467069626,1,0.826172947883606,1,0.29755622148513794,1,-0.5454118251800537,1,0.021537940949201584,1,1.0009363889694214,1,-0.12473499029874802,1,-0.00898064486682415,1,0.01697210967540741,1,-0.29155176877975464,1,0.03625451773405075,1,-0.032698024064302444,1,0,,,,,,,,,,,,,,,,,,,,,,,,,,,,,,,,,,,,,,,,,,,,,,,,,,,,,,,,,,,,,,,,,,,,,,,,,,,,,,,,,,,,,,,,,,,,,,,,,,,,,,,,,,,,,,,,,,,,,1,1784928632.3644538,0.0014913082122802734,world,base_footprint,-0.7600708227798766,-0.9645764094795397,1,0,1,1784928593.86561,38.50033521652222,world,workspace,1,0,2,-0.0721911355745298,-0.0005509412263589577,0.0,0.0,0.0,-0.10574687133817579,0.994393080829803,1.5,1,2,1784928593.86561,world,workspace,-0.0721911355745298,-0.0005509412263589577,0.0,0.0,-0.10574687133817579,0.994393080829803,1,1784928593.865948,38.49999713897705,workspace,1,321,,1,1784928632.364454,0.0014910697937011719,world,pelvis,-0.754181765087431,-0.9212773858567197,0.7770553516898172,-0.019039066017234527,-0.020355977693180177,-0.8154151274853652,0.57820525594755,capsules,0.05,0.5,0.1,0.5,0.5
330,1784928632.4660218,33.10675241332501,1,1784928632.465631,0.00039076805114746094,17,-0.005873427726328373,1,-0.10797763615846634,1,-0.016799528151750565,1,0.3752089738845825,1,0.7043227553367615,1,0.028289247304201126,1,0.8266736268997192,1,0.3289942145347595,1,-0.5873059034347534,1,0.021023375913500786,1,1.001880168914795,1,-0.13947373628616333,1,-0.020091475918889046,1,0.0030257790349423885,1,-0.18236605823040009,1,0.022367684170603752,1,0.019958920776844025,1,0,,,,,,,,,,,,,,,,,,,,,,,,,,,,,,,,,,,,,,,,,,,,,,,,,,,,,,,,,,,,,,,,,,,,,,,,,,,,,,,,,,,,,,,,,,,,,,,,,,,,,,,,,,,,,,,,,,,,,1,1784928632.464457,0.0015647411346435547,world,base_footprint,-0.7551871079148951,-0.9693753625975484,1,0,1,1784928593.86561,38.600411891937256,world,workspace,1,0,2,-0.0721911355745298,-0.0005509412263589577,0.0,0.0,0.0,-0.10574687133817579,0.994393080829803,1.5,1,2,1784928593.86561,world,workspace,-0.0721911355745298,-0.0005509412263589577,0.0,0.0,-0.10574687133817579,0.994393080829803,1,1784928593.865948,38.60007381439209,workspace,1,321,,1,1784928632.464457,0.0015647411346435547,world,pelvis,-0.7650082258314868,-0.9260732404333004,0.7729371933380009,-0.011178548267028422,-0.026022166032807197,-0.8084252653560289,0.5879170666579064,capsules,0.05,0.5,0.1,0.5,0.5
331,1784928632.5659442,33.2066751960665,1,1784928632.5649228,0.0010213851928710938,17,-0.02300003357231617,1,-0.035064127296209335,1,0.004156779032200575,1,0.3360435962677002,1,0.5689440965652466,1,-0.005216250196099281,1,0.818500280380249,1,0.34419938921928406,1,-0.7042905688285828,1,0.001984521746635437,1,1.0107783079147339,1,-0.25427159667015076,1,0.0055173300206661224,1,0.05873158946633339,1,-0.14708267152309418,1,0.024165259674191475,1,-0.017418641597032547,1,0,,,,,,,,,,,,,,,,,,,,,,,,,,,,,,,,,,,,,,,,,,,,,,,,,,,,,,,,,,,,,,,,,,,,,,,,,,,,,,,,,,,,,,,,,,,,,,,,,,,,,,,,,,,,,,,,,,,,,1,1784928632.5644538,0.0014903545379638672,world,base_footprint,-0.7687005280718705,-0.9719403845398085,1,0,1,1784928593.86561,38.700334310531616,world,workspace,1,0,2,-0.0721911355745298,-0.0005509412263589577,0.0,0.0,0.0,-0.10574687133817579,0.994393080829803,1.5,1,2,1784928593.86561,world,workspace,-0.0721911355745298,-0.0005509412263589577,0.0,0.0,-0.10574687133817579,0.994393080829803,1,1784928593.865948,38.69999623298645,workspace,1,321,,1,1784928632.564454,0.0014901161193847656,world,pelvis,-0.7566512579078982,-0.9298289686130705,0.7749800448796995,-0.02230594271124009,-0.016822295139433126,-0.7982139177269464,0.6017258485830607,capsules,0.05,0.5,0.1,0.5,0.5
332,1784928632.6660237,33.30675584077835,1,1784928632.6653135,0.0007102489471435547,17,-0.016069578006863594,1,0.05769703537225723,1,0.006389673333615065,1,0.3393273949623108,1,0.5023624897003174,1,-0.029288604855537415,1,0.812865674495697,1,0.3468661308288574,1,-0.7762657403945923,1,-0.014886277727782726,1,1.017683506011963,1,-0.29109787940979004,1,0.04382305592298508,1,0.022809401154518127,1,-0.10932768136262894,1,0.019410232082009315,1,-0.03595675528049469,1,0,,,,,,,,,,,,,,,,,,,,,,,,,,,,,,,,,,,,,,,,,,,,,,,,,,,,,,,,,,,,,,,,,,,,,,,,,,,,,,,,,,,,,,,,,,,,,,,,,,,,,,,,,,,,,,,,,,,,,1,1784928632.6644533,0.0015704631805419922,world,base_footprint,-0.7711872779796002,-0.9718769864024204,1,0,1,1784928593.86561,38.800413846969604,world,workspace,1,0,2,-0.0721911355745298,-0.0005509412263589577,0.0,0.0,0.0,-0.10574687133817579,0.994393080829803,1.5,1,2,1784928593.86561,world,workspace,-0.0721911355745298,-0.0005509412263589577,0.0,0.0,-0.10574687133817579,0.994393080829803,1,1784928593.865948,38.80007576942444,workspace,1,321,,1,1784928632.6654537,0.0005700588226318359,world,pelvis,-0.735261283145918,-0.9385635475262014,0.7761022519496862,-0.03111594604978207,-0.0029313673795110227,-0.7934190214231613,0.6078728990756428,capsules,0.05,0.5,0.1,0.5,0.5
333,1784928632.765947,33.40667827054858,1,1784928632.7652721,0.0006749629974365234,17,0.0033225256484001875,1,0.09236008673906326,1,0.00772966630756855,1,0.3559103012084961,1,0.5354941487312317,1,-0.027229348197579384,1,0.8134575486183167,1,0.3360523283481598,1,-0.7580278515815735,1,-0.015241295099258423,1,1.018069863319397,1,-0.1816752851009369,1,0.05467252433300018,1,0.006628251168876886,1,-0.10387345403432846,1,-0.019930118694901466,1,-0.03501750901341438,1,0,,,,,,,,,,,,,,,,,,,,,,,,,,,,,,,,,,,,,,,,,,,,,,,,,,,,,,,,,,,,,,,,,,,,,,,,,,,,,,,,,,,,,,,,,,,,,,,,,,,,,,,,,,,,,,,,,,,,,1,1784928632.7644553,0.0014917850494384766,world,base_footprint,-0.7515956497373506,-0.986450991987144,1,0,1,1784928593.86561,38.90033721923828,world,workspace,1,0,2,-0.0721911355745298,-0.0005509412263589577,0.0,0.0,0.0,-0.10574687133817579,0.994393080829803,1.5,1,2,1784928593.86561,world,workspace,-0.0721911355745298,-0.0005509412263589577,0.0,0.0,-0.10574687133817579,0.994393080829803,1,1784928593.865948,38.899999141693115,workspace,1,321,,1,1784928632.7644553,0.0014917850494384766,world,pelvis,-0.7097972037638852,-0.9503495648041306,0.7735914468480622,-0.035183861863941554,-0.001923991687070244,-0.7908685125203742,0.6109708585719438,capsules,0.05,0.5,0.1,0.5,0.5
334,1784928632.8659601,33.506694736890495,1,1784928632.8654652,0.0004949569702148438,17,0.015577747486531734,1,-0.0020413496531546116,1,0.0038881513755768538,1,0.37550005316734314,1,0.6654017567634583,1,0.005682578310370445,1,0.8193245530128479,1,0.3091820478439331,1,-0.6142518520355225,1,0.003649968421086669,1,1.0104095935821533,1,-0.14698615670204163,1,0.0013206639559939504,1,0.017613545060157776,1,-0.2274859994649887,1,0.004164687357842922,1,0.011865567415952682,1,0,,,,,,,,,,,,,,,,,,,,,,,,,,,,,,,,,,,,,,,,,,,,,,,,,,,,,,,,,,,,,,,,,,,,,,,,,,,,,,,,,,,,,,,,,,,,,,,,,,,,,,,,,,,,,,,,,,,,,1,1784928632.8644552,0.0015048980712890625,world,base_footprint,-0.718565947700334,-0.9984874309245069,1,0,1,1784928593.86561,39.0003502368927,world,workspace,1,0,2,-0.0721911355745298,-0.0005509412263589577,0.0,0.0,0.0,-0.10574687133817579,0.994393080829803,1.5,1,2,1784928593.86561,world,workspace,-0.0721911355745298,-0.0005509412263589577,0.0,0.0,-0.10574687133817579,0.994393080829803,1,1784928593.865948,39.000012159347534,workspace,1,321,,1,1784928632.8644552,0.0015048980712890625,world,pelvis,-0.7057500645084751,-0.9554618559517888,0.7760170489306731,-0.023315409216455085,-0.016624913168637297,-0.7885201589376319,0.6143418941470428,capsules,0.05,0.5,0.1,0.5,0.5
335,1784928632.965954,33.60668679699302,1,1784928632.9653683,0.0005857944488525391,17,0.009413620457053185,1,-0.06771726161241531,1,-0.010919345542788506,1,0.38251471519470215,1,0.7271218299865723,1,0.025549301877617836,1,0.8269254565238953,1,0.3089483976364136,1,-0.5561514496803284,1,0.017708979547023773,1,1.0033293962478638,1,-0.14123018085956573,1,0.0004853229329455644,1,0.009905699640512466,1,-0.29544705152511597,1,0.03885527327656746,1,-0.012632803060114384,1,0,,,,,,,,,,,,,,,,,,,,,,,,,,,,,,,,,,,,,,,,,,,,,,,,,,,,,,,,,,,,,,,,,,,,,,,,,,,,,,,,,,,,,,,,,,,,,,,,,,,,,,,,,,,,,,,,,,,,,1,1784928632.9644554,0.0014986991882324219,world,base_footprint,-0.7186383393383137,-0.9966937272161842,1,0,1,1784928593.86561,39.10034418106079,world,workspace,1,0,2,-0.0721911355745298,-0.0005509412263589577,0.0,0.0,0.0,-0.10574687133817579,0.994393080829803,1.5,1,2,1784928593.86561,world,workspace,-0.0721911355745298,-0.0005509412263589577,0.0,0.0,-0.10574687133817579,0.994393080829803,1,1784928593.865948,39.100006103515625,workspace,1,321,,1,1784928632.9644556,0.0014984607696533203,world,pelvis,-0.7144794343751215,-0.9587259088373583,0.7766623551405095,-0.017078628067244264,-0.017370319609229797,-0.7849353875919084,0.6190985622386429,capsules,0.05,0.5,0.1,0.5,0.5
336,1784928633.0659952,33.706726886332035,1,1784928633.065341,0.0006542205810546875,17,-0.002767941914498806,1,-0.10568619519472122,1,-0.01649358868598938,1,0.37442541122436523,1,0.6959118247032166,1,0.025264596566557884,1,0.8285741209983826,1,0.3229624330997467,1,-0.5988588929176331,1,0.016675446182489395,1,1.004650354385376,1,-0.15007610619068146,1,-0.001725575770251453,1,-0.0011766665847972035,1,-0.17472542822360992,1,0.032011888921260834,1,0.0323326513171196,1,0,,,,,,,,,,,,,,,,,,,,,,,,,,,,,,,,,,,,,,,,,,,,,,,,,,,,,,,,,,,,,,,,,,,,,,,,,,,,,,,,,,,,,,,,,,,,,,,,,,,,,,,,,,,,,,,,,,,,,1,1784928633.0644562,0.001538991928100586,world,base_footprint,-0.7198665724257286,-1.0033425677373726,1,0,1,1784928593.86561,39.200385332107544,world,workspace,1,0,2,-0.0721911355745298,-0.0005509412263589577,0.0,0.0,0.0,-0.10574687133817579,0.994393080829803,1.5,1,2,1784928593.86561,world,workspace,-0.0721911355745298,-0.0005509412263589577,0.0,0.0,-0.10574687133817579,0.994393080829803,1,1784928593.865948,39.20004725456238,workspace,1,321,,1,1784928633.0644562,0.001538991928100586,world,pelvis,-0.7277405765434783,-0.9643213172283831,0.7725676660135161,-0.011664731288123925,-0.022551008356258718,-0.7795337830483086,0.6258454019584105,capsules,0.05,0.5,0.1,0.5,0.5
337,1784928633.1659482,33.806681799702346,1,1784928633.1655853,0.0003628730773925781,17,-0.018422313034534454,1,-0.035105373710393906,1,0.008690495043992996,1,0.33554506301879883,1,0.5602449178695679,1,-0.007818933576345444,1,0.8184359669685364,1,0.33494681119918823,1,-0.7128307819366455,1,9.869511268334463e-05,1,1.0087783336639404,1,-0.27122288942337036,1,0.0071026659570634365,1,0.0560472272336483,1,-0.13986735045909882,1,0.02207694761455059,1,-0.004670236259698868,1,0,,,,,,,,,,,,,,,,,,,,,,,,,,,,,,,,,,,,,,,,,,,,,,,,,,,,,,,,,,,,,,,,,,,,,,,,,,,,,,,,,,,,,,,,,,,,,,,,,,,,,,,,,,,,,,,,,,,,,1,1784928633.1644542,0.0014939308166503906,world,base_footprint,-0.7247346996243218,-1.0064386600788158,1,0,1,1784928593.86561,39.30033826828003,world,workspace,1,0,2,-0.0721911355745298,-0.0005509412263589577,0.0,0.0,0.0,-0.10574687133817579,0.994393080829803,1.5,1,2,1784928593.86561,world,workspace,-0.0721911355745298,-0.0005509412263589577,0.0,0.0,-0.10574687133817579,0.994393080829803,1,1784928593.865948,39.30000019073486,workspace,1,321,,1,1784928633.1644542,0.0014939308166503906,world,pelvis,-0.7202265940825557,-0.9676306336831351,0.7759615541556607,-0.018083319177456047,-0.017143180275530395,-0.76689621873424,0.6412872169540664,capsules,0.05,0.5,0.1,0.5,0.5
338,1784928633.2660623,33.906797791831195,1,1784928633.2653844,0.0006778240203857422,17,-0.016290992498397827,1,0.06280700862407684,1,0.009531942196190357,1,0.3401091694831848,1,0.49919822812080383,1,-0.030908353626728058,1,0.812798798084259,1,0.33787646889686584,1,-0.7824872136116028,1,-0.01721038855612278,1,1.0146232843399048,1,-0.32738640904426575,1,0.033683255314826965,1,0.022349992766976357,1,-0.10685230791568756,1,0.012428488582372665,1,-0.031844060868024826,1,0,,,,,,,,,,,,,,,,,,,,,,,,,,,,,,,,,,,,,,,,,,,,,,,,,,,,,,,,,,,,,,,,,,,,,,,,,,,,,,,,,,,,,,,,,,,,,,,,,,,,,,,,,,,,,,,,,,,,,1,1784928633.2644556,0.0016067028045654297,world,base_footprint,-0.725519033979117,-1.004183689821904,1,0,1,1784928593.86561,39.40045237541199,world,workspace,1,0,2,-0.0721911355745298,-0.0005509412263589577,0.0,0.0,0.0,-0.10574687133817579,0.994393080829803,1.5,1,2,1784928593.86561,world,workspace,-0.0721911355745298,-0.0005509412263589577,0.0,0.0,-0.10574687133817579,0.994393080829803,1,1784928593.865948,39.40011429786682,workspace,1,321,,1,1784928633.2644558,0.0016064643859863281,world,pelvis,-0.699208288306657,-0.9747074517354213,0.7769196753966303,-0.024974665720029994,-0.0033604350972787013,-0.7592085792567461,0.6503593673739796,capsules,0.05,0.5,0.1,0.5,0.5
339,1784928633.366042,34.00677677895874,1,1784928633.3652363,0.0008056163787841797,17,0.005441842135041952,1,0.11739461123943329,1,0.00624410854652524,1,0.3599757254123688,1,0.5314632058143616,1,-0.02932400070130825,1,0.8130199909210205,1,0.3328068256378174,1,-0.7658665776252747,1,-0.01737833209335804,1,1.0152276754379272,1,-0.20140109956264496,1,0.053232334554195404,1,0.0029826555401086807,1,-0.07973191142082214,1,-0.019104639068245888,1,-0.03870721161365509,1,0,,,,,,,,,,,,,,,,,,,,,,,,,,,,,,,,,,,,,,,,,,,,,,,,,,,,,,,,,,,,,,,,,,,,,,,,,,,,,,,,,,,,,,,,,,,,,,,,,,,,,,,,,,,,,,,,,,,,,1,1784928633.3634548,0.0025870800018310547,world,base_footprint,-0.7106123182074559,-1.016463932574691,1,0,1,1784928593.86561,39.50043201446533,world,workspace,1,0,2,-0.0721911355745298,-0.0005509412263589577,0.0,0.0,0.0,-0.10574687133817579,0.994393080829803,1.5,1,2,1784928593.86561,world,workspace,-0.0721911355745298,-0.0005509412263589577,0.0,0.0,-0.10574687133817579,0.994393080829803,1,1784928593.865948,39.500093936920166,workspace,1,321,,1,1784928633.3654542,0.0005877017974853516,world,pelvis,-0.6715684910184739,-0.9860555436855476,0.7752459348008616,-0.03110228539405405,0.000447890331756332,-0.7557886088756429,0.6540764679541209,capsules,0.05,0.5,0.1,0.5,0.5
340,1784928633.465955,34.10668863076717,1,1784928633.4653707,0.0005843639373779297,17,0.023424342274665833,1,0.03261299431324005,1,0.02379409782588482,1,0.3780307471752167,1,0.6566812992095947,1,0.002837629057466984,1,0.8182222843170166,1,0.2930462658405304,1,-0.6294251680374146,1,0.00022025492216926068,1,1.0067965984344482,1,-0.15279781818389893,1,-0.008023617789149284,1,0.030379826202988625,1,-0.1960126906633377,1,-0.00398402800783515,1,0.02160714566707611,1,0,,,,,,,,,,,,,,,,,,,,,,,,,,,,,,,,,,,,,,,,,,,,,,,,,,,,,,,,,,,,,,,,,,,,,,,,,,,,,,,,,,,,,,,,,,,,,,,,,,,,,,,,,,,,,,,,,,,,,1,1784928633.4644592,0.0014958381652832031,world,base_footprint,-0.6685264448298583,-1.0339356722395083,1,0,1,1784928593.86561,39.60034513473511,world,workspace,1,0,2,-0.0721911355745298,-0.0005509412263589577,0.0,0.0,0.0,-0.10574687133817579,0.994393080829803,1.5,1,2,1784928593.86561,world,workspace,-0.0721911355745298,-0.0005509412263589577,0.0,0.0,-0.10574687133817579,0.994393080829803,1,1784928593.865948,39.60000705718994,workspace,1,321,,1,1784928633.4644594,0.0014955997467041016,world,pelvis,-0.6620518628749333,-0.9902616627080438,0.7764760167859787,-0.02131708668556106,-0.018402723287722175,-0.7571064049788504,0.6526843135320758,capsules,0.05,0.5,0.1,0.5,0.5
341,1784928633.56597,34.2067042356357,1,1784928633.5654747,0.0004951953887939453,17,0.017184030264616013,1,-0.03886470943689346,1,0.006826826371252537,1,0.3850458264350891,1,0.7313409447669983,1,0.02689632773399353,1,0.8280215263366699,1,0.2929897606372833,1,-0.5534535646438599,1,0.019007571041584015,1,0.9980314373970032,1,-0.15208715200424194,1,-0.010644441470503807,1,0.03004138357937336,1,-0.2829602062702179,1,0.05304006487131119,1,-0.017360443249344826,1,0,,,,,,,,,,,,,,,,,,,,,,,,,,,,,,,,,,,,,,,,,,,,,,,,,,,,,,,,,,,,,,,,,,,,,,,,,,,,,,,,,,,,,,,,,,,,,,,,,,,,,,,,,,,,,,,,,,,,,1,1784928633.5644617,0.0015082359313964844,world,base_footprint,-0.6658702385755159,-1.0309247853175754,1,0,1,1784928593.86561,39.70036005973816,world,workspace,1,0,2,-0.0721911355745298,-0.0005509412263589577,0.0,0.0,0.0,-0.10574687133817579,0.994393080829803,1.5,1,2,1784928593.86561,world,workspace,-0.0721911355745298,-0.0005509412263589577,0.0,0.0,-0.10574687133817579,0.994393080829803,1,1784928593.865948,39.70002198219299,workspace,1,321,,1,1784928633.564462,0.0015079975128173828,world,pelvis,-0.6684078926479722,-0.9929811034110577,0.776494442791747,-0.014634926961544762,-0.01934068189833506,-0.7551660580884872,0.6550847133368579,capsules,0.05,0.5,0.1,0.5,0.5
342,1784928633.6659396,34.30667547881603,1,1784928633.665673,0.0002665519714355469,17,-0.0056980447843670845,1,-0.06778986006975174,1,-0.000692356436047703,1,0.3702999949455261,1,0.6962913870811462,1,0.026042338460683823,1,0.8304906487464905,1,0.3230590224266052,1,-0.5921797156333923,1,0.018555281683802605,1,1.0025150775909424,1,-0.15860924124717712,1,-0.013909515924751759,1,0.006681706290692091,1,-0.1494043916463852,1,0.0415489487349987,1,0.058788739144802094,1,0,,,,,,,,,,,,,,,,,,,,,,,,,,,,,,,,,,,,,,,,,,,,,,,,,,,,,,,,,,,,,,,,,,,,,,,,,,,,,,,,,,,,,,,,,,,,,,,,,,,,,,,,,,,,,,,,,,,,,1,1784928633.6644554,0.0014841556549072266,world,base_footprint,-0.6695096640262633,-1.0439232353672119,1,0,1,1784928593.86561,39.80032968521118,world,workspace,1,0,2,-0.0721911355745298,-0.0005509412263589577,0.0,0.0,0.0,-0.10574687133817579,0.994393080829803,1.5,1,2,1784928593.86561,world,workspace,-0.0721911355745298,-0.0005509412263589577,0.0,0.0,-0.10574687133817579,0.994393080829803,1,1784928593.865948,39.799991607666016,workspace,1,321,,1,1784928633.6644557,0.001483917236328125,world,pelvis,-0.6762163159235531,-0.9998396139881018,0.7731117515313333,-0.015561847496501535,-0.02380733847286319,-0.7449267532779272,0.6665397000840537,capsules,0.05,0.5,0.1,0.5,0.5
343,1784928633.7659125,34.40664608031511,1,1784928633.7648525,0.0010600090026855469,17,-0.023802483454346657,1,-0.005086978897452354,1,-0.00422728480771184,1,0.33829596638679504,1,0.5599401593208313,1,-0.008634029887616634,1,0.8163359761238098,1,0.3507828712463379,1,-0.7086232900619507,1,0.001366794342175126,1,1.0128222703933716,1,-0.28801509737968445,1,-0.005330811254680157,1,0.05817915499210358,1,-0.12574288249015808,1,0.014808806590735912,1,0.017412785440683365,1,0,,,,,,,,,,,,,,,,,,,,,,,,,,,,,,,,,,,,,,,,,,,,,,,,,,,,,,,,,,,,,,,,,,,,,,,,,,,,,,,,,,,,,,,,,,,,,,,,,,,,,,,,,,,,,,,,,,,,,1,1784928633.7644544,0.0014581680297851562,world,base_footprint,-0.6649125251656135,-1.0408287123258242,1,0,1,1784928593.86561,39.90030264854431,world,workspace,1,0,2,-0.0721911355745298,-0.0005509412263589577,0.0,0.0,0.0,-0.10574687133817579,0.994393080829803,1.5,1,2,1784928593.86561,world,workspace,-0.0721911355745298,-0.0005509412263589577,0.0,0.0,-0.10574687133817579,0.994393080829803,1,1784928593.865948,39.899964570999146,workspace,1,321,,1,1784928633.7644546,0.0014579296112060547,world,pelvis,-0.662124210310988,-1.0037915827350994,0.776736012418107,-0.017458801242083443,-0.016009744529622866,-0.7290771527181605,0.6840214789929231,capsules,0.05,0.5,0.1,0.5,0.5
344,1784928633.8659847,34.506717128679156,1,1784928633.864964,0.001020669937133789,17,-0.019451631233096123,1,0.08201689273118973,1,0.0007639044779352844,1,0.3384658396244049,1,0.503499448299408,1,-0.02894136868417263,1,0.8084427714347839,1,0.355042427778244,1,-0.7773435115814209,1,-0.0156093193218112,1,1.0193363428115845,1,-0.3313881456851959,1,0.04372995346784592,1,0.016616471111774445,1,-0.08886323124170303,1,-0.003281092969700694,1,-0.017235228791832924,1,0,,,,,,,,,,,,,,,,,,,,,,,,,,,,,,,,,,,,,,,,,,,,,,,,,,,,,,,,,,,,,,,,,,,,,,,,,,,,,,,,,,,,,,,,,,,,,,,,,,,,,,,,,,,,,,,,,,,,,1,1784928633.8654544,0.000530242919921875,world,base_footprint,-0.6620968413359559,-1.0393773349925348,1,0,1,1784928593.86561,40.00037479400635,world,workspace,1,0,2,-0.0721911355745298,-0.0005509412263589577,0.0,0.0,0.0,-0.10574687133817579,0.994393080829803,1.5,1,2,1784928593.86561,world,workspace,-0.0721911355745298,-0.0005509412263589577,0.0,0.0,-0.10574687133817579,0.994393080829803,1,1784928593.865948,40.00003671646118,workspace,1,321,,1,1784928633.8654544,0.000530242919921875,world,pelvis,-0.6354145363438547,-1.0076983915465274,0.7768463626996746,-0.026282325937214124,-0.0026674550698542743,-0.7178969814618945,0.6956479339685274,capsules,0.05,0.5,0.1,0.5,0.5
345,1784928633.966016,34.606750797480345,1,1784928633.9650512,0.0009648799896240234,17,0.006584811955690384,1,0.11290398985147476,1,-0.0013495449675247073,1,0.3656266927719116,1,0.5353865027427673,1,-0.02689267508685589,1,0.8112323880195618,1,0.3413655161857605,1,-0.7621315121650696,1,-0.015889544039964676,1,1.0194905996322632,1,-0.20232446491718292,1,0.05933697149157524,1,-0.019726406782865524,1,-0.0705939531326294,1,-0.06051730364561081,1,-0.016363568603992462,1,0,,,,,,,,,,,,,,,,,,,,,,,,,,,,,,,,,,,,,,,,,,,,,,,,,,,,,,,,,,,,,,,,,,,,,,,,,,,,,,,,,,,,,,,,,,,,,,,,,,,,,,,,,,,,,,,,,,,,,1,1784928633.9644608,0.0015552043914794922,world,base_footprint,-0.6292603685393462,-1.0501493139827887,1,0,1,1784928593.86561,40.10040616989136,world,workspace,1,0,2,-0.0721911355745298,-0.0005509412263589577,0.0,0.0,0.0,-0.10574687133817579,0.994393080829803,1.5,1,2,1784928593.86561,world,workspace,-0.0721911355745298,-0.0005509412263589577,0.0,0.0,-0.10574687133817579,0.994393080829803,1,1784928593.865948,40.10006809234619,workspace,1,321,,1,1784928633.9654584,0.0005576610565185547,world,pelvis,-0.6006417224255748,-1.0157546181901456,0.774402449913428,-0.02838664785930414,-0.00295428345839615,-0.7154527839079462,0.698077921460727,capsules,0.05,0.5,0.1,0.5,0.5
346,1784928634.065982,34.706714757718146,1,1784928634.0646157,0.0013663768768310547,17,0.022656887769699097,1,0.03311934322118759,1,0.02180449850857258,1,0.3774208128452301,1,0.6503884196281433,1,-3.1826377380639315e-05,1,0.816645622253418,1,0.2925143837928772,1,-0.6317963004112244,1,-0.0001923112868098542,1,1.0061397552490234,1,-0.1617911159992218,1,-0.0022079371847212315,1,0.006436346098780632,1,-0.20484471321105957,1,-0.03119504079222679,1,0.03154143691062927,1,0,,,,,,,,,,,,,,,,,,,,,,,,,,,,,,,,,,,,,,,,,,,,,,,,,,,,,,,,,,,,,,,,,,,,,,,,,,,,,,,,,,,,,,,,,,,,,,,,,,,,,,,,,,,,,,,,,,,,,1,1784928634.0644553,0.0015268325805664062,world,base_footprint,-0.58596284067334,-1.0564203321063748,1,0,1,1784928593.86561,40.20037221908569,world,workspace,1,0,2,-0.0721911355745298,-0.0005509412263589577,0.0,0.0,0.0,-0.10574687133817579,0.994393080829803,1.5,1,2,1784928593.86561,world,workspace,-0.0721911355745298,-0.0005509412263589577,0.0,0.0,-0.10574687133817579,0.994393080829803,1,1784928593.865948,40.20003414154053,workspace,1,321,,1,1784928634.0644553,0.0015268325805664062,world,pelvis,-0.5835521827032638,-1.0167353408512618,0.7769516118404243,-0.01878187214061476,-0.017036670502823793,-0.7153006427405163,0.6983566306924252,capsules,0.05,0.5,0.1,0.5,0.5
347,1784928634.1660132,34.80674717575312,1,1784928634.1653392,0.0006740093231201172,17,0.0236984696239233,1,-0.052496496587991714,1,0.010633953846991062,1,0.38439685106277466,1,0.7342660427093506,1,0.02790103107690811,1,0.8274432420730591,1,0.287162184715271,1,-0.5498457551002502,1,0.02036892995238304,1,0.9960019588470459,1,-0.15867124497890472,1,-0.010849175043404102,1,0.010202141478657722,1,-0.2760845422744751,1,0.03623455762863159,1,-0.0358777791261673,1,0,,,,,,,,,,,,,,,,,,,,,,,,,,,,,,,,,,,,,,,,,,,,,,,,,,,,,,,,,,,,,,,,,,,,,,,,,,,,,,,,,,,,,,,,,,,,,,,,,,,,,,,,,,,,,,,,,,,,,1,1784928634.1644578,0.0015554428100585938,world,base_footprint,-0.5790820004190811,-1.051343892578206,1,0,1,1784928593.86561,40.300403356552124,world,workspace,1,0,2,-0.0721911355745298,-0.0005509412263589577,0.0,0.0,0.0,-0.10574687133817579,0.994393080829803,1.5,1,2,1784928593.86561,world,workspace,-0.0721911355745298,-0.0005509412263589577,0.0,0.0,-0.10574687133817579,0.994393080829803,1,1784928593.865948,40.30006527900696,workspace,1,321,,1,1784928634.1654558,0.0005574226379394531,world,pelvis,-0.5851978920622861,-1.0193326034983898,0.7773961082764268,-0.011499385831444985,-0.017312673879552473,-0.7142075741339537,0.6996253115049031,capsules,0.05,0.5,0.1,0.5,0.5
348,1784928634.266042,34.906775726005435,1,1784928634.2654762,0.0005657672882080078,17,0.005101701244711876,1,-0.10870657861232758,1,0.0019450768595561385,1,0.37990647554397583,1,0.7110602259635925,1,0.02833859622478485,1,0.8283579349517822,1,0.3113822042942047,1,-0.5835837125778198,1,0.020301297307014465,1,0.9971398711204529,1,-0.1569465547800064,1,-0.026264915242791176,1,0.002913259668275714,1,-0.15743015706539154,1,0.037881821393966675,1,0.018850844353437424,1,0,,,,,,,,,,,,,,,,,,,,,,,,,,,,,,,,,,,,,,,,,,,,,,,,,,,,,,,,,,,,,,,,,,,,,,,,,,,,,,,,,,,,,,,,,,,,,,,,,,,,,,,,,,,,,,,,,,,,,1,1784928634.2644553,0.0015866756439208984,world,base_footprint,-0.5703630274958733,-1.0614291516733265,1,0,1,1784928593.86561,40.400432109832764,world,workspace,1,0,2,-0.0721911355745298,-0.0005509412263589577,0.0,0.0,0.0,-0.10574687133817579,0.994393080829803,1.5,1,2,1784928593.86561,world,workspace,-0.0721911355745298,-0.0005509412263589577,0.0,0.0,-0.10574687133817579,0.994393080829803,1,1784928593.865948,40.4000940322876,workspace,1,321,,1,1784928634.2644556,0.0015864372253417969,world,pelvis,-0.5904345919683416,-1.0262311979115228,0.7739405180618603,-0.006782416819758724,-0.02493708079463948,-0.7079900843097554,0.7057493757295079,capsules,0.05,0.5,0.1,0.5,0.5
349,1784928634.3659413,35.00667479541153,1,1784928634.364661,0.0012803077697753906,17,-0.012463383376598358,1,-0.054724399000406265,1,-0.010138597339391708,1,0.3570382595062256,1,0.5763887166976929,1,-0.002957454416900873,1,0.824751615524292,1,0.34234386682510376,1,-0.6960458755493164,1,0.0035189867485314608,1,1.0091133117675781,1,-0.25880154967308044,1,-0.010064278729259968,1,0.05677475780248642,1,-0.11316625773906708,1,0.031913239508867264,1,-0.007093191612511873,1,0,,,,,,,,,,,,,,,,,,,,,,,,,,,,,,,,,,,,,,,,,,,,,,,,,,,,,,,,,,,,,,,,,,,,,,,,,,,,,,,,,,,,,,,,,,,,,,,,,,,,,,,,,,,,,,,,,,,,,1,1784928634.3644564,0.0014848709106445312,world,base_footprint,-0.5733563331203708,-1.0670701441088706,1,0,1,1784928593.86561,40.50033140182495,world,workspace,1,0,2,-0.0721911355745298,-0.0005509412263589577,0.0,0.0,0.0,-0.10574687133817579,0.994393080829803,1.5,1,2,1784928593.86561,world,workspace,-0.0721911355745298,-0.0005509412263589577,0.0,0.0,-0.10574687133817579,0.994393080829803,1,1784928593.865948,40.499993324279785,workspace,1,321,,1,1784928634.3644564,0.0014848709106445312,world,pelvis,-0.5794487661993724,-1.0328247430911277,0.7774894057173152,-0.012919701273210045,-0.018032203608278792,-0.6981374265500696,0.715620049049834,capsules,0.05,0.5,0.1,0.5,0.5
350,1784928634.4661167,35.106850599870086,1,1784928634.4647417,0.001374959945678711,17,-0.015071387402713299,1,0.033143382519483566,1,-0.01404152438044548,1,0.355734646320343,1,0.5042634010314941,1,-0.02857186086475849,1,0.8160251379013062,1,0.35367751121520996,1,-0.7751110792160034,1,-0.014665232039988041,1,1.0197993516921997,1,-0.3037445843219757,1,0.03573925048112869,1,0.027799736708402634,1,-0.07091961055994034,1,0.02158585749566555,1,-0.03202106058597565,1,0,,,,,,,,,,,,,,,,,,,,,,,,,,,,,,,,,,,,,,,,,,,,,,,,,,,,,,,,,,,,,,,,,,,,,,,,,,,,,,,,,,,,,,,,,,,,,,,,,,,,,,,,,,,,,,,,,,,,,1,1784928634.464455,0.0016617774963378906,world,base_footprint,-0.5732972032071106,-1.0708618260228637,1,0,1,1784928593.86561,40.60050678253174,world,workspace,1,0,2,-0.0721911355745298,-0.0005509412263589577,0.0,0.0,0.0,-0.10574687133817579,0.994393080829803,1.5,1,2,1784928593.86561,world,workspace,-0.0721911355745298,-0.0005509412263589577,0.0,0.0,-0.10574687133817579,0.994393080829803,1,1784928593.865948,40.60016870498657,workspace,1,321,,1,1784928634.4654553,0.0006613731384277344,world,pelvis,-0.5545407383578116,-1.0385851665782506,0.7780843873534372,-0.02306868997188772,-0.005588974695890937,-0.6896431006018351,0.7237603143977409,capsules,0.05,0.5,0.1,0.5,0.5
351,1784928634.5660033,35.206736125051975,1,1784928634.5648518,0.0011515617370605469,17,0.0011298487661406398,1,0.06932435929775238,1,-0.008811823092401028,1,0.3652570843696594,1,0.530819296836853,1,-0.02720913104712963,1,0.8157287240028381,1,0.33848196268081665,1,-0.7600975036621094,1,-0.015606503933668137,1,1.0202326774597168,1,-0.19208289682865143,1,0.053864311426877975,1,0.018609721213579178,1,-0.05716308578848839,1,-0.027594352141022682,1,-0.03193597495555878,1,0,,,,,,,,,,,,,,,,,,,,,,,,,,,,,,,,,,,,,,,,,,,,,,,,,,,,,,,,,,,,,,,,,,,,,,,,,,,,,,,,,,,,,,,,,,,,,,,,,,,,,,,,,,,,,,,,,,,,,1,1784928634.5644548,0.0015485286712646484,world,base_footprint,-0.5441764600718544,-1.0827185121494791,1,0,1,1784928593.86561,40.70039343833923,world,workspace,1,0,2,-0.0721911355745298,-0.0005509412263589577,0.0,0.0,0.0,-0.10574687133817579,0.994393080829803,1.5,1,2,1784928593.86561,world,workspace,-0.0721911355745298,-0.0005509412263589577,0.0,0.0,-0.10574687133817579,0.994393080829803,1,1784928593.865948,40.70005536079407,workspace,1,321,,1,1784928634.564455,0.0015482902526855469,world,pelvis,-0.5235254874120867,-1.0462638113672793,0.7757227380773793,-0.025939752864987942,-0.00642271120478826,-0.6873190062616827,0.7258639415438242,capsules,0.05,0.5,0.1,0.5,0.5
352,1784928634.6659837,35.306716124527156,1,1784928634.6648862,0.0010974407196044922,17,0.01535968016833067,1,-0.003007412189617753,1,0.024747217074036598,1,0.36736688017845154,1,0.6545633673667908,1,0.0020127450115978718,1,0.8176174163818359,1,0.29233065247535706,1,-0.6223041415214539,1,0.0019435309804975986,1,1.0056880712509155,1,-0.14290772378444672,1,0.01015360839664936,1,0.03783627972006798,1,-0.18942059576511383,1,0.00816628709435463,1,0.006568512879312038,1,0,,,,,,,,,,,,,,,,,,,,,,,,,,,,,,,,,,,,,,,,,,,,,,,,,,,,,,,,,,,,,,,,,,,,,,,,,,,,,,,,,,,,,,,,,,,,,,,,,,,,,,,,,,,,,,,,,,,,,1,1784928634.6644585,0.0015251636505126953,world,base_footprint,-0.5135347908337794,-1.0905305884824195,1,0,1,1784928593.86561,40.800373792648315,world,workspace,1,0,2,-0.0721911355745298,-0.0005509412263589577,0.0,0.0,0.0,-0.10574687133817579,0.994393080829803,1.5,1,2,1784928593.86561,world,workspace,-0.0721911355745298,-0.0005509412263589577,0.0,0.0,-0.10574687133817579,0.994393080829803,1,1784928593.865948,40.80003571510315,workspace,1,321,,1,1784928634.6644585,0.0015251636505126953,world,pelvis,-0.5144266257223603,-1.0475662288769128,0.7785865943084983,-0.019486844900513202,-0.019276007108723518,-0.6880859763882834,0.7251112931981893,capsules,0.05,0.5,0.1,0.5,0.5
353,1784928634.7659523,35.40668471343815,1,1784928634.765085,0.0008673667907714844,17,0.015623221173882484,1,-0.062165774405002594,1,0.01671772450208664,1,0.37560269236564636,1,0.7224116921424866,1,0.023908479139208794,1,0.822831392288208,1,0.29297909140586853,1,-0.5627048015594482,1,0.017362751066684723,1,0.9981792569160461,1,-0.13242127001285553,1,0.006028841715306044,1,0.04221515730023384,1,-0.25942283868789673,1,0.047895919531583786,1,-0.019787997007369995,1,0,,,,,,,,,,,,,,,,,,,,,,,,,,,,,,,,,,,,,,,,,,,,,,,,,,,,,,,,,,,,,,,,,,,,,,,,,,,,,,,,,,,,,,,,,,,,,,,,,,,,,,,,,,,,,,,,,,,,,1,1784928634.7644591,0.001493215560913086,world,base_footprint,-0.5094364308777478,-1.0909707445986923,1,0,1,1784928593.86561,40.90034246444702,world,workspace,1,0,2,-0.0721911355745298,-0.0005509412263589577,0.0,0.0,0.0,-0.10574687133817579,0.994393080829803,1.5,1,2,1784928593.86561,world,workspace,-0.0721911355745298,-0.0005509412263589577,0.0,0.0,-0.10574687133817579,0.994393080829803,1,1784928593.865948,40.900004386901855,workspace,1,321,,1,1784928634.7644591,0.001493215560913086,world,pelvis,-0.5180763870734435,-1.0526878900979573,0.7787123004001679,-0.013929507975010403,-0.02079656478485511,-0.687734061269011,0.7255310694044438,capsules,0.05,0.5,0.1,0.5,0.5
354,1784928634.8659754,35.50670928694308,1,1784928634.8652306,0.0007448196411132812,17,-0.008264143951237202,1,-0.08565676212310791,1,-0.0018125163624063134,1,0.36561310291290283,1,0.6942185163497925,1,0.023595377802848816,1,0.8255210518836975,1,0.32866179943084717,1,-0.6009505391120911,1,0.01671457663178444,1,1.002399206161499,1,-0.15001873672008514,1,-0.0005062249838374555,1,0.013240089640021324,1,-0.13774099946022034,1,0.03628116101026535,1,0.031378209590911865,1,0,,,,,,,,,,,,,,,,,,,,,,,,,,,,,,,,,,,,,,,,,,,,,,,,,,,,,,,,,,,,,,,,,,,,,,,,,,,,,,,,,,,,,,,,,,,,,,,,,,,,,,,,,,,,,,,,,,,,,1,1784928634.864456,0.0015194416046142578,world,base_footprint,-0.5094541259077656,-1.1019285020566116,1,0,1,1784928593.86561,41.00036549568176,world,workspace,1,0,2,-0.0721911355745298,-0.0005509412263589577,0.0,0.0,0.0,-0.10574687133817579,0.994393080829803,1.5,1,2,1784928593.86561,world,workspace,-0.0721911355745298,-0.0005509412263589577,0.0,0.0,-0.10574687133817579,0.994393080829803,1,1784928593.865948,41.0000274181366,workspace,1,321,,1,1784928634.864456,0.0015194416046142578,world,pelvis,-0.52423313957645,-1.0634403879747822,0.7744580246325004,-0.01174415086238249,-0.02352744380619816,-0.6749300362948921,0.7374130324420932,capsules,0.05,0.5,0.1,0.5,0.5
355,1784928634.9664407,35.60717391781509,1,1784928634.965134,0.001306772232055664,17,-0.02156885340809822,1,-0.007846160791814327,1,-0.0121978260576725,1,0.34192851185798645,1,0.5598545074462891,1,-0.008439470082521439,1,0.8183425068855286,1,0.3543231189250946,1,-0.7131926417350769,1,-0.000140690928674303,1,1.0153441429138184,1,-0.2688145935535431,1,-0.0014907809672877192,1,0.052605725824832916,1,-0.1092066839337349,1,0.018487486988306046,1,-0.004410098306834698,1,0,,,,,,,,,,,,,,,,,,,,,,,,,,,,,,,,,,,,,,,,,,,,,,,,,,,,,,,,,,,,,,,,,,,,,,,,,,,,,,,,,,,,,,,,,,,,,,,,,,,,,,,,,,,,,,,,,,,,,1,1784928634.9644585,0.0019822120666503906,world,base_footprint,-0.508600747927117,-1.1017802493406679,1,0,1,1784928593.86561,41.10083079338074,world,workspace,1,0,2,-0.0721911355745298,-0.0005509412263589577,0.0,0.0,0.0,-0.10574687133817579,0.994393080829803,1.5,1,2,1784928593.86561,world,workspace,-0.0721911355745298,-0.0005509412263589577,0.0,0.0,-0.10574687133817579,0.994393080829803,1,1784928593.865948,41.10049271583557,workspace,1,321,,1,1784928634.9654589,0.0009818077087402344,world,pelvis,-0.5086526710316411,-1.0683025157153112,0.7774824803930441,-0.016040689541119743,-0.014047985543920252,-0.6598050894603787,0.7511342052545503,capsules,0.05,0.5,0.1,0.5,0.5
356,1784928635.065911,35.70664449222386,1,1784928635.0651217,0.0007894039154052734,17,-0.013890789821743965,1,0.08652737736701965,1,-0.00775129534304142,1,0.34355297684669495,1,0.5063245892524719,1,-0.0282248854637146,1,0.8113311529159546,1,0.353628545999527,1,-0.7761256694793701,1,-0.014809378422796726,1,1.0185518264770508,1,-0.32046619057655334,1,0.02730199508368969,1,0.01672767661511898,1,-0.06897863745689392,1,-8.213615365093574e-05,1,-0.03333047404885292,1,0,,,,,,,,,,,,,,,,,,,,,,,,,,,,,,,,,,,,,,,,,,,,,,,,,,,,,,,,,,,,,,,,,,,,,,,,,,,,,,,,,,,,,,,,,,,,,,,,,,,,,,,,,,,,,,,,,,,,,1,1784928635.0644543,0.0014567375183105469,world,base_footprint,-0.504166930330162,-1.101761807908646,1,0,1,1784928593.86561,41.20030117034912,world,workspace,1,0,2,-0.0721911355745298,-0.0005509412263589577,0.0,0.0,0.0,-0.10574687133817579,0.994393080829803,1.5,1,2,1784928593.86561,world,workspace,-0.0721911355745298,-0.0005509412263589577,0.0,0.0,-0.10574687133817579,0.994393080829803,1,1784928593.865948,41.199963092803955,workspace,1,321,,1,1784928635.0644546,0.0014564990997314453,world,pelvis,-0.4811562554045101,-1.0694275260163766,0.7776281148085642,-0.025212010330544807,-0.0022441057587642916,-0.6495582605708152,0.7598903767311789,capsules,0.05,0.5,0.1,0.5,0.5
357,1784928635.1659946,35.80672860797495,1,1784928635.1649656,0.0010290145874023438,17,0.014614354819059372,1,0.11337951570749283,1,0.007561977952718735,1,0.36571723222732544,1,0.5456530451774597,1,-0.02436596341431141,1,0.8138573169708252,1,0.3316399157047272,1,-0.7489390969276428,1,-0.014787443913519382,1,1.018739104270935,1,-0.2095412015914917,1,0.04484353959560394,1,0.01284457091242075,1,-0.04667635262012482,1,-0.05263349413871765,1,-0.023368172347545624,1,0,,,,,,,,,,,,,,,,,,,,,,,,,,,,,,,,,,,,,,,,,,,,,,,,,,,,,,,,,,,,,,,,,,,,,,,,,,,,,,,,,,,,,,,,,,,,,,,,,,,,,,,,,,,,,,,,,,,,,1,1784928635.164455,0.0015397071838378906,world,base_footprint,-0.4684570615736792,-1.116039918788951,1,0,1,1784928593.86561,41.300384759902954,world,workspace,1,0,2,-0.0721911355745298,-0.0005509412263589577,0.0,0.0,0.0,-0.10574687133817579,0.994393080829803,1.5,1,2,1784928593.86561,world,workspace,-0.0721911355745298,-0.0005509412263589577,0.0,0.0,-0.10574687133817579,0.994393080829803,1,1784928593.865948,41.30004668235779,workspace,1,321,,1,1784928635.164455,0.0015397071838378906,world,pelvis,-0.4475418859211161,-1.0729620845596604,0.7752706396897233,-0.02955473075124721,-0.007720253330095234,-0.6496375067696064,0.7596301898798586,capsules,0.05,0.5,0.1,0.5,0.5
358,1784928635.2659729,35.90670671593398,1,1784928635.2648277,0.0011451244354248047,17,0.024966880679130554,1,0.02660355716943741,1,0.019375473260879517,1,0.3840882480144501,1,0.673525333404541,1,0.007510659284889698,1,0.8215745687484741,1,0.29048940539360046,1,-0.6062557101249695,1,0.005471713375300169,1,1.0037094354629517,1,-0.1724647879600525,1,-0.00014741045015398413,1,0.029169099405407906,1,-0.20376670360565186,1,-0.010194032453000546,1,0.019378704950213432,1,0,,,,,,,,,,,,,,,,,,,,,,,,,,,,,,,,,,,,,,,,,,,,,,,,,,,,,,,,,,,,,,,,,,,,,,,,,,,,,,,,,,,,,,,,,,,,,,,,,,,,,,,,,,,,,,,,,,,,,1,1784928635.2644563,0.001516580581665039,world,base_footprint,-0.4371853584444178,-1.1158526046829393,1,0,1,1784928593.86561,41.400362968444824,world,workspace,1,0,2,-0.0721911355745298,-0.0005509412263589577,0.0,0.0,0.0,-0.10574687133817579,0.994393080829803,1.5,1,2,1784928593.86561,world,workspace,-0.0721911355745298,-0.0005509412263589577,0.0,0.0,-0.10574687133817579,0.994393080829803,1,1784928593.865948,41.40002489089966,workspace,1,321,,1,1784928635.2644565,0.0015163421630859375,world,pelvis,-0.43720036020089004,-1.0757223336316506,0.7771728681791881,-0.01945331735965877,-0.016633596755371797,-0.6493778026016034,0.7600351053675067,capsules,0.05,0.5,0.1,0.5,0.5
359,1784928635.3659472,36.00669983122498,1,1784928635.364859,0.0010881423950195312,17,0.02377799153327942,1,-0.051572054624557495,1,0.01787278801202774,1,0.3850647509098053,1,0.732793927192688,1,0.0280727818608284,1,0.8262424468994141,1,0.2873254418373108,1,-0.548987090587616,1,0.021064169704914093,1,0.9958741664886475,1,-0.15723435580730438,1,-0.006954682990908623,1,0.034929510205984116,1,-0.2733761668205261,1,0.03829437121748924,1,-0.014411789365112782,1,0,,,,,,,,,,,,,,,,,,,,,,,,,,,,,,,,,,,,,,,,,,,,,,,,,,,,,,,,,,,,,,,,,,,,,,,,,,,,,,,,,,,,,,,,,,,,,,,,,,,,,,,,,,,,,,,,,,,,,1,1784928635.3644567,0.0014905929565429688,world,base_footprint,-0.43098159491302857,-1.1174524834139448,1,0,1,1784928593.86561,41.50033736228943,world,workspace,1,0,2,-0.0721911355745298,-0.0005509412263589577,0.0,0.0,0.0,-0.10574687133817579,0.994393080829803,1.5,1,2,1784928593.86561,world,workspace,-0.0721911355745298,-0.0005509412263589577,0.0,0.0,-0.10574687133817579,0.994393080829803,1,1784928593.865948,41.49999928474426,workspace,1,321,,1,1784928635.364457,0.0014903545379638672,world,pelvis,-0.4400606637228226,-1.0810384320404642,0.7775593943881596,-0.013909206466164633,-0.019478525829190872,-0.6488655497083864,0.7605265408969214,capsules,0.05,0.5,0.1,0.5,0.5
360,1784928635.4660127,36.1067466577515,1,1784928635.4647193,0.0012934207916259766,17,-0.001712910016067326,1,-0.09769795089960098,1,-0.0011173965176567435,1,0.37518081068992615,1,0.7005068063735962,1,0.027659883722662926,1,0.827489972114563,1,0.32083213329315186,1,-0.59269118309021,1,0.020261108875274658,1,0.9987742900848389,1,-0.16405291855335236,1,-0.017329832538962364,1,0.016089053824543953,1,-0.14508195221424103,1,0.034354329109191895,1,0.04170839488506317,1,0,,,,,,,,,,,,,,,,,,,,,,,,,,,,,,,,,,,,,,,,,,,,,,,,,,,,,,,,,,,,,,,,,,,,,,,,,,,,,,,,,,,,,,,,,,,,,,,,,,,,,,,,,,,,,,,,,,,,,1,1784928635.4644554,0.0015573501586914062,world,base_footprint,-0.42613637681371086,-1.1266112981986793,1,0,1,1784928593.86561,41.60040283203125,world,workspace,1,0,2,-0.0721911355745298,-0.0005509412263589577,0.0,0.0,0.0,-0.10574687133817579,0.994393080829803,1.5,1,2,1784928593.86561,world,workspace,-0.0721911355745298,-0.0005509412263589577,0.0,0.0,-0.10574687133817579,0.994393080829803,1,1784928593.865948,41.600064754486084,workspace,1,321,,1,1784928635.465455,0.0005576610565185547,world,pelvis,-0.44467282249663415,-1.0920895401679271,0.7740006727793821,-0.010131946878241893,-0.022873054556848033,-0.6380849679419747,0.7695594458611922,capsules,0.05,0.5,0.1,0.5,0.5
361,1784928635.5659966,36.20673056598753,1,1784928635.56523,0.000766754150390625,17,-0.021395470947027206,1,-0.04449223726987839,1,-0.008088888600468636,1,0.34376806020736694,1,0.5640805959701538,1,-0.006470280699431896,1,0.8207672834396362,1,0.3506537973880768,1,-0.707378089427948,1,0.0012637582840397954,1,1.0126311779022217,1,-0.2765926420688629,1,-0.010903065092861652,1,0.06702364981174469,1,-0.1111190915107727,1,0.014563553966581821,1,0.004730430897325277,1,0,,,,,,,,,,,,,,,,,,,,,,,,,,,,,,,,,,,,,,,,,,,,,,,,,,,,,,,,,,,,,,,,,,,,,,,,,,,,,,,,,,,,,,,,,,,,,,,,,,,,,,,,,,,,,,,,,,,,,1,1784928635.5644553,0.0015413761138916016,world,base_footprint,-0.42344376438504466,-1.1282700399676628,1,0,1,1784928593.86561,41.70038676261902,world,workspace,1,0,2,-0.0721911355745298,-0.0005509412263589577,0.0,0.0,0.0,-0.10574687133817579,0.994393080829803,1.5,1,2,1784928593.86561,world,workspace,-0.0721911355745298,-0.0005509412263589577,0.0,0.0,-0.10574687133817579,0.994393080829803,1,1784928593.865948,41.70004868507385,workspace,1,321,,1,1784928635.5644553,0.0015413761138916016,world,pelvis,-0.4317249224567482,-1.0956551713385132,0.7775757930250201,-0.012991633305306248,-0.017080322366949733,-0.6223152714660385,0.7824724806356147,capsules,0.05,0.5,0.1,0.5,0.5
362,1784928635.6659472,36.30667895823717,1,1784928635.6649268,0.0010204315185546875,17,-0.012659557163715363,1,0.046460866928100586,1,-0.011818536557257175,1,0.34856224060058594,1,0.49525487422943115,1,-0.03100624307990074,1,0.8143001198768616,1,0.3565826416015625,1,-0.7854141592979431,1,-0.016827428713440895,1,1.0209250450134277,1,-0.31884029507637024,1,0.03656577318906784,1,0.020954014733433723,1,-0.06680692732334137,1,-0.0009107909863814712,1,-0.014398899860680103,1,0,,,,,,,,,,,,,,,,,,,,,,,,,,,,,,,,,,,,,,,,,,,,,,,,,,,,,,,,,,,,,,,,,,,,,,,,,,,,,,,,,,,,,,,,,,,,,,,,,,,,,,,,,,,,,,,,,,,,,1,1784928635.6644561,0.0014910697937011719,world,base_footprint,-0.41896520732967474,-1.1296133461446876,1,0,1,1784928593.86561,41.80033731460571,world,workspace,1,0,2,-0.0721911355745298,-0.0005509412263589577,0.0,0.0,0.0,-0.10574687133817579,0.994393080829803,1.5,1,2,1784928593.86561,world,workspace,-0.0721911355745298,-0.0005509412263589577,0.0,0.0,-0.10574687133817579,0.994393080829803,1,1784928593.865948,41.79999923706055,workspace,1,321,,1,1784928635.6644561,0.0014910697937011719,world,pelvis,-0.4038737766857151,-1.0964324566422958,0.7782080212582198,-0.022599751802786693,-0.005449623242838996,-0.6156932595859405,0.7876429158733057,capsules,0.05,0.5,0.1,0.5,0.5
363,1784928635.7659457,36.40667689405382,1,1784928635.7655597,0.0003859996795654297,17,0.011426691897213459,1,0.07864859700202942,1,-0.01422163750976324,1,0.3729230463504791,1,0.528508186340332,1,-0.02855449914932251,1,0.8157812356948853,1,0.33988770842552185,1,-0.7624462842941284,1,-0.017328692600131035,1,1.0209640264511108,1,-0.1977255493402481,1,0.046386681497097015,1,0.001467146910727024,1,-0.05485893785953522,1,-0.05733505263924599,1,-0.00085255695739761,1,0,,,,,,,,,,,,,,,,,,,,,,,,,,,,,,,,,,,,,,,,,,,,,,,,,,,,,,,,,,,,,,,,,,,,,,,,,,,,,,,,,,,,,,,,,,,,,,,,,,,,,,,,,,,,,,,,,,,,,1,1784928635.7644587,0.0014870166778564453,world,base_footprint,-0.38081808013264734,-1.1339067685334105,1,0,1,1784928593.86561,41.90033578872681,world,workspace,1,0,2,-0.0721911355745298,-0.0005509412263589577,0.0,0.0,0.0,-0.10574687133817579,0.994393080829803,1.5,1,2,1784928593.86561,world,workspace,-0.0721911355745298,-0.0005509412263589577,0.0,0.0,-0.10574687133817579,0.994393080829803,1,1784928593.865948,41.89999771118164,workspace,1,321,,1,1784928635.764459,0.0014867782592773438,world,pelvis,-0.36755852875034256,-1.1000758608847738,0.7756729589921925,-0.02219513447784577,-0.006664397751263029,-0.6170777206013079,0.7865608994512869,capsules,0.05,0.5,0.1,0.5,0.5
364,1784928635.8659258,36.50665756687522,1,1784928635.8656647,0.00026106834411621094,17,0.017946122214198112,1,7.555058255093172e-05,1,0.0018975093262270093,1,0.38341575860977173,1,0.6621055006980896,1,0.0031449636444449425,1,0.8196646571159363,1,0.3051510751247406,1,-0.6172319650650024,1,0.002648455323651433,1,1.0085304975509644,1,-0.15361212193965912,1,-0.006956593599170446,1,0.01601354032754898,1,-0.1848127543926239,1,-0.008207220584154129,1,0.03352261334657669,1,0,,,,,,,,,,,,,,,,,,,,,,,,,,,,,,,,,,,,,,,,,,,,,,,,,,,,,,,,,,,,,,,,,,,,,,,,,,,,,,,,,,,,,,,,,,,,,,,,,,,,,,,,,,,,,,,,,,,,,1,1784928635.8644543,0.0014715194702148438,world,base_footprint,-0.3430080544453294,-1.1382298746438069,1,0,1,1784928593.86561,42.00031590461731,world,workspace,1,0,2,-0.0721911355745298,-0.0005509412263589577,0.0,0.0,0.0,-0.10574687133817579,0.994393080829803,1.5,1,2,1784928593.86561,world,workspace,-0.0721911355745298,-0.0005509412263589577,0.0,0.0,-0.10574687133817579,0.994393080829803,1,1784928593.865948,41.999977827072144,workspace,1,321,,1,1784928635.8654544,0.00047135353088378906,world,pelvis,-0.3542130093081398,-1.106005578334667,0.7767651747467014,-0.011800575952083942,-0.018279617608652803,-0.615266810448519,0.7880186253812703,capsules,0.05,0.5,0.1,0.5,0.5
365,1784928635.9660954,36.60683264024556,1,1784928635.96547,0.0006253719329833984,17,0.02287682332098484,1,-0.06058349832892418,1,0.002574547193944454,1,0.3873831629753113,1,0.7299520969390869,1,0.027078544721007347,1,0.8277055621147156,1,0.29471704363822937,1,-0.549755871295929,1,0.020402995869517326,1,1.0005149841308594,1,-0.13471069931983948,1,-0.003539340104907751,1,0.03145638853311539,1,-0.27005982398986816,1,0.04473860561847687,1,-0.04267442598938942,1,0,,,,,,,,,,,,,,,,,,,,,,,,,,,,,,,,,,,,,,,,,,,,,,,,,,,,,,,,,,,,,,,,,,,,,,,,,,,,,,,,,,,,,,,,,,,,,,,,,,,,,,,,,,,,,,,,,,,,,1,1784928635.963455,0.0026404857635498047,world,base_footprint,-0.3394806959369083,-1.143902096844115,1,0,1,1784928593.86561,42.1004855632782,world,workspace,1,0,2,-0.0721911355745298,-0.0005509412263589577,0.0,0.0,0.0,-0.10574687133817579,0.994393080829803,1.5,1,2,1784928593.86561,world,workspace,-0.0721911355745298,-0.0005509412263589577,0.0,0.0,-0.10574687133817579,0.994393080829803,1,1784928593.865948,42.10014748573303,workspace,1,321,,1,1784928635.9654553,0.0006401538848876953,world,pelvis,-0.35506174609598945,-1.1158170344373164,0.7768576304782603,-0.007954951515547037,-0.019047649655618483,-0.6203702221392864,0.7840374310400203,capsules,0.05,0.5,0.1,0.5,0.5
366,1784928636.0660138,36.70674573816359,1,1784928636.0654287,0.0005850791931152344,17,-0.002959012985229492,1,-0.09809105098247528,1,-0.0055406298488378525,1,0.3769998252391815,1,0.7044983506202698,1,0.02683882974088192,1,0.8288825154304504,1,0.31715714931488037,1,-0.5877159237861633,1,0.019820155575871468,1,1.0029351711273193,1,-0.13308781385421753,1,-0.014879103749990463,1,0.02351127378642559,1,-0.19047197699546814,1,0.03196725621819496,1,0.028293568640947342,1,0,,,,,,,,,,,,,,,,,,,,,,,,,,,,,,,,,,,,,,,,,,,,,,,,,,,,,,,,,,,,,,,,,,,,,,,,,,,,,,,,,,,,,,,,,,,,,,,,,,,,,,,,,,,,,,,,,,,,,1,1784928636.0644546,0.0015592575073242188,world,base_footprint,-0.3296786864439526,-1.1555286398075522,1,0,1,1784928593.86561,42.200403928756714,world,workspace,1,0,2,-0.0721911355745298,-0.0005509412263589577,0.0,0.0,0.0,-0.10574687133817579,0.994393080829803,1.5,1,2,1784928593.86561,world,workspace,-0.0721911355745298,-0.0005509412263589577,0.0,0.0,-0.10574687133817579,0.994393080829803,1,1784928593.865948,42.20006585121155,workspace,1,321,,1,1784928636.0644548,0.0015590190887451172,world,pelvis,-0.3576929908422108,-1.1302800342732495,0.7724136290789321,-0.0017468896952442263,-0.02398909516061475,-0.6135927840124905,0.7892562113138982,capsules,0.05,0.5,0.1,0.5,0.5
367,1784928636.1659741,36.80670589488,1,1784928636.1652603,0.0007138252258300781,17,-0.02623118832707405,1,-0.02066626027226448,1,0.005057952832430601,1,0.3355185091495514,1,0.5686911344528198,1,-0.005877531599253416,1,0.8157248497009277,1,0.3483837842941284,1,-0.702858030796051,1,0.0024458307307213545,1,1.0133410692214966,1,-0.251893013715744,1,-0.006961244158446789,1,0.05614285543560982,1,-0.13498340547084808,1,0.023006970062851906,1,-0.011728745885193348,1,0,,,,,,,,,,,,,,,,,,,,,,,,,,,,,,,,,,,,,,,,,,,,,,,,,,,,,,,,,,,,,,,,,,,,,,,,,,,,,,,,,,,,,,,,,,,,,,,,,,,,,,,,,,,,,,,,,,,,,1,1784928636.164456,0.00151824951171875,world,base_footprint,-0.3322281748058185,-1.1702058212198891,1,0,1,1784928593.86561,42.30036425590515,world,workspace,1,0,2,-0.0721911355745298,-0.0005509412263589577,0.0,0.0,0.0,-0.10574687133817579,0.994393080829803,1.5,1,2,1784928593.86561,world,workspace,-0.0721911355745298,-0.0005509412263589577,0.0,0.0,-0.10574687133817579,0.994393080829803,1,1784928593.865948,42.300026178359985,workspace,1,321,,1,1784928636.1644561,0.0015180110931396484,world,pelvis,-0.34313351458195385,-1.1368877431021625,0.7757147840042906,-0.012910860122495323,-0.018253317997222924,-0.5961296110247618,0.8025768579596946,capsules,0.05,0.5,0.1,0.5,0.5
368,1784928636.265979,36.90671664476395,1,1784928636.2652473,0.0007317066192626953,17,-0.02233073115348816,1,0.06649088114500046,1,0.011422021314501762,1,0.33260199427604675,1,0.5107774138450623,1,-0.02638993039727211,1,0.8039824366569519,1,0.3526260256767273,1,-0.7701956629753113,1,-0.013385430909693241,1,1.0200726985931396,1,-0.3256123960018158,1,0.027511028572916985,1,0.03236580640077591,1,-0.09541638940572739,1,0.007380142342299223,1,-0.03854471817612648,1,0,,,,,,,,,,,,,,,,,,,,,,,,,,,,,,,,,,,,,,,,,,,,,,,,,,,,,,,,,,,,,,,,,,,,,,,,,,,,,,,,,,,,,,,,,,,,,,,,,,,,,,,,,,,,,,,,,,,,,1,1784928636.2644548,0.001524209976196289,world,base_footprint,-0.32884468362276914,-1.1721319124317027,1,0,1,1784928593.86561,42.40036916732788,world,workspace,1,0,2,-0.0721911355745298,-0.0005509412263589577,0.0,0.0,0.0,-0.10574687133817579,0.994393080829803,1.5,1,2,1784928593.86561,world,workspace,-0.0721911355745298,-0.0005509412263589577,0.0,0.0,-0.10574687133817579,0.994393080829803,1,1784928593.865948,42.400031089782715,workspace,1,321,,1,1784928636.264455,0.0015239715576171875,world,pelvis,-0.3174540844394774,-1.1372869724209456,0.7764484207914719,-0.02226523591737444,-0.0071336813555803015,-0.5857523196940089,0.8101528188144187,capsules,0.05,0.5,0.1,0.5,0.5
369,1784928636.3659422,37.0066748065874,1,1784928636.3651366,0.0008056163787841797,17,0.0038845830131322145,1,0.1156749427318573,1,0.0041955201886594296,1,0.36073896288871765,1,0.5388311147689819,1,-0.02561420574784279,1,0.8058253526687622,1,0.3387640118598938,1,-0.7599753141403198,1,-0.013781518675386906,1,1.0200936794281006,1,-0.23323462903499603,1,0.06159397214651108,1,-0.007910774089396,1,-0.06872273981571198,1,-0.025849424302577972,1,-0.03815757855772972,1,0,,,,,,,,,,,,,,,,,,,,,,,,,,,,,,,,,,,,,,,,,,,,,,,,,,,,,,,,,,,,,,,,,,,,,,,,,,,,,,,,,,,,,,,,,,,,,,,,,,,,,,,,,,,,,,,,,,,,,1,1784928636.364455,0.0014872550964355469,world,base_footprint,-0.30778278201587844,-1.1762277207709775,1,0,1,1784928593.86561,42.50033235549927,world,workspace,1,0,2,-0.0721911355745298,-0.0005509412263589577,0.0,0.0,0.0,-0.10574687133817579,0.994393080829803,1.5,1,2,1784928593.86561,world,workspace,-0.0721911355745298,-0.0005509412263589577,0.0,0.0,-0.10574687133817579,0.994393080829803,1,1784928593.865948,42.4999942779541,workspace,1,321,,1,1784928636.3654559,0.0004863739013671875,world,pelvis,-0.28311019875050386,-1.1388433296717642,0.7742212723383088,-0.02758720720644713,-0.0023799917522021935,-0.5860702962059995,0.809786940832476,capsules,0.05,0.5,0.1,0.5,0.5
370,1784928636.4659448,37.10667614918202,1,1784928636.4653087,0.0006361007690429688,17,0.022319413721561432,1,0.02923002652823925,1,0.04252176731824875,1,0.3736675977706909,1,0.6519501805305481,1,0.0005837407661601901,1,0.8138506412506104,1,0.2840399146080017,1,-0.6318690776824951,1,0.0003791102790273726,1,1.0029104948043823,1,-0.1628001183271408,1,-0.005137550178915262,1,0.033379968255758286,1,-0.2027904987335205,1,-0.006451479624956846,1,0.029481155797839165,1,0,,,,,,,,,,,,,,,,,,,,,,,,,,,,,,,,,,,,,,,,,,,,,,,,,,,,,,,,,,,,,,,,,,,,,,,,,,,,,,,,,,,,,,,,,,,,,,,,,,,,,,,,,,,,,,,,,,,,,1,1784928636.464455,0.001489877700805664,world,base_footprint,-0.25544456601620724,-1.1749392242404795,1,0,1,1784928593.86561,42.600334882736206,world,workspace,1,0,2,-0.0721911355745298,-0.0005509412263589577,0.0,0.0,0.0,-0.10574687133817579,0.994393080829803,1.5,1,2,1784928593.86561,world,workspace,-0.0721911355745298,-0.0005509412263589577,0.0,0.0,-0.10574687133817579,0.994393080829803,1,1784928593.865948,42.59999680519104,workspace,1,321,,1,1784928636.4644551,0.0014896392822265625,world,pelvis,-0.2678566102401732,-1.1378237035406518,0.7771647244248625,-0.014432645548984473,-0.020364786104258275,-0.5901933161358827,0.8068759655721041,capsules,0.05,0.5,0.1,0.5,0.5
371,1784928636.5659442,37.20667528733611,1,1784928636.5648434,0.001100778579711914,17,0.026691438630223274,1,-0.038975536823272705,1,0.0291837677359581,1,0.3825682997703552,1,0.7220088243484497,1,0.0243395883589983,1,0.8260316848754883,1,0.28130364418029785,1,-0.5629532337188721,1,0.017460346221923828,1,0.99514240026474,1,-0.156309574842453,1,-0.008754126727581024,1,0.04456086456775665,1,-0.2778870761394501,1,0.044434767216444016,1,-0.037146590650081635,1,0,,,,,,,,,,,,,,,,,,,,,,,,,,,,,,,,,,,,,,,,,,,,,,,,,,,,,,,,,,,,,,,,,,,,,,,,,,,,,,,,,,,,,,,,,,,,,,,,,,,,,,,,,,,,,,,,,,,,,1,1784928636.564456,0.0014882087707519531,world,base_footprint,-0.2512171879898894,-1.170384658812697,1,0,1,1784928593.86561,42.700334310531616,world,workspace,1,0,2,-0.0721911355745298,-0.0005509412263589577,0.0,0.0,0.0,-0.10574687133817579,0.994393080829803,1.5,1,2,1784928593.86561,world,workspace,-0.0721911355745298,-0.0005509412263589577,0.0,0.0,-0.10574687133817579,0.994393080829803,1,1784928593.865948,42.69999623298645,workspace,1,321,,1,1784928636.564456,0.0014882087707519531,world,pelvis,-0.26742302308686894,-1.1427336178344922,0.7776109272800262,-0.008080662075594065,-0.01877393418847783,-0.5924257188751013,0.8053657615709934,capsules,0.05,0.5,0.1,0.5,0.5
372,1784928636.6660264,37.30675696954131,1,1784928636.6656475,0.0003788471221923828,17,0.0011230630334466696,1,-0.08531977236270905,1,0.016881536692380905,1,0.37393611669540405,1,0.7031391859054565,1,0.02458808571100235,1,0.827728807926178,1,0.30974775552749634,1,-0.5901502370834351,1,0.017642272636294365,1,0.9972323775291443,1,-0.1520794779062271,1,-0.018527930602431297,1,0.029119260609149933,1,-0.15992583334445953,1,0.03914950415492058,1,0.0234331376850605,1,0,,,,,,,,,,,,,,,,,,,,,,,,,,,,,,,,,,,,,,,,,,,,,,,,,,,,,,,,,,,,,,,,,,,,,,,,,,,,,,,,,,,,,,,,,,,,,,,,,,,,,,,,,,,,,,,,,,,,,1,1784928636.6644566,0.0015697479248046875,world,base_footprint,-0.24254167895138554,-1.1814582780636385,1,0,1,1784928593.86561,42.800416469573975,world,workspace,1,0,2,-0.0721911355745298,-0.0005509412263589577,0.0,0.0,0.0,-0.10574687133817579,0.994393080829803,1.5,1,2,1784928593.86561,world,workspace,-0.0721911355745298,-0.0005509412263589577,0.0,0.0,-0.10574687133817579,0.994393080829803,1,1784928593.865948,42.80007839202881,workspace,1,321,,1,1784928636.6644568,0.001569509506225586,world,pelvis,-0.26989573355241575,-1.1524457144726556,0.7747036524212274,-0.004835967131404966,-0.024967797315833786,-0.58368651650092,0.8115807248660609,capsules,0.05,0.5,0.1,0.5,0.5
373,1784928636.76609,37.406821098178625,1,1784928636.7656088,0.0004811286926269531,17,-0.018917901441454887,1,-0.03303179889917374,1,-0.0010794104309752584,1,0.3426017165184021,1,0.5766756534576416,1,-0.0030874840449541807,1,0.820093035697937,1,0.3444977104663849,1,-0.6988086700439453,1,0.003040333278477192,1,1.010056734085083,1,-0.27926045656204224,1,-0.0148922149091959,1,0.06569553166627884,1,-0.13716231286525726,1,0.02262898162007332,1,-0.00783153809607029,1,0,,,,,,,,,,,,,,,,,,,,,,,,,,,,,,,,,,,,,,,,,,,,,,,,,,,,,,,,,,,,,,,,,,,,,,,,,,,,,,,,,,,,,,,,,,,,,,,,,,,,,,,,,,,,,,,,,,,,,1,1784928636.764456,0.0016338825225830078,world,base_footprint,-0.24221660711050222,-1.1818108843073534,1,0,1,1784928593.86561,42.90048003196716,world,workspace,1,0,2,-0.0721911355745298,-0.0005509412263589577,0.0,0.0,0.0,-0.10574687133817579,0.994393080829803,1.5,1,2,1784928593.86561,world,workspace,-0.0721911355745298,-0.0005509412263589577,0.0,0.0,-0.10574687133817579,0.994393080829803,1,1784928593.865948,42.900141954422,workspace,1,321,,1,1784928636.7644563,0.0016336441040039062,world,pelvis,-0.2571971216532164,-1.1536031284172241,0.7775162428354004,-0.009359647703514674,-0.018090316160060693,-0.5687579025762721,0.8222527505050591,capsules,0.05,0.5,0.1,0.5,0.5
374,1784928636.8660467,37.506779942661524,1,1784928636.8654008,0.0006458759307861328,17,-0.017682429403066635,1,0.04778546094894409,1,-0.000258498708717525,1,0.34185299277305603,1,0.5095716714859009,1,-0.026600131765007973,1,0.8117839694023132,1,0.35023677349090576,1,-0.7730401754379272,1,-0.014513615518808365,1,1.0172076225280762,1,-0.32263290882110596,1,0.021359097212553024,1,0.02688676491379738,1,-0.10463916510343552,1,0.003887684317305684,1,-0.026257099583745003,1,0,,,,,,,,,,,,,,,,,,,,,,,,,,,,,,,,,,,,,,,,,,,,,,,,,,,,,,,,,,,,,,,,,,,,,,,,,,,,,,,,,,,,,,,,,,,,,,,,,,,,,,,,,,,,,,,,,,,,,1,1784928636.8644543,0.001592397689819336,world,base_footprint,-0.23584979699323766,-1.1814525686601733,1,0,1,1784928593.86561,43.000436782836914,world,workspace,1,0,2,-0.0721911355745298,-0.0005509412263589577,0.0,0.0,0.0,-0.10574687133817579,0.994393080829803,1.5,1,2,1784928593.86561,world,workspace,-0.0721911355745298,-0.0005509412263589577,0.0,0.0,-0.10574687133817579,0.994393080829803,1,1784928593.865948,43.00009870529175,workspace,1,321,,1,1784928636.8644543,0.001592397689819336,world,pelvis,-0.23126022586401812,-1.1476721692691494,0.7781578814699234,-0.019473666733119,-0.00966702377830507,-0.5610497959953029,0.8274964962879698,capsules,0.05,0.5,0.1,0.5,0.5
375,1784928636.965981,37.60671482142061,1,1784928636.9654174,0.0005636215209960938,17,0.0009256998309865594,1,0.10069397836923599,1,-0.0030025546438992023,1,0.36030223965644836,1,0.5302577614784241,1,-0.026271017268300056,1,0.8129700422286987,1,0.34350618720054626,1,-0.7670270800590515,1,-0.015224209055304527,1,1.0178477764129639,1,-0.20098736882209778,1,0.048546429723501205,1,-0.0188151802867651,1,-0.08111213892698288,1,-0.032930877059698105,1,-0.025570476427674294,1,0,,,,,,,,,,,,,,,,,,,,,,,,,,,,,,,,,,,,,,,,,,,,,,,,,,,,,,,,,,,,,,,,,,,,,,,,,,,,,,,,,,,,,,,,,,,,,,,,,,,,,,,,,,,,,,,,,,,,,1,1784928636.964458,0.0015230178833007812,world,base_footprint,-0.21252932339120303,-1.1837100494470538,1,0,1,1784928593.86561,43.10037112236023,world,workspace,1,0,2,-0.0721911355745298,-0.0005509412263589577,0.0,0.0,0.0,-0.10574687133817579,0.994393080829803,1.5,1,2,1784928593.86561,world,workspace,-0.0721911355745298,-0.0005509412263589577,0.0,0.0,-0.10574687133817579,0.994393080829803,1,1784928593.865948,43.10003304481506,workspace,1,321,,1,1784928636.964458,0.0015230178833007812,world,pelvis,-0.19670254684500108,-1.1419328495709848,0.775309185712471,-0.02773515421007134,-0.006539568235245303,-0.5591944688419335,0.8285466440007032,capsules,0.05,0.5,0.1,0.5,0.5
376,1784928637.0659466,37.70667758304626,1,1784928637.065381,0.0005655288696289062,17,0.018556561321020126,1,0.023128902539610863,1,0.010064749047160149,1,0.37881410121917725,1,0.6469426155090332,1,-0.00037143699591979384,1,0.8176994323730469,1,0.30245405435562134,1,-0.6314479112625122,1,0.0006256246706470847,1,1.0090994834899902,1,-0.14438170194625854,1,-0.011980176903307438,1,0.014809444546699524,1,-0.19834007322788239,1,-0.011819034814834595,1,0.011974712833762169,1,0,,,,,,,,,,,,,,,,,,,,,,,,,,,,,,,,,,,,,,,,,,,,,,,,,,,,,,,,,,,,,,,,,,,,,,,,,,,,,,,,,,,,,,,,,,,,,,,,,,,,,,,,,,,,,,,,,,,,,1,1784928637.0644596,0.0014870166778564453,world,base_footprint,-0.16604240791193017,-1.1778472781042673,1,0,1,1784928593.86561,43.20033669471741,world,workspace,1,0,2,-0.0721911355745298,-0.0005509412263589577,0.0,0.0,0.0,-0.10574687133817579,0.994393080829803,1.5,1,2,1784928593.86561,world,workspace,-0.0721911355745298,-0.0005509412263589577,0.0,0.0,-0.10574687133817579,0.994393080829803,1,1784928593.865948,43.19999861717224,workspace,1,321,,1,1784928637.0644596,0.0014870166778564453,world,pelvis,-0.17887927296565187,-1.139746949582977,0.7778276458617063,-0.015471965246223818,-0.02044898770200398,-0.5628873171284023,0.8261357790396033,capsules,0.05,0.5,0.1,0.5,0.5
377,1784928637.1659606,37.806694174185395,1,1784928637.1652923,0.0006682872772216797,17,0.01748645305633545,1,-0.0493769496679306,1,-0.0026117831002920866,1,0.3863650858402252,1,0.7252076864242554,1,0.025266658514738083,1,0.8269243240356445,1,0.2995724380016327,1,-0.5551931858062744,1,0.01872740313410759,1,0.9994915127754211,1,-0.14066888391971588,1,-0.021159054711461067,1,0.022921977564692497,1,-0.29258468747138977,1,0.04226002097129822,1,-0.036217398941516876,1,0,,,,,,,,,,,,,,,,,,,,,,,,,,,,,,,,,,,,,,,,,,,,,,,,,,,,,,,,,,,,,,,,,,,,,,,,,,,,,,,,,,,,,,,,,,,,,,,,,,,,,,,,,,,,,,,,,,,,,1,1784928637.1644545,0.0015060901641845703,world,base_footprint,-0.15938606204742767,-1.1729739259297844,1,0,1,1784928593.86561,43.30035066604614,world,workspace,1,0,2,-0.0721911355745298,-0.0005509412263589577,0.0,0.0,0.0,-0.10574687133817579,0.994393080829803,1.5,1,2,1784928593.86561,world,workspace,-0.0721911355745298,-0.0005509412263589577,0.0,0.0,-0.10574687133817579,0.994393080829803,1,1784928593.865948,43.30001258850098,workspace,1,321,,1,1784928637.1644547,0.0015058517456054688,world,pelvis,-0.17737035050769762,-1.1446103300951307,0.7775719236135211,-0.008478100511127344,-0.019668755621694546,-0.563462833131557,0.8258637281921131,capsules,0.05,0.5,0.1,0.5,0.5
378,1784928637.2659547,37.90668781474233,1,1784928637.2654424,0.0005123615264892578,17,0.0011038427473977208,1,-0.09242670983076096,1,-0.014403531327843666,1,0.38161948323249817,1,0.7042914628982544,1,0.025660885497927666,1,0.8278575539588928,1,0.3252055048942566,1,-0.5857319235801697,1,0.018750183284282684,1,1.0009440183639526,1,-0.13747303187847137,1,-0.03456924110651016,1,0.01835445687174797,1,-0.1689397543668747,1,0.02775334008038044,1,0.015113485977053642,1,0,,,,,,,,,,,,,,,,,,,,,,,,,,,,,,,,,,,,,,,,,,,,,,,,,,,,,,,,,,,,,,,,,,,,,,,,,,,,,,,,,,,,,,,,,,,,,,,,,,,,,,,,,,,,,,,,,,,,,1,1784928637.2644591,0.0014955997467041016,world,base_footprint,-0.14725484605015243,-1.1810791954685915,1,0,1,1784928593.86561,43.40034484863281,world,workspace,1,0,2,-0.0721911355745298,-0.0005509412263589577,0.0,0.0,0.0,-0.10574687133817579,0.994393080829803,1.5,1,2,1784928593.86561,world,workspace,-0.0721911355745298,-0.0005509412263589577,0.0,0.0,-0.10574687133817579,0.994393080829803,1,1784928593.865948,43.40000677108765,workspace,1,321,,1,1784928637.2644594,0.001495361328125,world,pelvis,-0.17607123882198777,-1.1552928880071098,0.7741563737563524,-0.0034103326169514447,-0.024425793982540474,-0.557220042193451,0.829998539033469,capsules,0.05,0.5,0.1,0.5,0.5
379,1784928637.3660057,38.00673862081021,1,1784928637.365076,0.0009295940399169922,17,-0.018698062747716904,1,-0.02920127660036087,1,-0.001978825544938445,1,0.34256860613822937,1,0.576456606388092,1,-0.0037640887312591076,1,0.8180060982704163,1,0.3393617868423462,1,-0.6956982016563416,1,0.0035782046616077423,1,1.0082696676254272,1,-0.2648254930973053,1,-0.015781834721565247,1,0.06252807378768921,1,-0.13269464671611786,1,0.019793115556240082,1,-0.017320338636636734,1,0,,,,,,,,,,,,,,,,,,,,,,,,,,,,,,,,,,,,,,,,,,,,,,,,,,,,,,,,,,,,,,,,,,,,,,,,,,,,,,,,,,,,,,,,,,,,,,,,,,,,,,,,,,,,,,,,,,,,,1,1784928637.3644557,0.0015499591827392578,world,base_footprint,-0.14900829146846464,-1.1863090134444474,1,0,1,1784928593.86561,43.50039577484131,world,workspace,1,0,2,-0.0721911355745298,-0.0005509412263589577,0.0,0.0,0.0,-0.10574687133817579,0.994393080829803,1.5,1,2,1784928593.86561,world,workspace,-0.0721911355745298,-0.0005509412263589577,0.0,0.0,-0.10574687133817579,0.994393080829803,1,1784928593.865948,43.50005769729614,workspace,1,321,,1,1784928637.3644557,0.0015499591827392578,world,pelvis,-0.16171006509266278,-1.1540277392299432,0.7769892977106199,-0.012883663389458896,-0.017985155548419857,-0.5431271315988905,0.8393589603493418,capsules,0.05,0.5,0.1,0.5,0.5
380,1784928637.4659536,38.10668585356325,1,1784928637.4648478,0.0011057853698730469,17,-0.012122227810323238,1,0.05480816960334778,1,0.0017104269936680794,1,0.34398993849754333,1,0.512127161026001,1,-0.025684533640742302,1,0.8125093579292297,1,0.3421788215637207,1,-0.7704466581344604,1,-0.013564607128500938,1,1.0129097700119019,1,-0.31242379546165466,1,0.034205950796604156,1,0.014176473021507263,1,-0.10126063227653503,1,0.007118369918316603,1,-0.0276698786765337,1,0,,,,,,,,,,,,,,,,,,,,,,,,,,,,,,,,,,,,,,,,,,,,,,,,,,,,,,,,,,,,,,,,,,,,,,,,,,,,,,,,,,,,,,,,,,,,,,,,,,,,,,,,,,,,,,,,,,,,,1,1784928637.464456,0.001497507095336914,world,base_footprint,-0.14484523341178762,-1.1846988283632143,1,0,1,1784928593.86561,43.60034370422363,world,workspace,1,0,2,-0.0721911355745298,-0.0005509412263589577,0.0,0.0,0.0,-0.10574687133817579,0.994393080829803,1.5,1,2,1784928593.86561,world,workspace,-0.0721911355745298,-0.0005509412263589577,0.0,0.0,-0.10574687133817579,0.994393080829803,1,1784928593.865948,43.60000562667847,workspace,1,321,,1,1784928637.4644563,0.0014972686767578125,world,pelvis,-0.13461453440391416,-1.1478171161140893,0.777379917161171,-0.023325404195911805,-0.007197645483593904,-0.5393822646344436,0.841707129598181,capsules,0.05,0.5,0.1,0.5,0.5
381,1784928637.5659537,38.206686126068234,1,1784928637.5651886,0.0007650852203369141,17,0.00966645311564207,1,0.07664897292852402,1,0.004105876665562391,1,0.36862096190452576,1,0.5427201986312866,1,-0.02401607111096382,1,0.815005362033844,1,0.32856541872024536,1,-0.7524510025978088,1,-0.014215873554348946,1,1.013446569442749,1,-0.19568520784378052,1,0.046337392181158066,1,-0.00859831366688013,1,-0.10441242903470993,1,-0.04457900673151016,1,-0.0019197490764781833,1,0,,,,,,,,,,,,,,,,,,,,,,,,,,,,,,,,,,,,,,,,,,,,,,,,,,,,,,,,,,,,,,,,,,,,,,,,,,,,,,,,,,,,,,,,,,,,,,,,,,,,,,,,,,,,,,,,,,,,,1,1784928637.5644562,0.001497507095336914,world,base_footprint,-0.10702945161838687,-1.1825111988280543,1,0,1,1784928593.86561,43.70034384727478,world,workspace,1,0,2,-0.0721911355745298,-0.0005509412263589577,0.0,0.0,0.0,-0.10574687133817579,0.994393080829803,1.5,1,2,1784928593.86561,world,workspace,-0.0721911355745298,-0.0005509412263589577,0.0,0.0,-0.10574687133817579,0.994393080829803,1,1784928593.865948,43.700005769729614,workspace,1,321,,1,1784928637.5644562,0.001497507095336914,world,pelvis,-0.10154077123802678,-1.1431489621253899,0.7741230118888005,-0.02296878184214882,-0.010721663808392288,-0.543893008745743,0.8387716471265411,capsules,0.05,0.5,0.1,0.5,0.5
382,1784928637.666006,38.30674082878977,1,1784928637.6647193,0.0012867450714111328,17,0.020550958812236786,1,-0.019885431975126266,1,0.02330092340707779,1,0.37828391790390015,1,0.6763654947280884,1,0.008715188130736351,1,0.8197277188301086,1,0.2974792420864105,1,-0.6004952192306519,1,0.00786976795643568,1,1.004870891571045,1,-0.14811702072620392,1,0.0046207536943256855,1,0.011363913305103779,1,-0.23837673664093018,1,-0.006803446915000677,1,0.00047093405737541616,1,0,,,,,,,,,,,,,,,,,,,,,,,,,,,,,,,,,,,,,,,,,,,,,,,,,,,,,,,,,,,,,,,,,,,,,,,,,,,,,,,,,,,,,,,,,,,,,,,,,,,,,,,,,,,,,,,,,,,,,1,1784928637.6634593,0.0025467872619628906,world,base_footprint,-0.07431189418540754,-1.1806887566344508,1,0,1,1784928593.86561,43.80039620399475,world,workspace,1,0,2,-0.0721911355745298,-0.0005509412263589577,0.0,0.0,0.0,-0.10574687133817579,0.994393080829803,1.5,1,2,1784928593.86561,world,workspace,-0.0721911355745298,-0.0005509412263589577,0.0,0.0,-0.10574687133817579,0.994393080829803,1,1784928593.865948,43.800058126449585,workspace,1,321,,1,1784928637.6644566,0.0015494823455810547,world,pelvis,-0.09411439623862737,-1.145028837232097,0.7763543702482633,-0.012235468134668774,-0.023057016782325416,-0.5454504944883946,0.8377364892130407,capsules,0.05,0.5,0.1,0.5,0.5
383,1784928637.7660437,38.40677697677165,1,1784928637.7648854,0.0011582374572753906,17,0.015516095794737339,1,-0.08565136045217514,1,0.008933509700000286,1,0.38196301460266113,1,0.7284578680992126,1,0.026470068842172623,1,0.8253254294395447,1,0.29944419860839844,1,-0.5522366762161255,1,0.019855564460158348,1,1.0004807710647583,1,-0.14356344938278198,1,0.005500331521034241,1,0.020795689895749092,1,-0.3057224154472351,1,0.02762669511139393,1,-0.02641819790005684,1,0,,,,,,,,,,,,,,,,,,,,,,,,,,,,,,,,,,,,,,,,,,,,,,,,,,,,,,,,,,,,,,,,,,,,,,,,,,,,,,,,,,,,,,,,,,,,,,,,,,,,,,,,,,,,,,,,,,,,,1,1784928637.7644563,0.0015873908996582031,world,base_footprint,-0.07308512951135379,-1.1777286116064167,1,0,1,1784928593.86561,43.90043377876282,world,workspace,1,0,2,-0.0721911355745298,-0.0005509412263589577,0.0,0.0,0.0,-0.10574687133817579,0.994393080829803,1.5,1,2,1784928593.86561,world,workspace,-0.0721911355745298,-0.0005509412263589577,0.0,0.0,-0.10574687133817579,0.994393080829803,1,1784928593.865948,43.90009570121765,workspace,1,321,,1,1784928637.765457,0.0005867481231689453,world,pelvis,-0.09732782756278163,-1.1527223162070697,0.7759649536201125,-0.004880041165256755,-0.021669086362931012,-0.5473783470052457,0.8365904500555968,capsules,0.05,0.5,0.1,0.5,0.5
384,1784928637.8660154,38.50674858503044,1,1784928637.865605,0.00041031837463378906,17,-0.0035545588470995426,1,-0.11101595312356949,1,0.0033491544891148806,1,0.37020236253738403,1,0.689873218536377,1,0.025627300143241882,1,0.8276236057281494,1,0.31522223353385925,1,-0.6035895943641663,1,0.018026994541287422,1,1.0027046203613281,1,-0.16040611267089844,1,0.01226773764938116,1,0.019295575097203255,1,-0.20233459770679474,1,0.018272386863827705,1,0.031735945492982864,1,0,,,,,,,,,,,,,,,,,,,,,,,,,,,,,,,,,,,,,,,,,,,,,,,,,,,,,,,,,,,,,,,,,,,,,,,,,,,,,,,,,,,,,,,,,,,,,,,,,,,,,,,,,,,,,,,,,,,,,1,1784928637.864456,0.0015594959259033203,world,base_footprint,-0.07138951492286236,-1.1852251745453162,1,0,1,1784928593.86561,44.00040555000305,world,workspace,1,0,2,-0.0721911355745298,-0.0005509412263589577,0.0,0.0,0.0,-0.10574687133817579,0.994393080829803,1.5,1,2,1784928593.86561,world,workspace,-0.0721911355745298,-0.0005509412263589577,0.0,0.0,-0.10574687133817579,0.994393080829803,1,1784928593.865948,44.000067472457886,workspace,1,321,,1,1784928637.864456,0.0015594959259033203,world,pelvis,-0.10241318800482546,-1.1628540228754718,0.7710025595768472,-0.001172214145964977,-0.02436587923280135,-0.5450773758694969,0.8380307775722988,capsules,0.05,0.5,0.1,0.5,0.5
385,1784928637.9659564,38.60669266246259,1,1784928637.9648242,0.0011322498321533203,17,-0.022014541551470757,1,-0.029693186283111572,1,0.005811059847474098,1,0.3357768654823303,1,0.5500769019126892,1,-0.010936486534774303,1,0.8165038228034973,1,0.3412705063819885,1,-0.722235381603241,1,-0.0018716109916567802,1,1.0111383199691772,1,-0.28006988763809204,1,0.015561598353087902,1,0.0521840937435627,1,-0.17813906073570251,1,0.006483889184892178,1,0.004092351999133825,1,0,,,,,,,,,,,,,,,,,,,,,,,,,,,,,,,,,,,,,,,,,,,,,,,,,,,,,,,,,,,,,,,,,,,,,,,,,,,,,,,,,,,,,,,,,,,,,,,,,,,,,,,,,,,,,,,,,,,,,1,1784928637.9644573,0.001499176025390625,world,base_footprint,-0.0742342136333604,-1.1865455333713217,1,0,1,1784928593.86561,44.10034656524658,world,workspace,1,0,2,-0.0721911355745298,-0.0005509412263589577,0.0,0.0,0.0,-0.10574687133817579,0.994393080829803,1.5,1,2,1784928593.86561,world,workspace,-0.0721911355745298,-0.0005509412263589577,0.0,0.0,-0.10574687133817579,0.994393080829803,1,1784928593.865948,44.100008487701416,workspace,1,321,,1,1784928637.9654562,0.0005002021789550781,world,pelvis,-0.08920388007941929,-1.160702003125683,0.7742904251380601,-0.009018613018707869,-0.016700145648835988,-0.5315006781031552,0.8468452036413814,capsules,0.05,0.5,0.1,0.5,0.5
386,1784928638.0660126,38.70674493163824,1,1784928638.0656216,0.0003910064697265625,17,-0.020642945542931557,1,0.07813376933336258,1,0.019543234258890152,1,0.3369695544242859,1,0.49289411306381226,1,-0.033133625984191895,1,0.8068089485168457,1,0.3454902768135071,1,-0.7878841161727905,1,-0.01730567030608654,1,1.0187036991119385,1,-0.31678032875061035,1,0.04160049557685852,1,0.012797778472304344,1,-0.12396955490112305,1,-0.005801998544484377,1,-0.018889477476477623,1,0,,,,,,,,,,,,,,,,,,,,,,,,,,,,,,,,,,,,,,,,,,,,,,,,,,,,,,,,,,,,,,,,,,,,,,,,,,,,,,,,,,,,,,,,,,,,,,,,,,,,,,,,,,,,,,,,,,,,,1,1784928638.0644553,0.0015573501586914062,world,base_footprint,-0.07029889458070004,-1.193509643787433,1,0,1,1784928593.86561,44.20040273666382,world,workspace,1,0,2,-0.0721911355745298,-0.0005509412263589577,0.0,0.0,0.0,-0.10574687133817579,0.994393080829803,1.5,1,2,1784928593.86561,world,workspace,-0.0721911355745298,-0.0005509412263589577,0.0,0.0,-0.10574687133817579,0.994393080829803,1,1784928593.865948,44.20006465911865,workspace,1,321,,1,1784928638.0644553,0.0015573501586914062,world,pelvis,-0.06440667412245742,-1.1519986055331422,0.7754589918131312,-0.024527932160519475,-0.010654145068403327,-0.5231648711955741,0.8518118262173335,capsules,0.05,0.5,0.1,0.5,0.5
387,1784928638.1659577,38.80668966192752,1,1784928638.165718,0.0002396106719970703,17,0.0037925788201391697,1,0.1127605140209198,1,0.009758774191141129,1,0.35999250411987305,1,0.5395317077636719,1,-0.028630411252379417,1,0.8093109130859375,1,0.3329349756240845,1,-0.7543898820877075,1,-0.017289940267801285,1,1.019039511680603,1,-0.2157023698091507,1,0.04588479921221733,1,-0.004453388508409262,1,-0.11704155057668686,1,-0.05723382905125618,1,-0.008361619897186756,1,0,,,,,,,,,,,,,,,,,,,,,,,,,,,,,,,,,,,,,,,,,,,,,,,,,,,,,,,,,,,,,,,,,,,,,,,,,,,,,,,,,,,,,,,,,,,,,,,,,,,,,,,,,,,,,,,,,,,,,1,1784928638.1644545,0.0015032291412353516,world,base_footprint,-0.03806771881651025,-1.186130362277192,1,0,1,1784928593.86561,44.30034780502319,world,workspace,1,0,2,-0.0721911355745298,-0.0005509412263589577,0.0,0.0,0.0,-0.10574687133817579,0.994393080829803,1.5,1,2,1784928593.86561,world,workspace,-0.0721911355745298,-0.0005509412263589577,0.0,0.0,-0.10574687133817579,0.994393080829803,1,1784928593.865948,44.30000972747803,workspace,1,321,,1,1784928638.165455,0.0005025863647460938,world,pelvis,-0.032155950404515715,-1.1428974428248098,0.7731482733427716,-0.025472156091914406,-0.011216116830845406,-0.5230654049690826,0.8518379834873505,capsules,0.05,0.5,0.1,0.5,0.5
388,1784928638.2658951,38.906627889722586,1,1784928638.2654183,0.000476837158203125,17,0.017399435862898827,1,0.03268880397081375,1,0.01411894615739584,1,0.37744688987731934,1,0.668679416179657,1,0.006363434251397848,1,0.8183407187461853,1,0.29892686009407043,1,-0.6091250777244568,1,0.0041097248904407024,1,1.0086292028427124,1,-0.17319521307945251,1,-0.00582865858450532,1,0.02007336914539337,1,-0.2289251685142517,1,-0.03079221397638321,1,0.04009563475847244,1,0,,,,,,,,,,,,,,,,,,,,,,,,,,,,,,,,,,,,,,,,,,,,,,,,,,,,,,,,,,,,,,,,,,,,,,,,,,,,,,,,,,,,,,,,,,,,,,,,,,,,,,,,,,,,,,,,,,,,,1,1784928638.2644563,0.0014388561248779297,world,base_footprint,-0.001988211060537197,-1.1748017513731714,1,0,1,1784928593.86561,44.40028524398804,world,workspace,1,0,2,-0.0721911355745298,-0.0005509412263589577,0.0,0.0,0.0,-0.10574687133817579,0.994393080829803,1.5,1,2,1784928593.86561,world,workspace,-0.0721911355745298,-0.0005509412263589577,0.0,0.0,-0.10574687133817579,0.994393080829803,1,1784928593.865948,44.39994716644287,workspace,1,321,,1,1784928638.2644563,0.0014388561248779297,world,pelvis,-0.020343392308642974,-1.1401384758681485,0.7756098145360084,-0.012683103977927764,-0.021562619172769148,-0.5243201633207014,0.8511536633671081,capsules,0.05,0.5,0.1,0.5,0.5
389,1784928638.3659544,39.006687241606414,1,1784928638.36535,0.0006043910980224609,17,0.019048968330025673,1,-0.03856375813484192,1,0.012200522236526012,1,0.3846958875656128,1,0.7400379180908203,1,0.030153745785355568,1,0.8269811868667603,1,0.29374194145202637,1,-0.5365485548973083,1,0.023433342576026917,1,0.9980257749557495,1,-0.14870525896549225,1,-0.0007318451534956694,1,0.029537860304117203,1,-0.2833346426486969,1,0.03446364775300026,1,-0.03016342781484127,1,0,,,,,,,,,,,,,,,,,,,,,,,,,,,,,,,,,,,,,,,,,,,,,,,,,,,,,,,,,,,,,,,,,,,,,,,,,,,,,,,,,,,,,,,,,,,,,,,,,,,,,,,,,,,,,,,,,,,,,1,1784928638.3644547,0.0014996528625488281,world,base_footprint,0.00021019530677186815,-1.1796764416021068,1,0,1,1784928593.86561,44.5003445148468,world,workspace,1,0,2,-0.0721911355745298,-0.0005509412263589577,0.0,0.0,0.0,-0.10574687133817579,0.994393080829803,1.5,1,2,1784928593.86561,world,workspace,-0.0721911355745298,-0.0005509412263589577,0.0,0.0,-0.10574687133817579,0.994393080829803,1,1784928593.865948,44.500006437301636,workspace,1,321,,1,1784928638.3644547,0.0014996528625488281,world,pelvis,-0.023704686251201795,-1.1449986924727398,0.7771090674612098,-0.01073202279437744,-0.024631384917239464,-0.5277380487447098,0.8489821378986286,capsules,0.05,0.5,0.1,0.5,0.5
390,1784928638.4659553,39.106688586995006,1,1784928638.4651444,0.0008108615875244141,17,-0.006030993536114693,1,-0.0889975056052208,1,-0.006297800224274397,1,0.37194088101387024,1,0.7118790149688721,1,0.029953064396977425,1,0.8278547525405884,1,0.3243054151535034,1,-0.5814177989959717,1,0.02256462350487709,1,1.0005043745040894,1,-0.1629372537136078,1,-0.013102670200169086,1,0.015360867604613304,1,-0.14531923830509186,1,0.0336339958012104,1,0.04411213845014572,1,0,,,,,,,,,,,,,,,,,,,,,,,,,,,,,,,,,,,,,,,,,,,,,,,,,,,,,,,,,,,,,,,,,,,,,,,,,,,,,,,,,,,,,,,,,,,,,,,,,,,,,,,,,,,,,,,,,,,,,1,1784928638.464457,0.0014982223510742188,world,base_footprint,0.007073942211609858,-1.18303038089369,1,0,1,1784928593.86561,44.60034537315369,world,workspace,1,0,2,-0.0721911355745298,-0.0005509412263589577,0.0,0.0,0.0,-0.10574687133817579,0.994393080829803,1.5,1,2,1784928593.86561,world,workspace,-0.0721911355745298,-0.0005509412263589577,0.0,0.0,-0.10574687133817579,0.994393080829803,1,1784928593.865948,44.60000729560852,workspace,1,321,,1,1784928638.464457,0.0014982223510742188,world,pelvis,-0.02767383490023498,-1.1546961027412475,0.772608532147591,-0.004014733776285927,-0.028315322132981352,-0.5166917466068467,0.8556937322626462,capsules,0.05,0.5,0.1,0.5,0.5
391,1784928638.5659325,39.20666708983481,1,1784928638.564839,0.0010936260223388672,17,-0.021298633888363838,1,-0.02205168828368187,1,-0.01668071374297142,1,0.34184905886650085,1,0.5611385107040405,1,-0.00731057720258832,1,0.8201580047607422,1,0.35156551003456116,1,-0.7100669741630554,1,0.0008967560133896768,1,1.0140942335128784,1,-0.29166319966316223,1,-0.0017731905682012439,1,0.059634603559970856,1,-0.12090764939785004,1,0.021086959168314934,1,0.011496337130665779,1,0,,,,,,,,,,,,,,,,,,,,,,,,,,,,,,,,,,,,,,,,,,,,,,,,,,,,,,,,,,,,,,,,,,,,,,,,,,,,,,,,,,,,,,,,,,,,,,,,,,,,,,,,,,,,,,,,,,,,,1,1784928638.564455,0.0014774799346923828,world,base_footprint,0.0043785282365445405,-1.1794174095010008,1,0,1,1784928593.86561,44.70032262802124,world,workspace,1,0,2,-0.0721911355745298,-0.0005509412263589577,0.0,0.0,0.0,-0.10574687133817579,0.994393080829803,1.5,1,2,1784928593.86561,world,workspace,-0.0721911355745298,-0.0005509412263589577,0.0,0.0,-0.10574687133817579,0.994393080829803,1,1784928593.865948,44.699984550476074,workspace,1,321,,1,1784928638.5644553,0.0014772415161132812,world,pelvis,-0.014817760643649001,-1.1514357342618742,0.7764765431477898,-0.009277237144609202,-0.019551235821473705,-0.5023579378988297,0.8643889080031346,capsules,0.05,0.5,0.1,0.5,0.5
392,1784928638.665946,39.306679885834455,1,1784928638.6655674,0.00037860870361328125,17,-0.014838801696896553,1,0.06187843903899193,1,-0.011974776163697243,1,0.34521108865737915,1,0.4968705177307129,1,-0.031068621203303337,1,0.8120812773704529,1,0.3558173179626465,1,-0.7828956246376038,1,-0.016503212973475456,1,1.020328164100647,1,-0.32948675751686096,1,0.030348902568221092,1,0.020139852538704872,1,-0.08326980471611023,1,0.007360834628343582,1,-0.010241320356726646,1,0,,,,,,,,,,,,,,,,,,,,,,,,,,,,,,,,,,,,,,,,,,,,,,,,,,,,,,,,,,,,,,,,,,,,,,,,,,,,,,,,,,,,,,,,,,,,,,,,,,,,,,,,,,,,,,,,,,,,,1,1784928638.6644564,0.0014896392822265625,world,base_footprint,0.005962142897499141,-1.177665820315164,1,0,1,1784928593.86561,44.80033612251282,world,workspace,1,0,2,-0.0721911355745298,-0.0005509412263589577,0.0,0.0,0.0,-0.10574687133817579,0.994393080829803,1.5,1,2,1784928593.86561,world,workspace,-0.0721911355745298,-0.0005509412263589577,0.0,0.0,-0.10574687133817579,0.994393080829803,1,1784928593.865948,44.79999804496765,workspace,1,321,,1,1784928638.6644564,0.0014896392822265625,world,pelvis,0.008737898010258613,-1.1418935892585895,0.7774946054118772,-0.02071044835534053,-0.009730912286510263,-0.4938689566446793,0.8692352042673427,capsules,0.05,0.5,0.1,0.5,0.5
393,1784928638.7659562,39.406689055263996,1,1784928638.7649415,0.00101470947265625,17,0.006700505036860704,1,0.09429929405450821,1,-0.006324481219053268,1,0.36926528811454773,1,0.5288777947425842,1,-0.028822513297200203,1,0.8143064379692078,1,0.3447971045970917,1,-0.7673917412757874,1,-0.016860678791999817,1,1.0206807851791382,1,-0.1937638521194458,1,0.040104661136865616,1,-0.012662031687796116,1,-0.06003475561738014,1,-0.041095007210969925,1,-0.0062552872113883495,1,0,,,,,,,,,,,,,,,,,,,,,,,,,,,,,,,,,,,,,,,,,,,,,,,,,,,,,,,,,,,,,,,,,,,,,,,,,,,,,,,,,,,,,,,,,,,,,,,,,,,,,,,,,,,,,,,,,,,,,1,1784928638.7644567,0.0014994144439697266,world,base_footprint,0.04083197519276162,-1.1760890750108557,1,0,1,1784928593.86561,44.90034627914429,world,workspace,1,0,2,-0.0721911355745298,-0.0005509412263589577,0.0,0.0,0.0,-0.10574687133817579,0.994393080829803,1.5,1,2,1784928593.86561,world,workspace,-0.0721911355745298,-0.0005509412263589577,0.0,0.0,-0.10574687133817579,0.994393080829803,1,1784928593.865948,44.90000820159912,workspace,1,321,,1,1784928638.7644567,0.0014994144439697266,world,pelvis,0.041742013246331776,-1.1330033606398107,0.77488203640966,-0.02419373708414505,-0.013047205157216158,-0.4929526330042622,0.8696218345566388,capsules,0.05,0.5,0.1,0.5,0.5
394,1784928638.865977,39.506714625284076,1,1784928638.865043,0.0009341239929199219,17,0.02104712277650833,1,0.015015036799013615,1,0.01274713035672903,1,0.38207024335861206,1,0.653292179107666,1,0.001377980806864798,1,0.8197112083435059,1,0.30180612206459045,1,-0.6273981928825378,1,0.001086440053768456,1,1.0091795921325684,1,-0.14865654706954956,1,-0.010248987004160881,1,0.009869751520454884,1,-0.18614256381988525,1,-0.008577929809689522,1,0.021488038823008537,1,0,,,,,,,,,,,,,,,,,,,,,,,,,,,,,,,,,,,,,,,,,,,,,,,,,,,,,,,,,,,,,,,,,,,,,,,,,,,,,,,,,,,,,,,,,,,,,,,,,,,,,,,,,,,,,,,,,,,,,1,1784928638.864455,0.001522064208984375,world,base_footprint,0.07545004361690608,-1.1668857529556962,1,0,1,1784928593.86561,45.000367164611816,world,workspace,1,0,2,-0.0721911355745298,-0.0005509412263589577,0.0,0.0,0.0,-0.10574687133817579,0.994393080829803,1.5,1,2,1784928593.86561,world,workspace,-0.0721911355745298,-0.0005509412263589577,0.0,0.0,-0.10574687133817579,0.994393080829803,1,1784928593.865948,45.00002908706665,workspace,1,321,,1,1784928638.8654544,0.000522613525390625,world,pelvis,0.05473378578019632,-1.1306668717920856,0.7772298634853193,-0.0135101507596498,-0.02301290739279929,-0.4941752132348349,0.8689526687594022,capsules,0.05,0.5,0.1,0.5,0.5
395,1784928638.9660056,39.60673943348229,1,1784928638.964897,0.0011086463928222656,17,0.021422984078526497,1,-0.06159822642803192,1,0.010895246639847755,1,0.38561689853668213,1,0.7305408120155334,1,0.027336567640304565,1,0.8277489542961121,1,0.2943730354309082,1,-0.5529881715774536,1,0.019471915438771248,1,0.9967866539955139,1,-0.13783495128154755,1,-0.015060178004205227,1,0.018902547657489777,1,-0.2833082675933838,1,0.04493008553981781,1,-0.042587149888277054,1,0,,,,,,,,,,,,,,,,,,,,,,,,,,,,,,,,,,,,,,,,,,,,,,,,,,,,,,,,,,,,,,,,,,,,,,,,,,,,,,,,,,,,,,,,,,,,,,,,,,,,,,,,,,,,,,,,,,,,,1,1784928638.9644554,0.0015501976013183594,world,base_footprint,0.08101619209058751,-1.1652243486846243,1,0,1,1784928593.86561,45.10039567947388,world,workspace,1,0,2,-0.0721911355745298,-0.0005509412263589577,0.0,0.0,0.0,-0.10574687133817579,0.994393080829803,1.5,1,2,1784928593.86561,world,workspace,-0.0721911355745298,-0.0005509412263589577,0.0,0.0,-0.10574687133817579,0.994393080829803,1,1784928593.865948,45.10005760192871,workspace,1,321,,1,1784928638.965456,0.0005495548248291016,world,pelvis,0.054288346960019246,-1.137059216088706,0.7770173309170696,-0.007220109158609374,-0.023619436778815353,-0.4957446460066222,0.8681170647935439,capsules,0.05,0.5,0.1,0.5,0.5
396,1784928639.0659747,39.706706976518035,1,1784928639.0648422,0.0011324882507324219,17,0.0018359359819442034,1,-0.10475247353315353,1,-0.005829772911965847,1,0.3796170949935913,1,0.7069191932678223,1,0.027298085391521454,1,0.8282562494277954,1,0.32078272104263306,1,-0.5849686861038208,1,0.019379373639822006,1,0.997796356678009,1,-0.13608121871948242,1,-0.021824777126312256,1,0.01247613225132227,1,-0.17873090505599976,1,0.037211690098047256,1,0.027477247640490532,1,0,,,,,,,,,,,,,,,,,,,,,,,,,,,,,,,,,,,,,,,,,,,,,,,,,,,,,,,,,,,,,,,,,,,,,,,,,,,,,,,,,,,,,,,,,,,,,,,,,,,,,,,,,,,,,,,,,,,,,1,1784928639.064454,0.0015206336975097656,world,base_footprint,0.08918589001296764,-1.17096249490009,1,0,1,1784928593.86561,45.20036482810974,world,workspace,1,0,2,-0.0721911355745298,-0.0005509412263589577,0.0,0.0,0.0,-0.10574687133817579,0.994393080829803,1.5,1,2,1784928593.86561,world,workspace,-0.0721911355745298,-0.0005509412263589577,0.0,0.0,-0.10574687133817579,0.994393080829803,1,1784928593.865948,45.200026750564575,workspace,1,321,,1,1784928639.0644543,0.001520395278930664,world,pelvis,0.054064419206415054,-1.1491341861349336,0.7741209152709874,-0.0011630788238940442,-0.026349211358806086,-0.4897275033763776,0.8714765279370171,capsules,0.05,0.5,0.1,0.5,0.5
397,1784928639.1659603,39.8066934151575,1,1784928639.1648402,0.0011200904846191406,17,-0.022671755403280258,1,-0.0416126474738121,1,0.005505738314241171,1,0.3350880742073059,1,0.5724905729293823,1,-0.004086838569492102,1,0.8176430463790894,1,0.34340086579322815,1,-0.700223982334137,1,0.0028137024492025375,1,1.0094165802001953,1,-0.26548516750335693,1,-0.01399197243154049,1,0.0533316507935524,1,-0.13930803537368774,1,0.023673273622989655,1,-0.009387331083416939,1,0,,,,,,,,,,,,,,,,,,,,,,,,,,,,,,,,,,,,,,,,,,,,,,,,,,,,,,,,,,,,,,,,,,,,,,,,,,,,,,,,,,,,,,,,,,,,,,,,,,,,,,,,,,,,,,,,,,,,,1,1784928639.1644545,0.0015058517456054688,world,base_footprint,0.09005416813435571,-1.1767479143915747,1,0,1,1784928593.86561,45.30035042762756,world,workspace,1,0,2,-0.0721911355745298,-0.0005509412263589577,0.0,0.0,0.0,-0.10574687133817579,0.994393080829803,1.5,1,2,1784928593.86561,world,workspace,-0.0721911355745298,-0.0005509412263589577,0.0,0.0,-0.10574687133817579,0.994393080829803,1,1784928593.865948,45.3000123500824,workspace,1,321,,1,1784928639.1644545,0.0015058517456054688,world,pelvis,0.06571234827661815,-1.14723387872324,0.7771200491785093,-0.009287808450762205,-0.022562751306902627,-0.4710495932545362,0.8817692099196823,capsules,0.05,0.5,0.1,0.5,0.5
398,1784928639.2660456,39.90677930880338,1,1784928639.2647736,0.001271963119506836,17,-0.019231969490647316,1,0.05133198946714401,1,0.0081839794293046,1,0.33492326736450195,1,0.5048220157623291,1,-0.02872552163898945,1,0.808117151260376,1,0.34797078371047974,1,-0.778401255607605,1,-0.01580425351858139,1,1.0172160863876343,1,-0.32181018590927124,1,0.02504861168563366,1,0.03883098065853119,1,-0.11389831453561783,1,0.010669674724340439,1,-0.029887402430176735,1,0,,,,,,,,,,,,,,,,,,,,,,,,,,,,,,,,,,,,,,,,,,,,,,,,,,,,,,,,,,,,,,,,,,,,,,,,,,,,,,,,,,,,,,,,,,,,,,,,,,,,,,,,,,,,,,,,,,,,,1,1784928639.2644594,0.0015861988067626953,world,base_footprint,0.09060687997467975,-1.1738520623156181,1,0,1,1784928593.86561,45.40043568611145,world,workspace,1,0,2,-0.0721911355745298,-0.0005509412263589577,0.0,0.0,0.0,-0.10574687133817579,0.994393080829803,1.5,1,2,1784928593.86561,world,workspace,-0.0721911355745298,-0.0005509412263589577,0.0,0.0,-0.10574687133817579,0.994393080829803,1,1784928593.865948,45.400097608566284,workspace,1,321,,1,1784928639.2654555,0.0005900859832763672,world,pelvis,0.08900314035342502,-1.1365527780389548,0.77730359301747,-0.020482376509757434,-0.012060469560268322,-0.46245111020429086,0.8863261183093485,capsules,0.05,0.5,0.1,0.5,0.5
399,1784928639.3660953,40.00682853348553,1,1784928639.3651576,0.0009377002716064453,17,0.0006151018897071481,1,0.10444097220897675,1,0.012358836829662323,1,0.35226523876190186,1,0.5309208631515503,1,-0.02775329351425171,1,0.8085607290267944,1,0.3406999111175537,1,-0.769186794757843,1,-0.01641193963587284,1,1.0182126760482788,1,-0.20820729434490204,1,0.041328828781843185,1,-0.01346608716994524,1,-0.09157737344503403,1,-0.02806849218904972,1,-0.033981915563344955,1,0,,,,,,,,,,,,,,,,,,,,,,,,,,,,,,,,,,,,,,,,,,,,,,,,,,,,,,,,,,,,,,,,,,,,,,,,,,,,,,,,,,,,,,,,,,,,,,,,,,,,,,,,,,,,,,,,,,,,,1,1784928639.3644567,0.001638650894165039,world,base_footprint,0.11522540587839838,-1.1721811055530196,1,0,1,1784928593.86561,45.50048542022705,world,workspace,1,0,2,-0.0721911355745298,-0.0005509412263589577,0.0,0.0,0.0,-0.10574687133817579,0.994393080829803,1.5,1,2,1784928593.86561,world,workspace,-0.0721911355745298,-0.0005509412263589577,0.0,0.0,-0.10574687133817579,0.994393080829803,1,1784928593.865948,45.500147342681885,workspace,1,321,,1,1784928639.3644567,0.001638650894165039,world,pelvis,0.11899916238623734,-1.1244566216607264,0.7746212891591042,-0.02815799310491135,-0.011819130205776733,-0.4582975485171144,0.8882740526485539,capsules,0.05,0.5,0.1,0.5,0.5
400,1784928639.4660187,40.10675763525069,1,1784928639.46514,0.0008785724639892578,17,0.022249439731240273,1,0.02301560714840889,1,0.02777509018778801,1,0.3725023865699768,1,0.6575570106506348,1,0.003321468597277999,1,0.8159028887748718,1,0.29406189918518066,1,-0.6281169652938843,1,0.0009051490342244506,1,1.0071587562561035,1,-0.16747723519802094,1,-0.013018712401390076,1,0.01709994487464428,1,-0.22597552835941315,1,-0.0017305942019447684,1,0.027472371235489845,1,0,,,,,,,,,,,,,,,,,,,,,,,,,,,,,,,,,,,,,,,,,,,,,,,,,,,,,,,,,,,,,,,,,,,,,,,,,,,,,,,,,,,,,,,,,,,,,,,,,,,,,,,,,,,,,,,,,,,,,1,1784928639.463456,0.0025627613067626953,world,base_footprint,0.15365111601442139,-1.1551490976174397,1,0,1,1784928593.86561,45.60040879249573,world,workspace,1,0,2,-0.0721911355745298,-0.0005509412263589577,0.0,0.0,0.0,-0.10574687133817579,0.994393080829803,1.5,1,2,1784928593.86561,world,workspace,-0.0721911355745298,-0.0005509412263589577,0.0,0.0,-0.10574687133817579,0.994393080829803,1,1784928593.865948,45.60007071495056,workspace,1,321,,1,1784928639.4654577,0.0005609989166259766,world,pelvis,0.13104844100618576,-1.1193253022136265,0.7758672374498081,-0.013542633764688637,-0.02343428541859543,-0.46279844345078014,0.8860502424113265,capsules,0.05,0.5,0.1,0.5,0.5
401,1784928639.5659082,40.20664023142308,1,1784928639.565271,0.0006372928619384766,17,0.019192973151803017,1,-0.051588188856840134,1,0.007349953055381775,1,0.3841933608055115,1,0.7314869165420532,1,0.027225062251091003,1,0.8263413310050964,1,0.29222652316093445,1,-0.5523599982261658,1,0.01918075606226921,1,1.0000783205032349,1,-0.1689242273569107,1,-0.0230653565376997,1,0.019975563511252403,1,-0.2934480309486389,1,0.03849581629037857,1,-0.03099745698273182,1,0,,,,,,,,,,,,,,,,,,,,,,,,,,,,,,,,,,,,,,,,,,,,,,,,,,,,,,,,,,,,,,,,,,,,,,,,,,,,,,,,,,,,,,,,,,,,,,,,,,,,,,,,,,,,,,,,,,,,,1,1784928639.5644562,0.0014519691467285156,world,base_footprint,0.15680472946785823,-1.1465981835385453,1,0,1,1784928593.86561,45.70029830932617,world,workspace,1,0,2,-0.0721911355745298,-0.0005509412263589577,0.0,0.0,0.0,-0.10574687133817579,0.994393080829803,1.5,1,2,1784928593.86561,world,workspace,-0.0721911355745298,-0.0005509412263589577,0.0,0.0,-0.10574687133817579,0.994393080829803,1,1784928593.865948,45.699960231781006,workspace,1,321,,1,1784928639.5644562,0.0014519691467285156,world,pelvis,0.13049039911015436,-1.1247364368019175,0.775536922594756,-0.004634762870070502,-0.021319728647091245,-0.4609369847208244,0.8871646319934239,capsules,0.05,0.5,0.1,0.5,0.5
402,1784928639.665981,40.306713721714914,1,1784928639.6655743,0.0004067420959472656,17,0.0020207371562719345,1,-0.08829176425933838,1,-0.005739844869822264,1,0.37734290957450867,1,0.7016535401344299,1,0.027346577495336533,1,0.8282700777053833,1,0.3170388340950012,1,-0.5885559916496277,1,0.01905953325331211,1,1.0025482177734375,1,-0.17942537367343903,1,-0.029736924916505814,1,0.007974827662110329,1,-0.16477708518505096,1,0.04364895075559616,1,0.04495653137564659,1,0,,,,,,,,,,,,,,,,,,,,,,,,,,,,,,,,,,,,,,,,,,,,,,,,,,,,,,,,,,,,,,,,,,,,,,,,,,,,,,,,,,,,,,,,,,,,,,,,,,,,,,,,,,,,,,,,,,,,,1,1784928639.6644564,0.0015246868133544922,world,base_footprint,0.16341955915148076,-1.1519527533030445,1,0,1,1784928593.86561,45.800371170043945,world,workspace,1,0,2,-0.0721911355745298,-0.0005509412263589577,0.0,0.0,0.0,-0.10574687133817579,0.994393080829803,1.5,1,2,1784928593.86561,world,workspace,-0.0721911355745298,-0.0005509412263589577,0.0,0.0,-0.10574687133817579,0.994393080829803,1,1784928593.865948,45.80003309249878,workspace,1,321,,1,1784928639.6644566,0.0015244483947753906,world,pelvis,0.12996686357720114,-1.1345539538751672,0.771534993495072,-0.0002385136449736352,-0.024047267437982578,-0.4524709832233124,0.8914548117436667,capsules,0.05,0.5,0.1,0.5,0.5
403,1784928639.766105,40.40684237424284,1,1784928639.7657502,0.000354766845703125,17,-0.019629184156656265,1,-0.026319999247789383,1,-0.0036930739879608154,1,0.3446654677391052,1,0.5662841200828552,1,-0.006246345583349466,1,0.8193076848983765,1,0.34680598974227905,1,-0.6969442367553711,1,0.003925627563148737,1,1.0111207962036133,1,-0.28625792264938354,1,-0.012206782586872578,1,0.06576380878686905,1,-0.10968846827745438,1,0.02688605710864067,1,0.002907802117988467,1,0,,,,,,,,,,,,,,,,,,,,,,,,,,,,,,,,,,,,,,,,,,,,,,,,,,,,,,,,,,,,,,,,,,,,,,,,,,,,,,,,,,,,,,,,,,,,,,,,,,,,,,,,,,,,,,,,,,,,,1,1784928639.764457,0.00164794921875,world,base_footprint,0.16594514163714377,-1.15832873067772,1,0,1,1784928593.86561,45.90049505233765,world,workspace,1,0,2,-0.0721911355745298,-0.0005509412263589577,0.0,0.0,0.0,-0.10574687133817579,0.994393080829803,1.5,1,2,1784928593.86561,world,workspace,-0.0721911355745298,-0.0005509412263589577,0.0,0.0,-0.10574687133817579,0.994393080829803,1,1784928593.865948,45.90015697479248,workspace,1,321,,1,1784928639.7654545,0.0006504058837890625,world,pelvis,0.14203519242238302,-1.1313806393298926,0.7770205225941758,-0.008909273962994034,-0.021178350232124672,-0.43202231528799645,0.9015701977173474,capsules,0.05,0.5,0.1,0.5,0.5
404,1784928639.8660522,40.50678496155888,1,1784928639.8654532,0.000598907470703125,17,-0.017172571271657944,1,0.06450704485177994,1,-0.0065497467294335365,1,0.3473990559577942,1,0.5044788718223572,1,-0.028688151389360428,1,0.8115885257720947,1,0.35365480184555054,1,-0.7738108038902283,1,-0.014427272602915764,1,1.019121766090393,1,-0.3335173428058624,1,0.021544447168707848,1,0.027079608291387558,1,-0.06870396435260773,1,0.016500838100910187,1,-0.025334173813462257,1,0,,,,,,,,,,,,,,,,,,,,,,,,,,,,,,,,,,,,,,,,,,,,,,,,,,,,,,,,,,,,,,,,,,,,,,,,,,,,,,,,,,,,,,,,,,,,,,,,,,,,,,,,,,,,,,,,,,,,,1,1784928639.864457,0.0015952587127685547,world,base_footprint,0.1655642796467519,-1.1588077894007314,1,0,1,1784928593.86561,46.00044226646423,world,workspace,1,0,2,-0.0721911355745298,-0.0005509412263589577,0.0,0.0,0.0,-0.10574687133817579,0.994393080829803,1.5,1,2,1784928593.86561,world,workspace,-0.0721911355745298,-0.0005509412263589577,0.0,0.0,-0.10574687133817579,0.994393080829803,1,1784928593.865948,46.00010418891907,workspace,1,321,,1,1784928639.8644571,0.0015950202941894531,world,pelvis,0.16447362432380694,-1.119493468466769,0.7776161154216299,-0.02245537459063192,-0.011178665112148831,-0.42052046658398856,0.9069362330298032,capsules,0.05,0.5,0.1,0.5,0.5
405,1784928639.9659622,40.60669586993754,1,1784928639.9647484,0.0012137889862060547,17,9.140848851529881e-05,1,0.10274358838796616,1,-0.007939083501696587,1,0.3619448244571686,1,0.5344170331954956,1,-0.027750153094530106,1,0.8123058080673218,1,0.3481667935848236,1,-0.7649859189987183,1,-0.014939011074602604,1,1.0195456743240356,1,-0.2180560678243637,1,0.06014954298734665,1,0.004776300862431526,1,-0.04125569015741348,1,-0.034802842885255814,1,-0.0399140827357769,1,0,,,,,,,,,,,,,,,,,,,,,,,,,,,,,,,,,,,,,,,,,,,,,,,,,,,,,,,,,,,,,,,,,,,,,,,,,,,,,,,,,,,,,,,,,,,,,,,,,,,,,,,,,,,,,,,,,,,,,1,1784928639.9644556,0.0015065670013427734,world,base_footprint,0.19541286860777082,-1.151536625817782,1,0,1,1784928593.86561,46.10035228729248,world,workspace,1,0,2,-0.0721911355745298,-0.0005509412263589577,0.0,0.0,0.0,-0.10574687133817579,0.994393080829803,1.5,1,2,1784928593.86561,world,workspace,-0.0721911355745298,-0.0005509412263589577,0.0,0.0,-0.10574687133817579,0.994393080829803,1,1784928593.865948,46.100014209747314,workspace,1,321,,1,1784928639.9644558,0.0015063285827636719,world,pelvis,0.19529366962065378,-1.1054147522126223,0.7751291361303139,-0.026780269978810313,-0.01217936096520276,-0.4114542343275427,0.9109554837423599,capsules,0.05,0.5,0.1,0.5,0.5
406,1784928640.0659494,40.706681137904525,1,1784928640.0654538,0.0004956722259521484,17,0.01570330560207367,1,0.026372423395514488,1,0.009340484626591206,1,0.37308982014656067,1,0.6444923281669617,1,-0.001093364553526044,1,0.8155712485313416,1,0.30220872163772583,1,-0.6390310525894165,1,-0.0015185801312327385,1,1.009626865386963,1,-0.16470879316329956,1,-0.0051035755313932896,1,0.02751978114247322,1,-0.17941908538341522,1,-0.009840388782322407,1,0.025151478126645088,1,0,,,,,,,,,,,,,,,,,,,,,,,,,,,,,,,,,,,,,,,,,,,,,,,,,,,,,,,,,,,,,,,,,,,,,,,,,,,,,,,,,,,,,,,,,,,,,,,,,,,,,,,,,,,,,,,,,,,,,1,1784928640.0644548,0.0014946460723876953,world,base_footprint,0.23448343643377545,-1.1278584328931023,1,0,1,1784928593.86561,46.200339555740356,world,workspace,1,0,2,-0.0721911355745298,-0.0005509412263589577,0.0,0.0,0.0,-0.10574687133817579,0.994393080829803,1.5,1,2,1784928593.86561,world,workspace,-0.0721911355745298,-0.0005509412263589577,0.0,0.0,-0.10574687133817579,0.994393080829803,1,1784928593.865948,46.20000147819519,workspace,1,321,,1,1784928640.0644548,0.0014946460723876953,world,pelvis,0.2104713463434234,-1.098571108115683,0.7779163823985494,-0.010758054472202589,-0.02162615471354389,-0.40986787878814573,0.9118250356477304,capsules,0.05,0.5,0.1,0.5,0.5
407,1784928640.1659906,40.8067222982645,1,1784928640.16567,0.00032067298889160156,17,0.014243577606976032,1,-0.04394521564245224,1,0.00773788383230567,1,0.3775617778301239,1,0.7244894504547119,1,0.02503545954823494,1,0.8218533396720886,1,0.29538944363594055,1,-0.5602299571037292,1,0.017404139041900635,1,0.9993748664855957,1,-0.15444378554821014,1,-0.014460055157542229,1,0.019398948177695274,1,-0.26146215200424194,1,0.0576309859752655,1,-0.03014960139989853,1,0,,,,,,,,,,,,,,,,,,,,,,,,,,,,,,,,,,,,,,,,,,,,,,,,,,,,,,,,,,,,,,,,,,,,,,,,,,,,,,,,,,,,,,,,,,,,,,,,,,,,,,,,,,,,,,,,,,,,,1,1784928640.1644583,0.0015323162078857422,world,base_footprint,0.23867088386248497,-1.1260146472133967,1,0,1,1784928593.86561,46.30038070678711,world,workspace,1,0,2,-0.0721911355745298,-0.0005509412263589577,0.0,0.0,0.0,-0.10574687133817579,0.994393080829803,1.5,1,2,1784928593.86561,world,workspace,-0.0721911355745298,-0.0005509412263589577,0.0,0.0,-0.10574687133817579,0.994393080829803,1,1784928593.865948,46.30004262924194,workspace,1,321,,1,1784928640.1654582,0.0005323886871337891,world,pelvis,0.21378692888986953,-1.1040594036351385,0.7787552576126495,-0.006528244931186032,-0.020268854730767616,-0.4033394830403245,0.9148026109313339,capsules,0.05,0.5,0.1,0.5,0.5
408,1784928640.265949,40.90668159723282,1,1784928640.2649908,0.0009582042694091797,17,0.0018556000431999564,1,-0.09068484604358673,1,-0.001272097579203546,1,0.37494686245918274,1,0.7065182328224182,1,0.025565024465322495,1,0.82366943359375,1,0.3173571825027466,1,-0.5879676938056946,1,0.017612718045711517,1,1.001177430152893,1,-0.15421174466609955,1,-0.030091136693954468,1,0.0063902847468853,1,-0.146815225481987,1,0.053078003227710724,1,0.03233282268047333,1,0,,,,,,,,,,,,,,,,,,,,,,,,,,,,,,,,,,,,,,,,,,,,,,,,,,,,,,,,,,,,,,,,,,,,,,,,,,,,,,,,,,,,,,,,,,,,,,,,,,,,,,,,,,,,,,,,,,,,,1,1784928640.2644544,0.0014946460723876953,world,base_footprint,0.2525064528495541,-1.1298379867677366,1,0,1,1784928593.86561,46.400339126586914,world,workspace,1,0,2,-0.0721911355745298,-0.0005509412263589577,0.0,0.0,0.0,-0.10574687133817579,0.994393080829803,1.5,1,2,1784928593.86561,world,workspace,-0.0721911355745298,-0.0005509412263589577,0.0,0.0,-0.10574687133817579,0.994393080829803,1,1784928593.865948,46.40000104904175,workspace,1,321,,1,1784928640.2644546,0.0014944076538085938,world,pelvis,0.21770337042180105,-1.1148101969785038,0.7752768710072866,-9.187362328706781e-05,-0.024177296035899857,-0.39281155961272773,0.919301108750689,capsules,0.05,0.5,0.1,0.5,0.5
409,1784928640.3659644,41.006699736230075,1,1784928640.3640125,0.0019519329071044922,17,-0.017954854294657707,1,-0.03146030381321907,1,-0.0015290072187781334,1,0.346019446849823,1,0.5737313032150269,1,-0.004209050443023443,1,0.8195049166679382,1,0.34314996004104614,1,-0.7003475427627563,1,0.0024407822638750076,1,1.0098234415054321,1,-0.29195713996887207,1,-0.01929928921163082,1,0.0665188878774643,1,-0.10853612422943115,1,0.03236725926399231,1,-0.007398596964776516,1,0,,,,,,,,,,,,,,,,,,,,,,,,,,,,,,,,,,,,,,,,,,,,,,,,,,,,,,,,,,,,,,,,,,,,,,,,,,,,,,,,,,,,,,,,,,,,,,,,,,,,,,,,,,,,,,,,,,,,,1,1784928640.3634553,0.0025091171264648438,world,base_footprint,0.2578381793974881,-1.1324620255602824,1,0,1,1784928593.86561,46.500354528427124,world,workspace,1,0,2,-0.0721911355745298,-0.0005509412263589577,0.0,0.0,0.0,-0.10574687133817579,0.994393080829803,1.5,1,2,1784928593.86561,world,workspace,-0.0721911355745298,-0.0005509412263589577,0.0,0.0,-0.10574687133817579,0.994393080829803,1,1784928593.865948,46.50001645088196,workspace,1,321,,1,1784928640.3644545,0.0015099048614501953,world,pelvis,0.2327271363503089,-1.1103722217719902,0.7778696278302359,-0.007133862846321784,-0.02010023858382358,-0.3712362990343744,0.9282934335052812,capsules,0.05,0.5,0.1,0.5,0.5
410,1784928640.4662757,41.107009216211736,1,1784928640.4652102,0.0010654926300048828,17,-0.015088302083313465,1,0.06042926013469696,1,-0.008582294918596745,1,0.3516491651535034,1,0.5054526329040527,1,-0.028038030490279198,1,0.8141509890556335,1,0.35164278745651245,1,-0.7743306756019592,1,-0.014527779072523117,1,1.019983172416687,1,-0.35067009925842285,1,0.022773291915655136,1,0.03666948527097702,1,-0.06124909594655037,1,0.013242102228105068,1,-0.04205162823200226,1,0,,,,,,,,,,,,,,,,,,,,,,,,,,,,,,,,,,,,,,,,,,,,,,,,,,,,,,,,,,,,,,,,,,,,,,,,,,,,,,,,,,,,,,,,,,,,,,,,,,,,,,,,,,,,,,,,,,,,,1,1784928640.4634562,0.002819538116455078,world,base_footprint,0.26157618072235816,-1.1312879194943335,1,0,1,1784928593.86561,46.600665807724,world,workspace,1,0,2,-0.0721911355745298,-0.0005509412263589577,0.0,0.0,0.0,-0.10574687133817579,0.994393080829803,1.5,1,2,1784928593.86561,world,workspace,-0.0721911355745298,-0.0005509412263589577,0.0,0.0,-0.10574687133817579,0.994393080829803,1,1784928593.865948,46.60032773017883,workspace,1,321,,1,1784928640.464456,0.001819610595703125,world,pelvis,0.25835686656686613,-1.0955938933739708,0.7786818673986662,-0.020287508291438824,-0.00997335748666282,-0.35581618715354535,0.9342825001611029,capsules,0.05,0.5,0.1,0.5,0.5
411,1784928640.5660188,41.20675067137927,1,1784928640.5646052,0.001413583755493164,17,0.0010203637648373842,1,0.09940644353628159,1,-0.002801901428028941,1,0.3647734224796295,1,0.5342782735824585,1,-0.026630297303199768,1,0.8148098587989807,1,0.3438895344734192,1,-0.7619670033454895,1,-0.014898565597832203,1,1.0203157663345337,1,-0.22491653263568878,1,0.056841425597667694,1,0.01740812323987484,1,-0.022919220849871635,1,-0.03701295331120491,1,-0.05898131802678108,1,0,,,,,,,,,,,,,,,,,,,,,,,,,,,,,,,,,,,,,,,,,,,,,,,,,,,,,,,,,,,,,,,,,,,,,,,,,,,,,,,,,,,,,,,,,,,,,,,,,,,,,,,,,,,,,,,,,,,,,1,1784928640.5644548,0.00156402587890625,world,base_footprint,0.29419301097373685,-1.1237819910288478,1,0,1,1784928593.86561,46.700408935546875,world,workspace,1,0,2,-0.0721911355745298,-0.0005509412263589577,0.0,0.0,0.0,-0.10574687133817579,0.994393080829803,1.5,1,2,1784928593.86561,world,workspace,-0.0721911355745298,-0.0005509412263589577,0.0,0.0,-0.10574687133817579,0.994393080829803,1,1784928593.865948,46.70007085800171,workspace,1,321,,1,1784928640.5644548,0.00156402587890625,world,pelvis,0.28982273632202443,-1.079021651748059,0.7758961373623342,-0.025837370364952587,-0.012463298414261205,-0.3447462348081247,0.9382574966771556,capsules,0.05,0.5,0.1,0.5,0.5
412,1784928640.6659896,41.30672477837652,1,1784928640.6647367,0.001252889633178711,17,0.016487320885062218,1,0.02969791740179062,1,0.019834086298942566,1,0.37106654047966003,1,0.6474771499633789,1,9.930993110174313e-05,1,0.8166768550872803,1,0.2991957366466522,1,-0.6343387961387634,1,-0.0006123211933299899,1,1.0096023082733154,1,-0.16843698918819427,1,-0.00834902934730053,1,0.0308707095682621,1,-0.15532490611076355,1,0.00315766129642725,1,0.013511679135262966,1,0,,,,,,,,,,,,,,,,,,,,,,,,,,,,,,,,,,,,,,,,,,,,,,,,,,,,,,,,,,,,,,,,,,,,,,,,,,,,,,,,,,,,,,,,,,,,,,,,,,,,,,,,,,,,,,,,,,,,,1,1784928640.6644552,0.0015344619750976562,world,base_footprint,0.33433307541600515,-1.1026061655985484,1,0,1,1784928593.86561,46.80037975311279,world,workspace,1,0,2,-0.0721911355745298,-0.0005509412263589577,0.0,0.0,0.0,-0.10574687133817579,0.994393080829803,1.5,1,2,1784928593.86561,world,workspace,-0.0721911355745298,-0.0005509412263589577,0.0,0.0,-0.10574687133817579,0.994393080829803,1,1784928593.865948,46.80004167556763,workspace,1,321,,1,1784928640.6644552,0.0015344619750976562,world,pelvis,0.30811900432222067,-1.0709396859208296,0.7784016390496158,-0.013333795906248154,-0.02257613342000389,-0.3388630838182233,0.9404702751877576,capsules,0.05,0.5,0.1,0.5,0.5
413,1784928640.765947,41.406678597442806,1,1784928640.7649276,0.0010194778442382812,17,0.01630285568535328,1,-0.039636384695768356,1,0.012398097664117813,1,0.37329649925231934,1,0.723181962966919,1,0.024617904797196388,1,0.8199028372764587,1,0.29135894775390625,1,-0.5636579990386963,1,0.016940519213676453,1,0.9969669580459595,1,-0.16886493563652039,1,-0.02633063867688179,1,0.02183518372476101,1,-0.24723978340625763,1,0.06817232817411423,1,-0.0161121878772974,1,0,,,,,,,,,,,,,,,,,,,,,,,,,,,,,,,,,,,,,,,,,,,,,,,,,,,,,,,,,,,,,,,,,,,,,,,,,,,,,,,,,,,,,,,,,,,,,,,,,,,,,,,,,,,,,,,,,,,,,1,1784928640.7644546,0.0014925003051757812,world,base_footprint,0.3382620974511235,-1.094180178106644,1,0,1,1784928593.86561,46.90033721923828,world,workspace,1,0,2,-0.0721911355745298,-0.0005509412263589577,0.0,0.0,0.0,-0.10574687133817579,0.994393080829803,1.5,1,2,1784928593.86561,world,workspace,-0.0721911355745298,-0.0005509412263589577,0.0,0.0,-0.10574687133817579,0.994393080829803,1,1784928593.865948,46.899999141693115,workspace,1,321,,1,1784928640.7644548,0.0014922618865966797,world,pelvis,0.3150819840187956,-1.0750818029198232,0.7783474480092271,-0.006608337344051132,-0.017977041341535785,-0.3304893159036064,0.9436153707606284,capsules,0.05,0.5,0.1,0.5,0.5
414,1784928640.8662424,41.50700179301202,1,1784928640.8648555,0.001386880874633789,17,-0.0015045329928398132,1,-0.06717732548713684,1,0.011381399817764759,1,0.3655637204647064,1,0.6954589486122131,1,0.024710088968276978,1,0.8232658505439758,1,0.31298181414604187,1,-0.5972690582275391,1,0.016739530488848686,1,0.9997163414955139,1,-0.17262566089630127,1,-0.0398530438542366,1,-0.004086039029061794,1,-0.1311732977628708,1,0.060943592339754105,1,0.027739528566598892,1,0,,,,,,,,,,,,,,,,,,,,,,,,,,,,,,,,,,,,,,,,,,,,,,,,,,,,,,,,,,,,,,,,,,,,,,,,,,,,,,,,,,,,,,,,,,,,,,,,,,,,,,,,,,,,,,,,,,,,,1,1784928640.8634565,0.002785921096801758,world,base_footprint,0.35173554977784155,-1.1014172982233656,1,0,1,1784928593.86561,47.000632524490356,world,workspace,1,0,2,-0.0721911355745298,-0.0005509412263589577,0.0,0.0,0.0,-0.10574687133817579,0.994393080829803,1.5,1,2,1784928593.86561,world,workspace,-0.0721911355745298,-0.0005509412263589577,0.0,0.0,-0.10574687133817579,0.994393080829803,1,1784928593.865948,47.00029444694519,workspace,1,321,,1,1784928640.864455,0.001787424087524414,world,pelvis,0.3248779836330771,-1.0822582555273812,0.7755127515360565,-0.006217078463965478,-0.0200997906357287,-0.3141722534159992,0.9491328366120761,capsules,0.05,0.5,0.1,0.5,0.5
415,1784928640.966057,41.60678903199732,1,1784928640.9657865,0.00027060508728027344,17,-0.027237802743911743,1,-0.012622972950339317,1,-0.0023334743455052376,1,0.34010541439056396,1,0.5708726644515991,1,-0.005814624484628439,1,0.8181842565536499,1,0.35383138060569763,1,-0.7042703628540039,1,0.0014565085293725133,1,1.0137802362442017,1,-0.29817548394203186,1,-0.024974483996629715,1,0.057571638375520706,1,-0.09600862860679626,1,0.022468622773885727,1,-0.031892500817775726,1,0,,,,,,,,,,,,,,,,,,,,,,,,,,,,,,,,,,,,,,,,,,,,,,,,,,,,,,,,,,,,,,,,,,,,,,,,,,,,,,,,,,,,,,,,,,,,,,,,,,,,,,,,,,,,,,,,,,,,,1,1784928640.964459,0.0015981197357177734,world,base_footprint,0.36058009825870413,-1.095904049102689,1,0,1,1784928593.86561,47.10044717788696,world,workspace,1,0,2,-0.0721911355745298,-0.0005509412263589577,0.0,0.0,0.0,-0.10574687133817579,0.994393080829803,1.5,1,2,1784928593.86561,world,workspace,-0.0721911355745298,-0.0005509412263589577,0.0,0.0,-0.10574687133817579,0.994393080829803,1,1784928593.865948,47.1001091003418,workspace,1,321,,1,1784928640.964459,0.0015981197357177734,world,pelvis,0.34437404706641855,-1.0737336664242967,0.7779973783194025,-0.010655524740731271,-0.013897385309274266,-0.2815550679567307,0.9593852543071245,capsules,0.05,0.5,0.1,0.5,0.5
416,1784928641.0659585,41.706692398525774,1,1784928641.0648468,0.001111745834350586,17,-0.019030392169952393,1,0.06448308378458023,1,-0.009589134715497494,1,0.3497540354728699,1,0.5158464312553406,1,-0.024213653057813644,1,0.8129420280456543,1,0.3638828694820404,1,-0.7679776549339294,1,-0.011831020005047321,1,1.0259681940078735,1,-0.35209718346595764,1,0.043365225195884705,1,0.01548581663519144,1,-0.031931325793266296,1,-0.007478108163923025,1,-0.0742548257112503,1,0,,,,,,,,,,,,,,,,,,,,,,,,,,,,,,,,,,,,,,,,,,,,,,,,,,,,,,,,,,,,,,,,,,,,,,,,,,,,,,,,,,,,,,,,,,,,,,,,,,,,,,,,,,,,,,,,,,,,,1,1784928641.0644553,0.0015032291412353516,world,base_footprint,0.3747387212581892,-1.0929690761799016,1,0,1,1784928593.86561,47.20034861564636,world,workspace,1,0,2,-0.0721911355745298,-0.0005509412263589577,0.0,0.0,0.0,-0.10574687133817579,0.994393080829803,1.5,1,2,1784928593.86561,world,workspace,-0.0721911355745298,-0.0005509412263589577,0.0,0.0,-0.10574687133817579,0.994393080829803,1,1784928593.865948,47.200010538101196,workspace,1,321,,1,1784928641.0644555,0.00150299072265625,world,pelvis,0.3718552064204928,-1.054002512978514,0.7780957305351617,-0.023519571341466577,-0.008237463113829408,-0.2599193730169919,0.9653087037294421,capsules,0.05,0.5,0.1,0.5,0.5
417,1784928641.1659625,41.80669598188251,1,1784928641.1649034,0.0010590553283691406,17,0.013025670312345028,1,0.08981280773878098,1,-0.010585772804915905,1,0.38271060585975647,1,0.5426236987113953,1,-0.02206452377140522,1,0.816120445728302,1,0.34568363428115845,1,-0.753685474395752,1,-0.01250381488353014,1,1.0259510278701782,1,-0.22303888201713562,1,0.06584233045578003,1,0.012924140319228172,1,0.0078291529789567,1,-0.0709497481584549,1,-0.06995226442813873,1,0,,,,,,,,,,,,,,,,,,,,,,,,,,,,,,,,,,,,,,,,,,,,,,,,,,,,,,,,,,,,,,,,,,,,,,,,,,,,,,,,,,,,,,,,,,,,,,,,,,,,,,,,,,,,,,,,,,,,,1,1784928641.1644547,0.0015077590942382812,world,base_footprint,0.4218963183406631,-1.0752085004520857,1,0,1,1784928593.86561,47.300352573394775,world,workspace,1,0,2,-0.0721911355745298,-0.0005509412263589577,0.0,0.0,0.0,-0.10574687133817579,0.994393080829803,1.5,1,2,1784928593.86561,world,workspace,-0.0721911355745298,-0.0005509412263589577,0.0,0.0,-0.10574687133817579,0.994393080829803,1,1784928593.865948,47.30001449584961,workspace,1,321,,1,1784928641.1644547,0.0015077590942382812,world,pelvis,0.40780091440310307,-1.0313878870623827,0.7741143536671347,-0.024715462310969143,-0.015851800882092697,-0.25607742814045953,0.9662102344358175,capsules,0.05,0.5,0.1,0.5,0.5
418,1784928641.2660902,41.90682626888156,1,1784928641.2647696,0.0013206005096435547,17,0.017737844958901405,1,-0.00658563245087862,1,0.01621108502149582,1,0.3818603754043579,1,0.6709511280059814,1,0.007625655271112919,1,0.8185943961143494,1,0.2936154305934906,1,-0.6050511598587036,1,0.006232371553778648,1,1.005194902420044,1,-0.17695236206054688,1,-0.0036998025607317686,1,0.007665008772164583,1,-0.178834930062294,1,0.007135339081287384,1,0.02650436945259571,1,0,,,,,,,,,,,,,,,,,,,,,,,,,,,,,,,,,,,,,,,,,,,,,,,,,,,,,,,,,,,,,,,,,,,,,,,,,,,,,,,,,,,,,,,,,,,,,,,,,,,,,,,,,,,,,,,,,,,,,1,1784928641.263455,0.0026352405548095703,world,base_footprint,0.45611522942625116,-1.049040411465773,1,0,1,1784928593.86561,47.40048027038574,world,workspace,1,0,2,-0.0721911355745298,-0.0005509412263589577,0.0,0.0,0.0,-0.10574687133817579,0.994393080829803,1.5,1,2,1784928593.86561,world,workspace,-0.0721911355745298,-0.0005509412263589577,0.0,0.0,-0.10574687133817579,0.994393080829803,1,1784928593.865948,47.400142192840576,workspace,1,321,,1,1784928641.2654622,0.0006279945373535156,world,pelvis,0.4235995696243875,-1.02605006418902,0.7760358188038189,-0.009079510633838647,-0.023866213846711396,-0.2409589621182764,0.9701993325591171,capsules,0.05,0.5,0.1,0.5,0.5
419,1784928641.3659174,42.00665144063532,1,1784928641.3656542,0.000263214111328125,17,0.015004171058535576,1,-0.06842631846666336,1,0.002338619437068701,1,0.38181379437446594,1,0.7183188199996948,1,0.023278091102838516,1,0.8236029744148254,1,0.28765833377838135,1,-0.5583950877189636,1,0.01845293492078781,1,0.9928367733955383,1,-0.16390357911586761,1,-0.02196228690445423,1,-0.006120713893324137,1,-0.2791863679885864,1,0.05461013317108154,1,-0.008560938760638237,1,0,,,,,,,,,,,,,,,,,,,,,,,,,,,,,,,,,,,,,,,,,,,,,,,,,,,,,,,,,,,,,,,,,,,,,,,,,,,,,,,,,,,,,,,,,,,,,,,,,,,,,,,,,,,,,,,,,,,,,1,1784928641.3644562,0.0014612674713134766,world,base_footprint,0.4604585551404674,-1.0424416940611363,1,0,1,1784928593.86561,47.50030755996704,world,workspace,1,0,2,-0.0721911355745298,-0.0005509412263589577,0.0,0.0,0.0,-0.10574687133817579,0.994393080829803,1.5,1,2,1784928593.86561,world,workspace,-0.0721911355745298,-0.0005509412263589577,0.0,0.0,-0.10574687133817579,0.994393080829803,1,1784928593.865948,47.499969482421875,workspace,1,321,,1,1784928641.3644564,0.001461029052734375,world,pelvis,0.4357554746246935,-1.0304465023010159,0.7774452910362561,-0.00381436036020372,-0.0170913394016209,-0.23034081196033643,0.9729524382609636,capsules,0.05,0.5,0.1,0.5,0.5
420,1784928641.4659116,42.10664497502148,1,1784928641.4656398,0.00027179718017578125,17,-0.006398579105734825,1,-0.08863531053066254,1,0.0021226874087005854,1,0.3689333498477936,1,0.6816776990890503,1,0.022219162434339523,1,0.8253465294837952,1,0.3187994062900543,1,-0.6057451367378235,1,0.017305970191955566,1,0.9982478618621826,1,-0.15471327304840088,1,-0.03695109859108925,1,-0.04724792763590813,1,-0.1568181812763214,1,0.05914091318845749,1,0.05360184237360954,1,0,,,,,,,,,,,,,,,,,,,,,,,,,,,,,,,,,,,,,,,,,,,,,,,,,,,,,,,,,,,,,,,,,,,,,,,,,,,,,,,,,,,,,,,,,,,,,,,,,,,,,,,,,,,,,,,,,,,,,1,1784928641.4644582,0.001453399658203125,world,base_footprint,0.4798587347857614,-1.0515612014003006,1,0,1,1784928593.86561,47.60030174255371,world,workspace,1,0,2,-0.0721911355745298,-0.0005509412263589577,0.0,0.0,0.0,-0.10574687133817579,0.994393080829803,1.5,1,2,1784928593.86561,world,workspace,-0.0721911355745298,-0.0005509412263589577,0.0,0.0,-0.10574687133817579,0.994393080829803,1,1784928593.865948,47.599963665008545,workspace,1,321,,1,1784928641.4644585,0.0014531612396240234,world,pelvis,0.4515655375831251,-1.03945205218072,0.7754660704192436,-0.0038663806250279825,-0.019241396695224542,-0.20460344752037582,0.978648174277588,capsules,0.05,0.5,0.1,0.5,0.5
421,1784928641.5659597,42.20669372193515,1,1784928641.565387,0.0005726814270019531,17,-0.033683475106954575,1,-0.030256491154432297,1,0.014458694495260715,1,0.3324643075466156,1,0.5663861632347107,1,-0.0073928129859268665,1,0.8164383769035339,1,0.358034610748291,1,-0.7123206853866577,1,-0.00025128579000011086,1,1.0158358812332153,1,-0.2910233438014984,1,-0.014649058692157269,1,0.054934561252593994,1,-0.09633597731590271,1,0.01651480235159397,1,-0.02428833395242691,1,0,,,,,,,,,,,,,,,,,,,,,,,,,,,,,,,,,,,,,,,,,,,,,,,,,,,,,,,,,,,,,,,,,,,,,,,,,,,,,,,,,,,,,,,,,,,,,,,,,,,,,,,,,,,,,,,,,,,,,1,1784928641.5644543,0.0015053749084472656,world,base_footprint,0.4995513658412083,-1.0516542812135308,1,0,1,1784928593.86561,47.70034980773926,world,workspace,1,0,2,-0.0721911355745298,-0.0005509412263589577,0.0,0.0,0.0,-0.10574687133817579,0.994393080829803,1.5,1,2,1784928593.86561,world,workspace,-0.0721911355745298,-0.0005509412263589577,0.0,0.0,-0.10574687133817579,0.994393080829803,1,1784928593.865948,47.70001173019409,workspace,1,321,,1,1784928641.5644543,0.0015053749084472656,world,pelvis,0.47011400043397517,-1.0297157641141341,0.7774518000077751,-0.010783517017404263,-0.020783405194143748,-0.16109592357702857,0.9866609697541175,capsules,0.05,0.5,0.1,0.5,0.5
422,1784928641.665969,42.306700139306486,1,1784928641.665404,0.0005648136138916016,17,-0.02604130282998085,1,0.062320541590452194,1,-0.0015942836180329323,1,0.3421764373779297,1,0.5091167092323303,1,-0.026868898421525955,1,0.8099790811538696,1,0.37477055191993713,1,-0.7820679545402527,1,-0.01505238190293312,1,1.0302132368087769,1,-0.3632206916809082,1,0.03934416174888611,1,0.029683999717235565,1,-0.024386225268244743,1,-0.01812588982284069,1,-0.08704544603824615,1,0,,,,,,,,,,,,,,,,,,,,,,,,,,,,,,,,,,,,,,,,,,,,,,,,,,,,,,,,,,,,,,,,,,,,,,,,,,,,,,,,,,,,,,,,,,,,,,,,,,,,,,,,,,,,,,,,,,,,,1,1784928641.6644552,0.0015137195587158203,world,base_footprint,0.5131646109079726,-1.0456423677148379,1,0,1,1784928593.86561,47.80035901069641,world,workspace,1,0,2,-0.0721911355745298,-0.0005509412263589577,0.0,0.0,0.0,-0.10574687133817579,0.994393080829803,1.5,1,2,1784928593.86561,world,workspace,-0.0721911355745298,-0.0005509412263589577,0.0,0.0,-0.10574687133817579,0.994393080829803,1,1784928593.865948,47.800020933151245,workspace,1,321,,1,1784928641.6644552,0.0015137195587158203,world,pelvis,0.49547464349500364,-1.0056361419079924,0.777282459867361,-0.023842950255371448,-0.014490426709678832,-0.12934833297337814,0.9912066131810762,capsules,0.05,0.5,0.1,0.5,0.5
423,1784928641.7659636,42.40669643972069,1,1784928641.7651505,0.0008130073547363281,17,-0.0004133308830205351,1,0.11067701876163483,1,-0.009549257345497608,1,0.3712271451950073,1,0.5420857667922974,1,-0.02483496069908142,1,0.8124819397926331,1,0.3604024052619934,1,-0.7706462740898132,1,-0.015462115406990051,1,1.030191421508789,1,-0.24982671439647675,1,0.08887004107236862,1,0.03488873690366745,1,0.04525173082947731,1,-0.07744434475898743,1,-0.125881627202034,1,0,,,,,,,,,,,,,,,,,,,,,,,,,,,,,,,,,,,,,,,,,,,,,,,,,,,,,,,,,,,,,,,,,,,,,,,,,,,,,,,,,,,,,,,,,,,,,,,,,,,,,,,,,,,,,,,,,,,,,1,1784928641.7644553,0.0015082359313964844,world,base_footprint,0.5547836369197306,-1.0240633613057166,1,0,1,1784928593.86561,47.90035367012024,world,workspace,1,0,2,-0.0721911355745298,-0.0005509412263589577,0.0,0.0,0.0,-0.10574687133817579,0.994393080829803,1.5,1,2,1784928593.86561,world,workspace,-0.0721911355745298,-0.0005509412263589577,0.0,0.0,-0.10574687133817579,0.994393080829803,1,1784928593.865948,47.90001559257507,workspace,1,321,,1,1784928641.7644556,0.0015079975128173828,world,pelvis,0.5278221964489552,-0.9747532490469236,0.7719852946725525,-0.029420534980862237,-0.020495043787521143,-0.10781435784225224,0.9935242571495928,capsules,0.05,0.5,0.1,0.5,0.5
424,1784928641.8659134,42.5066470336169,1,1784928641.8656113,0.0003020763397216797,17,0.005208592861890793,1,0.017885031178593636,1,0.014562162570655346,1,0.3656995892524719,1,0.6730027198791504,1,0.007810873910784721,1,0.8156204223632812,1,0.30439773201942444,1,-0.610857367515564,1,0.00428323308005929,1,1.0126250982284546,1,-0.18049398064613342,1,-0.0060894242487847805,1,0.0025447052903473377,1,-0.1239326149225235,1,0.015995685011148453,1,0.02083047851920128,1,0,,,,,,,,,,,,,,,,,,,,,,,,,,,,,,,,,,,,,,,,,,,,,,,,,,,,,,,,,,,,,,,,,,,,,,,,,,,,,,,,,,,,,,,,,,,,,,,,,,,,,,,,,,,,,,,,,,,,,1,1784928641.8644545,0.001458883285522461,world,base_footprint,0.5949171893053685,-0.9844111282091339,1,0,1,1784928593.86561,48.000303506851196,world,workspace,1,0,2,-0.0721911355745298,-0.0005509412263589577,0.0,0.0,0.0,-0.10574687133817579,0.994393080829803,1.5,1,2,1784928593.86561,world,workspace,-0.0721911355745298,-0.0005509412263589577,0.0,0.0,-0.10574687133817579,0.994393080829803,1,1784928593.865948,47.99996542930603,workspace,1,321,,1,1784928641.8644545,0.001458883285522461,world,pelvis,0.5481198999219519,-0.9638910949060479,0.7751615114730928,-0.010833480952439316,-0.03074438927166913,-0.07434387795559604,0.9966997572134192,capsules,0.05,0.5,0.1,0.5,0.5
425,1784928641.9659526,42.60668476950377,1,1784928641.965227,0.0007257461547851562,17,0.018994659185409546,1,-0.0436909981071949,1,0.009311553090810776,1,0.368696004152298,1,0.7267679572105408,1,0.02719787508249283,1,0.8204927444458008,1,0.27618148922920227,1,-0.5557959079742432,1,0.01923220604658127,1,0.9906272888183594,1,-0.15875813364982605,1,-0.03139445185661316,1,-0.02076427824795246,1,-0.2569362223148346,1,0.07736480236053467,1,-0.015029813162982464,1,0,,,,,,,,,,,,,,,,,,,,,,,,,,,,,,,,,,,,,,,,,,,,,,,,,,,,,,,,,,,,,,,,,,,,,,,,,,,,,,,,,,,,,,,,,,,,,,,,,,,,,,,,,,,,,,,,,,,,,1,1784928641.9644554,0.0014972686767578125,world,base_footprint,0.6031356413280922,-0.9754889280849646,1,0,1,1784928593.86561,48.100342750549316,world,workspace,1,0,2,-0.0721911355745298,-0.0005509412263589577,0.0,0.0,0.0,-0.10574687133817579,0.994393080829803,1.5,1,2,1784928593.86561,world,workspace,-0.0721911355745298,-0.0005509412263589577,0.0,0.0,-0.10574687133817579,0.994393080829803,1,1784928593.865948,48.10000467300415,workspace,1,321,,1,1784928641.9644556,0.001497030258178711,world,pelvis,0.5642767060777637,-0.9646521481025229,0.7768549090865448,-0.005476910674789318,-0.02514034887147635,-0.057412528736231996,0.9980189215902634,capsules,0.05,0.5,0.1,0.5,0.5
426,1784928642.065956,42.70669448468834,1,1784928642.0651178,0.0008382797241210938,17,0.0006959355669096112,1,-0.060275930911302567,1,0.00018929093494080007,1,0.3629268407821655,1,0.6905170679092407,1,0.026328833773732185,1,0.8220210075378418,1,0.30244773626327515,1,-0.6015133857727051,1,0.018402013927698135,1,0.994346022605896,1,-0.1513851284980774,1,-0.053298912942409515,1,-0.0822911262512207,1,-0.14072661101818085,1,0.06138259172439575,1,0.06474549323320389,1,0,,,,,,,,,,,,,,,,,,,,,,,,,,,,,,,,,,,,,,,,,,,,,,,,,,,,,,,,,,,,,,,,,,,,,,,,,,,,,,,,,,,,,,,,,,,,,,,,,,,,,,,,,,,,,,,,,,,,,1,1784928642.0644577,0.0014984607696533203,world,base_footprint,0.6252453265350828,-0.978526700610283,1,0,1,1784928593.86561,48.20034623146057,world,workspace,1,0,2,-0.0721911355745298,-0.0005509412263589577,0.0,0.0,0.0,-0.10574687133817579,0.994393080829803,1.5,1,2,1784928593.86561,world,workspace,-0.0721911355745298,-0.0005509412263589577,0.0,0.0,-0.10574687133817579,0.994393080829803,1,1784928593.865948,48.200008153915405,workspace,1,321,,1,1784928642.0654538,0.0005023479461669922,world,pelvis,0.5865038103382425,-0.9668854595100154,0.7749981512373714,-0.006910543966760063,-0.02485819382669721,-0.02074133714497543,0.9994519055538372,capsules,0.05,0.5,0.1,0.5,0.5
427,1784928642.166145,42.80688024777919,1,1784928642.1648762,0.0012688636779785156,17,-0.020693756639957428,1,-0.0202644020318985,1,0.006409283261746168,1,0.33716467022895813,1,0.57649165391922,1,-0.003525080159306526,1,0.8166686296463013,1,0.339249849319458,1,-0.7046987414360046,1,0.0023950913455337286,1,1.0074247121810913,1,-0.27983739972114563,1,-0.02676868997514248,1,0.04969017952680588,1,-0.07846441864967346,1,0.006637331563979387,1,-0.018517358228564262,1,0,,,,,,,,,,,,,,,,,,,,,,,,,,,,,,,,,,,,,,,,,,,,,,,,,,,,,,,,,,,,,,,,,,,,,,,,,,,,,,,,,,,,,,,,,,,,,,,,,,,,,,,,,,,,,,,,,,,,,1,1784928642.1644547,0.0016903877258300781,world,base_footprint,0.6404636513185129,-0.9643841654691706,1,0,1,1784928593.86561,48.30053520202637,world,workspace,1,0,2,-0.0721911355745298,-0.0005509412263589577,0.0,0.0,0.0,-0.10574687133817579,0.994393080829803,1.5,1,2,1784928593.86561,world,workspace,-0.0721911355745298,-0.0005509412263589577,0.0,0.0,-0.10574687133817579,0.994393080829803,1,1784928593.865948,48.3001971244812,workspace,1,321,,1,1784928642.1654546,0.000690460205078125,world,pelvis,0.6037110668992294,-0.9518377462125629,0.778461157088253,-0.008647055042547255,-0.023231478542847354,0.02927888451472059,0.9992638659360089,capsules,0.05,0.5,0.1,0.5,0.5
428,1784928642.2660084,42.90674561448395,1,1784928642.2651782,0.0008301734924316406,17,-0.011941974051296711,1,0.07008722424507141,1,-0.017833875492215157,1,0.35972079634666443,1,0.5127525329589844,1,-0.024729542434215546,1,0.8147621154785156,1,0.3577992022037506,1,-0.7849646210670471,1,-0.016046607866883278,1,1.0239791870117188,1,-0.36348509788513184,1,0.04993422329425812,1,0.01940106227993965,1,-0.0047911712899804115,1,-0.024590855464339256,1,-0.085370734333992,1,0,,,,,,,,,,,,,,,,,,,,,,,,,,,,,,,,,,,,,,,,,,,,,,,,,,,,,,,,,,,,,,,,,,,,,,,,,,,,,,,,,,,,,,,,,,,,,,,,,,,,,,,,,,,,,,,,,,,,,1,1784928642.2644541,0.001554250717163086,world,base_footprint,0.6441028747253571,-0.9554495514152618,1,0,1,1784928593.86561,48.40039849281311,world,workspace,1,0,2,-0.0721911355745298,-0.0005509412263589577,0.0,0.0,0.0,-0.10574687133817579,0.994393080829803,1.5,1,2,1784928593.86561,world,workspace,-0.0721911355745298,-0.0005509412263589577,0.0,0.0,-0.10574687133817579,0.994393080829803,1,1784928593.865948,48.400060415267944,workspace,1,321,,1,1784928642.2644544,0.0015540122985839844,world,pelvis,0.6216752878512283,-0.9203050742196133,0.7779223520426445,-0.023264894927473648,-0.012877624174330976,0.06239680079755285,0.9976971237353893,capsules,0.05,0.5,0.1,0.5,0.5
429,1784928642.3659933,43.00673144683242,1,1784928642.364949,0.0010442733764648438,17,0.01146725844591856,1,0.10450553894042969,1,-0.012572696432471275,1,0.38874879479408264,1,0.5330953001976013,1,-0.024310799315571785,1,0.8190587162971497,1,0.3486076891422272,1,-0.7780272364616394,1,-0.01708252541720867,1,1.02450430393219,1,-0.2534071207046509,1,0.07384016364812851,1,0.042029671370983124,1,0.0687517374753952,1,-0.10466703772544861,1,-0.12430116534233093,1,0,,,,,,,,,,,,,,,,,,,,,,,,,,,,,,,,,,,,,,,,,,,,,,,,,,,,,,,,,,,,,,,,,,,,,,,,,,,,,,,,,,,,,,,,,,,,,,,,,,,,,,,,,,,,,,,,,,,,,1,1784928642.3644562,0.0015370845794677734,world,base_footprint,0.6756674829191459,-0.9055133754319784,1,0,1,1784928593.86561,48.500383377075195,world,workspace,1,0,2,-0.0721911355745298,-0.0005509412263589577,0.0,0.0,0.0,-0.10574687133817579,0.994393080829803,1.5,1,2,1784928593.86561,world,workspace,-0.0721911355745298,-0.0005509412263589577,0.0,0.0,-0.10574687133817579,0.994393080829803,1,1784928593.865948,48.50004529953003,workspace,1,321,,1,1784928642.3644564,0.0015368461608886719,world,pelvis,0.643102076203523,-0.8775629073297772,0.7733629218340081,-0.019540394021238132,-0.019168726019768163,0.08557692082125713,0.9959554827235132,capsules,0.05,0.5,0.1,0.5,0.5
430,1784928642.4660177,43.10675039887428,1,1784928642.4646819,0.0013358592987060547,17,0.01766972616314888,1,0.03332742303609848,1,0.02810613624751568,1,0.3784829378128052,1,0.6496025919914246,1,-0.00014547639875672758,1,0.8207460045814514,1,0.2912366986274719,1,-0.6299214363098145,1,0.00032203481532633305,1,1.007888913154602,1,-0.18095704913139343,1,-0.010828753001987934,1,0.01909967139363289,1,-0.10491322726011276,1,-0.008268855512142181,1,0.02508973702788353,1,0,,,,,,,,,,,,,,,,,,,,,,,,,,,,,,,,,,,,,,,,,,,,,,,,,,,,,,,,,,,,,,,,,,,,,,,,,,,,,,,,,,,,,,,,,,,,,,,,,,,,,,,,,,,,,,,,,,,,,1,1784928642.464456,0.0015616416931152344,world,base_footprint,0.6992220561831021,-0.8578528477900823,1,0,1,1784928593.86561,48.60040783882141,world,workspace,1,0,2,-0.0721911355745298,-0.0005509412263589577,0.0,0.0,0.0,-0.10574687133817579,0.994393080829803,1.5,1,2,1784928593.86561,world,workspace,-0.0721911355745298,-0.0005509412263589577,0.0,0.0,-0.10574687133817579,0.994393080829803,1,1784928593.865948,48.600069761276245,workspace,1,321,,1,1784928642.464456,0.0015616416931152344,world,pelvis,0.6582315984969089,-0.8565411840520903,0.7766226932629968,-0.0037840507814523795,-0.02588231136047428,0.11290517188515639,0.9932614001761602,capsules,0.05,0.5,0.1,0.5,0.5
431,1784928642.5660243,43.20675704907626,1,1784928642.565549,0.0004754066467285156,17,0.03118749149143696,1,-0.027745766565203667,1,0.026287568733096123,1,0.3786100149154663,1,0.7167148590087891,1,0.02417634427547455,1,0.8237507343292236,1,0.2626011073589325,1,-0.5607470870018005,1,0.01871666871011257,1,0.985785961151123,1,-0.1711605042219162,1,-0.032156575471162796,1,0.004539590794593096,1,-0.2792653441429138,1,0.06968443840742111,1,-0.009133062325417995,1,0,,,,,,,,,,,,,,,,,,,,,,,,,,,,,,,,,,,,,,,,,,,,,,,,,,,,,,,,,,,,,,,,,,,,,,,,,,,,,,,,,,,,,,,,,,,,,,,,,,,,,,,,,,,,,,,,,,,,,1,1784928642.5644557,0.0015685558319091797,world,base_footprint,0.6964115061490884,-0.8488633124381593,1,0,1,1784928593.86561,48.700414419174194,world,workspace,1,0,2,-0.0721911355745298,-0.0005509412263589577,0.0,0.0,0.0,-0.10574687133817579,0.994393080829803,1.5,1,2,1784928593.86561,world,workspace,-0.0721911355745298,-0.0005509412263589577,0.0,0.0,-0.10574687133817579,0.994393080829803,1,1784928593.865948,48.70007634162903,workspace,1,321,,1,1784928642.564456,0.0015683174133300781,world,pelvis,0.6743052638507868,-0.8489486882781438,0.7779384066355095,-0.0017090391615475495,-0.013992256788848923,0.12506097644776992,0.9920489141695734,capsules,0.05,0.5,0.1,0.5,0.5
432,1784928642.6659606,43.30669378861785,1,1784928642.6652923,0.0006682872772216797,17,0.002150098793208599,1,-0.047554485499858856,1,0.021287746727466583,1,0.37012729048728943,1,0.696058452129364,1,0.023942476138472557,1,0.8254427313804626,1,0.2993021011352539,1,-0.5936863422393799,1,0.01856640912592411,1,0.9912156462669373,1,-0.1616443246603012,1,-0.05593302473425865,1,-0.0563836432993412,1,-0.15966667234897614,1,0.05373242497444153,1,0.07409203052520752,1,0,,,,,,,,,,,,,,,,,,,,,,,,,,,,,,,,,,,,,,,,,,,,,,,,,,,,,,,,,,,,,,,,,,,,,,,,,,,,,,,,,,,,,,,,,,,,,,,,,,,,,,,,,,,,,,,,,,,,,1,1784928642.6644545,0.0015060901641845703,world,base_footprint,0.7214902516875801,-0.8419682034944158,1,0,1,1784928593.86561,48.80035066604614,world,workspace,1,0,2,-0.0721911355745298,-0.0005509412263589577,0.0,0.0,0.0,-0.10574687133817579,0.994393080829803,1.5,1,2,1784928593.86561,world,workspace,-0.0721911355745298,-0.0005509412263589577,0.0,0.0,-0.10574687133817579,0.994393080829803,1,1784928593.865948,48.80001258850098,workspace,1,321,,1,1784928642.6644547,0.0015058517456054688,world,pelvis,0.6970221994617353,-0.8404924728843136,0.7755429393285075,-0.0034381243453148885,-0.015248055817107435,0.16081004705257085,0.9868615935690954,capsules,0.05,0.5,0.1,0.5,0.5
433,1784928642.7659843,43.406719483435154,1,1784928642.765226,0.0007584095001220703,17,-0.032751183956861496,1,-0.006001759320497513,1,0.02883295528590679,1,0.328294575214386,1,0.5849169492721558,1,-0.0023054161574691534,1,0.8138606548309326,1,0.3494889438152313,1,-0.6943342089653015,1,0.004267670679837465,1,1.010446548461914,1,-0.302503377199173,1,-0.031405895948410034,1,0.061687685549259186,1,-0.08738182485103607,1,-0.003853683127090335,1,-0.02422117441892624,1,0,,,,,,,,,,,,,,,,,,,,,,,,,,,,,,,,,,,,,,,,,,,,,,,,,,,,,,,,,,,,,,,,,,,,,,,,,,,,,,,,,,,,,,,,,,,,,,,,,,,,,,,,,,,,,,,,,,,,,1,1784928642.7644558,0.0015285015106201172,world,base_footprint,0.7366654282164307,-0.8236451534902505,1,0,1,1784928593.86561,48.90037441253662,world,workspace,1,0,2,-0.0721911355745298,-0.0005509412263589577,0.0,0.0,0.0,-0.10574687133817579,0.994393080829803,1.5,1,2,1784928593.86561,world,workspace,-0.0721911355745298,-0.0005509412263589577,0.0,0.0,-0.10574687133817579,0.994393080829803,1,1784928593.865948,48.900036334991455,workspace,1,321,,1,1784928642.764456,0.0015282630920410156,world,pelvis,0.7088706288256458,-0.8179692645176854,0.7782700743646815,-0.00735379715654716,-0.01652828301770528,0.21544705986982768,0.9763479410135066,capsules,0.05,0.5,0.1,0.5,0.5
434,1784928642.8659697,43.50670216977596,1,1784928642.8651881,0.0007815361022949219,17,-0.020986149087548256,1,0.07812828570604324,1,0.0007495830650441349,1,0.3446944057941437,1,0.5210235118865967,1,-0.021690696477890015,1,0.8080174326896667,1,0.37541183829307556,1,-0.7766531705856323,1,-0.013335813768208027,1,1.031762957572937,1,-0.38612833619117737,1,0.04594933241605759,1,0.01440650224685669,1,-0.006246598437428474,1,-0.03892688825726509,1,-0.09447526186704636,1,0,,,,,,,,,,,,,,,,,,,,,,,,,,,,,,,,,,,,,,,,,,,,,,,,,,,,,,,,,,,,,,,,,,,,,,,,,,,,,,,,,,,,,,,,,,,,,,,,,,,,,,,,,,,,,,,,,,,,,1,1784928642.8644545,0.0015151500701904297,world,base_footprint,0.7435670460562737,-0.8096207441335538,1,0,1,1784928593.86561,49.000359773635864,world,workspace,1,0,2,-0.0721911355745298,-0.0005509412263589577,0.0,0.0,0.0,-0.10574687133817579,0.994393080829803,1.5,1,2,1784928593.86561,world,workspace,-0.0721911355745298,-0.0005509412263589577,0.0,0.0,-0.10574687133817579,0.994393080829803,1,1784928593.865948,49.0000216960907,workspace,1,321,,1,1784928642.8644545,0.0015151500701904297,world,pelvis,0.7152825156517478,-0.7792971714212371,0.7762584716429163,-0.023218063802615513,-0.0126664607962096,0.24848521617258046,0.9682745373228719,capsules,0.05,0.5,0.1,0.5,0.5
435,1784928642.9659522,43.606684513390064,1,1784928642.9649417,0.0010104179382324219,17,0.0017041077371686697,1,0.1054915189743042,1,0.009285537526011467,1,0.37494102120399475,1,0.543041467666626,1,-0.020684843882918358,1,0.8099625706672668,1,0.3540736138820648,1,-0.7698783278465271,1,-0.014666497707366943,1,1.0316150188446045,1,-0.2767358422279358,1,0.08037016540765762,1,0.015190208330750465,1,0.057903241366147995,1,-0.11757306754589081,1,-0.13240265846252441,1,0,,,,,,,,,,,,,,,,,,,,,,,,,,,,,,,,,,,,,,,,,,,,,,,,,,,,,,,,,,,,,,,,,,,,,,,,,,,,,,,,,,,,,,,,,,,,,,,,,,,,,,,,,,,,,,,,,,,,,1,1784928642.9644587,0.0014934539794921875,world,base_footprint,0.7639909076735956,-0.7477624327976233,1,0,1,1784928593.86561,49.10034227371216,world,workspace,1,0,2,-0.0721911355745298,-0.0005509412263589577,0.0,0.0,0.0,-0.10574687133817579,0.994393080829803,1.5,1,2,1784928593.86561,world,workspace,-0.0721911355745298,-0.0005509412263589577,0.0,0.0,-0.10574687133817579,0.994393080829803,1,1784928593.865948,49.10000419616699,workspace,1,321,,1,1784928642.964459,0.001493215560913086,world,pelvis,0.7200881614129142,-0.7291002365813304,0.7698669954021894,-0.019058554808171493,-0.023722623510857323,0.2712930437178811,0.96201564075262,capsules,0.05,0.5,0.1,0.5,0.5
436,1784928643.065955,43.7066882988438,1,1784928643.0650113,0.0009436607360839844,17,0.02030026912689209,1,0.00985170342028141,1,0.04844211786985397,1,0.36572685837745667,1,0.6684206128120422,1,0.006303201429545879,1,0.8128260970115662,1,0.2880541980266571,1,-0.6129801869392395,1,0.005212063435465097,1,1.0072815418243408,1,-0.20701457560062408,1,0.0016005784273147583,1,-0.0021175097208470106,1,-0.18557670712471008,1,-0.017629047855734825,1,0.04684308171272278,1,0,,,,,,,,,,,,,,,,,,,,,,,,,,,,,,,,,,,,,,,,,,,,,,,,,,,,,,,,,,,,,,,,,,,,,,,,,,,,,,,,,,,,,,,,,,,,,,,,,,,,,,,,,,,,,,,,,,,,,1,1784928643.0644548,0.0015001296997070312,world,base_footprint,0.7712034994428695,-0.6956377159269839,1,0,1,1784928593.86561,49.200345039367676,world,workspace,1,0,2,-0.0721911355745298,-0.0005509412263589577,0.0,0.0,0.0,-0.10574687133817579,0.994393080829803,1.5,1,2,1784928593.86561,world,workspace,-0.0721911355745298,-0.0005509412263589577,0.0,0.0,-0.10574687133817579,0.994393080829803,1,1784928593.865948,49.20000696182251,workspace,1,321,,1,1784928643.0644548,0.0015001296997070312,world,pelvis,0.7268135908792834,-0.7085007874293132,0.7729236009721844,-0.0005476722390155831,-0.029474649495838834,0.2959919321476737,0.954735419472695,capsules,0.05,0.5,0.1,0.5,0.5
437,1784928643.1659706,43.80670430790633,1,1784928643.1652021,0.0007684230804443359,17,0.03156958520412445,1,-0.061359893530607224,1,0.0171244814991951,1,0.37500712275505066,1,0.7195543050765991,1,0.024617403745651245,1,0.8235657215118408,1,0.2711581289768219,1,-0.5582096576690674,1,0.019275907427072525,1,0.987086832523346,1,-0.18487457931041718,1,-0.024500826373696327,1,-0.019683117046952248,1,-0.31625130772590637,1,0.041924700140953064,1,-0.00809883326292038,1,0,,,,,,,,,,,,,,,,,,,,,,,,,,,,,,,,,,,,,,,,,,,,,,,,,,,,,,,,,,,,,,,,,,,,,,,,,,,,,,,,,,,,,,,,,,,,,,,,,,,,,,,,,,,,,,,,,,,,,1,1784928643.1644547,0.0015158653259277344,world,base_footprint,0.7691136401123416,-0.6831939792198225,1,0,1,1784928593.86561,49.300360679626465,world,workspace,1,0,2,-0.0721911355745298,-0.0005509412263589577,0.0,0.0,0.0,-0.10574687133817579,0.994393080829803,1.5,1,2,1784928593.86561,world,workspace,-0.0721911355745298,-0.0005509412263589577,0.0,0.0,-0.10574687133817579,0.994393080829803,1,1784928593.865948,49.3000226020813,workspace,1,321,,1,1784928643.1644547,0.0015158653259277344,world,pelvis,0.7431090237046657,-0.6940599162298788,0.774992010003303,0.0014063124266174977,-0.01791732717355062,0.3121112827116307,0.9498755386240954,capsules,0.05,0.5,0.1,0.5,0.5
438,1784928643.2660182,43.90675057284534,1,1784928643.2656403,0.00037789344787597656,17,0.01799977757036686,1,-0.09946449100971222,1,-0.006056751124560833,1,0.37531816959381104,1,0.6917441487312317,1,0.024317890405654907,1,0.8247560858726501,1,0.29624494910240173,1,-0.5983386635780334,1,0.01884745992720127,1,0.9882050156593323,1,-0.16400526463985443,1,-0.047776684165000916,1,-0.056274257600307465,1,-0.20532381534576416,1,0.04249831289052963,1,0.056869201362133026,1,0,,,,,,,,,,,,,,,,,,,,,,,,,,,,,,,,,,,,,,,,,,,,,,,,,,,,,,,,,,,,,,,,,,,,,,,,,,,,,,,,,,,,,,,,,,,,,,,,,,,,,,,,,,,,,,,,,,,,,1,1784928643.2644541,0.00156402587890625,world,base_footprint,0.7825108556961189,-0.6658398394404336,1,0,1,1784928593.86561,49.40040826797485,world,workspace,1,0,2,-0.0721911355745298,-0.0005509412263589577,0.0,0.0,0.0,-0.10574687133817579,0.994393080829803,1.5,1,2,1784928593.86561,world,workspace,-0.0721911355745298,-0.0005509412263589577,0.0,0.0,-0.10574687133817579,0.994393080829803,1,1784928593.865948,49.40007019042969,workspace,1,321,,1,1784928643.2644544,0.0015637874603271484,world,pelvis,0.7647222171004604,-0.6795405659645375,0.7731723171467937,0.004410229935774194,-0.013621240320708,0.3364460027244348,0.9415939140281169,capsules,0.05,0.5,0.1,0.5,0.5
439,1784928643.3659701,44.00670376326889,1,1784928643.365568,0.00040221214294433594,17,-0.017372049391269684,1,-0.04122094064950943,1,0.013440810143947601,1,0.33839112520217896,1,0.5752129554748535,1,-0.004385019186884165,1,0.8185214400291443,1,0.325317919254303,1,-0.7047091126441956,1,0.001393680926412344,1,1.0009719133377075,1,-0.27900487184524536,1,-0.010008779354393482,1,0.05780980736017227,1,-0.12162955105304718,1,0.013505742885172367,1,-0.02545008435845375,1,0,,,,,,,,,,,,,,,,,,,,,,,,,,,,,,,,,,,,,,,,,,,,,,,,,,,,,,,,,,,,,,,,,,,,,,,,,,,,,,,,,,,,,,,,,,,,,,,,,,,,,,,,,,,,,,,,,,,,,1,1784928643.3644547,0.0015153884887695312,world,base_footprint,0.8046169680979597,-0.6520300304293672,1,0,1,1784928593.86561,49.50036025047302,world,workspace,1,0,2,-0.0721911355745298,-0.0005509412263589577,0.0,0.0,0.0,-0.10574687133817579,0.994393080829803,1.5,1,2,1784928593.86561,world,workspace,-0.0721911355745298,-0.0005509412263589577,0.0,0.0,-0.10574687133817579,0.994393080829803,1,1784928593.865948,49.500022172927856,workspace,1,321,,1,1784928643.3644547,0.0015153884887695312,world,pelvis,0.7709786559390838,-0.6577674593047996,0.7760404199676508,-0.004741048899490813,-0.021239657399652796,0.3787601231696218,0.9252389791321002,capsules,0.05,0.5,0.1,0.5,0.5
440,1784928643.465946,44.10667796432972,1,1784928643.4651403,0.0008056163787841797,17,-0.01407083123922348,1,0.04399362578988075,1,-0.009130306541919708,1,0.35158011317253113,1,0.5070104598999023,1,-0.026965029537677765,1,0.8139739036560059,1,0.35568639636039734,1,-0.7809231281280518,1,-0.015260125510394573,1,1.023310899734497,1,-0.3490043580532074,1,0.05047013610601425,1,0.03485162556171417,1,-0.02864813059568405,1,-0.017499243840575218,1,-0.08037486672401428,1,0,,,,,,,,,,,,,,,,,,,,,,,,,,,,,,,,,,,,,,,,,,,,,,,,,,,,,,,,,,,,,,,,,,,,,,,,,,,,,,,,,,,,,,,,,,,,,,,,,,,,,,,,,,,,,,,,,,,,,1,1784928643.464455,0.0014910697937011719,world,base_footprint,0.8106454288139159,-0.6335553041328288,1,0,1,1784928593.86561,49.6003360748291,world,workspace,1,0,2,-0.0721911355745298,-0.0005509412263589577,0.0,0.0,0.0,-0.10574687133817579,0.994393080829803,1.5,1,2,1784928593.86561,world,workspace,-0.0721911355745298,-0.0005509412263589577,0.0,0.0,-0.10574687133817579,0.994393080829803,1,1784928593.865948,49.599997997283936,workspace,1,321,,1,1784928643.4644551,0.0014908313751220703,world,pelvis,0.7681890280038105,-0.6217590146594502,0.7770872296971113,-0.01786584555929393,-0.02169743879229784,0.405629667372987,0.9136052789138129,capsules,0.05,0.5,0.1,0.5,0.5
441,1784928643.5660129,44.20674673188478,1,1784928643.5651107,0.0009021759033203125,17,0.013610134832561016,1,0.07643016427755356,1,-0.00454560574144125,1,0.38513848185539246,1,0.5344460606575012,1,-0.025100374594330788,1,0.8177699446678162,1,0.34450241923332214,1,-0.7705940008163452,1,-0.016041293740272522,1,1.0244258642196655,1,-0.23400768637657166,1,0.07461943477392197,1,0.0489482507109642,1,0.04298406466841698,1,-0.08815640211105347,1,-0.08749911189079285,1,0,,,,,,,,,,,,,,,,,,,,,,,,,,,,,,,,,,,,,,,,,,,,,,,,,,,,,,,,,,,,,,,,,,,,,,,,,,,,,,,,,,,,,,,,,,,,,,,,,,,,,,,,,,,,,,,,,,,,,1,1784928643.563455,0.0025577545166015625,world,base_footprint,0.8128025029135085,-0.569781936395444,1,0,1,1784928593.86561,49.7004029750824,world,workspace,1,0,2,-0.0721911355745298,-0.0005509412263589577,0.0,0.0,0.0,-0.10574687133817579,0.994393080829803,1.5,1,2,1784928593.86561,world,workspace,-0.0721911355745298,-0.0005509412263589577,0.0,0.0,-0.10574687133817579,0.994393080829803,1,1784928593.865948,49.70006489753723,workspace,1,321,,1,1784928643.5654554,0.0005574226379394531,world,pelvis,0.7618962583105354,-0.5746526912287646,0.7723353837136983,-0.009122243512312651,-0.03100241881411923,0.41556713583403376,0.9089882234196842,capsules,0.05,0.5,0.1,0.5,0.5
442,1784928643.665957,44.30668935365975,1,1784928643.665554,0.0004029273986816406,17,0.02008941024541855,1,-0.002695275703445077,1,0.0063075353391468525,1,0.39020439982414246,1,0.6631155610084534,1,0.005412584636360407,1,0.8238012790679932,1,0.30420538783073425,1,-0.6128137111663818,1,0.0040304879657924175,1,1.0119792222976685,1,-0.1484047770500183,1,0.01128368265926838,1,0.033729568123817444,1,-0.12801364064216614,1,0.01838291436433792,1,0.010131225921213627,1,0,,,,,,,,,,,,,,,,,,,,,,,,,,,,,,,,,,,,,,,,,,,,,,,,,,,,,,,,,,,,,,,,,,,,,,,,,,,,,,,,,,,,,,,,,,,,,,,,,,,,,,,,,,,,,,,,,,,,,1,1784928643.6644568,0.0015001296997070312,world,base_footprint,0.8121334223300265,-0.5156159826473371,1,0,1,1784928593.86561,49.800347089767456,world,workspace,1,0,2,-0.0721911355745298,-0.0005509412263589577,0.0,0.0,0.0,-0.10574687133817579,0.994393080829803,1.5,1,2,1784928593.86561,world,workspace,-0.0721911355745298,-0.0005509412263589577,0.0,0.0,-0.10574687133817579,0.994393080829803,1,1784928593.865948,49.80000901222229,workspace,1,321,,1,1784928643.6644568,0.0015001296997070312,world,pelvis,0.7721309563033484,-0.5484511298853498,0.7754427820627443,0.00786184519727702,-0.032065331298553275,0.4319126166992581,0.9013109882026336,capsules,0.05,0.5,0.1,0.5,0.5
443,1784928643.7660437,44.406777816824615,1,1784928643.7648332,0.0012104511260986328,17,0.024286095052957535,1,-0.06265154480934143,1,-0.014541598968207836,1,0.3921665847301483,1,0.7181887626647949,1,0.02426442876458168,1,0.8273357152938843,1,0.28838980197906494,1,-0.5519455075263977,1,0.019924335181713104,1,0.9945055842399597,1,-0.09942922741174698,1,-0.005744058173149824,1,0.030582934617996216,1,-0.2968190014362335,1,0.049702972173690796,1,-0.05731320381164551,1,0,,,,,,,,,,,,,,,,,,,,,,,,,,,,,,,,,,,,,,,,,,,,,,,,,,,,,,,,,,,,,,,,,,,,,,,,,,,,,,,,,,,,,,,,,,,,,,,,,,,,,,,,,,,,,,,,,,,,,1,1784928643.7644546,0.001589059829711914,world,base_footprint,0.8128608810301291,-0.4988797008510608,1,0,1,1784928593.86561,49.90043377876282,world,workspace,1,0,2,-0.0721911355745298,-0.0005509412263589577,0.0,0.0,0.0,-0.10574687133817579,0.994393080829803,1.5,1,2,1784928593.86561,world,workspace,-0.0721911355745298,-0.0005509412263589577,0.0,0.0,-0.10574687133817579,0.994393080829803,1,1784928593.865948,49.90009570121765,workspace,1,321,,1,1784928643.7644546,0.001589059829711914,world,pelvis,0.7904946734924212,-0.5288542617825913,0.7775590152019647,0.010960851741807005,-0.021184772330261233,0.4368967387798247,0.8991953651982214,capsules,0.05,0.5,0.1,0.5,0.5
444,1784928643.86599,44.506726179271936,1,1784928643.8647506,0.0012392997741699219,17,-0.0010011368431150913,1,-0.09137928485870361,1,-0.03909330442547798,1,0.3858853280544281,1,0.697590172290802,1,0.023992974311113358,1,0.827177882194519,1,0.3244541585445404,1,-0.5865675210952759,1,0.01979350857436657,1,0.9958105683326721,1,-0.05047863349318504,1,-0.016974641010165215,1,-0.004441816825419664,1,-0.2035195231437683,1,0.02189059928059578,1,0.03232541307806969,1,0,,,,,,,,,,,,,,,,,,,,,,,,,,,,,,,,,,,,,,,,,,,,,,,,,,,,,,,,,,,,,,,,,,,,,,,,,,,,,,,,,,,,,,,,,,,,,,,,,,,,,,,,,,,,,,,,,,,,,1,1784928643.8644595,0.0015304088592529297,world,base_footprint,0.829006628509036,-0.47470520579017783,1,0,1,1784928593.86561,50.00038003921509,world,workspace,1,0,2,-0.0721911355745298,-0.0005509412263589577,0.0,0.0,0.0,-0.10574687133817579,0.994393080829803,1.5,1,2,1784928593.86561,world,workspace,-0.0721911355745298,-0.0005509412263589577,0.0,0.0,-0.10574687133817579,0.994393080829803,1,1784928593.865948,50.00004196166992,workspace,1,321,,1,1784928643.8644595,0.0015304088592529297,world,pelvis,0.8174414149229161,-0.5045670608210543,0.7760871733329038,0.013557717586028443,-0.015272338449418416,0.45750926527056046,0.8889703123072986,capsules,0.05,0.5,0.1,0.5,0.5
445,1784928643.9660501,44.60678543802351,1,1784928643.9656646,0.00038552284240722656,17,-0.025591041892766953,1,-0.033075615763664246,1,0.021279536187648773,1,0.33017849922180176,1,0.5872788429260254,1,0.00017266518261749297,1,0.817902147769928,1,0.33824047446250916,1,-0.6913903951644897,1,0.004997761454433203,1,1.007670521736145,1,-0.18281322717666626,1,-0.003145578084513545,1,0.0563693530857563,1,-0.09916350245475769,1,0.006423609331250191,1,-0.0299544557929039,1,0,,,,,,,,,,,,,,,,,,,,,,,,,,,,,,,,,,,,,,,,,,,,,,,,,,,,,,,,,,,,,,,,,,,,,,,,,,,,,,,,,,,,,,,,,,,,,,,,,,,,,,,,,,,,,,,,,,,,,1,1784928643.964456,0.0015940666198730469,world,base_footprint,0.8608145969806617,-0.4397001196383721,1,0,1,1784928593.86561,50.10044026374817,world,workspace,1,0,2,-0.0721911355745298,-0.0005509412263589577,0.0,0.0,0.0,-0.10574687133817579,0.994393080829803,1.5,1,2,1784928593.86561,world,workspace,-0.0721911355745298,-0.0005509412263589577,0.0,0.0,-0.10574687133817579,0.994393080829803,1,1784928593.865948,50.100102186203,workspace,1,321,,1,1784928643.964456,0.0015940666198730469,world,pelvis,0.8274307365846432,-0.480644907032786,0.7777265203365985,0.01238273215820699,-0.03134555873323705,0.4883792688965038,0.8719803974884504,capsules,0.05,0.5,0.1,0.5,0.5
446,1784928644.0660012,44.706735665909946,1,1784928644.0652902,0.0007109642028808594,17,-0.02823874168097973,1,0.06656493991613388,1,0.0026569210458546877,1,0.3326140344142914,1,0.5153752565383911,1,-0.025199351832270622,1,0.8071383833885193,1,0.36226388812065125,1,-0.7752993106842041,1,-0.014185153879225254,1,1.0251798629760742,1,-0.3097657859325409,1,0.024138951674103737,1,0.045213934034109116,1,-0.015809329226613045,1,-0.007395634427666664,1,-0.09253864735364914,1,0,,,,,,,,,,,,,,,,,,,,,,,,,,,,,,,,,,,,,,,,,,,,,,,,,,,,,,,,,,,,,,,,,,,,,,,,,,,,,,,,,,,,,,,,,,,,,,,,,,,,,,,,,,,,,,,,,,,,,1,1784928644.0644605,0.0015406608581542969,world,base_footprint,0.8693999989954502,-0.4294269417692017,1,0,1,1784928593.86561,50.20039129257202,world,workspace,1,0,2,-0.0721911355745298,-0.0005509412263589577,0.0,0.0,0.0,-0.10574687133817579,0.994393080829803,1.5,1,2,1784928593.86561,world,workspace,-0.0721911355745298,-0.0005509412263589577,0.0,0.0,-0.10574687133817579,0.994393080829803,1,1784928593.865948,50.200053215026855,workspace,1,321,,1,1784928644.0644605,0.0015406608581542969,world,pelvis,0.8238748119058477,-0.4459419961415293,0.778213655068612,-0.005937588932429683,-0.03031613038403272,0.5150996459030505,0.8565734247960065,capsules,0.05,0.5,0.1,0.5,0.5
447,1784928644.1659641,44.80669658258557,1,1784928644.165489,0.00047516822814941406,17,-0.008866306394338608,1,0.11581461876630783,1,-0.003119239816442132,1,0.36074864864349365,1,0.5409144759178162,1,-0.024392561987042427,1,0.8077325820922852,1,0.3578956127166748,1,-0.7706760168075562,1,-0.014935284852981567,1,1.0269463062286377,1,-0.24594423174858093,1,0.0534132719039917,1,0.0433298796415329,1,0.07765579223632812,1,-0.0443238727748394,1,-0.13622158765792847,1,0,,,,,,,,,,,,,,,,,,,,,,,,,,,,,,,,,,,,,,,,,,,,,,,,,,,,,,,,,,,,,,,,,,,,,,,,,,,,,,,,,,,,,,,,,,,,,,,,,,,,,,,,,,,,,,,,,,,,,1,1784928644.1644552,0.001508951187133789,world,base_footprint,0.8721579075786706,-0.38515107663648074,1,0,1,1784928593.86561,50.30035424232483,world,workspace,1,0,2,-0.0721911355745298,-0.0005509412263589577,0.0,0.0,0.0,-0.10574687133817579,0.994393080829803,1.5,1,2,1784928593.86561,world,workspace,-0.0721911355745298,-0.0005509412263589577,0.0,0.0,-0.10574687133817579,0.994393080829803,1,1784928593.865948,50.30001616477966,workspace,1,321,,1,1784928644.1644552,0.001508951187133789,world,pelvis,0.8168984411570442,-0.40301225784272277,0.7737689948662954,-0.009165371463470481,-0.03590166541472788,0.5330014032730053,0.8453026502356377,capsules,0.05,0.5,0.1,0.5,0.5
448,1784928644.266147,44.90688276849687,1,1784928644.2655523,0.0005946159362792969,17,0.0023810898419469595,1,0.054057009518146515,1,0.035776536911726,1,0.35028746724128723,1,0.6415339112281799,1,-0.0022759537678211927,1,0.8120425343513489,1,0.30418458580970764,1,-0.6433241963386536,1,-0.0027111528906971216,1,1.0146701335906982,1,-0.16199904680252075,1,-0.021251030266284943,1,0.015485034324228764,1,-0.08974748849868774,1,0.006277540232986212,1,0.015396567061543465,1,0,,,,,,,,,,,,,,,,,,,,,,,,,,,,,,,,,,,,,,,,,,,,,,,,,,,,,,,,,,,,,,,,,,,,,,,,,,,,,,,,,,,,,,,,,,,,,,,,,,,,,,,,,,,,,,,,,,,,,1,1784928644.2644548,0.001692056655883789,world,base_footprint,0.8558918721538393,-0.3338888235594744,1,0,1,1784928593.86561,50.40053701400757,world,workspace,1,0,2,-0.0721911355745298,-0.0005509412263589577,0.0,0.0,0.0,-0.10574687133817579,0.994393080829803,1.5,1,2,1784928593.86561,world,workspace,-0.0721911355745298,-0.0005509412263589577,0.0,0.0,-0.10574687133817579,0.994393080829803,1,1784928593.865948,50.4001989364624,workspace,1,321,,1,1784928644.264455,0.0016918182373046875,world,pelvis,0.8175293449895279,-0.375540120636364,0.7774748586938804,0.008485413057314185,-0.03511723312740162,0.555491966128397,0.8307366931040968,capsules,0.05,0.5,0.1,0.5,0.5
449,1784928644.3658993,45.00663164164871,1,1784928644.365458,0.0004413127899169922,17,0.0312328040599823,1,-0.012467755936086178,1,0.02297745831310749,1,0.36480703949928284,1,0.7099452018737793,1,0.022794559597969055,1,0.8182780146598816,1,0.2685788571834564,1,-0.5759207010269165,1,0.014919559471309185,1,0.9906761050224304,1,-0.14909489452838898,1,-0.03335187956690788,1,0.012857260182499886,1,-0.28955376148223877,1,0.054266709834337234,1,0.0020814770832657814,1,0,,,,,,,,,,,,,,,,,,,,,,,,,,,,,,,,,,,,,,,,,,,,,,,,,,,,,,,,,,,,,,,,,,,,,,,,,,,,,,,,,,,,,,,,,,,,,,,,,,,,,,,,,,,,,,,,,,,,,1,1784928644.3644543,0.0014450550079345703,world,base_footprint,0.8479623163911193,-0.33386759049308545,1,0,1,1784928593.86561,50.50028944015503,world,workspace,1,0,2,-0.0721911355745298,-0.0005509412263589577,0.0,0.0,0.0,-0.10574687133817579,0.994393080829803,1.5,1,2,1784928593.86561,world,workspace,-0.0721911355745298,-0.0005509412263589577,0.0,0.0,-0.10574687133817579,0.994393080829803,1,1784928593.865948,50.49995136260986,workspace,1,321,,1,1784928644.3644545,0.0014448165893554688,world,pelvis,0.8292795863584421,-0.3571378603887197,0.7788731807403132,0.005623363234180093,-0.018180679575927807,0.5598639982871931,0.8283659481762705,capsules,0.05,0.5,0.1,0.5,0.5
450,1784928644.4659011,45.10663499776274,1,1784928644.464618,0.0012831687927246094,17,0.004602024331688881,1,-0.04046354815363884,1,0.031210696324706078,1,0.3601679503917694,1,0.6880688071250916,1,0.022559329867362976,1,0.823009192943573,1,0.2877574563026428,1,-0.6096970438957214,1,0.014661368913948536,1,0.9933803677558899,1,-0.14463098347187042,1,-0.05354830250144005,1,-0.03991979360580444,1,-0.18292850255966187,1,0.04002970829606056,1,0.07114283740520477,1,0,,,,,,,,,,,,,,,,,,,,,,,,,,,,,,,,,,,,,,,,,,,,,,,,,,,,,,,,,,,,,,,,,,,,,,,,,,,,,,,,,,,,,,,,,,,,,,,,,,,,,,,,,,,,,,,,,,,,,1,1784928644.4644547,0.0014464855194091797,world,base_footprint,0.857284487082441,-0.3074375932123321,1,0,1,1784928593.86561,50.60029125213623,world,workspace,1,0,2,-0.0721911355745298,-0.0005509412263589577,0.0,0.0,0.0,-0.10574687133817579,0.994393080829803,1.5,1,2,1784928593.86561,world,workspace,-0.0721911355745298,-0.0005509412263589577,0.0,0.0,-0.10574687133817579,0.994393080829803,1,1784928593.865948,50.599953174591064,workspace,1,321,,1,1784928644.4644547,0.0014464855194091797,world,pelvis,0.8429082729136309,-0.33451507056207236,0.7747288985365166,0.008574874933575475,-0.01756967833597917,0.5879581163548664,0.8086550756258699,capsules,0.05,0.5,0.1,0.5,0.5
451,1784928644.5659714,45.20670768246055,1,1784928644.5647547,0.0012166500091552734,17,-0.027070799842476845,1,0.018884524703025818,1,0.05368264019489288,1,0.31723254919052124,1,0.5656136274337769,1,-0.00799682829529047,1,0.8076308965682983,1,0.32784178853034973,1,-0.7170075178146362,1,-0.000499991059768945,1,1.0059924125671387,1,-0.3253924548625946,1,-0.029241343960165977,1,0.065037801861763,1,-0.12273868173360825,1,-0.012531890533864498,1,-0.02383977174758911,1,0,,,,,,,,,,,,,,,,,,,,,,,,,,,,,,,,,,,,,,,,,,,,,,,,,,,,,,,,,,,,,,,,,,,,,,,,,,,,,,,,,,,,,,,,,,,,,,,,,,,,,,,,,,,,,,,,,,,,,1,1784928644.5644565,0.0015149116516113281,world,base_footprint,0.8550252757280206,-0.2901290461915818,1,0,1,1784928593.86561,50.700361490249634,world,workspace,1,0,2,-0.0721911355745298,-0.0005509412263589577,0.0,0.0,0.0,-0.10574687133817579,0.994393080829803,1.5,1,2,1784928593.86561,world,workspace,-0.0721911355745298,-0.0005509412263589577,0.0,0.0,-0.10574687133817579,0.994393080829803,1,1784928593.865948,50.70002341270447,workspace,1,321,,1,1784928644.5644565,0.0015149116516113281,world,pelvis,0.8329705084066358,-0.3153545265671899,0.7773015078672527,0.00360893057802383,-0.021061855051542955,0.6307142425199932,0.7757209022350127,capsules,0.05,0.5,0.1,0.5,0.5
452,1784928644.6660047,45.3067372078076,1,1784928644.6657608,0.00024390220642089844,17,-0.016403423622250557,1,0.1005730926990509,1,0.035454582422971725,1,0.3362339735031128,1,0.5132855176925659,1,-0.02514285035431385,1,0.8046463131904602,1,0.3487330377101898,1,-0.7816949486732483,1,-0.014805776998400688,1,1.0238442420959473,1,-0.41100049018859863,1,0.03384092450141907,1,0.026348166167736053,1,-0.046959325671195984,1,-0.050801146775484085,1,-0.09409639239311218,1,0,,,,,,,,,,,,,,,,,,,,,,,,,,,,,,,,,,,,,,,,,,,,,,,,,,,,,,,,,,,,,,,,,,,,,,,,,,,,,,,,,,,,,,,,,,,,,,,,,,,,,,,,,,,,,,,,,,,,,1,1784928644.6644545,0.0015501976013183594,world,base_footprint,0.8477031431204727,-0.2753755029020912,1,0,1,1784928593.86561,50.800394773483276,world,workspace,1,0,2,-0.0721911355745298,-0.0005509412263589577,0.0,0.0,0.0,-0.10574687133817579,0.994393080829803,1.5,1,2,1784928593.86561,world,workspace,-0.0721911355745298,-0.0005509412263589577,0.0,0.0,-0.10574687133817579,0.994393080829803,1,1784928593.865948,50.80005669593811,workspace,1,321,,1,1784928644.6644545,0.0015501976013183594,world,pelvis,0.807480649736634,-0.2918573306715501,0.7765296539550538,-0.00892983953133374,-0.026248279284534277,0.656738791213485,0.7536082841344012,capsules,0.05,0.5,0.1,0.5,0.5
453,1784928644.76596,45.40669447835535,1,1784928644.7649038,0.0010561943054199219,17,0.0041907490231096745,1,0.14996767044067383,1,0.017733551561832428,1,0.37710902094841003,1,0.5378444790840149,1,-0.02448486164212227,1,0.8076119422912598,1,0.3406226634979248,1,-0.7770465612411499,1,-0.01525100227445364,1,1.0237869024276733,1,-0.2855909764766693,1,0.09524516016244888,1,-0.005257614888250828,1,0.022813284769654274,1,-0.1010354608297348,1,-0.1377071589231491,1,0,,,,,,,,,,,,,,,,,,,,,,,,,,,,,,,,,,,,,,,,,,,,,,,,,,,,,,,,,,,,,,,,,,,,,,,,,,,,,,,,,,,,,,,,,,,,,,,,,,,,,,,,,,,,,,,,,,,,,1,1784928644.7644548,0.001505136489868164,world,base_footprint,0.8267923616493565,-0.24086081914968585,1,0,1,1784928593.86561,50.90035009384155,world,workspace,1,0,2,-0.0721911355745298,-0.0005509412263589577,0.0,0.0,0.0,-0.10574687133817579,0.994393080829803,1.5,1,2,1784928593.86561,world,workspace,-0.0721911355745298,-0.0005509412263589577,0.0,0.0,-0.10574687133817579,0.994393080829803,1,1784928593.865948,50.90001201629639,workspace,1,321,,1,1784928644.764455,0.0015048980712890625,world,pelvis,0.7721293154042671,-0.2644432278675357,0.7710821785824555,-0.012315731492346584,-0.035933152148516535,0.6719421200796739,0.7396289060044322,capsules,0.05,0.5,0.1,0.5,0.5
454,1784928644.865973,45.506709105335176,1,1784928644.8648858,0.001087188720703125,17,0.01835690252482891,1,0.05613771080970764,1,0.05793045088648796,1,0.3626363277435303,1,0.6487941741943359,1,-0.0007487661205232143,1,0.8098717927932739,1,0.2782934308052063,1,-0.6382666230201721,1,-0.0014099481049925089,1,1.005679965019226,1,-0.22914651036262512,1,-0.014323091134428978,1,-0.0027295704931020737,1,-0.18935008347034454,1,-0.06673533469438553,1,0.059788234531879425,1,0,,,,,,,,,,,,,,,,,,,,,,,,,,,,,,,,,,,,,,,,,,,,,,,,,,,,,,,,,,,,,,,,,,,,,,,,,,,,,,,,,,,,,,,,,,,,,,,,,,,,,,,,,,,,,,,,,,,,,1,1784928644.8644547,0.00151824951171875,world,base_footprint,0.7652376324381839,-0.21486773422327474,1,0,1,1784928593.86561,51.00036311149597,world,workspace,1,0,2,-0.0721911355745298,-0.0005509412263589577,0.0,0.0,0.0,-0.10574687133817579,0.994393080829803,1.5,1,2,1784928593.86561,world,workspace,-0.0721911355745298,-0.0005509412263589577,0.0,0.0,-0.10574687133817579,0.994393080829803,1,1784928593.865948,51.000025033950806,workspace,1,321,,1,1784928644.8644547,0.00151824951171875,world,pelvis,0.7477447518473347,-0.25439137968045433,0.7729110144612942,0.0105211368784287,-0.025481661021306543,0.6905049886786797,0.7228020830353472,capsules,0.05,0.5,0.1,0.5,0.5
455,1784928644.965954,45.60668874718249,1,1784928644.9646602,0.0012938976287841797,17,0.022251060232520103,1,-0.025567367672920227,1,0.04146856069564819,1,0.36133086681365967,1,0.7280087471008301,1,0.027246808633208275,1,0.8137353658676147,1,0.269150048494339,1,-0.5561220645904541,1,0.019731123000383377,1,0.9887750148773193,1,-0.23901157081127167,1,-0.04984614998102188,1,-0.036437470465898514,1,-0.29918575286865234,1,0.06081992760300636,1,0.027674561366438866,1,0,,,,,,,,,,,,,,,,,,,,,,,,,,,,,,,,,,,,,,,,,,,,,,,,,,,,,,,,,,,,,,,,,,,,,,,,,,,,,,,,,,,,,,,,,,,,,,,,,,,,,,,,,,,,,,,,,,,,,1,1784928644.9634542,0.002499818801879883,world,base_footprint,0.7537843022633735,-0.22256048718741464,1,0,1,1784928593.86561,51.10034418106079,world,workspace,1,0,2,-0.0721911355745298,-0.0005509412263589577,0.0,0.0,0.0,-0.10574687133817579,0.994393080829803,1.5,1,2,1784928593.86561,world,workspace,-0.0721911355745298,-0.0005509412263589577,0.0,0.0,-0.10574687133817579,0.994393080829803,1,1784928593.865948,51.100006103515625,workspace,1,321,,1,1784928644.9644554,0.0014986991882324219,world,pelvis,0.7431195578935763,-0.24563616505079797,0.7738134622585856,0.0055445717712465925,-0.015232562349295141,0.7094048152935074,0.7046148130762886,capsules,0.05,0.5,0.1,0.5,0.5
456,1784928645.0659482,45.70668104477227,1,1784928645.0654085,0.0005397796630859375,17,0.004982385318726301,1,-0.05708113685250282,1,0.03916556015610695,1,0.3584415018558502,1,0.6986615061759949,1,0.027179712429642677,1,0.8179968595504761,1,0.2909998595714569,1,-0.5945934653282166,1,0.019194794818758965,1,0.991717517375946,1,-0.2420709729194641,1,-0.08003375679254532,1,-0.08507093042135239,1,-0.17086148262023926,1,0.08927735686302185,1,0.07660835236310959,1,0,,,,,,,,,,,,,,,,,,,,,,,,,,,,,,,,,,,,,,,,,,,,,,,,,,,,,,,,,,,,,,,,,,,,,,,,,,,,,,,,,,,,,,,,,,,,,,,,,,,,,,,,,,,,,,,,,,,,,1,1784928645.0644548,0.0014934539794921875,world,base_footprint,0.7503316462891779,-0.20618200377291276,1,0,1,1784928593.86561,51.20033836364746,world,workspace,1,0,2,-0.0721911355745298,-0.0005509412263589577,0.0,0.0,0.0,-0.10574687133817579,0.994393080829803,1.5,1,2,1784928593.86561,world,workspace,-0.0721911355745298,-0.0005509412263589577,0.0,0.0,-0.10574687133817579,0.994393080829803,1,1784928593.865948,51.200000286102295,workspace,1,321,,1,1784928645.0644548,0.0014934539794921875,world,pelvis,0.7371561296109496,-0.23402946101673439,0.7712987807382881,0.005961216309005961,-0.018719851568584408,0.7314022193292486,0.6816632780322094,capsules,0.05,0.5,0.1,0.5,0.5
457,1784928645.166008,45.806743290275335,1,1784928645.1651645,0.0008435249328613281,17,-0.023519806563854218,1,-0.029247794300317764,1,0.03755887225270271,1,0.3317771255970001,1,0.584588348865509,1,-0.002728457795456052,1,0.8134685158729553,1,0.32863807678222656,1,-0.6916162967681885,1,0.004987590946257114,1,1.0030255317687988,1,-0.36397844552993774,1,-0.03190198168158531,1,0.06461743265390396,1,-0.11374231427907944,1,0.03045498952269554,1,-0.005842335522174835,1,0,,,,,,,,,,,,,,,,,,,,,,,,,,,,,,,,,,,,,,,,,,,,,,,,,,,,,,,,,,,,,,,,,,,,,,,,,,,,,,,,,,,,,,,,,,,,,,,,,,,,,,,,,,,,,,,,,,,,,1,1784928645.1644564,0.0015516281127929688,world,base_footprint,0.7359637265296716,-0.20237510873441011,1,0,1,1784928593.86561,51.300398111343384,world,workspace,1,0,2,-0.0721911355745298,-0.0005509412263589577,0.0,0.0,0.0,-0.10574687133817579,0.994393080829803,1.5,1,2,1784928593.86561,world,workspace,-0.0721911355745298,-0.0005509412263589577,0.0,0.0,-0.10574687133817579,0.994393080829803,1,1784928593.865948,51.30006003379822,workspace,1,321,,1,1784928645.1644564,0.0015516281127929688,world,pelvis,0.7165517778621815,-0.2298643839549212,0.776798221394402,0.001875586691561369,-0.021379290194329322,0.7631462800686463,0.6458693082526346,capsules,0.05,0.5,0.1,0.5,0.5
458,1784928645.2659464,45.9066819883883,1,1784928645.2649906,0.0009558200836181641,17,-0.016901172697544098,1,0.05249533802270889,1,0.008181571960449219,1,0.3516290783882141,1,0.5155867338180542,1,-0.02384786494076252,1,0.811025857925415,1,0.3573254644870758,1,-0.7808437347412109,1,-0.014956743456423283,1,1.0247522592544556,1,-0.40338435769081116,1,0.07349320501089096,1,0.012965233996510506,1,-0.05663105845451355,1,-0.011317966505885124,1,-0.07177309691905975,1,0,,,,,,,,,,,,,,,,,,,,,,,,,,,,,,,,,,,,,,,,,,,,,,,,,,,,,,,,,,,,,,,,,,,,,,,,,,,,,,,,,,,,,,,,,,,,,,,,,,,,,,,,,,,,,,,,,,,,,1,1784928645.2644558,0.0014905929565429688,world,base_footprint,0.7243105639801389,-0.20359511922898396,1,0,1,1784928593.86561,51.400336503982544,world,workspace,1,0,2,-0.0721911355745298,-0.0005509412263589577,0.0,0.0,0.0,-0.10574687133817579,0.994393080829803,1.5,1,2,1784928593.86561,world,workspace,-0.0721911355745298,-0.0005509412263589577,0.0,0.0,-0.10574687133817579,0.994393080829803,1,1784928593.865948,51.39999842643738,workspace,1,321,,1,1784928645.264456,0.0014903545379638672,world,pelvis,0.6782062103091473,-0.2273497245541749,0.7757113620066627,-0.013691733413454829,-0.030120350664362847,0.7843914579477368,0.6193830330341755,capsules,0.05,0.5,0.1,0.5,0.5
459,1784928645.365924,46.00665764417499,1,1784928645.3649898,0.0009341239929199219,17,-0.0010533941676840186,1,0.08122014254331589,1,0.0005827986169606447,1,0.3743949234485626,1,0.5304730534553528,1,-0.023835938423871994,1,0.8123336434364319,1,0.35339847207069397,1,-0.7797348499298096,1,-0.0167054682970047,1,1.0266259908676147,1,-0.2536456286907196,1,0.10828645527362823,1,-0.01279416773468256,1,-0.010129927657544613,1,-0.10178323090076447,1,-0.107737697660923,1,0,,,,,,,,,,,,,,,,,,,,,,,,,,,,,,,,,,,,,,,,,,,,,,,,,,,,,,,,,,,,,,,,,,,,,,,,,,,,,,,,,,,,,,,,,,,,,,,,,,,,,,,,,,,,,,,,,,,,,1,1784928645.3644555,0.0014684200286865234,world,base_footprint,0.6679056828320761,-0.1874804504213102,1,0,1,1784928593.86561,51.50031399726868,world,workspace,1,0,2,-0.0721911355745298,-0.0005509412263589577,0.0,0.0,0.0,-0.10574687133817579,0.994393080829803,1.5,1,2,1784928593.86561,world,workspace,-0.0721911355745298,-0.0005509412263589577,0.0,0.0,-0.10574687133817579,0.994393080829803,1,1784928593.865948,51.49997591972351,workspace,1,321,,1,1784928645.3654542,0.0004696846008300781,world,pelvis,0.6280655602554494,-0.2241597434009348,0.7710348780359061,-0.00647512899309544,-0.03393621018628104,0.8027224224073873,0.5953512567443957,capsules,0.05,0.5,0.1,0.5,0.5
460,1784928645.4661894,46.10692377947271,1,1784928645.4650793,0.001110076904296875,17,0.010188527405261993,1,-0.019873296841979027,1,0.011692297644913197,1,0.37630149722099304,1,0.6590293049812317,1,0.003231258364394307,1,0.8153972029685974,1,0.3084615468978882,1,-0.6213860511779785,1,0.0019311219220981002,1,1.0134063959121704,1,-0.1824532151222229,1,0.0024460358545184135,1,-0.03150838986039162,1,-0.16982319951057434,1,-0.010317874141037464,1,0.0229838527739048,1,0,,,,,,,,,,,,,,,,,,,,,,,,,,,,,,,,,,,,,,,,,,,,,,,,,,,,,,,,,,,,,,,,,,,,,,,,,,,,,,,,,,,,,,,,,,,,,,,,,,,,,,,,,,,,,,,,,,,,,1,1784928645.4644544,0.0017349720001220703,world,base_footprint,0.6048724586374522,-0.1762038037642537,1,0,1,1784928593.86561,51.600579500198364,world,workspace,1,0,2,-0.0721911355745298,-0.0005509412263589577,0.0,0.0,0.0,-0.10574687133817579,0.994393080829803,1.5,1,2,1784928593.86561,world,workspace,-0.0721911355745298,-0.0005509412263589577,0.0,0.0,-0.10574687133817579,0.994393080829803,1,1784928593.865948,51.6002414226532,workspace,1,321,,1,1784928645.4654562,0.0007331371307373047,world,pelvis,0.6027167569695163,-0.2178096761942583,0.7750351030806298,0.014377637070838107,-0.0224069457314601,0.821280189632004,0.5699035553962322,capsules,0.05,0.5,0.1,0.5,0.5
461,1784928645.5660133,46.206748395226896,1,1784928645.5653787,0.0006346702575683594,17,0.014815281145274639,1,-0.09106170386075974,1,-0.009069016203284264,1,0.3749524652957916,1,0.7231719493865967,1,0.025245096534490585,1,0.8204018473625183,1,0.294243723154068,1,-0.5608187913894653,1,0.01796635426580906,1,0.9949043393135071,1,-0.16343019902706146,1,-0.049067068845033646,1,-0.06287305057048798,1,-0.29037508368492126,1,0.06862787157297134,1,-0.019429421052336693,1,0,,,,,,,,,,,,,,,,,,,,,,,,,,,,,,,,,,,,,,,,,,,,,,,,,,,,,,,,,,,,,,,,,,,,,,,,,,,,,,,,,,,,,,,,,,,,,,,,,,,,,,,,,,,,,,,,,,,,,1,1784928645.5644546,0.0015587806701660156,world,base_footprint,0.580891160332136,-0.1799598294134887,1,0,1,1784928593.86561,51.700403451919556,world,workspace,1,0,2,-0.0721911355745298,-0.0005509412263589577,0.0,0.0,0.0,-0.10574687133817579,0.994393080829803,1.5,1,2,1784928593.86561,world,workspace,-0.0721911355745298,-0.0005509412263589577,0.0,0.0,-0.10574687133817579,0.994393080829803,1,1784928593.865948,51.70006537437439,workspace,1,321,,1,1784928645.5644546,0.0015587806701660156,world,pelvis,0.5887211504923354,-0.20706161513793153,0.7760676331005172,0.013660273601275544,-0.011705478487001278,0.8357469126014215,0.5488200768701165,capsules,0.05,0.5,0.1,0.5,0.5
462,1784928645.6659062,46.30664111766964,1,1784928645.665346,0.0005602836608886719,17,0.00764209171757102,1,-0.10731106251478195,1,-0.014000828377902508,1,0.3738645613193512,1,0.690772533416748,1,0.024972252547740936,1,0.8215840458869934,1,0.30788373947143555,1,-0.6007917523384094,1,0.017732875421643257,1,0.9963244795799255,1,-0.1402329057455063,1,-0.08079474419355392,1,-0.10443250834941864,1,-0.18785780668258667,1,0.08581528067588806,1,0.06077922508120537,1,0,,,,,,,,,,,,,,,,,,,,,,,,,,,,,,,,,,,,,,,,,,,,,,,,,,,,,,,,,,,,,,,,,,,,,,,,,,,,,,,,,,,,,,,,,,,,,,,,,,,,,,,,,,,,,,,,,,,,,1,1784928645.6644585,0.0014476776123046875,world,base_footprint,0.5621267031082738,-0.1631943988742165,1,0,1,1784928593.86561,51.80029630661011,world,workspace,1,0,2,-0.0721911355745298,-0.0005509412263589577,0.0,0.0,0.0,-0.10574687133817579,0.994393080829803,1.5,1,2,1784928593.86561,world,workspace,-0.0721911355745298,-0.0005509412263589577,0.0,0.0,-0.10574687133817579,0.994393080829803,1,1784928593.865948,51.79995822906494,workspace,1,321,,1,1784928645.665458,0.0004482269287109375,world,pelvis,0.5744199470489967,-0.19142900163899101,0.7747921118620121,0.016111731543520975,-0.011228199964951608,0.8515683304052329,0.5238756706347992,capsules,0.05,0.5,0.1,0.5,0.5
463,1784928645.7659612,46.40669578965753,1,1784928645.765119,0.0008420944213867188,17,-0.0236198790371418,1,-0.061828047037124634,1,0.022715667262673378,1,0.33317917585372925,1,0.5930781960487366,1,-0.00019659071404021233,1,0.8167713284492493,1,0.32552579045295715,1,-0.6871809363365173,1,0.005198942497372627,1,1.002676010131836,1,-0.24968498945236206,1,-0.03421400487422943,1,0.04564987123012543,1,-0.1081286296248436,1,0.03594033047556877,1,-0.026096733286976814,1,0,,,,,,,,,,,,,,,,,,,,,,,,,,,,,,,,,,,,,,,,,,,,,,,,,,,,,,,,,,,,,,,,,,,,,,,,,,,,,,,,,,,,,,,,,,,,,,,,,,,,,,,,,,,,,,,,,,,,,1,1784928645.7634566,0.002504587173461914,world,base_footprint,0.543014498001303,-0.14637510709789414,1,0,1,1784928593.86561,51.90035128593445,world,workspace,1,0,2,-0.0721911355745298,-0.0005509412263589577,0.0,0.0,0.0,-0.10574687133817579,0.994393080829803,1.5,1,2,1784928593.86561,world,workspace,-0.0721911355745298,-0.0005509412263589577,0.0,0.0,-0.10574687133817579,0.994393080829803,1,1784928593.865948,51.90001320838928,workspace,1,321,,1,1784928645.765455,0.0005061626434326172,world,pelvis,0.5547174122096477,-0.18781278588165345,0.7786586766473294,0.019118447619931034,-0.01942533304967775,0.877679721709724,0.47847199238414645,capsules,0.05,0.5,0.1,0.5,0.5
464,1784928645.8659494,46.506681584753096,1,1784928645.8651073,0.0008420944213867188,17,-0.013963080942630768,1,0.038905560970306396,1,-0.007243740372359753,1,0.3520074784755707,1,0.5247676968574524,1,-0.02121773734688759,1,0.8123635053634644,1,0.35348179936408997,1,-0.7736592292785645,1,-0.01307529304176569,1,1.021958589553833,1,-0.3279218375682831,1,0.05804096534848213,1,0.030010543763637543,1,-0.04933704435825348,1,0.001712224679067731,1,-0.08650918304920197,1,0,,,,,,,,,,,,,,,,,,,,,,,,,,,,,,,,,,,,,,,,,,,,,,,,,,,,,,,,,,,,,,,,,,,,,,,,,,,,,,,,,,,,,,,,,,,,,,,,,,,,,,,,,,,,,,,,,,,,,1,1784928645.8644557,0.001493692398071289,world,base_footprint,0.5324096553080999,-0.146414638188323,1,0,1,1784928593.86561,52.00033950805664,world,workspace,1,0,2,-0.0721911355745298,-0.0005509412263589577,0.0,0.0,0.0,-0.10574687133817579,0.994393080829803,1.5,1,2,1784928593.86561,world,workspace,-0.0721911355745298,-0.0005509412263589577,0.0,0.0,-0.10574687133817579,0.994393080829803,1,1784928593.865948,52.000001430511475,workspace,1,321,,1,1784928645.8644557,0.001493692398071289,world,pelvis,0.5196064744905923,-0.18969352902689018,0.778509210049249,0.005120745406346699,-0.028329201932520184,0.8927984118199053,0.44953557160274293,capsules,0.05,0.5,0.1,0.5,0.5
465,1784928645.9659717,46.60670698340982,1,1784928645.964709,0.001262664794921875,17,0.005014129914343357,1,0.09759804606437683,1,-0.009898054413497448,1,0.3775860369205475,1,0.5415389537811279,1,-0.021038684993982315,1,0.8143765926361084,1,0.3492816388607025,1,-0.775545597076416,1,-0.015240387059748173,1,1.0239590406417847,1,-0.21600359678268433,1,0.09810911118984222,1,0.02290661633014679,1,0.022975515574216843,1,-0.06441673636436462,1,-0.12894967198371887,1,0,,,,,,,,,,,,,,,,,,,,,,,,,,,,,,,,,,,,,,,,,,,,,,,,,,,,,,,,,,,,,,,,,,,,,,,,,,,,,,,,,,,,,,,,,,,,,,,,,,,,,,,,,,,,,,,,,,,,,1,1784928645.9644544,0.0015172958374023438,world,base_footprint,0.4800519053187797,-0.13888147511302967,1,0,1,1784928593.86561,52.100361824035645,world,workspace,1,0,2,-0.0721911355745298,-0.0005509412263589577,0.0,0.0,0.0,-0.10574687133817579,0.994393080829803,1.5,1,2,1784928593.86561,world,workspace,-0.0721911355745298,-0.0005509412263589577,0.0,0.0,-0.10574687133817579,0.994393080829803,1,1784928593.865948,52.10002374649048,workspace,1,321,,1,1784928645.9644544,0.0015172958374023438,world,pelvis,0.4730111691520358,-0.19429832710053135,0.7742915235578347,0.010929900045066002,-0.03392260639478778,0.9049960173714592,0.4239245246528994,capsules,0.05,0.5,0.1,0.5,0.5
466,1784928646.0659764,46.706710872240365,1,1784928646.0649683,0.0010080337524414062,17,0.027401654049754143,1,0.026953358203172684,1,-0.003381953574717045,1,0.3977804481983185,1,0.6562725305557251,1,0.003183049848303199,1,0.8246971964836121,1,0.296111136674881,1,-0.6291078925132751,1,0.00023404366220347583,1,1.0095065832138062,1,-0.12571653723716736,1,0.017751244828104973,1,0.02665429562330246,1,-0.11913943290710449,1,0.0020014108158648014,1,0.005518950987607241,1,0,,,,,,,,,,,,,,,,,,,,,,,,,,,,,,,,,,,,,,,,,,,,,,,,,,,,,,,,,,,,,,,,,,,,,,,,,,,,,,,,,,,,,,,,,,,,,,,,,,,,,,,,,,,,,,,,,,,,,1,1784928646.0644555,0.0015208721160888672,world,base_footprint,0.42057124710450233,-0.1407054221649403,1,0,1,1784928593.86561,52.200366497039795,world,workspace,1,0,2,-0.0721911355745298,-0.0005509412263589577,0.0,0.0,0.0,-0.10574687133817579,0.994393080829803,1.5,1,2,1784928593.86561,world,workspace,-0.0721911355745298,-0.0005509412263589577,0.0,0.0,-0.10574687133817579,0.994393080829803,1,1784928593.865948,52.20002841949463,workspace,1,321,,1,1784928646.0644555,0.0015208721160888672,world,pelvis,0.44351942536249583,-0.18671946592677763,0.7775513785151755,0.025424467519551176,-0.020725885843638017,0.9108635303448237,0.4114020699937086,capsules,0.05,0.5,0.1,0.5,0.5
467,1784928646.1659632,46.80669452436268,1,1784928646.1657312,0.0002319812774658203,17,0.03001968003809452,1,-0.04573941230773926,1,-0.02548058331012726,1,0.4013679027557373,1,0.7257170677185059,1,0.025863688439130783,1,0.8308802843093872,1,0.2783717215061188,1,-0.5512782335281372,1,0.02023419924080372,1,0.9897688627243042,1,-0.0918596163392067,1,-0.009650718420743942,1,0.016492223367094994,1,-0.2918582260608673,1,0.056640394032001495,1,-0.052414897829294205,1,0,,,,,,,,,,,,,,,,,,,,,,,,,,,,,,,,,,,,,,,,,,,,,,,,,,,,,,,,,,,,,,,,,,,,,,,,,,,,,,,,,,,,,,,,,,,,,,,,,,,,,,,,,,,,,,,,,,,,,1,1784928646.164455,0.0015082359313964844,world,base_footprint,0.40380124606152223,-0.1445866283642093,1,0,1,1784928593.86561,52.30035328865051,world,workspace,1,0,2,-0.0721911355745298,-0.0005509412263589577,0.0,0.0,0.0,-0.10574687133817579,0.994393080829803,1.5,1,2,1784928593.86561,world,workspace,-0.0721911355745298,-0.0005509412263589577,0.0,0.0,-0.10574687133817579,0.994393080829803,1,1784928593.865948,52.30001521110535,workspace,1,321,,1,1784928646.164455,0.0015082359313964844,world,pelvis,0.42738035327539897,-0.16848382777670814,0.7783151709801956,0.01989197777395426,-0.007917714222566936,0.9155959858271235,0.4015290895551507,capsules,0.05,0.5,0.1,0.5,0.5
468,1784928646.2659552,46.906688986346126,1,1784928646.2653673,0.0005879402160644531,17,0.01051232311874628,1,-0.07533416897058487,1,-0.028084274381399155,1,0.390398234128952,1,0.7009809613227844,1,0.02569218911230564,1,0.8310000896453857,1,0.3032146692276001,1,-0.5829905271530151,1,0.02018774300813675,1,0.9911240339279175,1,-0.05046743527054787,1,-0.02439899742603302,1,-0.014752139337360859,1,-0.19074715673923492,1,0.04415793716907501,1,0.03594782203435898,1,0,,,,,,,,,,,,,,,,,,,,,,,,,,,,,,,,,,,,,,,,,,,,,,,,,,,,,,,,,,,,,,,,,,,,,,,,,,,,,,,,,,,,,,,,,,,,,,,,,,,,,,,,,,,,,,,,,,,,,1,1784928646.2644587,0.0014965534210205078,world,base_footprint,0.3789612462199073,-0.12543448119281553,1,0,1,1784928593.86561,52.40034532546997,world,workspace,1,0,2,-0.0721911355745298,-0.0005509412263589577,0.0,0.0,0.0,-0.10574687133817579,0.994393080829803,1.5,1,2,1784928593.86561,world,workspace,-0.0721911355745298,-0.0005509412263589577,0.0,0.0,-0.10574687133817579,0.994393080829803,1,1784928593.865948,52.400007247924805,workspace,1,321,,1,1784928646.264459,0.0014963150024414062,world,pelvis,0.4083555545813388,-0.1442669694105308,0.7757954340862747,0.02190986474437246,-0.003953107821090335,0.9241874135901633,0.3812898573617749,capsules,0.05,0.5,0.1,0.5,0.5
469,1784928646.366086,47.006822627969086,1,1784928646.3652227,0.0008633136749267578,17,-0.019939998164772987,1,-0.018529299646615982,1,0.010844016447663307,1,0.33787456154823303,1,0.5782639384269714,1,-0.003088761819526553,1,0.8184258341789246,1,0.3311397433280945,1,-0.6928988099098206,1,0.004277227912098169,1,1.0052529573440552,1,-0.19396290183067322,1,-0.015150284394621849,1,0.05723182111978531,1,-0.10580294579267502,1,0.011217867024242878,1,-0.03077412024140358,1,0,,,,,,,,,,,,,,,,,,,,,,,,,,,,,,,,,,,,,,,,,,,,,,,,,,,,,,,,,,,,,,,,,,,,,,,,,,,,,,,,,,,,,,,,,,,,,,,,,,,,,,,,,,,,,,,,,,,,,1,1784928646.3644547,0.0016312599182128906,world,base_footprint,0.35210760038237127,-0.10454666101197468,1,0,1,1784928593.86561,52.500476121902466,world,workspace,1,0,2,-0.0721911355745298,-0.0005509412263589577,0.0,0.0,0.0,-0.10574687133817579,0.994393080829803,1.5,1,2,1784928593.86561,world,workspace,-0.0721911355745298,-0.0005509412263589577,0.0,0.0,-0.10574687133817579,0.994393080829803,1,1784928593.865948,52.5001380443573,workspace,1,321,,1,1784928646.364455,0.001631021499633789,world,pelvis,0.38252357275326043,-0.13681040759946683,0.7782916456333251,0.02530046854424268,-0.012640463097527737,0.9384711916343298,0.3441975122753838,capsules,0.05,0.5,0.1,0.5,0.5
470,1784928646.465967,47.10670381877571,1,1784928646.4653866,0.0005803108215332031,17,-0.021501123905181885,1,0.07049480825662613,1,-0.005123400595039129,1,0.3429845869541168,1,0.515468955039978,1,-0.02499460056424141,1,0.8098722100257874,1,0.35753870010375977,1,-0.7695464491844177,1,-0.012671029195189476,1,1.0232280492782593,1,-0.2990584373474121,1,0.040857527405023575,1,0.026178015395998955,1,-0.020057793706655502,1,-0.008654609322547913,1,-0.08700443059206009,1,0,,,,,,,,,,,,,,,,,,,,,,,,,,,,,,,,,,,,,,,,,,,,,,,,,,,,,,,,,,,,,,,,,,,,,,,,,,,,,,,,,,,,,,,,,,,,,,,,,,,,,,,,,,,,,,,,,,,,,1,1784928646.4644542,0.001512765884399414,world,base_footprint,0.33863025243984934,-0.09645089217125309,1,0,1,1784928593.86561,52.60035705566406,world,workspace,1,0,2,-0.0721911355745298,-0.0005509412263589577,0.0,0.0,0.0,-0.10574687133817579,0.994393080829803,1.5,1,2,1784928593.86561,world,workspace,-0.0721911355745298,-0.0005509412263589577,0.0,0.0,-0.10574687133817579,0.994393080829803,1,1784928593.865948,52.6000189781189,workspace,1,321,,1,1784928646.4644542,0.001512765884399414,world,pelvis,0.344720927286218,-0.1380528541007191,0.7787312508897588,0.012089907384972514,-0.02393760638623945,0.9481632216302445,0.31665017019998015,capsules,0.05,0.5,0.1,0.5,0.5
471,1784928646.566006,47.20673995837569,1,1784928646.565609,0.00039696693420410156,17,0.0048081581480801105,1,0.09307615458965302,1,0.003057180205360055,1,0.370922327041626,1,0.5453701019287109,1,-0.022963296622037888,1,0.8125840425491333,1,0.3460342288017273,1,-0.7561471462249756,1,-0.013244351372122765,1,1.0243970155715942,1,-0.20680230855941772,1,0.05374069884419441,1,0.05583057180047035,1,0.05567397549748421,1,-0.06773833930492401,1,-0.1016373336315155,1,0,,,,,,,,,,,,,,,,,,,,,,,,,,,,,,,,,,,,,,,,,,,,,,,,,,,,,,,,,,,,,,,,,,,,,,,,,,,,,,,,,,,,,,,,,,,,,,,,,,,,,,,,,,,,,,,,,,,,,1,1784928646.564455,0.001550912857055664,world,base_footprint,0.28018955363004844,-0.09593000507100266,1,0,1,1784928593.86561,52.7003960609436,world,workspace,1,0,2,-0.0721911355745298,-0.0005509412263589577,0.0,0.0,0.0,-0.10574687133817579,0.994393080829803,1.5,1,2,1784928593.86561,world,workspace,-0.0721911355745298,-0.0005509412263589577,0.0,0.0,-0.10574687133817579,0.994393080829803,1,1784928593.865948,52.70005798339844,workspace,1,321,,1,1784928646.564455,0.001550912857055664,world,pelvis,0.29918694883316677,-0.14147606269068885,0.7750873180225704,0.020446744207294837,-0.0239360388640377,0.9513177788396656,0.30659987012128037,capsules,0.05,0.5,0.1,0.5,0.5
472,1784928646.666106,47.306860574521124,1,1784928646.6652002,0.0009057521820068359,17,0.018947765231132507,1,0.00880670826882124,1,0.03337676078081131,1,0.3707711398601532,1,0.6689107418060303,1,0.006779938004910946,1,0.8158194422721863,1,0.29285040497779846,1,-0.6134761571884155,1,0.004904729314148426,1,1.0063470602035522,1,-0.1366223841905594,1,0.0064637670293450356,1,0.043262265622615814,1,-0.16257727146148682,1,0.024312032386660576,1,-0.0006780461990274489,1,0,,,,,,,,,,,,,,,,,,,,,,,,,,,,,,,,,,,,,,,,,,,,,,,,,,,,,,,,,,,,,,,,,,,,,,,,,,,,,,,,,,,,,,,,,,,,,,,,,,,,,,,,,,,,,,,,,,,,,1,1784928646.6644566,0.0016493797302246094,world,base_footprint,0.24008790963146714,-0.09831091758426136,1,0,1,1784928593.86561,52.800496101379395,world,workspace,1,0,2,-0.0721911355745298,-0.0005509412263589577,0.0,0.0,0.0,-0.10574687133817579,0.994393080829803,1.5,1,2,1784928593.86561,world,workspace,-0.0721911355745298,-0.0005509412263589577,0.0,0.0,-0.10574687133817579,0.994393080829803,1,1784928593.865948,52.80015802383423,workspace,1,321,,1,1784928646.665457,0.0006489753723144531,world,pelvis,0.2764481741324835,-0.13044085595451727,0.7778224342910597,0.028199430998687314,-0.012760336192109777,0.9552391820917429,0.2942109292808697,capsules,0.05,0.5,0.1,0.5,0.5
473,1784928646.7660246,47.40675983019173,1,1784928646.7654543,0.0005702972412109375,17,0.031112652271986008,1,-0.058898262679576874,1,0.0024703205563127995,1,0.3880910277366638,1,0.7182663679122925,1,0.024380851536989212,1,0.8282506465911865,1,0.2809416949748993,1,-0.5635997653007507,1,0.01757163740694523,1,0.9939150810241699,1,-0.09913686662912369,1,0.0025977464392781258,1,0.04871727526187897,1,-0.31222060322761536,1,0.042184729129076004,1,-0.06148993596434593,1,0,,,,,,,,,,,,,,,,,,,,,,,,,,,,,,,,,,,,,,,,,,,,,,,,,,,,,,,,,,,,,,,,,,,,,,,,,,,,,,,,,,,,,,,,,,,,,,,,,,,,,,,,,,,,,,,,,,,,,1,1784928646.7644546,0.001569986343383789,world,base_footprint,0.23102938436285023,-0.0965809493742608,1,0,1,1784928593.86561,52.90041470527649,world,workspace,1,0,2,-0.0721911355745298,-0.0005509412263589577,0.0,0.0,0.0,-0.10574687133817579,0.994393080829803,1.5,1,2,1784928593.86561,world,workspace,-0.0721911355745298,-0.0005509412263589577,0.0,0.0,-0.10574687133817579,0.994393080829803,1,1784928593.865948,52.90007662773132,workspace,1,321,,1,1784928646.765454,0.0005705356597900391,world,pelvis,0.25625342707624754,-0.10943134314858834,0.7790278334672244,0.01781558129755234,-0.003170942162101617,0.9556477697550584,0.2939555924812757,capsules,0.05,0.5,0.1,0.5,0.5
474,1784928646.8659937,47.50672608055174,1,1784928646.8652272,0.0007665157318115234,17,0.01237917598336935,1,-0.09917567670345306,1,-0.013814317993819714,1,0.3890629708766937,1,0.6963907480239868,1,0.024109838530421257,1,0.8294996619224548,1,0.31071701645851135,1,-0.5998432636260986,1,0.017391106113791466,1,0.9950846433639526,1,-0.05213136225938797,1,0.0018291022861376405,1,0.02708083763718605,1,-0.2036380171775818,1,0.025682734325528145,1,0.011967684142291546,1,0,,,,,,,,,,,,,,,,,,,,,,,,,,,,,,,,,,,,,,,,,,,,,,,,,,,,,,,,,,,,,,,,,,,,,,,,,,,,,,,,,,,,,,,,,,,,,,,,,,,,,,,,,,,,,,,,,,,,,1,1784928646.8644562,0.0015375614166259766,world,base_footprint,0.20382639359256594,-0.07608368938865433,1,0,1,1784928593.86561,53.00038385391235,world,workspace,1,0,2,-0.0721911355745298,-0.0005509412263589577,0.0,0.0,0.0,-0.10574687133817579,0.994393080829803,1.5,1,2,1784928593.86561,world,workspace,-0.0721911355745298,-0.0005509412263589577,0.0,0.0,-0.10574687133817579,0.994393080829803,1,1784928593.865948,53.00004577636719,workspace,1,321,,1,1784928646.8644564,0.001537322998046875,world,pelvis,0.23332599362609527,-0.08123327628692645,0.775695589231141,0.018979985655773315,0.0021070398337247696,0.9599395895169294,0.2795555490519104,capsules,0.05,0.5,0.1,0.5,0.5
475,1784928646.965946,47.606677301228046,1,1784928646.9649653,0.0009806156158447266,17,-0.015794211998581886,1,-0.03521331027150154,1,0.01735047623515129,1,0.34254443645477295,1,0.5690997838973999,1,-0.004715732764452696,1,0.8221830725669861,1,0.33052241802215576,1,-0.7082841992378235,1,0.0003344174474477768,1,1.0075981616973877,1,-0.20292340219020844,1,0.00558482576161623,1,0.055881015956401825,1,-0.1111835390329361,1,0.01876426860690117,1,-0.03899775817990303,1,0,,,,,,,,,,,,,,,,,,,,,,,,,,,,,,,,,,,,,,,,,,,,,,,,,,,,,,,,,,,,,,,,,,,,,,,,,,,,,,,,,,,,,,,,,,,,,,,,,,,,,,,,,,,,,,,,,,,,,1,1784928646.964458,0.0014879703521728516,world,base_footprint,0.17339575369252525,-0.04710153399342158,1,0,1,1784928593.86561,53.1003360748291,world,workspace,1,0,2,-0.0721911355745298,-0.0005509412263589577,0.0,0.0,0.0,-0.10574687133817579,0.994393080829803,1.5,1,2,1784928593.86561,world,workspace,-0.0721911355745298,-0.0005509412263589577,0.0,0.0,-0.10574687133817579,0.994393080829803,1,1784928593.865948,53.099997997283936,workspace,1,321,,1,1784928646.964458,0.0014879703521728516,world,pelvis,0.20658384571340532,-0.07168114656878302,0.7776610170998801,0.02443227183468439,-0.009844405041145388,0.9674682452276043,0.25161746016245,capsules,0.05,0.5,0.1,0.5,0.5
476,1784928647.0659297,47.7066615652293,1,1784928647.0655723,0.0003573894500732422,17,-0.019878102466464043,1,0.053171128034591675,1,-0.0014720482286065817,1,0.3442869484424591,1,0.5055785179138184,1,-0.02823951281607151,1,0.8101770281791687,1,0.3497859239578247,1,-0.7749025821685791,1,-0.014981565997004509,1,1.020316243171692,1,-0.3284221887588501,1,0.023895157501101494,1,0.04209531471133232,1,-0.02926216833293438,1,0.009553181007504463,1,-0.08334185183048248,1,0,,,,,,,,,,,,,,,,,,,,,,,,,,,,,,,,,,,,,,,,,,,,,,,,,,,,,,,,,,,,,,,,,,,,,,,,,,,,,,,,,,,,,,,,,,,,,,,,,,,,,,,,,,,,,,,,,,,,,1,1784928647.0644574,0.0014722347259521484,world,base_footprint,0.15865969230311885,-0.036580422718404886,1,0,1,1784928593.86561,53.20031976699829,world,workspace,1,0,2,-0.0721911355745298,-0.0005509412263589577,0.0,0.0,0.0,-0.10574687133817579,0.994393080829803,1.5,1,2,1784928593.86561,world,workspace,-0.0721911355745298,-0.0005509412263589577,0.0,0.0,-0.10574687133817579,0.994393080829803,1,1784928593.865948,53.199981689453125,workspace,1,321,,1,1784928647.0654569,0.00047278404235839844,world,pelvis,0.17058359563438846,-0.07433618605731121,0.7782947681628407,0.013372051989869044,-0.0216503729855682,0.9728939374338939,0.22984741912743037,capsules,0.05,0.5,0.1,0.5,0.5
477,1784928647.1659439,47.80667491443455,1,1784928647.1649783,0.0009655952453613281,17,0.005545299965888262,1,0.08705538511276245,1,-0.006741240154951811,1,0.3734169900417328,1,0.5418784022331238,1,-0.025894274935126305,1,0.8115438222885132,1,0.3428954780101776,1,-0.7558968663215637,1,-0.015228190459311008,1,1.0209155082702637,1,-0.23267902433872223,1,0.0467187874019146,1,0.05467148497700691,1,0.05271377041935921,1,-0.028896598145365715,1,-0.09296776354312897,1,0,,,,,,,,,,,,,,,,,,,,,,,,,,,,,,,,,,,,,,,,,,,,,,,,,,,,,,,,,,,,,,,,,,,,,,,,,,,,,,,,,,,,,,,,,,,,,,,,,,,,,,,,,,,,,,,,,,,,,1,1784928647.164456,0.0014879703521728516,world,base_footprint,0.1069492393364987,-0.03498042027527084,1,0,1,1784928593.86561,53.300333976745605,world,workspace,1,0,2,-0.0721911355745298,-0.0005509412263589577,0.0,0.0,0.0,-0.10574687133817579,0.994393080829803,1.5,1,2,1784928593.86561,world,workspace,-0.0721911355745298,-0.0005509412263589577,0.0,0.0,-0.10574687133817579,0.994393080829803,1,1784928593.865948,53.29999589920044,workspace,1,321,,1,1784928647.1644561,0.00148773193359375,world,pelvis,0.12707977290065775,-0.07885897040831977,0.7742031980827584,0.018819377281920208,-0.024375329035711126,0.9738062315506607,0.22528448185843286,capsules,0.05,0.5,0.1,0.5,0.5
478,1784928647.2659879,47.906723748892546,1,1784928647.264844,0.0011439323425292969,17,0.021177126094698906,1,0.002454363275319338,1,0.038276106119155884,1,0.37021708488464355,1,0.6648786067962646,1,0.0056842933408916,1,0.8168677091598511,1,0.28688979148864746,1,-0.6135701537132263,1,0.0044342163018882275,1,1.003419041633606,1,-0.13839098811149597,1,0.003775710240006447,1,0.06296630948781967,1,-0.14093996584415436,1,0.049930136650800705,1,-0.011784435249865055,1,0,,,,,,,,,,,,,,,,,,,,,,,,,,,,,,,,,,,,,,,,,,,,,,,,,,,,,,,,,,,,,,,,,,,,,,,,,,,,,,,,,,,,,,,,,,,,,,,,,,,,,,,,,,,,,,,,,,,,,1,1784928647.264455,0.0015327930450439453,world,base_footprint,0.05501881068363693,-0.04035422578956231,1,0,1,1784928593.86561,53.40037798881531,world,workspace,1,0,2,-0.0721911355745298,-0.0005509412263589577,0.0,0.0,0.0,-0.10574687133817579,0.994393080829803,1.5,1,2,1784928593.86561,world,workspace,-0.0721911355745298,-0.0005509412263589577,0.0,0.0,-0.10574687133817579,0.994393080829803,1,1784928593.865948,53.40003991127014,workspace,1,321,,1,1784928647.2644553,0.0015325546264648438,world,pelvis,0.10319142774470125,-0.06805000891406104,0.7768586974250138,0.03390057656541499,-0.010369728399132293,0.974196598613042,0.22289954439666398,capsules,0.05,0.5,0.1,0.5,0.5
479,1784928647.3660007,48.006732588633895,1,1784928647.3647866,0.0012140274047851562,17,0.028516389429569244,1,-0.054229021072387695,1,0.009804202243685722,1,0.3802701234817505,1,0.7091102600097656,1,0.021311111748218536,1,0.8250504732131958,1,0.2770501375198364,1,-0.5678691267967224,1,0.01609262265264988,1,0.9917137026786804,1,-0.10057426244020462,1,0.0026481025852262974,1,0.07895877957344055,1,-0.309616357088089,1,0.04194149747490883,1,-0.06995996832847595,1,0,,,,,,,,,,,,,,,,,,,,,,,,,,,,,,,,,,,,,,,,,,,,,,,,,,,,,,,,,,,,,,,,,,,,,,,,,,,,,,,,,,,,,,,,,,,,,,,,,,,,,,,,,,,,,,,,,,,,,1,1784928647.3644567,0.0015439987182617188,world,base_footprint,0.04800397795320888,-0.04140426500076474,1,0,1,1784928593.86561,53.50039076805115,world,workspace,1,0,2,-0.0721911355745298,-0.0005509412263589577,0.0,0.0,0.0,-0.10574687133817579,0.994393080829803,1.5,1,2,1784928593.86561,world,workspace,-0.0721911355745298,-0.0005509412263589577,0.0,0.0,-0.10574687133817579,0.994393080829803,1,1784928593.865948,53.50005269050598,workspace,1,321,,1,1784928647.364457,0.0015437602996826172,world,pelvis,0.08240345927800136,-0.04951951091417908,0.7783535659881835,0.022540581930365323,-1.2605738423142086e-05,0.9731638932090643,0.22900646052352525,capsules,0.05,0.5,0.1,0.5,0.5
480,1784928647.466023,48.106755134649575,1,1784928647.4656324,0.0003905296325683594,17,0.004304238595068455,1,-0.09426548331975937,1,-0.014046267606317997,1,0.37964609265327454,1,0.6968919038772583,1,0.021135026589035988,1,0.8260623216629028,1,0.31939896941185,1,-0.5984604954719543,1,0.015985580161213875,1,0.9937160015106201,1,-0.05091863125562668,1,-0.0007375920540653169,1,0.06042671948671341,1,-0.21229040622711182,1,0.002241970971226692,1,0.002313604112714529,1,0,,,,,,,,,,,,,,,,,,,,,,,,,,,,,,,,,,,,,,,,,,,,,,,,,,,,,,,,,,,,,,,,,,,,,,,,,,,,,,,,,,,,,,,,,,,,,,,,,,,,,,,,,,,,,,,,,,,,,1,1784928647.464456,0.0015668869018554688,world,base_footprint,0.017392937000929788,-0.028098330977642437,1,0,1,1784928593.86561,53.60041308403015,world,workspace,1,0,2,-0.0721911355745298,-0.0005509412263589577,0.0,0.0,0.0,-0.10574687133817579,0.994393080829803,1.5,1,2,1784928593.86561,world,workspace,-0.0721911355745298,-0.0005509412263589577,0.0,0.0,-0.10574687133817579,0.994393080829803,1,1784928593.865948,53.600075006484985,workspace,1,321,,1,1784928647.4644563,0.0015666484832763672,world,pelvis,0.05702757192100426,-0.02249528681800877,0.7747250818498406,0.02390125557927977,0.008973542191610551,0.9758574512857273,0.2169111345514417,capsules,0.05,0.5,0.1,0.5,0.5
481,1784928647.566063,48.20679452177137,1,1784928647.5656252,0.00043773651123046875,17,-0.024885356426239014,1,-0.025804653763771057,1,0.012221124023199081,1,0.3319447934627533,1,0.5769297480583191,1,-0.0023951486218720675,1,0.8183120489120483,1,0.34668177366256714,1,-0.6974617838859558,1,0.0031517380848526955,1,1.0127516984939575,1,-0.18407776951789856,1,0.00779767706990242,1,0.06769932806491852,1,-0.1050824448466301,1,0.005955713335424662,1,-0.05232210457324982,1,0,,,,,,,,,,,,,,,,,,,,,,,,,,,,,,,,,,,,,,,,,,,,,,,,,,,,,,,,,,,,,,,,,,,,,,,,,,,,,,,,,,,,,,,,,,,,,,,,,,,,,,,,,,,,,,,,,,,,,1,1784928647.5644546,0.0016083717346191406,world,base_footprint,-0.01532462030250872,0.005261549862658855,1,0,1,1784928593.86561,53.70045304298401,world,workspace,1,0,2,-0.0721911355745298,-0.0005509412263589577,0.0,0.0,0.0,-0.10574687133817579,0.994393080829803,1.5,1,2,1784928593.86561,world,workspace,-0.0721911355745298,-0.0005509412263589577,0.0,0.0,-0.10574687133817579,0.994393080829803,1,1784928593.865948,53.70011496543884,workspace,1,321,,1,1784928647.5644546,0.0016083717346191406,world,pelvis,0.03039871597189295,-0.011542465627106941,0.7777895500562024,0.030668793647325034,-0.005003368928400905,0.981440208430055,0.189234005063452,capsules,0.05,0.5,0.1,0.5,0.5
482,1784928647.6660259,48.306757936254144,1,1784928647.6649795,0.0010464191436767578,17,-0.011037728749215603,1,0.057669807225465775,1,0.0022519808262586594,1,0.338314414024353,1,0.5152670741081238,1,-0.02514801360666752,1,0.8077467679977417,1,0.3551809787750244,1,-0.7653275728225708,1,-0.011602451093494892,1,1.0226610898971558,1,-0.25532230734825134,1,0.0024231374263763428,1,0.03794809803366661,1,-0.02364824153482914,1,0.0023175834212452173,1,-0.07227721065282822,1,0,,,,,,,,,,,,,,,,,,,,,,,,,,,,,,,,,,,,,,,,,,,,,,,,,,,,,,,,,,,,,,,,,,,,,,,,,,,,,,,,,,,,,,,,,,,,,,,,,,,,,,,,,,,,,,,,,,,,,1,1784928647.6644568,0.0015690326690673828,world,base_footprint,-0.03663173360376731,0.014868070794681474,1,0,1,1784928593.86561,53.800415992736816,world,workspace,1,0,2,-0.0721911355745298,-0.0005509412263589577,0.0,0.0,0.0,-0.10574687133817579,0.994393080829803,1.5,1,2,1784928593.86561,world,workspace,-0.0721911355745298,-0.0005509412263589577,0.0,0.0,-0.10574687133817579,0.994393080829803,1,1784928593.865948,53.80007791519165,workspace,1,321,,1,1784928647.664457,0.0015687942504882812,world,pelvis,-0.003067088141364055,-0.0151850559289116,0.7794854876002515,0.024514451197801886,-0.014995744021219282,0.9832090489065942,0.18020581425667476,capsules,0.05,0.5,0.1,0.5,0.5
483,1784928647.7659657,48.406700283288956,1,1784928647.7650259,0.0009398460388183594,17,0.013912995345890522,1,0.047777969390153885,1,0.01924542896449566,1,0.3604187071323395,1,0.5740358233451843,1,-0.01759353093802929,1,0.8165491223335266,1,0.30384212732315063,1,-0.7094029784202576,1,-0.011309625580906868,1,1.0174643993377686,1,-0.17020255327224731,1,-0.0009697962086647749,1,0.04071119427680969,1,-0.007338425610214472,1,-0.016962645575404167,1,-0.023016590625047684,1,0,,,,,,,,,,,,,,,,,,,,,,,,,,,,,,,,,,,,,,,,,,,,,,,,,,,,,,,,,,,,,,,,,,,,,,,,,,,,,,,,,,,,,,,,,,,,,,,,,,,,,,,,,,,,,,,,,,,,,1,1784928647.764455,0.0015106201171875,world,base_footprint,-0.07132669248398205,0.007787975979352425,1,0,1,1784928593.86561,53.90035581588745,world,workspace,1,0,2,-0.0721911355745298,-0.0005509412263589577,0.0,0.0,0.0,-0.10574687133817579,0.994393080829803,1.5,1,2,1784928593.86561,world,workspace,-0.0721911355745298,-0.0005509412263589577,0.0,0.0,-0.10574687133817579,0.994393080829803,1,1784928593.865948,53.900017738342285,workspace,1,321,,1,1784928647.765455,0.0005106925964355469,world,pelvis,-0.029655759955606785,-0.014144697040280358,0.7788268519673875,0.02857666352350992,-0.00871933500546167,0.9814028017190066,0.189620379382098,capsules,0.05,0.5,0.1,0.5,0.5
484,1784928647.8659716,48.506705085746944,1,1784928647.8650327,0.0009388923645019531,17,0.022716833278536797,1,-0.021974509581923485,1,0.06450370699167252,1,0.34700825810432434,1,0.6875724196434021,1,0.01245814748108387,1,0.8157375454902649,1,0.25605252385139465,1,-0.5954409241676331,1,0.010912208817899227,1,0.9855994582176208,1,-0.15249456465244293,1,0.005946263670921326,1,0.03501218929886818,1,-0.029431330040097237,1,0.023872924968600273,1,-0.017873501405119896,1,0,,,,,,,,,,,,,,,,,,,,,,,,,,,,,,,,,,,,,,,,,,,,,,,,,,,,,,,,,,,,,,,,,,,,,,,,,,,,,,,,,,,,,,,,,,,,,,,,,,,,,,,,,,,,,,,,,,,,,1,1784928647.8644564,0.0015151500701904297,world,base_footprint,-0.06338090612619467,0.010471361755665667,1,0,1,1784928593.86561,54.0003616809845,world,workspace,1,0,2,-0.0721911355745298,-0.0005509412263589577,0.0,0.0,0.0,-0.10574687133817579,0.994393080829803,1.5,1,2,1784928593.86561,world,workspace,-0.0721911355745298,-0.0005509412263589577,0.0,0.0,-0.10574687133817579,0.994393080829803,1,1784928593.865948,54.00002360343933,workspace,1,321,,1,1784928647.8644567,0.0015149116516113281,world,pelvis,-0.03104151931607267,0.0015434721946617491,0.7816866175987565,0.02132825816264953,-0.0016950148472268986,0.9817693654311885,0.18886806355034333,capsules,0.05,0.5,0.1,0.5,0.5
485,1784928647.965949,48.606681355275214,1,1784928647.9647448,0.0012042522430419922,17,0.012607465498149395,1,-0.02908434346318245,1,0.09472932666540146,1,0.3383927047252655,1,0.677535355091095,1,0.017851661890745163,1,0.8157112002372742,1,0.25073155760765076,1,-0.6224730014801025,1,0.012389156967401505,1,0.9797546863555908,1,-0.17948448657989502,1,0.012865161523222923,1,0.024706516414880753,1,-0.04121297970414162,1,0.03129450976848602,1,-0.030934128910303116,1,0,,,,,,,,,,,,,,,,,,,,,,,,,,,,,,,,,,,,,,,,,,,,,,,,,,,,,,,,,,,,,,,,,,,,,,,,,,,,,,,,,,,,,,,,,,,,,,,,,,,,,,,,,,,,,,,,,,,,,1,1784928647.9644575,0.001491546630859375,world,base_footprint,-0.05138462716390757,0.012462372399200249,1,0,1,1784928593.86561,54.10033917427063,world,workspace,1,0,2,-0.0721911355745298,-0.0005509412263589577,0.0,0.0,0.0,-0.10574687133817579,0.994393080829803,1.5,1,2,1784928593.86561,world,workspace,-0.0721911355745298,-0.0005509412263589577,0.0,0.0,-0.10574687133817579,0.994393080829803,1,1784928593.865948,54.100001096725464,workspace,1,321,,1,1784928647.9644575,0.001491546630859375,world,pelvis,-0.029669130482903837,0.008438154253586468,0.7807619507421801,0.01408264315466716,5.0261782443772695e-05,0.9825050263416508,0.18570285363699654,capsules,0.05,0.5,0.1,0.5,0.5
486,1784928648.0659125,48.70664578396827,1,1784928648.0653536,0.0005588531494140625,17,0.010476860217750072,1,0.01859060488641262,1,0.07180255651473999,1,0.34713634848594666,1,0.5930081605911255,1,0.0006673180032521486,1,0.8157366514205933,1,0.28721654415130615,1,-0.7109941840171814,1,0.0001913287997012958,1,0.9923452138900757,1,-0.19962359964847565,1,0.0004382608167361468,1,0.03407561406493187,1,-0.06459732353687286,1,0.016379456967115402,1,-0.02275628224015236,1,0,,,,,,,,,,,,,,,,,,,,,,,,,,,,,,,,,,,,,,,,,,,,,,,,,,,,,,,,,,,,,,,,,,,,,,,,,,,,,,,,,,,,,,,,,,,,,,,,,,,,,,,,,,,,,,,,,,,,,1,1784928648.0644565,0.0014560222625732422,world,base_footprint,-0.04318010440494144,-0.0010602359782944607,1,0,1,1784928593.86561,54.200302600860596,world,workspace,1,0,2,-0.0721911355745298,-0.0005509412263589577,0.0,0.0,0.0,-0.10574687133817579,0.994393080829803,1.5,1,2,1784928593.86561,world,workspace,-0.0721911355745298,-0.0005509412263589577,0.0,0.0,-0.10574687133817579,0.994393080829803,1,1784928593.865948,54.19996452331543,workspace,1,321,,1,1784928648.0644565,0.0014560222625732422,world,pelvis,-0.036194976497957505,-1.8799907926256212e-05,0.7806184951693433,0.004248483876086921,0.0014922246645916854,0.9820370753618691,0.18863431889508273,capsules,0.05,0.5,0.1,0.5,0.5
487,1784928648.1659443,48.80668119434267,1,1784928648.1654675,0.000476837158203125,17,0.0037646370474249125,1,0.051091305911540985,1,0.06081148236989975,1,0.3575321435928345,1,0.56927490234375,1,-0.008253789506852627,1,0.8157541751861572,1,0.3087047040462494,1,-0.7328929305076599,1,-0.0062466771341860294,1,1.003732681274414,1,-0.19063766300678253,1,-0.018502090126276016,1,0.04096226394176483,1,-0.05839423090219498,1,-0.0031137934420257807,1,-0.014836755581200123,1,0,,,,,,,,,,,,,,,,,,,,,,,,,,,,,,,,,,,,,,,,,,,,,,,,,,,,,,,,,,,,,,,,,,,,,,,,,,,,,,,,,,,,,,,,,,,,,,,,,,,,,,,,,,,,,,,,,,,,,1,1784928648.1634545,0.002489805221557617,world,base_footprint,-0.052231368541560554,-0.011399716308874902,1,0,1,1784928593.86561,54.300334453582764,world,workspace,1,0,2,-0.0721911355745298,-0.0005509412263589577,0.0,0.0,0.0,-0.10574687133817579,0.994393080829803,1.5,1,2,1784928593.86561,world,workspace,-0.0721911355745298,-0.0005509412263589577,0.0,0.0,-0.10574687133817579,0.994393080829803,1,1784928593.865948,54.2999963760376,workspace,1,321,,1,1784928648.1654544,0.0004899501800537109,world,pelvis,-0.04257993121283263,-0.012249198942444807,0.7805551418080265,0.0060978496063254966,0.0007800576843436553,0.9817915325833557,0.18986204014445146,capsules,0.05,0.5,0.1,0.5,0.5
488,1784928648.2660098,48.90674239397049,1,1784928648.2655265,0.0004832744598388672,17,0.003257276490330696,1,0.052558865398168564,1,0.03447694703936577,1,0.36574456095695496,1,0.5986734628677368,1,-0.007901858538389206,1,0.8160408139228821,1,0.3175766170024872,1,-0.6917775869369507,1,-0.0060272966511547565,1,1.0064760446548462,1,-0.18212473392486572,1,-0.029479192569851875,1,0.04938163235783577,1,-0.05339539796113968,1,-0.01456567645072937,1,-0.004746733698993921,1,0,,,,,,,,,,,,,,,,,,,,,,,,,,,,,,,,,,,,,,,,,,,,,,,,,,,,,,,,,,,,,,,,,,,,,,,,,,,,,,,,,,,,,,,,,,,,,,,,,,,,,,,,,,,,,,,,,,,,,1,1784928648.2644553,0.0015544891357421875,world,base_footprint,-0.055620776327605245,-0.019384404917375343,1,0,1,1784928593.86561,54.400399923324585,world,workspace,1,0,2,-0.0721911355745298,-0.0005509412263589577,0.0,0.0,0.0,-0.10574687133817579,0.994393080829803,1.5,1,2,1784928593.86561,world,workspace,-0.0721911355745298,-0.0005509412263589577,0.0,0.0,-0.10574687133817579,0.994393080829803,1,1784928593.865948,54.40006184577942,workspace,1,321,,1,1784928648.265454,0.0005557537078857422,world,pelvis,-0.046737059954428894,-0.020940697903991466,0.7811200480518204,0.005749262079163672,0.00012076955546399729,0.9811421057689574,0.19320222485136032,capsules,0.05,0.5,0.1,0.5,0.5
489,1784928648.3660207,49.00675264745951,1,1784928648.3657475,0.0002732276916503906,17,-0.003764726687222719,1,0.021814294159412384,1,0.01024150662124157,1,0.36718761920928955,1,0.6456907391548157,1,0.00014435133198276162,1,0.8164106607437134,1,0.32288262248039246,1,-0.6347375512123108,1,-0.00034674262860789895,1,1.0067273378372192,1,-0.17592787742614746,1,-0.031511835753917694,1,0.04735628515481949,1,-0.046658530831336975,1,-0.01665445603430271,1,-0.00688226567581296,1,0,,,,,,,,,,,,,,,,,,,,,,,,,,,,,,,,,,,,,,,,,,,,,,,,,,,,,,,,,,,,,,,,,,,,,,,,,,,,,,,,,,,,,,,,,,,,,,,,,,,,,,,,,,,,,,,,,,,,,1,1784928648.3644578,0.0015628337860107422,world,base_footprint,-0.057539048838500625,-0.019648591283895674,1,0,1,1784928593.86561,54.50041079521179,world,workspace,1,0,2,-0.0721911355745298,-0.0005509412263589577,0.0,0.0,0.0,-0.10574687133817579,0.994393080829803,1.5,1,2,1784928593.86561,world,workspace,-0.0721911355745298,-0.0005509412263589577,0.0,0.0,-0.10574687133817579,0.994393080829803,1,1784928593.865948,54.500072717666626,workspace,1,321,,1,1784928648.365457,0.0005636215209960938,world,pelvis,-0.04666809303081111,-0.021579210540732308,0.781471616078769,0.0070698585881380635,0.00013352885032569741,0.9813223516782202,0.19224058199640742,capsules,0.05,0.5,0.1,0.5,0.5
490,1784928648.4660213,49.10675593838096,1,1784928648.464748,0.0012733936309814453,17,-0.0052948216907680035,1,0.0019107386469841003,1,-0.008490709587931633,1,0.36620745062828064,1,0.6473459005355835,1,0.0020114716608077288,1,0.8165323734283447,1,0.3276282548904419,1,-0.6316161155700684,1,0.0009098470909520984,1,1.0069106817245483,1,-0.17376399040222168,1,-0.03105657361447811,1,0.049491479992866516,1,-0.045158661901950836,1,-0.016885913908481598,1,-0.004402450285851955,1,0,,,,,,,,,,,,,,,,,,,,,,,,,,,,,,,,,,,,,,,,,,,,,,,,,,,,,,,,,,,,,,,,,,,,,,,,,,,,,,,,,,,,,,,,,,,,,,,,,,,,,,,,,,,,,,,,,,,,,1,1784928648.4644582,0.0015630722045898438,world,base_footprint,-0.058688414557157884,-0.019654568631445924,1,0,1,1784928593.86561,54.6004114151001,world,workspace,1,0,2,-0.0721911355745298,-0.0005509412263589577,0.0,0.0,0.0,-0.10574687133817579,0.994393080829803,1.5,1,2,1784928593.86561,world,workspace,-0.0721911355745298,-0.0005509412263589577,0.0,0.0,-0.10574687133817579,0.994393080829803,1,1784928593.865948,54.60007333755493,workspace,1,321,,1,1784928648.4654565,0.0005648136138916016,world,pelvis,-0.04631996091967119,-0.022419167348173386,0.7815276882981066,0.008078316710424348,-0.00020324342813549912,0.981063730047588,0.19351655504464868,capsules,0.05,0.5,0.1,0.5,0.5
491,1784928648.5661304,49.206866608932614,1,1784928648.5647807,0.0013496875762939453,17,-0.005281108897179365,1,-0.010531068779528141,1,-0.010529950261116028,1,0.36384204030036926,1,0.6360645294189453,1,0.001941086258739233,1,0.8165241479873657,1,0.32917895913124084,1,-0.6484704613685608,1,0.0009214170277118683,1,1.0070586204528809,1,-0.16978509724140167,1,-0.030070243403315544,1,0.051831621676683426,1,-0.04276025667786598,1,-0.01667018048465252,1,-0.001432698918506503,1,0,,,,,,,,,,,,,,,,,,,,,,,,,,,,,,,,,,,,,,,,,,,,,,,,,,,,,,,,,,,,,,,,,,,,,,,,,,,,,,,,,,,,,,,,,,,,,,,,,,,,,,,,,,,,,,,,,,,,,1,1784928648.564456,0.0016744136810302734,world,base_footprint,-0.062339858155665256,-0.018353422731451616,1,0,1,1784928593.86561,54.700520515441895,world,workspace,1,0,2,-0.0721911355745298,-0.0005509412263589577,0.0,0.0,0.0,-0.10574687133817579,0.994393080829803,1.5,1,2,1784928593.86561,world,workspace,-0.0721911355745298,-0.0005509412263589577,0.0,0.0,-0.10574687133817579,0.994393080829803,1,1784928593.865948,54.70018243789673,workspace,1,321,,1,1784928648.5654542,0.0006761550903320312,world,pelvis,-0.0450886779292059,-0.02385072314057786,0.7812813601084455,0.011472445101183613,-0.0012916135103366653,0.9807145354651419,0.19510436864747865,capsules,0.05,0.5,0.1,0.5,0.5
492,1784928648.6660447,49.30678028333932,1,1784928648.6649442,0.0011005401611328125,17,-0.004706657491624355,1,-0.023746713995933533,1,-0.006348815280944109,1,0.3627777397632599,1,0.6316139101982117,1,0.0018185833469033241,1,0.8164591789245605,1,0.3281395137310028,1,-0.6581512689590454,1,0.0008287147502414882,1,1.0071940422058105,1,-0.16500891745090485,1,-0.02814469300210476,1,0.05058154836297035,1,-0.0383148118853569,1,-0.014830334112048149,1,-0.001891532214358449,1,0,,,,,,,,,,,,,,,,,,,,,,,,,,,,,,,,,,,,,,,,,,,,,,,,,,,,,,,,,,,,,,,,,,,,,,,,,,,,,,,,,,,,,,,,,,,,,,,,,,,,,,,,,,,,,,,,,,,,,1,1784928648.6634562,0.002588510513305664,world,base_footprint,-0.06451483108743455,-0.016174219872623068,1,0,1,1784928593.86561,54.800434827804565,world,workspace,1,0,2,-0.0721911355745298,-0.0005509412263589577,0.0,0.0,0.0,-0.10574687133817579,0.994393080829803,1.5,1,2,1784928593.86561,world,workspace,-0.0721911355745298,-0.0005509412263589577,0.0,0.0,-0.10574687133817579,0.994393080829803,1,1784928593.865948,54.8000967502594,workspace,1,321,,1,1784928648.6654563,0.0005884170532226562,world,pelvis,-0.04301693425748909,-0.023452052810751634,0.7813704944131641,0.014404727964049062,-0.0019215251762948343,0.9806867986855029,0.1950441345881968,capsules,0.05,0.5,0.1,0.5,0.5
493,1784928648.765964,49.406699678860605,1,1784928648.7652586,0.0007054805755615234,17,-0.0019478636095300317,1,-0.026711441576480865,1,-0.012006139382719994,1,0.3666621148586273,1,0.6223019361495972,1,0.0015762519324198365,1,0.8167426586151123,1,0.3290068209171295,1,-0.6695536971092224,1,0.0006231856532394886,1,1.0074903964996338,1,-0.16756696999073029,1,-0.02710139937698841,1,0.051897406578063965,1,-0.041824039071798325,1,-0.014195997267961502,1,0.0005428344011306763,1,0,,,,,,,,,,,,,,,,,,,,,,,,,,,,,,,,,,,,,,,,,,,,,,,,,,,,,,,,,,,,,,,,,,,,,,,,,,,,,,,,,,,,,,,,,,,,,,,,,,,,,,,,,,,,,,,,,,,,,1,1784928648.7644565,0.0015075206756591797,world,base_footprint,-0.06190365463324486,-0.01696787912533565,1,0,1,1784928593.86561,54.9003541469574,world,workspace,1,0,2,-0.0721911355745298,-0.0005509412263589577,0.0,0.0,0.0,-0.10574687133817579,0.994393080829803,1.5,1,2,1784928593.86561,world,workspace,-0.0721911355745298,-0.0005509412263589577,0.0,0.0,-0.10574687133817579,0.994393080829803,1,1784928593.865948,54.90001606941223,workspace,1,321,,1,1784928648.7644565,0.0015075206756591797,world,pelvis,-0.04254939912305787,-0.02349020442646113,0.7815475810062448,0.012917665883065418,-0.0016535958671150548,0.9804326283788031,0.19642367662548632,capsules,0.05,0.5,0.1,0.5,0.5
494,1784928648.865982,49.506719830445945,1,1784928648.865571,0.00041103363037109375,17,0.00034992321161553264,1,-0.022170783951878548,1,-0.01252879947423935,1,0.36820733547210693,1,0.617702305316925,1,0.001282427692785859,1,0.8169217109680176,1,0.3298722505569458,1,-0.6745032668113708,1,0.0003844934981316328,1,1.0076590776443481,1,-0.17125406861305237,1,-0.02617213875055313,1,0.05214037373661995,1,-0.04214012995362282,1,-0.013799172826111317,1,0.0017623337917029858,1,0,,,,,,,,,,,,,,,,,,,,,,,,,,,,,,,,,,,,,,,,,,,,,,,,,,,,,,,,,,,,,,,,,,,,,,,,,,,,,,,,,,,,,,,,,,,,,,,,,,,,,,,,,,,,,,,,,,,,,1,1784928648.8644574,0.0015246868133544922,world,base_footprint,-0.06066858999450455,-0.017110264234627574,1,0,1,1784928593.86561,55.00037217140198,world,workspace,1,0,2,-0.0721911355745298,-0.0005509412263589577,0.0,0.0,0.0,-0.10574687133817579,0.994393080829803,1.5,1,2,1784928593.86561,world,workspace,-0.0721911355745298,-0.0005509412263589577,0.0,0.0,-0.10574687133817579,0.994393080829803,1,1784928593.865948,55.00003409385681,workspace,1,321,,1,1784928648.8644574,0.0015246868133544922,world,pelvis,-0.04265953495577522,-0.024295297102149824,0.781541810636529,0.012161397725453476,-0.002226218287647826,0.9802757971935041,0.19724732138647447,capsules,0.05,0.5,0.1,0.5,0.5
495,1784928648.9659328,49.60666751861572,1,1784928648.9655497,0.00038313865661621094,17,0.001312666805461049,1,-0.014462731778621674,1,-0.002338348887860775,1,0.3701244592666626,1,0.6167505979537964,1,0.001206706976518035,1,0.8170979619026184,1,0.32813864946365356,1,-0.6743205785751343,1,0.00034070457331836224,1,1.0078104734420776,1,-0.1659439206123352,1,-0.026268908753991127,1,0.05284683033823967,1,-0.036431677639484406,1,-0.01471023354679346,1,0.002875112695619464,1,0,,,,,,,,,,,,,,,,,,,,,,,,,,,,,,,,,,,,,,,,,,,,,,,,,,,,,,,,,,,,,,,,,,,,,,,,,,,,,,,,,,,,,,,,,,,,,,,,,,,,,,,,,,,,,,,,,,,,,1,1784928648.9644601,0.0014727115631103516,world,base_footprint,-0.06388278105421523,-0.016304079649417484,1,0,1,1784928593.86561,55.10032296180725,world,workspace,1,0,2,-0.0721911355745298,-0.0005509412263589577,0.0,0.0,0.0,-0.10574687133817579,0.994393080829803,1.5,1,2,1784928593.86561,world,workspace,-0.0721911355745298,-0.0005509412263589577,0.0,0.0,-0.10574687133817579,0.994393080829803,1,1784928593.865948,55.099984884262085,workspace,1,321,,1,1784928648.9654567,0.0004761219024658203,world,pelvis,-0.04309952056070983,-0.026012844176378492,0.7815710787322441,0.01390640012948569,-0.0033999849649364706,0.9800931963465562,0.19802115698295383,capsules,0.05,0.5,0.1,0.5,0.5
496,1784928649.0660172,49.70675306394696,1,1784928649.065557,0.0004601478576660156,17,0.001366784912534058,1,-0.010666359215974808,1,0.0014235307462513447,1,0.3706795871257782,1,0.6177350282669067,1,0.0011928402818739414,1,0.8171616196632385,1,0.3264186680316925,1,-0.6736077070236206,1,0.0003814364317804575,1,1.0078179836273193,1,-0.16648833453655243,1,-0.027161311358213425,1,0.053380437195301056,1,-0.03804010525345802,1,-0.01607193425297737,1,0.003945502918213606,1,0,,,,,,,,,,,,,,,,,,,,,,,,,,,,,,,,,,,,,,,,,,,,,,,,,,,,,,,,,,,,,,,,,,,,,,,,,,,,,,,,,,,,,,,,,,,,,,,,,,,,,,,,,,,,,,,,,,,,,1,1784928649.0644567,0.0015604496002197266,world,base_footprint,-0.0636513806480614,-0.01735361437623823,1,0,1,1784928593.86561,55.20040726661682,world,workspace,1,0,2,-0.0721911355745298,-0.0005509412263589577,0.0,0.0,0.0,-0.10574687133817579,0.994393080829803,1.5,1,2,1784928593.86561,world,workspace,-0.0721911355745298,-0.0005509412263589577,0.0,0.0,-0.10574687133817579,0.994393080829803,1,1784928593.865948,55.200069189071655,workspace,1,321,,1,1784928649.0644567,0.0015604496002197266,world,pelvis,-0.04374635643837611,-0.026556644464645486,0.7815479971600642,0.013605255546531116,-0.0032301784771239803,0.979976945667669,0.19861935688242002,capsules,0.05,0.5,0.1,0.5,0.5
497,1784928649.1659627,49.80669635348022,1,1784928649.1650674,0.0008952617645263672,17,-0.0009744716226123273,1,-0.010534309782087803,1,0.005024042911827564,1,0.3683377206325531,1,0.6183037757873535,1,0.0012369421310722828,1,0.8173279166221619,1,0.3255806565284729,1,-0.6723692417144775,1,0.0004330898227635771,1,1.0079727172851562,1,-0.16585470736026764,1,-0.02820483222603798,1,0.04958810657262802,1,-0.03735694661736488,1,-0.016744868829846382,1,0.0011666719801723957,1,0,,,,,,,,,,,,,,,,,,,,,,,,,,,,,,,,,,,,,,,,,,,,,,,,,,,,,,,,,,,,,,,,,,,,,,,,,,,,,,,,,,,,,,,,,,,,,,,,,,,,,,,,,,,,,,,,,,,,,1,1784928649.1644542,0.001508474349975586,world,base_footprint,-0.0642470223108951,-0.01697904944872848,1,0,1,1784928593.86561,55.300352811813354,world,workspace,1,0,2,-0.0721911355745298,-0.0005509412263589577,0.0,0.0,0.0,-0.10574687133817579,0.994393080829803,1.5,1,2,1784928593.86561,world,workspace,-0.0721911355745298,-0.0005509412263589577,0.0,0.0,-0.10574687133817579,0.994393080829803,1,1784928593.865948,55.30001473426819,workspace,1,321,,1,1784928649.1644542,0.001508474349975586,world,pelvis,-0.043977949647056036,-0.025402300885275113,0.7814824933914729,0.013730218128640457,-0.0027159370124505166,0.9802533651218513,0.19724970206205844,capsules,0.05,0.5,0.1,0.5,0.5
498,1784928649.2659247,49.90665903035551,1,1784928649.264834,0.0010907649993896484,17,-0.0006326059810817242,1,-0.011730040423572063,1,0.0024019191041588783,1,0.36798998713493347,1,0.6190670132637024,1,0.0011767161777243018,1,0.8174061179161072,1,0.32701247930526733,1,-0.6723306775093079,1,0.00042984148603864014,1,1.0080910921096802,1,-0.1671200543642044,1,-0.029383329674601555,1,0.04702961817383766,1,-0.04214553162455559,1,-0.017580457031726837,1,0.00029125832952558994,1,0,,,,,,,,,,,,,,,,,,,,,,,,,,,,,,,,,,,,,,,,,,,,,,,,,,,,,,,,,,,,,,,,,,,,,,,,,,,,,,,,,,,,,,,,,,,,,,,,,,,,,,,,,,,,,,,,,,,,,1,1784928649.2634594,0.0024652481079101562,world,base_footprint,-0.06226227468719968,-0.018140412350823195,1,0,1,1784928593.86561,55.400314807891846,world,workspace,1,0,2,-0.0721911355745298,-0.0005509412263589577,0.0,0.0,0.0,-0.10574687133817579,0.994393080829803,1.5,1,2,1784928593.86561,world,workspace,-0.0721911355745298,-0.0005509412263589577,0.0,0.0,-0.10574687133817579,0.994393080829803,1,1784928593.865948,55.39997673034668,workspace,1,321,,1,1784928649.265459,0.00046563148498535156,world,pelvis,-0.04393273736890651,-0.023405938070094487,0.7815513303962013,0.012138997797420574,-0.0010474693634872124,0.9804038606279982,0.19662099991131016,capsules,0.05,0.5,0.1,0.5,0.5
499,1784928649.3660507,50.0067854616791,1,1784928649.365709,0.00034165382385253906,17,0.00220700167119503,1,-0.005616758018732071,1,0.006909904535859823,1,0.3684287965297699,1,0.6178736090660095,1,0.001036522793583572,1,0.8175437450408936,1,0.326450914144516,1,-0.6734782457351685,1,0.0003393999068066478,1,1.008120059967041,1,-0.16531528532505035,1,-0.0264813881367445,1,0.04788007214665413,1,-0.03991756960749626,1,-0.015378137119114399,1,0.002811678685247898,1,0,,,,,,,,,,,,,,,,,,,,,,,,,,,,,,,,,,,,,,,,,,,,,,,,,,,,,,,,,,,,,,,,,,,,,,,,,,,,,,,,,,,,,,,,,,,,,,,,,,,,,,,,,,,,,,,,,,,,,1,1784928649.3644598,0.0015909671783447266,world,base_footprint,-0.06434109541560303,-0.01597950562188554,1,0,1,1784928593.86561,55.50044083595276,world,workspace,1,0,2,-0.0721911355745298,-0.0005509412263589577,0.0,0.0,0.0,-0.10574687133817579,0.994393080829803,1.5,1,2,1784928593.86561,world,workspace,-0.0721911355745298,-0.0005509412263589577,0.0,0.0,-0.10574687133817579,0.994393080829803,1,1784928593.865948,55.50010275840759,workspace,1,321,,1,1784928649.36446,0.001590728759765625,world,pelvis,-0.04419768898232851,-0.02251685108276373,0.7813761417197612,0.01341616711341031,-0.0015369774970292994,0.980026515893935,0.1984078433554317,capsules,0.05,0.5,0.1,0.5,0.5
500,1784928649.4659834,50.106717962771654,1,1784928649.4651504,0.0008330345153808594,17,0.0021499611902981997,1,0.001225791173055768,1,0.00842802319675684,1,0.3672352135181427,1,0.6180576086044312,1,0.0009089566883631051,1,0.8174827098846436,1,0.32498249411582947,1,-0.6736977696418762,1,0.00025703050778247416,1,1.0081636905670166,1,-0.16731633245944977,1,-0.026488792151212692,1,0.04785319045186043,1,-0.04285982996225357,1,-0.01579299569129944,1,0.003690857905894518,1,0,,,,,,,,,,,,,,,,,,,,,,,,,,,,,,,,,,,,,,,,,,,,,,,,,,,,,,,,,,,,,,,,,,,,,,,,,,,,,,,,,,,,,,,,,,,,,,,,,,,,,,,,,,,,,,,,,,,,,1,1784928649.464459,0.0015244483947753906,world,base_footprint,-0.06300644417600565,-0.016695083383639613,1,0,1,1784928593.86561,55.60037350654602,world,workspace,1,0,2,-0.0721911355745298,-0.0005509412263589577,0.0,0.0,0.0,-0.10574687133817579,0.994393080829803,1.5,1,2,1784928593.86561,world,workspace,-0.0721911355745298,-0.0005509412263589577,0.0,0.0,-0.10574687133817579,0.994393080829803,1,1784928593.865948,55.600035429000854,workspace,1,321,,1,1784928649.4644592,0.001524209976196289,world,pelvis,-0.04435781114770418,-0.022767604858255984,0.7813702652165461,0.012424305884964558,-0.001424284046952103,0.9798583436097421,0.19930186776998146,capsules,0.05,0.5,0.1,0.5,0.5
501,1784928649.5659568,50.20669093821198,1,1784928649.5648706,0.0010862350463867188,17,0.0010941753862425685,1,0.009248489513993263,1,0.007548656780272722,1,0.36819395422935486,1,0.6171138882637024,1,0.0008238416048698127,1,0.8175559043884277,1,0.3237954378128052,1,-0.6739881634712219,1,0.00018764020933303982,1,1.0082616806030273,1,-0.1703697293996811,1,-0.025567857548594475,1,0.047943633049726486,1,-0.0416647233068943,1,-0.015214447863399982,1,0.005051285028457642,1,0,,,,,,,,,,,,,,,,,,,,,,,,,,,,,,,,,,,,,,,,,,,,,,,,,,,,,,,,,,,,,,,,,,,,,,,,,,,,,,,,,,,,,,,,,,,,,,,,,,,,,,,,,,,,,,,,,,,,,1,1784928649.564459,0.0014977455139160156,world,base_footprint,-0.0615354709040358,-0.016869468233447028,1,0,1,1784928593.86561,55.70034694671631,world,workspace,1,0,2,-0.0721911355745298,-0.0005509412263589577,0.0,0.0,0.0,-0.10574687133817579,0.994393080829803,1.5,1,2,1784928593.86561,world,workspace,-0.0721911355745298,-0.0005509412263589577,0.0,0.0,-0.10574687133817579,0.994393080829803,1,1784928593.865948,55.70000886917114,workspace,1,321,,1,1784928649.564459,0.0014977455139160156,world,pelvis,-0.045262389735248106,-0.02354201428955686,0.7815016265064001,0.011018119870236036,-0.0020901619260178432,0.9796751565212966,0.20027685825531918,capsules,0.05,0.5,0.1,0.5,0.5
502,1784928649.6660583,50.30679290369153,1,1784928649.6656125,0.0004458427429199219,17,0.0005049192695878446,1,0.010721358470618725,1,0.0038603823632001877,1,0.3697502911090851,1,0.6182067394256592,1,0.000836788909509778,1,0.8177894353866577,1,0.3250051736831665,1,-0.6732344627380371,1,0.0002934152726083994,1,1.0084941387176514,1,-0.168108269572258,1,-0.0275249220430851,1,0.04840095713734627,1,-0.041429176926612854,1,-0.017692239955067635,1,0.006373918149620295,1,0,,,,,,,,,,,,,,,,,,,,,,,,,,,,,,,,,,,,,,,,,,,,,,,,,,,,,,,,,,,,,,,,,,,,,,,,,,,,,,,,,,,,,,,,,,,,,,,,,,,,,,,,,,,,,,,,,,,,,1,1784928649.6644545,0.001603841781616211,world,base_footprint,-0.06267386137740885,-0.018020783573210405,1,0,1,1784928593.86561,55.800448417663574,world,workspace,1,0,2,-0.0721911355745298,-0.0005509412263589577,0.0,0.0,0.0,-0.10574687133817579,0.994393080829803,1.5,1,2,1784928593.86561,world,workspace,-0.0721911355745298,-0.0005509412263589577,0.0,0.0,-0.10574687133817579,0.994393080829803,1,1784928593.865948,55.80011034011841,workspace,1,321,,1,1784928649.6644547,0.0016036033630371094,world,pelvis,-0.04638222865902375,-0.02411388526649152,0.7814664014340101,0.010956963144586173,-0.0017177216736104387,0.9795284766972446,0.2009998948509072,capsules,0.05,0.5,0.1,0.5,0.5
503,1784928649.7659824,50.40671763103455,1,1784928649.7652004,0.000782012939453125,17,-0.001490123919211328,1,0.0027421317063272,1,0.004641787149012089,1,0.3671633005142212,1,0.6240770220756531,1,0.0010689495829865336,1,0.8176965713500977,1,0.3253384530544281,1,-0.6676546335220337,1,0.0004597832739818841,1,1.008485198020935,1,-0.1655869334936142,1,-0.026806948706507683,1,0.04441434517502785,1,-0.04061252251267433,1,-0.01716347225010395,1,0.0013914087321609259,1,0,,,,,,,,,,,,,,,,,,,,,,,,,,,,,,,,,,,,,,,,,,,,,,,,,,,,,,,,,,,,,,,,,,,,,,,,,,,,,,,,,,,,,,,,,,,,,,,,,,,,,,,,,,,,,,,,,,,,,1,1784928649.7644556,0.0015268325805664062,world,base_footprint,-0.0629487200219325,-0.016728616385057505,1,0,1,1784928593.86561,55.90037250518799,world,workspace,1,0,2,-0.0721911355745298,-0.0005509412263589577,0.0,0.0,0.0,-0.10574687133817579,0.994393080829803,1.5,1,2,1784928593.86561,world,workspace,-0.0721911355745298,-0.0005509412263589577,0.0,0.0,-0.10574687133817579,0.994393080829803,1,1784928593.865948,55.90003442764282,workspace,1,321,,1,1784928649.7644556,0.0015268325805664062,world,pelvis,-0.04584176043894939,-0.02204801966875106,0.7815465954587497,0.011365102811484066,-0.0011499256130299384,0.9798763652953858,0.1992782498033154,capsules,0.05,0.5,0.1,0.5,0.5
504,1784928649.8659317,50.506666210480034,1,1784928649.8649654,0.0009663105010986328,17,-6.411888534785248e-06,1,-0.0027239785995334387,1,0.003075037617236376,1,0.36684709787368774,1,0.621723473072052,1,0.0009592937421984971,1,0.8177410364151001,1,0.3266431391239166,1,-0.6702629923820496,1,0.00039016842492856085,1,1.0085245370864868,1,-0.16580155491828918,1,-0.025827037170529366,1,0.04402809590101242,1,-0.043153878301382065,1,-0.01662703976035118,1,0.0005592586239799857,1,0,,,,,,,,,,,,,,,,,,,,,,,,,,,,,,,,,,,,,,,,,,,,,,,,,,,,,,,,,,,,,,,,,,,,,,,,,,,,,,,,,,,,,,,,,,,,,,,,,,,,,,,,,,,,,,,,,,,,,1,1784928649.8634577,0.002474069595336914,world,base_footprint,-0.06164711316154138,-0.016626982139609076,1,0,1,1784928593.86561,56.00032186508179,world,workspace,1,0,2,-0.0721911355745298,-0.0005509412263589577,0.0,0.0,0.0,-0.10574687133817579,0.994393080829803,1.5,1,2,1784928593.86561,world,workspace,-0.0721911355745298,-0.0005509412263589577,0.0,0.0,-0.10574687133817579,0.994393080829803,1,1784928593.865948,55.99998378753662,workspace,1,321,,1,1784928649.8644586,0.0014731884002685547,world,pelvis,-0.045456154640294705,-0.019801767553665292,0.7816388589732292,0.010520099566100305,7.610382560970431e-05,0.9798408891214972,0.1995022649468446,capsules,0.05,0.5,0.1,0.5,0.5
505,1784928649.9659812,50.60671551898122,1,1784928649.964794,0.0011873245239257812,17,9.086425416171551e-05,1,0.0006687835557386279,1,0.006503168493509293,1,0.36635127663612366,1,0.6168371438980103,1,0.0007329431246034801,1,0.8178068399429321,1,0.32388344407081604,1,-0.6740282773971558,1,0.00016883912030607462,1,1.0085333585739136,1,-0.1651460975408554,1,-0.026026040315628052,1,0.046995796263217926,1,-0.04531706124544144,1,-0.01795911230146885,1,0.0032465194817632437,1,0,,,,,,,,,,,,,,,,,,,,,,,,,,,,,,,,,,,,,,,,,,,,,,,,,,,,,,,,,,,,,,,,,,,,,,,,,,,,,,,,,,,,,,,,,,,,,,,,,,,,,,,,,,,,,,,,,,,,,1,1784928649.9644573,0.0015239715576171875,world,base_footprint,-0.06264444357201844,-0.01729143883343861,1,0,1,1784928593.86561,56.10037136077881,world,workspace,1,0,2,-0.0721911355745298,-0.0005509412263589577,0.0,0.0,0.0,-0.10574687133817579,0.994393080829803,1.5,1,2,1784928593.86561,world,workspace,-0.0721911355745298,-0.0005509412263589577,0.0,0.0,-0.10574687133817579,0.994393080829803,1,1784928593.865948,56.10003328323364,workspace,1,321,,1,1784928649.9644573,0.0015239715576171875,world,pelvis,-0.04617252452976375,-0.020242127011504726,0.7814770639614466,0.010666683059399598,0.0002710767649152311,0.979478412279285,0.20126646086407163,capsules,0.05,0.5,0.1,0.5,0.5
506,1784928650.0659769,50.706711067818105,1,1784928650.065298,0.0006787776947021484,17,-0.0013042724458500743,1,0.003557806834578514,1,0.004196917172521353,1,0.36571264266967773,1,0.6171761155128479,1,0.0006263439427129924,1,0.8178985714912415,1,0.3252217471599579,1,-0.6734508275985718,1,0.0001604725985089317,1,1.0087084770202637,1,-0.16752931475639343,1,-0.027082078158855438,1,0.0454472079873085,1,-0.04496992379426956,1,-0.01937360130250454,1,0.001955399988219142,1,0,,,,,,,,,,,,,,,,,,,,,,,,,,,,,,,,,,,,,,,,,,,,,,,,,,,,,,,,,,,,,,,,,,,,,,,,,,,,,,,,,,,,,,,,,,,,,,,,,,,,,,,,,,,,,,,,,,,,,1,1784928650.064461,0.0015158653259277344,world,base_footprint,-0.06252587833469296,-0.017802543455706414,1,0,1,1784928593.86561,56.20036697387695,world,workspace,1,0,2,-0.0721911355745298,-0.0005509412263589577,0.0,0.0,0.0,-0.10574687133817579,0.994393080829803,1.5,1,2,1784928593.86561,world,workspace,-0.0721911355745298,-0.0005509412263589577,0.0,0.0,-0.10574687133817579,0.994393080829803,1,1784928593.865948,56.20002889633179,workspace,1,321,,1,1784928650.0644612,0.0015156269073486328,world,pelvis,-0.0472320909778836,-0.020680649272500757,0.7813671132280565,0.00992149253840252,0.00016305035129187618,0.979529678179423,0.20105508440750575,capsules,0.05,0.5,0.1,0.5,0.5
507,1784928650.1660545,50.80678845848888,1,1784928650.1651042,0.0009503364562988281,17,-0.0013162901159375906,1,0.004626299254596233,1,0.00661173090338707,1,0.36638903617858887,1,0.6193320155143738,1,0.0006790545885451138,1,0.8179068565368652,1,0.3250378966331482,1,-0.6718593835830688,1,0.000227789583732374,1,1.0087229013442993,1,-0.16269095242023468,1,-0.028000691905617714,1,0.045175645500421524,1,-0.04108268395066261,1,-0.02049333229660988,1,0.0029700729064643383,1,0,,,,,,,,,,,,,,,,,,,,,,,,,,,,,,,,,,,,,,,,,,,,,,,,,,,,,,,,,,,,,,,,,,,,,,,,,,,,,,,,,,,,,,,,,,,,,,,,,,,,,,,,,,,,,,,,,,,,,1,1784928650.1644588,0.0015957355499267578,world,base_footprint,-0.0645836365706931,-0.017669728569917664,1,0,1,1784928593.86561,56.30044460296631,world,workspace,1,0,2,-0.0721911355745298,-0.0005509412263589577,0.0,0.0,0.0,-0.10574687133817579,0.994393080829803,1.5,1,2,1784928593.86561,world,workspace,-0.0721911355745298,-0.0005509412263589577,0.0,0.0,-0.10574687133817579,0.994393080829803,1,1784928593.865948,56.30010652542114,workspace,1,321,,1,1784928650.1654572,0.0005972385406494141,world,pelvis,-0.04787925816783914,-0.021515470457859245,0.7814842187324292,0.010926902187514093,-0.00025263730878334134,0.9793745439073112,0.20175738333285576,capsules,0.05,0.5,0.1,0.5,0.5
508,1784928650.2665904,50.90732766781002,1,1784928650.2652416,0.001348733901977539,17,-0.001783847576007247,1,0.0012540867319330573,1,0.011322714388370514,1,0.3658004701137543,1,0.6198734641075134,1,0.0007868831162340939,1,0.8178502917289734,1,0.3233656883239746,1,-0.6707775592803955,1,0.000301590480376035,1,1.0086638927459717,1,-0.16017480194568634,1,-0.026978887617588043,1,0.04420323669910431,1,-0.039386335760354996,1,-0.01975429616868496,1,0.003069468541070819,1,0,,,,,,,,,,,,,,,,,,,,,,,,,,,,,,,,,,,,,,,,,,,,,,,,,,,,,,,,,,,,,,,,,,,,,,,,,,,,,,,,,,,,,,,,,,,,,,,,,,,,,,,,,,,,,,,,,,,,,1,1784928650.263459,0.003131389617919922,world,base_footprint,-0.06580695824635172,-0.016488691260594268,1,0,1,1784928593.86561,56.4009804725647,world,workspace,1,0,2,-0.0721911355745298,-0.0005509412263589577,0.0,0.0,0.0,-0.10574687133817579,0.994393080829803,1.5,1,2,1784928593.86561,world,workspace,-0.0721911355745298,-0.0005509412263589577,0.0,0.0,-0.10574687133817579,0.994393080829803,1,1784928593.865948,56.40064239501953,workspace,1,321,,1,1784928650.2644567,0.002133607864379883,world,pelvis,-0.047477059036253474,-0.020984011932042343,0.7814819446720188,0.012128379129758065,-0.00046726823459253064,0.9792746692396832,0.2021727139492147,capsules,0.05,0.5,0.1,0.5,0.5
509,1784928650.3660014,51.0067347837612,1,1784928650.3653846,0.0006167888641357422,17,-0.0010176259092986584,1,-0.00041501529631204903,1,0.008618620224297047,1,0.36490049958229065,1,0.619684100151062,1,0.000703908852301538,1,0.8179605603218079,1,0.3253200352191925,1,-0.6709826588630676,1,0.00026582632563076913,1,1.0088481903076172,1,-0.16372863948345184,1,-0.02375178597867489,1,0.041687365621328354,1,-0.03866678476333618,1,-0.016572559252381325,1,0.0018622096395120025,1,0,,,,,,,,,,,,,,,,,,,,,,,,,,,,,,,,,,,,,,,,,,,,,,,,,,,,,,,,,,,,,,,,,,,,,,,,,,,,,,,,,,,,,,,,,,,,,,,,,,,,,,,,,,,,,,,,,,,,,1,1784928650.364456,0.0015454292297363281,world,base_footprint,-0.06402435341398482,-0.014720448029112234,1,0,1,1784928593.86561,56.500391483306885,world,workspace,1,0,2,-0.0721911355745298,-0.0005509412263589577,0.0,0.0,0.0,-0.10574687133817579,0.994393080829803,1.5,1,2,1784928593.86561,world,workspace,-0.0721911355745298,-0.0005509412263589577,0.0,0.0,-0.10574687133817579,0.994393080829803,1,1784928593.865948,56.50005340576172,workspace,1,321,,1,1784928650.364456,0.0015454292297363281,world,pelvis,-0.04689365095224115,-0.019788695336146783,0.7815273809175052,0.011350958667091645,-0.0009556758924824275,0.9792700069046598,0.2022387104336708,capsules,0.05,0.5,0.1,0.5,0.5
510,1784928650.4659514,51.10668323468417,1,1784928650.4651997,0.0007517337799072266,17,-0.0008216561400331557,1,-0.002459530020132661,1,0.009074483998119831,1,0.36532121896743774,1,0.6194326281547546,1,0.0006353947101160884,1,0.8180318474769592,1,0.32471415400505066,1,-0.6710802912712097,1,0.00021290451695676893,1,1.0088694095611572,1,-0.15920035541057587,1,-0.024487467482686043,1,0.042735565453767776,1,-0.03870299085974693,1,-0.018145600333809853,1,0.0031729931943118572,1,0,,,,,,,,,,,,,,,,,,,,,,,,,,,,,,,,,,,,,,,,,,,,,,,,,,,,,,,,,,,,,,,,,,,,,,,,,,,,,,,,,,,,,,,,,,,,,,,,,,,,,,,,,,,,,,,,,,,,,1,1784928650.4644554,0.0014960765838623047,world,base_footprint,-0.06687238195444534,-0.01450550090781664,1,0,1,1784928593.86561,56.60034155845642,world,workspace,1,0,2,-0.0721911355745298,-0.0005509412263589577,0.0,0.0,0.0,-0.10574687133817579,0.994393080829803,1.5,1,2,1784928593.86561,world,workspace,-0.0721911355745298,-0.0005509412263589577,0.0,0.0,-0.10574687133817579,0.994393080829803,1,1784928593.865948,56.600003480911255,workspace,1,321,,1,1784928650.4644556,0.0014958381652832031,world,pelvis,-0.04704134316245102,-0.019340019668529537,0.7813524364435298,0.013007767201648908,-0.00044847161467481906,0.9790476885300172,0.2032147151405849,capsules,0.05,0.5,0.1,0.5,0.5
511,1784928650.5659637,51.20669724885374,1,1784928650.565199,0.0007648468017578125,17,-0.00137768080458045,1,-0.0035907363053411245,1,0.001038048416376114,1,0.3656582236289978,1,0.6196896433830261,1,0.0006395134842023253,1,0.8180907964706421,1,0.32551518082618713,1,-0.6702525615692139,1,0.0002543862792663276,1,1.0089086294174194,1,-0.1599564105272293,1,-0.024153955280780792,1,0.04197680205106735,1,-0.041802700608968735,1,-0.018024517223238945,1,0.0026482322718948126,1,0,,,,,,,,,,,,,,,,,,,,,,,,,,,,,,,,,,,,,,,,,,,,,,,,,,,,,,,,,,,,,,,,,,,,,,,,,,,,,,,,,,,,,,,,,,,,,,,,,,,,,,,,,,,,,,,,,,,,,1,1784928650.5644577,0.0015060901641845703,world,base_footprint,-0.0642171581568184,-0.015427132302773419,1,0,1,1784928593.86561,56.7003538608551,world,workspace,1,0,2,-0.0721911355745298,-0.0005509412263589577,0.0,0.0,0.0,-0.10574687133817579,0.994393080829803,1.5,1,2,1784928593.86561,world,workspace,-0.0721911355745298,-0.0005509412263589577,0.0,0.0,-0.10574687133817579,0.994393080829803,1,1784928593.865948,56.70001578330994,workspace,1,321,,1,1784928650.564458,0.0015058517456054688,world,pelvis,-0.04725063672977927,-0.018550982225140573,0.7816116124531317,0.010997344906315,0.00025033172559004813,0.9790346565745548,0.20339650185040606,capsules,0.05,0.5,0.1,0.5,0.5
512,1784928650.6660035,51.30674306023866,1,1784928650.665351,0.0006525516510009766,17,-0.004077592398971319,1,-0.002292998367920518,1,0.004280180670320988,1,0.3630000948905945,1,0.6188884973526001,1,0.0004916280158795416,1,0.8179126977920532,1,0.32631298899650574,1,-0.6718332767486572,1,0.0001272553054150194,1,1.0089975595474243,1,-0.16327841579914093,1,-0.026001526042819023,1,0.03631312772631645,1,-0.04181239753961563,1,-0.019401535391807556,1,-0.0018852140055969357,1,0,,,,,,,,,,,,,,,,,,,,,,,,,,,,,,,,,,,,,,,,,,,,,,,,,,,,,,,,,,,,,,,,,,,,,,,,,,,,,,,,,,,,,,,,,,,,,,,,,,,,,,,,,,,,,,,,,,,,,1,1784928650.66446,0.0015435218811035156,world,base_footprint,-0.06378748666912724,-0.015479652094940986,1,0,1,1784928593.86561,56.80039358139038,world,workspace,1,0,2,-0.0721911355745298,-0.0005509412263589577,0.0,0.0,0.0,-0.10574687133817579,0.994393080829803,1.5,1,2,1784928593.86561,world,workspace,-0.0721911355745298,-0.0005509412263589577,0.0,0.0,-0.10574687133817579,0.994393080829803,1,1784928593.865948,56.800055503845215,workspace,1,321,,1,1784928650.66446,0.0015435218811035156,world,pelvis,-0.04658329414520054,-0.018437265593219183,0.7815070617505737,0.011125135439302195,0.00035619836066902785,0.979555454653517,0.20086616375767874,capsules,0.05,0.5,0.1,0.5,0.5
513,1784928650.7659378,51.40667131450027,1,1784928650.7656307,0.0003070831298828125,17,0.0013163199182599783,1,0.00573982298374176,1,0.0058869351632893085,1,0.3655424118041992,1,0.6181294918060303,1,0.00040441370219923556,1,0.8180674910545349,1,0.3252512812614441,1,-0.6722989082336426,1,6.541849870700389e-05,1,1.008971929550171,1,-0.1640428602695465,1,-0.023752735927700996,1,0.04214887320995331,1,-0.04393765702843666,1,-0.01879354938864708,1,0.0034519571345299482,1,0,,,,,,,,,,,,,,,,,,,,,,,,,,,,,,,,,,,,,,,,,,,,,,,,,,,,,,,,,,,,,,,,,,,,,,,,,,,,,,,,,,,,,,,,,,,,,,,,,,,,,,,,,,,,,,,,,,,,,1,1784928650.7644577,0.0014801025390625,world,base_footprint,-0.06308110913335316,-0.01602078354310587,1,0,1,1784928593.86561,56.900327920913696,world,workspace,1,0,2,-0.0721911355745298,-0.0005509412263589577,0.0,0.0,0.0,-0.10574687133817579,0.994393080829803,1.5,1,2,1784928593.86561,world,workspace,-0.0721911355745298,-0.0005509412263589577,0.0,0.0,-0.10574687133817579,0.994393080829803,1,1784928593.865948,56.89998984336853,workspace,1,321,,1,1784928650.764458,0.0014798641204833984,world,pelvis,-0.046569292598412707,-0.020621280012338625,0.7815143378154258,0.010905524065931446,-0.0007224171024868686,0.978884171856691,0.20412331015055016,capsules,0.05,0.5,0.1,0.5,0.5
514,1784928650.8663452,51.50708046276122,1,1784928650.865052,0.001293182373046875,17,0.002050317358225584,1,0.002460349118337035,1,0.0020804160740226507,1,0.36594316363334656,1,0.6206334233283997,1,0.0005590138025581837,1,0.8182198405265808,1,0.32507696747779846,1,-0.6689265370368958,1,0.00024750479497015476,1,1.0090968608856201,1,-0.1636389046907425,1,-0.0232391357421875,1,0.0434291735291481,1,-0.046294793486595154,1,-0.019094284623861313,1,0.004119137767702341,1,0,,,,,,,,,,,,,,,,,,,,,,,,,,,,,,,,,,,,,,,,,,,,,,,,,,,,,,,,,,,,,,,,,,,,,,,,,,,,,,,,,,,,,,,,,,,,,,,,,,,,,,,,,,,,,,,,,,,,,1,1784928650.864454,0.0018911361694335938,world,base_footprint,-0.06150550037650951,-0.01696773719467473,1,0,1,1784928593.86561,57.00073528289795,world,workspace,1,0,2,-0.0721911355745298,-0.0005509412263589577,0.0,0.0,0.0,-0.10574687133817579,0.994393080829803,1.5,1,2,1784928593.86561,world,workspace,-0.0721911355745298,-0.0005509412263589577,0.0,0.0,-0.10574687133817579,0.994393080829803,1,1784928593.865948,57.00039720535278,workspace,1,321,,1,1784928650.864454,0.0018911361694335938,world,pelvis,-0.046374211420583206,-0.020036302859980884,0.7817233969066976,0.009844242429900167,6.131747894505379e-05,0.9787457741486989,0.20484090586895054,capsules,0.05,0.5,0.1,0.5,0.5
515,1784928650.966059,51.606794458813965,1,1784928650.9648848,0.0011742115020751953,17,0.0012974924175068736,1,0.002562048612162471,1,-0.00021399090474005789,1,0.36587464809417725,1,0.6186206936836243,1,0.00045215440331958234,1,0.8182157278060913,1,0.32645362615585327,1,-0.6698487997055054,1,0.0001259030686924234,1,1.0090785026550293,1,-0.16443896293640137,1,-0.02296278066933155,1,0.042443595826625824,1,-0.04482981935143471,1,-0.01885216496884823,1,0.004442944657057524,1,0,,,,,,,,,,,,,,,,,,,,,,,,,,,,,,,,,,,,,,,,,,,,,,,,,,,,,,,,,,,,,,,,,,,,,,,,,,,,,,,,,,,,,,,,,,,,,,,,,,,,,,,,,,,,,,,,,,,,,1,1784928650.9644551,0.001603841781616211,world,base_footprint,-0.06144373604899323,-0.01667208287637514,1,0,1,1784928593.86561,57.100449085235596,world,workspace,1,0,2,-0.0721911355745298,-0.0005509412263589577,0.0,0.0,0.0,-0.10574687133817579,0.994393080829803,1.5,1,2,1784928593.86561,world,workspace,-0.0721911355745298,-0.0005509412263589577,0.0,0.0,-0.10574687133817579,0.994393080829803,1,1784928593.865948,57.10011100769043,workspace,1,321,,1,1784928650.965456,0.0006029605865478516,world,pelvis,-0.047294868527344366,-0.019434020738001358,0.7817550813068749,0.009190961357060691,0.00012757512034774286,0.9786801777341291,0.2051843553105722,capsules,0.05,0.5,0.1,0.5,0.5
516,1784928651.0659595,51.70669283717871,1,1784928651.0648782,0.001081228256225586,17,0.00022825459018349648,1,0.0030544770415872335,1,-0.0009207450202666223,1,0.36663439869880676,1,0.617590069770813,1,0.00036195508437231183,1,0.8182926177978516,1,0.32705724239349365,1,-0.6703527569770813,1,8.529077604180202e-05,1,1.0092664957046509,1,-0.16631628572940826,1,-0.024649936705827713,1,0.041239283978939056,1,-0.046525485813617706,1,-0.020897185429930687,1,0.003843473270535469,1,0,,,,,,,,,,,,,,,,,,,,,,,,,,,,,,,,,,,,,,,,,,,,,,,,,,,,,,,,,,,,,,,,,,,,,,,,,,,,,,,,,,,,,,,,,,,,,,,,,,,,,,,,,,,,,,,,,,,,,1,1784928651.064455,0.0015044212341308594,world,base_footprint,-0.06119659411528087,-0.017738549383682765,1,0,1,1784928593.86561,57.20034956932068,world,workspace,1,0,2,-0.0721911355745298,-0.0005509412263589577,0.0,0.0,0.0,-0.10574687133817579,0.994393080829803,1.5,1,2,1784928593.86561,world,workspace,-0.0721911355745298,-0.0005509412263589577,0.0,0.0,-0.10574687133817579,0.994393080829803,1,1784928593.865948,57.20001149177551,workspace,1,321,,1,1784928651.0644553,0.0015041828155517578,world,pelvis,-0.0479347375587936,-0.01982010084056105,0.7816319602558844,0.008548422430369032,0.0004348084592472253,0.9787170477148035,0.205035791821757,capsules,0.05,0.5,0.1,0.5,0.5
517,1784928651.165945,51.806679010391235,1,1784928651.165431,0.0005140304565429688,17,0.00029575653024949133,1,0.002097474643960595,1,0.005134878680109978,1,0.36563292145729065,1,0.6182965636253357,1,0.00045126446639187634,1,0.8183108568191528,1,0.32347962260246277,1,-0.6689199805259705,1,0.00018912754603661597,1,1.00920569896698,1,-0.16323810815811157,1,-0.02432922087609768,1,0.041937049478292465,1,-0.04569203779101372,1,-0.02136879973113537,1,0.004279907327145338,1,0,,,,,,,,,,,,,,,,,,,,,,,,,,,,,,,,,,,,,,,,,,,,,,,,,,,,,,,,,,,,,,,,,,,,,,,,,,,,,,,,,,,,,,,,,,,,,,,,,,,,,,,,,,,,,,,,,,,,,1,1784928651.164457,0.0014879703521728516,world,base_footprint,-0.062468148372793485,-0.017443519809187378,1,0,1,1784928593.86561,57.3003351688385,world,workspace,1,0,2,-0.0721911355745298,-0.0005509412263589577,0.0,0.0,0.0,-0.10574687133817579,0.994393080829803,1.5,1,2,1784928593.86561,world,workspace,-0.0721911355745298,-0.0005509412263589577,0.0,0.0,-0.10574687133817579,0.994393080829803,1,1784928593.865948,57.299997091293335,workspace,1,321,,1,1784928651.165457,0.00048804283142089844,world,pelvis,-0.04764847476991754,-0.020291989184338756,0.7816391010795621,0.009620842570461061,0.00016695318686552244,0.9785563466120473,0.20575443621013545,capsules,0.05,0.5,0.1,0.5,0.5
518,1784928651.26596,51.90669354517013,1,1784928651.264924,0.001035928726196289,17,0.0009610545821487904,1,0.0032313265837728977,1,0.007796887308359146,1,0.3642803132534027,1,0.6181147694587708,1,0.00037874982808716595,1,0.8182395696640015,1,0.32261931896209717,1,-0.6700603365898132,1,9.930702799465507e-05,1,1.009230375289917,1,-0.16419653594493866,1,-0.023913031443953514,1,0.04296395555138588,1,-0.04488500952720642,1,-0.021885644644498825,1,0.004160289186984301,1,0,,,,,,,,,,,,,,,,,,,,,,,,,,,,,,,,,,,,,,,,,,,,,,,,,,,,,,,,,,,,,,,,,,,,,,,,,,,,,,,,,,,,,,,,,,,,,,,,,,,,,,,,,,,,,,,,,,,,,1,1784928651.2644606,0.0014994144439697266,world,base_footprint,-0.06270766843484966,-0.01742444576827265,1,0,1,1784928593.86561,57.40035009384155,world,workspace,1,0,2,-0.0721911355745298,-0.0005509412263589577,0.0,0.0,0.0,-0.10574687133817579,0.994393080829803,1.5,1,2,1784928593.86561,world,workspace,-0.0721911355745298,-0.0005509412263589577,0.0,0.0,-0.10574687133817579,0.994393080829803,1,1784928593.865948,57.40001201629639,workspace,1,321,,1,1784928651.2644606,0.0014994144439697266,world,pelvis,-0.04802000419298561,-0.02088318090907547,0.7815907130887753,0.009618644708767434,-0.0002266824776813973,0.9784605182441234,0.2062097100683244,capsules,0.05,0.5,0.1,0.5,0.5
519,1784928651.366042,52.00677559617907,1,1784928651.3656452,0.000396728515625,17,-0.0005125283496454358,1,0.0006713817128911614,1,0.0068505555391311646,1,0.36459553241729736,1,0.6189687252044678,1,0.00040403337334282696,1,0.8182750344276428,1,0.32120823860168457,1,-0.6697845458984375,1,0.00016045954544097185,1,1.0092778205871582,1,-0.1629466563463211,1,-0.02549070492386818,1,0.042639438062906265,1,-0.046148866415023804,1,-0.024036474525928497,1,0.0033113565295934677,1,0,,,,,,,,,,,,,,,,,,,,,,,,,,,,,,,,,,,,,,,,,,,,,,,,,,,,,,,,,,,,,,,,,,,,,,,,,,,,,,,,,,,,,,,,,,,,,,,,,,,,,,,,,,,,,,,,,,,,,1,1784928651.3644583,0.0015835762023925781,world,base_footprint,-0.06332552814666256,-0.01832625635536016,1,0,1,1784928593.86561,57.50043201446533,world,workspace,1,0,2,-0.0721911355745298,-0.0005509412263589577,0.0,0.0,0.0,-0.10574687133817579,0.994393080829803,1.5,1,2,1784928593.86561,world,workspace,-0.0721911355745298,-0.0005509412263589577,0.0,0.0,-0.10574687133817579,0.994393080829803,1,1784928593.865948,57.500093936920166,workspace,1,321,,1,1784928651.3644583,0.0015835762023925781,world,pelvis,-0.04872506643006043,-0.020739869853016152,0.7815483032162532,0.009426864574698138,0.00041240917774748966,0.9784952366523685,0.20605347847485114,capsules,0.05,0.5,0.1,0.5,0.5
520,1784928651.465987,52.10672412998974,1,1784928651.4652777,0.0007092952728271484,17,-0.001194978249259293,1,0.00032259064028039575,1,0.007401400711387396,1,0.3632906377315521,1,0.6177510619163513,1,0.00033145552151836455,1,0.8182632923126221,1,0.3204648792743683,1,-0.6704719066619873,1,7.397005538223311e-05,1,1.009255051612854,1,-0.16539590060710907,1,-0.02659214846789837,1,0.040709659457206726,1,-0.047612264752388,1,-0.025100572034716606,1,0.002218950306996703,1,0,,,,,,,,,,,,,,,,,,,,,,,,,,,,,,,,,,,,,,,,,,,,,,,,,,,,,,,,,,,,,,,,,,,,,,,,,,,,,,,,,,,,,,,,,,,,,,,,,,,,,,,,,,,,,,,,,,,,,1,1784928651.4644635,0.0015234947204589844,world,base_footprint,-0.0626570804789732,-0.01895414970000281,1,0,1,1784928593.86561,57.60037708282471,world,workspace,1,0,2,-0.0721911355745298,-0.0005509412263589577,0.0,0.0,0.0,-0.10574687133817579,0.994393080829803,1.5,1,2,1784928593.86561,world,workspace,-0.0721911355745298,-0.0005509412263589577,0.0,0.0,-0.10574687133817579,0.994393080829803,1,1784928593.865948,57.60003900527954,workspace,1,321,,1,1784928651.4644635,0.0015234947204589844,world,pelvis,-0.048904075960790966,-0.020824811959270356,0.7814794326865742,0.008827075398004423,0.0006349151598200768,0.9786149461182623,0.20551025973563555,capsules,0.05,0.5,0.1,0.5,0.5
521,1784928651.5659583,52.206691849045455,1,1784928651.5650191,0.0009391307830810547,17,-0.0006247175624594092,1,0.0009729648008942604,1,0.007069635670632124,1,0.3638528883457184,1,0.6187801361083984,1,0.00033740460639819503,1,0.8183050751686096,1,0.3221471607685089,1,-0.6701492667198181,1,0.00013504602247849107,1,1.0093133449554443,1,-0.16529780626296997,1,-0.026840463280677795,1,0.03831648826599121,1,-0.04668186232447624,1,-0.025169258937239647,1,0.0013778969878330827,1,0,,,,,,,,,,,,,,,,,,,,,,,,,,,,,,,,,,,,,,,,,,,,,,,,,,,,,,,,,,,,,,,,,,,,,,,,,,,,,,,,,,,,,,,,,,,,,,,,,,,,,,,,,,,,,,,,,,,,,1,1784928651.5644581,0.0015001296997070312,world,base_footprint,-0.06178440540677754,-0.019057170968339646,1,0,1,1784928593.86561,57.70034837722778,world,workspace,1,0,2,-0.0721911355745298,-0.0005509412263589577,0.0,0.0,0.0,-0.10574687133817579,0.994393080829803,1.5,1,2,1784928593.86561,world,workspace,-0.0721911355745298,-0.0005509412263589577,0.0,0.0,-0.10574687133817579,0.994393080829803,1,1784928593.865948,57.70001029968262,workspace,1,321,,1,1784928651.5644584,0.0014998912811279297,world,pelvis,-0.0486184827506837,-0.021263228907846505,0.7816528736810959,0.008504779395095603,0.0003457536604014349,0.9786887970070224,0.20517258051405032,capsules,0.05,0.5,0.1,0.5,0.5
522,1784928651.6659687,52.306704440154135,1,1784928651.664983,0.0009856224060058594,17,0.0030634633731096983,1,0.0009404958109371364,1,0.012383528985083103,1,0.364265501499176,1,0.6186272501945496,1,0.0003087288059759885,1,0.8183092474937439,1,0.32010939717292786,1,-0.6705275774002075,1,6.747796578565612e-05,1,1.0091278553009033,1,-0.16267260909080505,1,-0.024871813133358955,1,0.04317707568407059,1,-0.04793010279536247,1,-0.02421850524842739,1,0.007181174121797085,1,0,,,,,,,,,,,,,,,,,,,,,,,,,,,,,,,,,,,,,,,,,,,,,,,,,,,,,,,,,,,,,,,,,,,,,,,,,,,,,,,,,,,,,,,,,,,,,,,,,,,,,,,,,,,,,,,,,,,,,1,1784928651.6644537,0.0015149116516113281,world,base_footprint,-0.06339379757876795,-0.018540006547888753,1,0,1,1784928593.86561,57.80035877227783,world,workspace,1,0,2,-0.0721911355745298,-0.0005509412263589577,0.0,0.0,0.0,-0.10574687133817579,0.994393080829803,1.5,1,2,1784928593.86561,world,workspace,-0.0721911355745298,-0.0005509412263589577,0.0,0.0,-0.10574687133817579,0.994393080829803,1,1784928593.865948,57.800020694732666,workspace,1,321,,1,1784928651.664454,0.0015146732330322266,world,pelvis,-0.047851059394924414,-0.021817368857721776,0.7815697279275331,0.010128318514833336,2.1091918906589792e-05,0.9780017012820685,0.20835087954835418,capsules,0.05,0.5,0.1,0.5,0.5
523,1784928651.7660108,52.406744834035635,1,1784928651.7648776,0.0011332035064697266,17,0.0010747268097475171,1,0.0023869764991104603,1,0.008626255206763744,1,0.3650173246860504,1,0.619266152381897,1,0.0003541413461789489,1,0.8184424638748169,1,0.3227419853210449,1,-0.6702488660812378,1,0.0001583098783157766,1,1.0091606378555298,1,-0.16515927016735077,1,-0.021305715665221214,1,0.04266810417175293,1,-0.04741417616605759,1,-0.02136986330151558,1,0.006699554622173309,1,0,,,,,,,,,,,,,,,,,,,,,,,,,,,,,,,,,,,,,,,,,,,,,,,,,,,,,,,,,,,,,,,,,,,,,,,,,,,,,,,,,,,,,,,,,,,,,,,,,,,,,,,,,,,,,,,,,,,,,1,1784928651.7644563,0.0015544891357421875,world,base_footprint,-0.061217486793203296,-0.01731415108795275,1,0,1,1784928593.86561,57.9004008769989,world,workspace,1,0,2,-0.0721911355745298,-0.0005509412263589577,0.0,0.0,0.0,-0.10574687133817579,0.994393080829803,1.5,1,2,1784928593.86561,world,workspace,-0.0721911355745298,-0.0005509412263589577,0.0,0.0,-0.10574687133817579,0.994393080829803,1,1784928593.865948,57.900062799453735,workspace,1,321,,1,1784928651.765457,0.0005538463592529297,world,pelvis,-0.046929988924751795,-0.02192679551681595,0.7817337809691506,0.009488364041398651,-0.000985732727930553,0.977837795863922,0.2091464660442385,capsules,0.05,0.5,0.1,0.5,0.5
524,1784928651.8660233,52.50675649475306,1,1784928651.865561,0.0004622936248779297,17,-0.0007661108393222094,1,0.001063172472640872,1,0.010222721844911575,1,0.36522138118743896,1,0.6190139651298523,1,0.0003256901982240379,1,0.8183811902999878,1,0.3251410126686096,1,-0.670602560043335,1,0.00010354472760809585,1,1.0092686414718628,1,-0.1573256552219391,1,-0.021658383309841156,1,0.042217519134283066,1,-0.04004419595003128,1,-0.022051770240068436,1,0.007090385537594557,1,0,,,,,,,,,,,,,,,,,,,,,,,,,,,,,,,,,,,,,,,,,,,,,,,,,,,,,,,,,,,,,,,,,,,,,,,,,,,,,,,,,,,,,,,,,,,,,,,,,,,,,,,,,,,,,,,,,,,,,1,1784928651.8644552,0.0015680789947509766,world,base_footprint,-0.06689467246533454,-0.015069472389515799,1,0,1,1784928593.86561,58.00041341781616,world,workspace,1,0,2,-0.0721911355745298,-0.0005509412263589577,0.0,0.0,0.0,-0.10574687133817579,0.994393080829803,1.5,1,2,1784928593.86561,world,workspace,-0.0721911355745298,-0.0005509412263589577,0.0,0.0,-0.10574687133817579,0.994393080829803,1,1784928593.865948,58.000075340270996,workspace,1,321,,1,1784928651.8644555,0.001567840576171875,world,pelvis,-0.047047360906103564,-0.021813129068479663,0.781553786572647,0.013275748276033904,-0.0015521737085044229,0.9777034243048256,0.2095646901725294,capsules,0.05,0.5,0.1,0.5,0.5
525,1784928651.9659803,52.60671330243349,1,1784928651.965659,0.00032138824462890625,17,-0.002047026064246893,1,0.0020290259271860123,1,-0.002339127939194441,1,0.36547112464904785,1,0.6176123023033142,1,0.0002341608633287251,1,0.8184233903884888,1,0.3259181082248688,1,-0.6708588004112244,1,4.4462001824285835e-05,1,1.0094280242919922,1,-0.161969393491745,1,-0.02291802689433098,1,0.041962165385484695,1,-0.04486045613884926,1,-0.02371121384203434,1,0.006957618985325098,1,0,,,,,,,,,,,,,,,,,,,,,,,,,,,,,,,,,,,,,,,,,,,,,,,,,,,,,,,,,,,,,,,,,,,,,,,,,,,,,,,,,,,,,,,,,,,,,,,,,,,,,,,,,,,,,,,,,,,,,1,1784928651.9644566,0.001523733139038086,world,base_footprint,-0.0635659391558009,-0.01744572790619582,1,0,1,1784928593.86561,58.10037040710449,world,workspace,1,0,2,-0.0721911355745298,-0.0005509412263589577,0.0,0.0,0.0,-0.10574687133817579,0.994393080829803,1.5,1,2,1784928593.86561,world,workspace,-0.0721911355745298,-0.0005509412263589577,0.0,0.0,-0.10574687133817579,0.994393080829803,1,1784928593.865948,58.100032329559326,workspace,1,321,,1,1784928651.9654605,0.0005197525024414062,world,pelvis,-0.04767027394174164,-0.022428438027352973,0.7816821427633511,0.010576398161586774,-0.000980932596503452,0.9777082064311391,0.20969940546022983,capsules,0.05,0.5,0.1,0.5,0.5
526,1784928652.0659642,52.7067000977695,1,1784928652.0647438,0.0012204647064208984,17,-0.003979106899350882,1,-0.0009967602090910077,1,-0.0053786542266607285,1,0.36573275923728943,1,0.6189069747924805,1,0.00028329010820016265,1,0.8183912634849548,1,0.3270401358604431,1,-0.6697990894317627,1,0.00012456982221920043,1,1.0094904899597168,1,-0.16207025945186615,1,-0.024999523535370827,1,0.038544248789548874,1,-0.045517027378082275,1,-0.02564897947013378,1,0.004010470118373632,1,0,,,,,,,,,,,,,,,,,,,,,,,,,,,,,,,,,,,,,,,,,,,,,,,,,,,,,,,,,,,,,,,,,,,,,,,,,,,,,,,,,,,,,,,,,,,,,,,,,,,,,,,,,,,,,,,,,,,,,1,1784928652.0644538,0.0015103816986083984,world,base_footprint,-0.06321591739055465,-0.018273949065459573,1,0,1,1784928593.86561,58.20035433769226,world,workspace,1,0,2,-0.0721911355745298,-0.0005509412263589577,0.0,0.0,0.0,-0.10574687133817579,0.994393080829803,1.5,1,2,1784928593.86561,world,workspace,-0.0721911355745298,-0.0005509412263589577,0.0,0.0,-0.10574687133817579,0.994393080829803,1,1784928593.865948,58.200016260147095,workspace,1,321,,1,1784928652.064454,0.0015101432800292969,world,pelvis,-0.04752149060631916,-0.02230978515122602,0.7817210595346765,0.01032362500530145,-0.00043368203279635316,0.9780383815989466,0.20816858265828098,capsules,0.05,0.5,0.1,0.5,0.5
527,1784928652.1659565,52.80668969731778,1,1784928652.1648495,0.0011069774627685547,17,-0.001972994999960065,1,-0.0014221258461475372,1,-0.0031192500609904528,1,0.3659878075122833,1,0.6184927225112915,1,0.00025443139020353556,1,0.8184418678283691,1,0.32792261242866516,1,-0.6705570816993713,1,0.0001006984748528339,1,1.0095323324203491,1,-0.16102337837219238,1,-0.02446111850440502,1,0.03783442825078964,1,-0.04340408369898796,1,-0.02537381276488304,1,0.004046663176268339,1,0,,,,,,,,,,,,,,,,,,,,,,,,,,,,,,,,,,,,,,,,,,,,,,,,,,,,,,,,,,,,,,,,,,,,,,,,,,,,,,,,,,,,,,,,,,,,,,,,,,,,,,,,,,,,,,,,,,,,,1,1784928652.1644552,0.001501321792602539,world,base_footprint,-0.06471768544228033,-0.017216180549191502,1,0,1,1784928593.86561,58.3003466129303,world,workspace,1,0,2,-0.0721911355745298,-0.0005509412263589577,0.0,0.0,0.0,-0.10574687133817579,0.994393080829803,1.5,1,2,1784928593.86561,world,workspace,-0.0721911355745298,-0.0005509412263589577,0.0,0.0,-0.10574687133817579,0.994393080829803,1,1784928593.865948,58.30000853538513,workspace,1,321,,1,1784928652.1644552,0.001501321792602539,world,pelvis,-0.04725316279251571,-0.022203056489144748,0.7815918910633579,0.011553975051883278,-0.000791536063020934,0.9780193459191916,0.20819231047029121,capsules,0.05,0.5,0.1,0.5,0.5
528,1784928652.1930332,52.83376622758806,1,1784928652.1923735,0.0006597042083740234,17,-0.0005276623414829373,1,-0.00025510130217298865,1,-0.0029364307411015034,1,0.3661181628704071,1,0.6181116104125977,1,0.00020882367971353233,1,0.8184038400650024,1,0.3275836110115051,1,-0.6713137030601501,1,6.055892299627885e-05,1,1.0094857215881348,1,-0.1620466709136963,1,-0.023657966405153275,1,0.03899948298931122,1,-0.044256046414375305,1,-0.024842428043484688,1,0.005317349918186665,1,0,,,,,,,,,,,,,,,,,,,,,,,,,,,,,,,,,,,,,,,,,,,,,,,,,,,,,,,,,,,,,,,,,,,,,,,,,,,,,,,,,,,,,,,,,,,,,,,,,,,,,,,,,,,,,,,,,,,,,1,1784928652.1914566,0.0015766620635986328,world,base_footprint,-0.06445949041234104,-0.017152247933966545,1,0,1,1784928593.86561,58.327423334121704,world,workspace,1,0,2,-0.0721911355745298,-0.0005509412263589577,0.0,0.0,0.0,-0.10574687133817579,0.994393080829803,1.5,1,2,1784928593.86561,world,workspace,-0.0721911355745298,-0.0005509412263589577,0.0,0.0,-0.10574687133817579,0.994393080829803,1,1784928593.865948,58.32708525657654,workspace,1,321,,1,1784928652.1914568,0.0015764236450195312,world,pelvis,-0.04728121779775856,-0.022445005485873745,0.7815514320631096,0.011416828283175156,-0.0010115043893705526,0.9778599474019241,0.20894629969905923,capsules,0.05,0.5,0.1,0.5,0.5
