sample_index,ros_time_sec,elapsed_sec,joint_state_valid,joint_state_stamp_sec,joint_state_age_sec,joint_state_observed_count,joint__waist_yaw_joint,joint__waist_yaw_joint__observed,joint__waist_roll_joint,joint__waist_roll_joint__observed,joint__waist_pitch_joint,joint__waist_pitch_joint__observed,joint__left_shoulder_pitch_joint,joint__left_shoulder_pitch_joint__observed,joint__left_shoulder_roll_joint,joint__left_shoulder_roll_joint__observed,joint__left_shoulder_yaw_joint,joint__left_shoulder_yaw_joint__observed,joint__left_elbow_joint,joint__left_elbow_joint__observed,joint__right_shoulder_pitch_joint,joint__right_shoulder_pitch_joint__observed,joint__right_shoulder_roll_joint,joint__right_shoulder_roll_joint__observed,joint__right_shoulder_yaw_joint,joint__right_shoulder_yaw_joint__observed,joint__right_elbow_joint,joint__right_elbow_joint__observed,joint__left_hip_pitch_joint,joint__left_hip_pitch_joint__observed,joint__left_hip_roll_joint,joint__left_hip_roll_joint__observed,joint__left_hip_yaw_joint,joint__left_hip_yaw_joint__observed,joint__right_hip_pitch_joint,joint__right_hip_pitch_joint__observed,joint__right_hip_roll_joint,joint__right_hip_roll_joint__observed,joint__right_hip_yaw_joint,joint__right_hip_yaw_joint__observed,human_valid,human_stamp_sec,human_age_sec,human_source_frame,human_frame_id,human_received_count,human_used_count,human_00_present,human_00_fresh,human_00_name,human_00_a_x_m,human_00_a_y_m,human_00_a_z_m,human_00_b_x_m,human_00_b_y_m,human_00_b_z_m,human_00_radius_m,human_01_present,human_01_fresh,human_01_name,human_01_a_x_m,human_01_a_y_m,human_01_a_z_m,human_01_b_x_m,human_01_b_y_m,human_01_b_z_m,human_01_radius_m,human_02_present,human_02_fresh,human_02_name,human_02_a_x_m,human_02_a_y_m,human_02_a_z_m,human_02_b_x_m,human_02_b_y_m,human_02_b_z_m,human_02_radius_m,human_03_present,human_03_fresh,human_03_name,human_03_a_x_m,human_03_a_y_m,human_03_a_z_m,human_03_b_x_m,human_03_b_y_m,human_03_b_z_m,human_03_radius_m,human_04_present,human_04_fresh,human_04_name,human_04_a_x_m,human_04_a_y_m,human_04_a_z_m,human_04_b_x_m,human_04_b_y_m,human_04_b_z_m,human_04_radius_m,human_05_present,human_05_fresh,human_05_name,human_05_a_x_m,human_05_a_y_m,human_05_a_z_m,human_05_b_x_m,human_05_b_y_m,human_05_b_z_m,human_05_radius_m,human_06_present,human_06_fresh,human_06_name,human_06_a_x_m,human_06_a_y_m,human_06_a_z_m,human_06_b_x_m,human_06_b_y_m,human_06_b_z_m,human_06_radius_m,human_07_present,human_07_fresh,human_07_name,human_07_a_x_m,human_07_a_y_m,human_07_a_z_m,human_07_b_x_m,human_07_b_y_m,human_07_b_z_m,human_07_radius_m,human_08_present,human_08_fresh,human_08_name,human_08_a_x_m,human_08_a_y_m,human_08_a_z_m,human_08_b_x_m,human_08_b_y_m,human_08_b_z_m,human_08_radius_m,human_09_present,human_09_fresh,human_09_name,human_09_a_x_m,human_09_a_y_m,human_09_a_z_m,human_09_b_x_m,human_09_b_y_m,human_09_b_z_m,human_09_radius_m,human_10_present,human_10_fresh,human_10_name,human_10_a_x_m,human_10_a_y_m,human_10_a_z_m,human_10_b_x_m,human_10_b_y_m,human_10_b_z_m,human_10_radius_m,odom_valid,odom_stamp_sec,odom_age_sec,odom_frame_id,odom_child_frame_id,odom_x_m,odom_y_m,cbf_enabled,external_enabled,workspace_valid,workspace_stamp_sec,workspace_age_sec,workspace_frame_id,workspace_child_frame_id,workspace_enabled,workspace_capture_pending,workspace_generation,workspace_center_x_m,workspace_center_y_m,workspace_center_z_m,workspace_qx,workspace_qy,workspace_qz,workspace_qw,workspace_radius_m,workspace_activation_valid,workspace_activation_generation,workspace_activation_stamp_sec,workspace_activation_frame_id,workspace_activation_child_frame_id,workspace_activation_center_x_m,workspace_activation_center_y_m,workspace_activation_qx,workspace_activation_qy,workspace_activation_qz,workspace_activation_qw,workspace_path_valid,workspace_path_stamp_sec,workspace_path_age_sec,workspace_path_frame_id,workspace_path_sequence,workspace_path_point_count,workspace_path_xy_json,tf_valid,tf_stamp_sec,tf_age_sec,tf_world_frame,tf_pelvis_frame,tf_world_pelvis_tx_m,tf_world_pelvis_ty_m,tf_world_pelvis_tz_m,tf_world_pelvis_qx,tf_world_pelvis_qy,tf_world_pelvis_qz,tf_world_pelvis_qw,collision_geometry,internal_margin_phi_m,external_margin_phi_m,external_torso_margin_phi_m,human_timeout_sec,tf_stale_timeout_sec
0,1784929571.135614,0.10625987779349089,1,1784929571.13512,0.0004940032958984375,17,-0.05295293778181076,1,0.0998813658952713,1,0.0008023096597753465,1,-0.5760510563850403,1,0.3000141382217407,1,-0.8837381601333618,1,0.4848025441169739,1,-0.1658114790916443,1,-0.5928627252578735,1,0.6447893977165222,1,0.3122941553592682,1,-0.0645015761256218,1,-0.014690699987113476,1,-0.03422575071454048,1,-0.09278810024261475,1,-0.026568137109279633,1,0.02977450005710125,1,0,,,,,,,,,,,,,,,,,,,,,,,,,,,,,,,,,,,,,,,,,,,,,,,,,,,,,,,,,,,,,,,,,,,,,,,,,,,,,,,,,,,,,,,,,,,,,,,,,,,,,,,,,,,,,,,,,,,,,1,1784929571.1334565,0.002157449722290039,world,base_footprint,0.5173009922823159,-0.06371629148464368,1,0,1,1784929567.4354498,3.7001640796661377,world,workspace,1,0,3,0.47418051624239393,-0.07498176989329002,0.0,0.0,0.0,0.18733963242682541,0.9822952011092093,1.5,1,3,1784929567.4354498,world,workspace,0.47418051624239393,-0.07498176989329002,0.0,0.0,0.18733963242682541,0.9822952011092093,1,1784929567.435601,3.7000129222869873,workspace,1,321,"[[0.0,0.0],[0.05,0.0],[0.1,0.0],[0.15,0.0],[0.2,0.0],[0.25,0.0],[0.3,0.0],[0.35,0.0],[0.4,0.0],[0.45,0.0],[0.5,0.0],[0.55,0.0],[0.6,0.0],[0.65,0.0],[0.7,0.0],[0.75,0.0],[0.8,0.0],[0.85,0.0],[0.9,0.0],[0.95,0.0],[1.0,0.0],[1.0,0.05],[1.0,0.1],[1.0,0.15],[1.0,0.2],[1.0,0.25],[1.0,0.3],[1.0,0.35000000000000003],[1.0,0.4],[1.0,0.44999999999999996],[1.0,0.5],[1.0,0.55],[1.0,0.6],[1.0,0.65],[1.0,0.7000000000000001],[1.0,0.75],[1.0,0.8],[1.0,0.8500000000000001],[1.0,0.8999999999999999],[1.0,0.95],[1.0,1.0],[1.0,1.05],[1.0,1.1],[1.0,1.1500000000000001],[1.0,1.2],[1.0,1.25],[1.0,1.3],[1.0,1.35],[1.0,1.4000000000000001],[1.0,1.45],[1.0,1.5],[1.0,1.55],[1.0,1.6],[1.0,1.6500000000000001],[1.0,1.7000000000000002],[1.0,1.75],[1.0,1.7999999999999998],[1.0,1.85],[1.0,1.9],[1.0,1.9500000000000002],[1.0,2.0],[1.0,2.05],[1.0,2.1],[1.0,2.15],[1.0,2.2],[1.0,2.25],[1.0,2.3000000000000003],[1.0,2.3499999999999996],[1.0,2.4],[1.0,2.45],[1.0,2.5],[0.95,2.5],[0.9,2.5],[0.85,2.5],[0.8,2.5],[0.75,2.5],[0.7,2.5],[0.65,2.5],[0.6,2.5],[0.55,2.5],[0.5,2.5],[0.44999999999999996,2.5],[0.4,2.5],[0.35,2.5],[0.30000000000000004,2.5],[0.25,2.5],[0.19999999999999996,2.5],[0.15000000000000002,2.5],[0.09999999999999998,2.5],[0.050000000000000044,2.5],[0.0,2.5],[-0.050000000000000044,2.5],[-0.10000000000000009,2.5],[-0.1499999999999999,2.5],[-0.19999999999999996,2.5],[-0.25,2.5],[-0.30000000000000004,2.5],[-0.3500000000000001,2.5],[-0.3999999999999999,2.5],[-0.44999999999999996,2.5],[-0.5,2.5],[-0.55,2.5],[-0.6000000000000001,2.5],[-0.6499999999999999,2.5],[-0.7,2.5],[-0.75,2.5],[-0.8,2.5],[-0.8500000000000001,2.5],[-0.8999999999999999,2.5],[-0.95,2.5],[-1.0,2.5],[-1.0,2.45],[-1.0,2.4],[-1.0,2.35],[-1.0,2.3],[-1.0,2.25],[-1.0,2.2],[-1.0,2.15],[-1.0,2.1],[-1.0,2.05],[-1.0,2.0],[-1.0,1.95],[-1.0,1.9],[-1.0,1.85],[-1.0,1.7999999999999998],[-1.0,1.75],[-1.0,1.7],[-1.0,1.65],[-1.0,1.6],[-1.0,1.55],[-1.0,1.5],[-1.0,1.45],[-1.0,1.4],[-1.0,1.3499999999999999],[-1.0,1.3],[-1.0,1.25],[-1.0,1.2],[-1.0,1.15],[-1.0,1.0999999999999999],[-1.0,1.05],[-1.0,1.0],[-1.0,0.95],[-1.0,0.8999999999999999],[-1.0,0.8499999999999999],[-1.0,0.7999999999999998],[-1.0,0.75],[-1.0,0.7000000000000002],[-1.0,0.6499999999999999],[-1.0,0.6000000000000001],[-1.0,0.5499999999999998],[-1.0,0.5],[-1.0,0.4500000000000002],[-1.0,0.3999999999999999],[-1.0,0.3500000000000001],[-1.0,0.2999999999999998],[-1.0,0.25],[-1.0,0.19999999999999973],[-1.0,0.15000000000000036],[-1.0,0.10000000000000009],[-1.0,0.04999999999999982],[-1.0,0.0],[-1.0,-0.04999999999999982],[-1.0,-0.10000000000000009],[-1.0,-0.15000000000000036],[-1.0,-0.20000000000000018],[-1.0,-0.25],[-1.0,-0.30000000000000027],[-1.0,-0.34999999999999964],[-1.0,-0.3999999999999999],[-1.0,-0.44999999999999973],[-1.0,-0.5],[-1.0,-0.5499999999999998],[-1.0,-0.6000000000000001],[-1.0,-0.6499999999999999],[-1.0,-0.7000000000000002],[-1.0,-0.75],[-1.0,-0.8000000000000003],[-1.0,-0.8500000000000001],[-1.0,-0.9000000000000004],[-1.0,-0.9499999999999997],[-1.0,-1.0],[-1.0,-1.0499999999999998],[-1.0,-1.0999999999999996],[-1.0,-1.15],[-1.0,-1.2000000000000002],[-1.0,-1.25],[-1.0,-1.2999999999999998],[-1.0,-1.35],[-1.0,-1.4000000000000004],[-1.0,-1.4500000000000002],[-1.0,-1.5],[-1.0,-1.5500000000000007],[-1.0,-1.5999999999999996],[-1.0,-1.6499999999999995],[-1.0,-1.7000000000000002],[-1.0,-1.75],[-1.0,-1.7999999999999998],[-1.0,-1.8499999999999996],[-1.0,-1.9000000000000004],[-1.0,-1.9500000000000002],[-1.0,-2.0],[-1.0,-2.05],[-1.0,-2.1000000000000005],[-1.0,-2.1500000000000004],[-1.0,-2.1999999999999993],[-1.0,-2.25],[-1.0,-2.3],[-1.0,-2.3499999999999996],[-1.0,-2.4000000000000004],[-1.0,-2.45],[-1.0,-2.5],[-0.95,-2.5],[-0.9,-2.5],[-0.85,-2.5],[-0.8,-2.5],[-0.75,-2.5],[-0.7,-2.5],[-0.65,-2.5],[-0.6,-2.5],[-0.55,-2.5],[-0.5,-2.5],[-0.44999999999999996,-2.5],[-0.4,-2.5],[-0.35,-2.5],[-0.30000000000000004,-2.5],[-0.25,-2.5],[-0.19999999999999996,-2.5],[-0.15000000000000002,-2.5],[-0.09999999999999998,-2.5],[-0.050000000000000044,-2.5],[0.0,-2.5],[0.050000000000000044,-2.5],[0.10000000000000009,-2.5],[0.1499999999999999,-2.5],[0.19999999999999996,-2.5],[0.25,-2.5],[0.30000000000000004,-2.5],[0.3500000000000001,-2.5],[0.3999999999999999,-2.5],[0.44999999999999996,-2.5],[0.5,-2.5],[0.55,-2.5],[0.6000000000000001,-2.5],[0.6499999999999999,-2.5],[0.7,-2.5],[0.75,-2.5],[0.8,-2.5],[0.8500000000000001,-2.5],[0.8999999999999999,-2.5],[0.95,-2.5],[1.0,-2.5],[1.0,-2.45],[1.0,-2.4],[1.0,-2.35],[1.0,-2.3],[1.0,-2.25],[1.0,-2.2],[1.0,-2.15],[1.0,-2.1],[1.0,-2.05],[1.0,-2.0],[1.0,-1.95],[1.0,-1.9],[1.0,-1.85],[1.0,-1.7999999999999998],[1.0,-1.75],[1.0,-1.7],[1.0,-1.65],[1.0,-1.6],[1.0,-1.55],[1.0,-1.5],[1.0,-1.45],[1.0,-1.4],[1.0,-1.3499999999999999],[1.0,-1.3],[1.0,-1.25],[1.0,-1.2],[1.0,-1.15],[1.0,-1.0999999999999999],[1.0,-1.05],[1.0,-1.0],[1.0,-0.95],[1.0,-0.8999999999999999],[1.0,-0.8499999999999999],[1.0,-0.7999999999999998],[1.0,-0.75],[1.0,-0.7000000000000002],[1.0,-0.6499999999999999],[1.0,-0.6000000000000001],[1.0,-0.5499999999999998],[1.0,-0.5],[1.0,-0.4500000000000002],[1.0,-0.3999999999999999],[1.0,-0.3500000000000001],[1.0,-0.2999999999999998],[1.0,-0.25],[1.0,-0.19999999999999973],[1.0,-0.15000000000000036],[1.0,-0.10000000000000009],[1.0,-0.04999999999999982],[1.0,0.0],[0.95,0.0],[0.9,0.0],[0.85,0.0],[0.8,0.0],[0.75,0.0],[0.7,0.0],[0.65,0.0],[0.6,0.0],[0.55,0.0],[0.5,0.0],[0.44999999999999996,0.0],[0.4,0.0],[0.35,0.0],[0.30000000000000004,0.0],[0.25,0.0],[0.19999999999999996,0.0],[0.15000000000000002,0.0],[0.09999999999999998,0.0],[0.050000000000000044,0.0],[0.0,0.0]]",1,1784929571.1334565,0.002157449722290039,world,pelvis,0.48087611498930394,-0.08391602739776531,0.7824395619344046,0.007068784817020492,-0.025607913289163856,0.23470908123101278,0.9717025852831098,capsules,0.05,0.5,0.1,0.5,0.5
1,1784929571.2356606,0.20630378928035498,1,1784929571.2352486,0.0004119873046875,17,-0.0024165937211364508,1,0.07394330948591232,1,-0.008825324475765228,1,-0.6009624600410461,1,0.32004156708717346,1,-0.8459908962249756,1,0.3758080005645752,1,-0.16526533663272858,1,-0.7522431015968323,1,0.6280508637428284,1,0.22030143439769745,1,-0.07577744871377945,1,-0.008731263689696789,1,-0.034350018948316574,1,-0.10501904785633087,1,-0.021260011941194534,1,0.031165774911642075,1,0,,,,,,,,,,,,,,,,,,,,,,,,,,,,,,,,,,,,,,,,,,,,,,,,,,,,,,,,,,,,,,,,,,,,,,,,,,,,,,,,,,,,,,,,,,,,,,,,,,,,,,,,,,,,,,,,,,,,,1,1784929571.234454,0.0012066364288330078,world,base_footprint,0.5103850062667389,-0.0709242959234668,1,0,1,1784929567.4354498,3.80021071434021,world,workspace,1,0,3,0.47418051624239393,-0.07498176989329002,0.0,0.0,0.0,0.18733963242682541,0.9822952011092093,1.5,1,3,1784929567.4354498,world,workspace,0.47418051624239393,-0.07498176989329002,0.0,0.0,0.18733963242682541,0.9822952011092093,1,1784929567.435601,3.8000595569610596,workspace,1,321,,1,1784929571.2344542,0.0012063980102539062,world,pelvis,0.480820477205646,-0.08846412504088297,0.7828686272685546,0.006444764644351156,-0.020954378123118608,0.23480756460643856,0.9717946216406764,capsules,0.05,0.5,0.1,0.5,0.5
2,1784929571.3355994,0.3062442075461149,1,1784929571.3347673,0.0008320808410644531,17,0.028153499588370323,1,0.029474474489688873,1,-0.016486480832099915,1,-0.5656476616859436,1,0.3594789505004883,1,-0.8127427101135254,1,0.2675574719905853,1,-0.06693914532661438,1,-0.800967276096344,1,0.5207647681236267,1,0.14867930114269257,1,-0.08149586617946625,1,-0.004439639858901501,1,-0.03153190761804581,1,-0.1126173734664917,1,-0.017378371208906174,1,0.0356779545545578,1,0,,,,,,,,,,,,,,,,,,,,,,,,,,,,,,,,,,,,,,,,,,,,,,,,,,,,,,,,,,,,,,,,,,,,,,,,,,,,,,,,,,,,,,,,,,,,,,,,,,,,,,,,,,,,,,,,,,,,,1,1784929571.3334558,0.0021436214447021484,world,base_footprint,0.5053479754467813,-0.07555873005122014,1,0,1,1784929567.4354498,3.9001495838165283,world,workspace,1,0,3,0.47418051624239393,-0.07498176989329002,0.0,0.0,0.0,0.18733963242682541,0.9822952011092093,1.5,1,3,1784929567.4354498,world,workspace,0.47418051624239393,-0.07498176989329002,0.0,0.0,0.18733963242682541,0.9822952011092093,1,1784929567.435601,3.899998426437378,workspace,1,321,,1,1784929571.3344576,0.0011417865753173828,world,pelvis,0.4826302614421485,-0.08957664030221417,0.7832272221410074,0.00530780536059322,-0.016173969825337003,0.23355230578071104,0.9721952223534409,capsules,0.05,0.5,0.1,0.5,0.5
3,1784929571.4355936,0.4062395775690675,1,1784929571.4344504,0.0011432170867919922,17,0.035743795335292816,1,-0.03628397360444069,1,-0.0029991487972438335,1,-0.4625811278820038,1,0.38711926341056824,1,-0.7376183271408081,1,0.14026036858558655,1,0.10036719590425491,1,-0.7310945987701416,1,0.40459442138671875,1,0.07076756656169891,1,-0.07722248882055283,1,-0.0038485790137201548,1,-0.030493903905153275,1,-0.11333084106445312,1,-0.01684250310063362,1,0.0389026440680027,1,0,,,,,,,,,,,,,,,,,,,,,,,,,,,,,,,,,,,,,,,,,,,,,,,,,,,,,,,,,,,,,,,,,,,,,,,,,,,,,,,,,,,,,,,,,,,,,,,,,,,,,,,,,,,,,,,,,,,,,1,1784929571.434454,0.0011396408081054688,world,base_footprint,0.5061294235355777,-0.07500251511667998,1,0,1,1784929567.4354498,4.000143766403198,world,workspace,1,0,3,0.47418051624239393,-0.07498176989329002,0.0,0.0,0.0,0.18733963242682541,0.9822952011092093,1.5,1,3,1784929567.4354498,world,workspace,0.47418051624239393,-0.07498176989329002,0.0,0.0,0.18733963242682541,0.9822952011092093,1,1784929567.435601,3.999992609024048,workspace,1,321,,1,1784929571.4344542,0.0011394023895263672,world,pelvis,0.4853793040544344,-0.08902714727936566,0.783190578593749,0.005605757980064427,-0.014954419135347041,0.233504283678986,0.9722246089918507,capsules,0.05,0.5,0.1,0.5,0.5
4,1784929571.535905,0.5065524093806744,1,1784929571.5341575,0.0017473697662353516,17,0.028457654640078545,1,-0.10616813600063324,1,0.014689023606479168,1,-0.3045717179775238,1,0.38431304693222046,1,-0.6019078493118286,1,-0.011273165233433247,1,0.2740793526172638,1,-0.5602493286132812,1,0.2776441276073456,1,-0.03917104750871658,1,-0.08297273516654968,1,-0.0026156825479120016,1,-0.03364378586411476,1,-0.11728920787572861,1,-0.015985459089279175,1,0.03800921514630318,1,0,,,,,,,,,,,,,,,,,,,,,,,,,,,,,,,,,,,,,,,,,,,,,,,,,,,,,,,,,,,,,,,,,,,,,,,,,,,,,,,,,,,,,,,,,,,,,,,,,,,,,,,,,,,,,,,,,,,,,1,1784929571.5324566,0.0034482479095458984,world,base_footprint,0.5040103251994129,-0.077205253271221,1,0,1,1784929567.4354498,4.100455045700073,world,workspace,1,0,3,0.47418051624239393,-0.07498176989329002,0.0,0.0,0.0,0.18733963242682541,0.9822952011092093,1.5,1,3,1784929567.4354498,world,workspace,0.47418051624239393,-0.07498176989329002,0.0,0.0,0.18733963242682541,0.9822952011092093,1,1784929567.435601,4.100303888320923,workspace,1,321,,1,1784929571.5334556,0.0024492740631103516,world,pelvis,0.4881455732205918,-0.08873231438113639,0.783116941570175,0.004694323920607649,-0.011379529578521109,0.23545972077699134,0.9718061481186057,capsules,0.05,0.5,0.1,0.5,0.5
5,1784929571.6356423,0.6062907511368394,1,1784929571.6351314,0.0005109310150146484,17,0.01778597943484783,1,-0.15768955647945404,1,0.013289275579154491,1,-0.16673685610294342,1,0.34339627623558044,1,-0.4216487407684326,1,-0.09710224717855453,1,0.3743121027946472,1,-0.36735543608665466,1,0.1257646530866623,1,-0.14030198752880096,1,-0.09646552801132202,1,-0.0009638875490054488,1,-0.03725384548306465,1,-0.12526236474514008,1,-0.014509407803416252,1,0.036202069371938705,1,0,,,,,,,,,,,,,,,,,,,,,,,,,,,,,,,,,,,,,,,,,,,,,,,,,,,,,,,,,,,,,,,,,,,,,,,,,,,,,,,,,,,,,,,,,,,,,,,,,,,,,,,,,,,,,,,,,,,,,1,1784929571.633458,0.0021843910217285156,world,base_footprint,0.4984328016523988,-0.08182688019313192,1,0,1,1784929567.4354498,4.200192451477051,world,workspace,1,0,3,0.47418051624239393,-0.07498176989329002,0.0,0.0,0.0,0.18733963242682541,0.9822952011092093,1.5,1,3,1784929567.4354498,world,workspace,0.47418051624239393,-0.07498176989329002,0.0,0.0,0.18733963242682541,0.9822952011092093,1,1784929567.435601,4.2000412940979,workspace,1,321,,1,1784929571.6334581,0.002184152603149414,world,pelvis,0.4906376379808834,-0.08707175995268263,0.7829875816999022,0.002068933775342925,-0.005621909019050931,0.23734081055678657,0.9714079746925399,capsules,0.05,0.5,0.1,0.5,0.5
6,1784929571.7356555,0.7063056584447622,1,1784929571.734544,0.0011115074157714844,17,0.011843354441225529,1,-0.17653630673885345,1,-0.022736603394150734,1,-0.057488664984703064,1,0.29290658235549927,1,-0.23193231225013733,1,-0.11230024695396423,1,0.3759020268917084,1,-0.25238049030303955,1,-0.026819853112101555,1,-0.15635770559310913,1,-0.10828820616006851,1,-0.003665350843220949,1,-0.03731633350253105,1,-0.1285915970802307,1,-0.017534149810671806,1,0.03823090344667435,1,0,,,,,,,,,,,,,,,,,,,,,,,,,,,,,,,,,,,,,,,,,,,,,,,,,,,,,,,,,,,,,,,,,,,,,,,,,,,,,,,,,,,,,,,,,,,,,,,,,,,,,,,,,,,,,,,,,,,,,1,1784929571.7334583,0.002197265625,world,base_footprint,0.49141249732276376,-0.08354820612153456,1,0,1,1784929567.4354498,4.300205707550049,world,workspace,1,0,3,0.47418051624239393,-0.07498176989329002,0.0,0.0,0.0,0.18733963242682541,0.9822952011092093,1.5,1,3,1784929567.4354498,world,workspace,0.47418051624239393,-0.07498176989329002,0.0,0.0,0.18733963242682541,0.9822952011092093,1,1784929567.435601,4.300054550170898,workspace,1,321,,1,1784929571.734458,0.0011975765228271484,world,pelvis,0.4939027713333945,-0.0807507816088495,0.7830592372215196,-0.0013290396305294292,0.00201468711474632,0.23797431543626088,0.9712684489275523,capsules,0.05,0.5,0.1,0.5,0.5
7,1784929571.8356667,0.8063131012022495,1,1784929571.8334587,0.0022079944610595703,17,0.016623910516500473,1,-0.17442156374454498,1,-0.04480067268013954,1,0.05048605054616928,1,0.2823132276535034,1,-0.022585928440093994,1,-0.1386725902557373,1,0.3378019630908966,1,-0.23096072673797607,1,-0.1128009781241417,1,-0.15874476730823517,1,-0.11119769513607025,1,-0.005158550571650267,1,-0.03792338818311691,1,-0.12449546158313751,1,-0.019329288974404335,1,0.038067616522312164,1,0,,,,,,,,,,,,,,,,,,,,,,,,,,,,,,,,,,,,,,,,,,,,,,,,,,,,,,,,,,,,,,,,,,,,,,,,,,,,,,,,,,,,,,,,,,,,,,,,,,,,,,,,,,,,,,,,,,,,,1,1784929571.8344562,0.0012104511260986328,world,base_footprint,0.49244011108433366,-0.08204587438688112,1,0,1,1784929567.4354498,4.400216817855835,world,workspace,1,0,3,0.47418051624239393,-0.07498176989329002,0.0,0.0,0.0,0.18733963242682541,0.9822952011092093,1.5,1,3,1784929567.4354498,world,workspace,0.47418051624239393,-0.07498176989329002,0.0,0.0,0.18733963242682541,0.9822952011092093,1,1784929567.435601,4.400065660476685,workspace,1,321,,1,1784929571.8344564,0.0012102127075195312,world,pelvis,0.497444257971487,-0.07563713072585487,0.7826300667975792,-0.003206075629208391,0.004074112183880546,0.23879470807508965,0.9710562342543844,capsules,0.05,0.5,0.1,0.5,0.5
8,1784929571.9356248,0.9062731666490436,1,1784929571.9344323,0.0011925697326660156,17,0.04541041702032089,1,-0.16609473526477814,1,-0.04498562589287758,1,0.12376142293214798,1,0.28034836053848267,1,0.1902618259191513,1,-0.14799824357032776,1,0.31635144352912903,1,-0.23123347759246826,1,-0.15867669880390167,1,-0.18118807673454285,1,-0.11055385321378708,1,-0.0032563460990786552,1,-0.037585679441690445,1,-0.12273810803890228,1,-0.017907507717609406,1,0.038207024335861206,1,0,,,,,,,,,,,,,,,,,,,,,,,,,,,,,,,,,,,,,,,,,,,,,,,,,,,,,,,,,,,,,,,,,,,,,,,,,,,,,,,,,,,,,,,,,,,,,,,,,,,,,,,,,,,,,,,,,,,,,1,1784929571.9344552,0.0011696815490722656,world,base_footprint,0.49545294525114725,-0.08158025241976978,1,0,1,1784929567.4354498,4.5001749992370605,world,workspace,1,0,3,0.47418051624239393,-0.07498176989329002,0.0,0.0,0.0,0.18733963242682541,0.9822952011092093,1.5,1,3,1784929567.4354498,world,workspace,0.47418051624239393,-0.07498176989329002,0.0,0.0,0.18733963242682541,0.9822952011092093,1,1784929567.435601,4.50002384185791,workspace,1,321,,1,1784929571.9344552,0.0011696815490722656,world,pelvis,0.5006499590575273,-0.07466085081106028,0.7821356015943527,-0.003492176532938787,0.004271870354254155,0.2389569111354622,0.9710144954877543,capsules,0.05,0.5,0.1,0.5,0.5
9,1784929572.035568,1.006213303655386,1,1784929572.0352564,0.0003116130828857422,17,0.07043302804231644,1,-0.1442520171403885,1,-0.024992376565933228,1,0.1655902862548828,1,0.2796596884727478,1,0.3314163088798523,1,-0.16678650677204132,1,0.3124467134475708,1,-0.233753964304924,1,-0.18407267332077026,1,-0.22361043095588684,1,-0.10638865828514099,1,-0.0018082794267684221,1,-0.03963674232363701,1,-0.1156672015786171,1,-0.01726330630481243,1,0.03602820262312889,1,0,,,,,,,,,,,,,,,,,,,,,,,,,,,,,,,,,,,,,,,,,,,,,,,,,,,,,,,,,,,,,,,,,,,,,,,,,,,,,,,,,,,,,,,,,,,,,,,,,,,,,,,,,,,,,,,,,,,,,1,1784929572.0344563,0.001111745834350586,world,base_footprint,0.49928279760887784,-0.08080456068529918,1,0,1,1784929567.4354498,4.600118160247803,world,workspace,1,0,3,0.47418051624239393,-0.07498176989329002,0.0,0.0,0.0,0.18733963242682541,0.9822952011092093,1.5,1,3,1784929567.4354498,world,workspace,0.47418051624239393,-0.07498176989329002,0.0,0.0,0.18733963242682541,0.9822952011092093,1,1784929567.435601,4.599967002868652,workspace,1,321,,1,1784929572.0344565,0.0011115074157714844,world,pelvis,0.5012069909778902,-0.07501593540077793,0.782093389566607,-0.003286967415348076,0.002079193496791823,0.2407071006198753,0.9705900084540262,capsules,0.05,0.5,0.1,0.5,0.5
10,1784929572.135651,1.1062970096245408,1,1784929572.1341474,0.0015037059783935547,17,0.07517116516828537,1,-0.11294759064912796,1,0.0012881428701803088,1,0.20330695807933807,1,0.27671754360198975,1,0.32358452677726746,1,-0.2494182139635086,1,0.30565690994262695,1,-0.23853524029254913,1,-0.1922019124031067,1,-0.29718953371047974,1,-0.10006282478570938,1,-0.00394148426130414,1,-0.040162473917007446,1,-0.1085168868303299,1,-0.019916828721761703,1,0.0365774966776371,1,0,,,,,,,,,,,,,,,,,,,,,,,,,,,,,,,,,,,,,,,,,,,,,,,,,,,,,,,,,,,,,,,,,,,,,,,,,,,,,,,,,,,,,,,,,,,,,,,,,,,,,,,,,,,,,,,,,,,,,1,1784929572.1334608,0.0021903514862060547,world,base_footprint,0.5015148107647189,-0.07801346934601332,1,0,1,1784929567.4354498,4.7002012729644775,world,workspace,1,0,3,0.47418051624239393,-0.07498176989329002,0.0,0.0,0.0,0.18733963242682541,0.9822952011092093,1.5,1,3,1784929567.4354498,world,workspace,0.47418051624239393,-0.07498176989329002,0.0,0.0,0.18733963242682541,0.9822952011092093,1,1784929567.435601,4.700050115585327,workspace,1,321,,1,1784929572.1344566,0.0011944770812988281,world,pelvis,0.49984052133876683,-0.0749679727679387,0.7823088037479908,-0.0021424999494077885,-0.000565518551049256,0.24215928861037087,0.9702339763286247,capsules,0.05,0.5,0.1,0.5,0.5
11,1784929572.2355797,1.2062239022925496,1,1784929572.234768,0.0008118152618408203,17,0.06619340181350708,1,-0.048233356326818466,1,0.003686673706397414,1,0.24853429198265076,1,0.2552982270717621,1,0.1948794424533844,1,-0.3613233268260956,1,0.29837340116500854,1,-0.2717636823654175,1,-0.18024761974811554,1,-0.39411622285842896,1,-0.1152225136756897,1,-0.007872412912547588,1,-0.03333933278918266,1,-0.10055819898843765,1,-0.023311279714107513,1,0.045472245663404465,1,0,,,,,,,,,,,,,,,,,,,,,,,,,,,,,,,,,,,,,,,,,,,,,,,,,,,,,,,,,,,,,,,,,,,,,,,,,,,,,,,,,,,,,,,,,,,,,,,,,,,,,,,,,,,,,,,,,,,,,1,1784929572.2344573,0.0011224746704101562,world,base_footprint,0.49630951735856244,-0.0773875003807937,1,0,1,1784929567.4354498,4.8001298904418945,world,workspace,1,0,3,0.47418051624239393,-0.07498176989329002,0.0,0.0,0.0,0.18733963242682541,0.9822952011092093,1.5,1,3,1784929567.4354498,world,workspace,0.47418051624239393,-0.07498176989329002,0.0,0.0,0.18733963242682541,0.9822952011092093,1,1784929567.435601,4.799978733062744,workspace,1,321,,1,1784929572.2344575,0.0011222362518310547,world,pelvis,0.4970230108644287,-0.06686024143819216,0.7821830908522117,-0.006406518329244187,0.0020536768535487633,0.24016264850941607,0.9707093494940805,capsules,0.05,0.5,0.1,0.5,0.5
12,1784929572.3356233,1.306268684566021,1,1784929572.33482,0.0008032321929931641,17,0.0542486198246479,1,-0.01435773354023695,1,0.005679955706000328,1,0.3087780475616455,1,0.30133724212646484,1,0.012320631183683872,1,-0.441114604473114,1,0.27288439869880676,1,-0.28088322281837463,1,-0.06767638772726059,1,-0.4470042288303375,1,-0.06189697980880737,1,-0.018572606146335602,1,0.0029520923271775246,1,-0.1288338303565979,1,-0.023548951372504234,1,0.06933373212814331,1,0,,,,,,,,,,,,,,,,,,,,,,,,,,,,,,,,,,,,,,,,,,,,,,,,,,,,,,,,,,,,,,,,,,,,,,,,,,,,,,,,,,,,,,,,,,,,,,,,,,,,,,,,,,,,,,,,,,,,,1,1784929572.3344574,0.0011658668518066406,world,base_footprint,0.5042779064885807,-0.05752624292532747,1,0,1,1784929567.4354498,4.9001734256744385,world,workspace,1,0,3,0.47418051624239393,-0.07498176989329002,0.0,0.0,0.0,0.18733963242682541,0.9822952011092093,1.5,1,3,1784929567.4354498,world,workspace,0.47418051624239393,-0.07498176989329002,0.0,0.0,0.18733963242682541,0.9822952011092093,1,1784929567.435601,4.900022268295288,workspace,1,321,,1,1784929572.3344574,0.0011658668518066406,world,pelvis,0.5033947276756603,-0.054887531755738815,0.7817993760082868,-0.0017655344546944666,-0.00017469285175251149,0.22247786465262248,0.9749361271950621,capsules,0.05,0.5,0.1,0.5,0.5
13,1784929572.4360847,1.4067352134734392,1,1784929572.4339392,0.002145528793334961,17,0.05900564044713974,1,-0.06923254579305649,1,0.013420848175883293,1,0.32397279143333435,1,0.46929460763931274,1,-0.15047970414161682,1,-0.4370097219944,1,0.22706057131290436,1,-0.294696182012558,1,0.12627890706062317,1,-0.4478573203086853,1,-0.0027220856864005327,1,0.02638721652328968,1,0.06506465375423431,1,-0.2920462191104889,1,0.04337112978100777,1,-0.011333300732076168,1,0,,,,,,,,,,,,,,,,,,,,,,,,,,,,,,,,,,,,,,,,,,,,,,,,,,,,,,,,,,,,,,,,,,,,,,,,,,,,,,,,,,,,,,,,,,,,,,,,,,,,,,,,,,,,,,,,,,,,,1,1784929572.4324574,0.003627300262451172,world,base_footprint,0.5283616287241171,-0.06582534126393569,1,0,1,1784929567.4354498,5.0006349086761475,world,workspace,1,0,3,0.47418051624239393,-0.07498176989329002,0.0,0.0,0.0,0.18733963242682541,0.9822952011092093,1.5,1,3,1784929567.4354498,world,workspace,0.47418051624239393,-0.07498176989329002,0.0,0.0,0.18733963242682541,0.9822952011092093,1,1784929567.435601,5.000483751296997,workspace,1,321,,1,1784929572.4344552,0.0016295909881591797,world,pelvis,0.5260170442677025,-0.0673035535116461,0.7805942484625691,0.0005158634662943217,-0.001989291703866962,0.18586152084678328,0.9825737996058728,capsules,0.05,0.5,0.1,0.5,0.5
14,1784929572.5355918,1.506236053071916,1,1784929572.5350554,0.0005364418029785156,17,0.03336641192436218,1,-0.16510015726089478,1,-0.018469778820872307,1,0.2863070070743561,1,0.6189548969268799,1,-0.3004734516143799,1,-0.3020426630973816,1,0.20150522887706757,1,-0.4242471158504486,1,0.26079821586608887,1,-0.3938960134983063,1,0.05685359612107277,1,0.050591450184583664,1,0.08102666586637497,1,-0.3393688201904297,1,-0.025901364162564278,1,0.026895910501480103,1,0,,,,,,,,,,,,,,,,,,,,,,,,,,,,,,,,,,,,,,,,,,,,,,,,,,,,,,,,,,,,,,,,,,,,,,,,,,,,,,,,,,,,,,,,,,,,,,,,,,,,,,,,,,,,,,,,,,,,,1,1784929572.5334556,0.00213623046875,world,base_footprint,0.5568956334625552,-0.06704994273022499,1,0,1,1784929567.4354498,5.100142002105713,world,workspace,1,0,3,0.47418051624239393,-0.07498176989329002,0.0,0.0,0.0,0.18733963242682541,0.9822952011092093,1.5,1,3,1784929567.4354498,world,workspace,0.47418051624239393,-0.07498176989329002,0.0,0.0,0.18733963242682541,0.9822952011092093,1,1784929567.435601,5.0999908447265625,workspace,1,321,,1,1784929572.5334556,0.00213623046875,world,pelvis,0.5636116640250022,-0.08506642952888328,0.774038543147917,0.012072749199698056,0.0021358989250637142,0.1806964548926463,0.9834624943798177,capsules,0.05,0.5,0.1,0.5,0.5
15,1784929572.6355555,1.606199063360691,1,1784929572.6348045,0.0007510185241699219,17,0.022272566333413124,1,-0.1830243170261383,1,0.0425703190267086,1,0.17769186198711395,1,0.618815541267395,1,-0.41265538334846497,1,-0.06623081117868423,1,0.10129902511835098,1,-0.5492802262306213,1,0.34793904423713684,1,-0.19889193773269653,1,-0.010152129456400871,1,0.08777706325054169,1,0.010798679664731026,1,-0.20565329492092133,1,0.006510314531624317,1,-0.023068638518452644,1,0,,,,,,,,,,,,,,,,,,,,,,,,,,,,,,,,,,,,,,,,,,,,,,,,,,,,,,,,,,,,,,,,,,,,,,,,,,,,,,,,,,,,,,,,,,,,,,,,,,,,,,,,,,,,,,,,,,,,,1,1784929572.634454,0.0011014938354492188,world,base_footprint,0.6449452243755595,-0.07660765173361314,1,0,1,1784929567.4354498,5.200105667114258,world,workspace,1,0,3,0.47418051624239393,-0.07498176989329002,0.0,0.0,0.0,0.18733963242682541,0.9822952011092093,1.5,1,3,1784929567.4354498,world,workspace,0.47418051624239393,-0.07498176989329002,0.0,0.0,0.18733963242682541,0.9822952011092093,1,1784929567.435601,5.199954509735107,workspace,1,321,,1,1784929572.634454,0.0011014938354492188,world,pelvis,0.6008594789132019,-0.10130779174645657,0.7714484628689433,0.010037242749547388,-0.030634109899247173,0.19275526974873,0.9807171921878203,capsules,0.05,0.5,0.1,0.5,0.5
16,1784929572.7356215,1.706264965236187,1,1784929572.7347412,0.0008802413940429688,17,-0.004275781102478504,1,-0.08164826780557632,1,-0.008536231704056263,1,0.13556106388568878,1,0.49257951974868774,1,-0.542901873588562,1,0.1249982938170433,1,-0.02163214050233364,1,-0.6098245978355408,1,0.4172655940055847,1,0.02894371747970581,1,-0.26865431666374207,1,0.012279916554689407,1,-0.02513451687991619,1,-0.11669503897428513,1,0.016811419278383255,1,-0.03723658621311188,1,0,,,,,,,,,,,,,,,,,,,,,,,,,,,,,,,,,,,,,,,,,,,,,,,,,,,,,,,,,,,,,,,,,,,,,,,,,,,,,,,,,,,,,,,,,,,,,,,,,,,,,,,,,,,,,,,,,,,,,1,1784929572.7334576,0.0021638870239257812,world,base_footprint,0.6676757874680501,-0.07777875475662867,1,0,1,1784929567.4354498,5.300171613693237,world,workspace,1,0,3,0.47418051624239393,-0.07498176989329002,0.0,0.0,0.0,0.18733963242682541,0.9822952011092093,1.5,1,3,1784929567.4354498,world,workspace,0.47418051624239393,-0.07498176989329002,0.0,0.0,0.18733963242682541,0.9822952011092093,1,1784929567.435601,5.300020456314087,workspace,1,321,,1,1784929572.7334576,0.0021638870239257812,world,pelvis,0.624285891429767,-0.08399398199360113,0.7772536976113389,-0.0016387577126373532,-0.02791023539812061,0.19949437988577118,0.9795000386049877,capsules,0.05,0.5,0.1,0.5,0.5
17,1784929572.835614,1.8062579408288002,1,1784929572.8347487,0.0008652210235595703,17,0.009425911121070385,1,0.04259183257818222,1,-0.09360396862030029,1,0.11279428750276566,1,0.41319596767425537,1,-0.5728729963302612,1,0.21973393857479095,1,-0.12571002542972565,1,-0.5566174983978271,1,0.5294402837753296,1,0.23932082951068878,1,-0.3148196339607239,1,0.059384461492300034,1,-0.04539457708597183,1,-0.008539285510778427,1,0.03590722382068634,1,-0.06707946211099625,1,0,,,,,,,,,,,,,,,,,,,,,,,,,,,,,,,,,,,,,,,,,,,,,,,,,,,,,,,,,,,,,,,,,,,,,,,,,,,,,,,,,,,,,,,,,,,,,,,,,,,,,,,,,,,,,,,,,,,,,1,1784929572.8344574,0.0011565685272216797,world,base_footprint,0.705248380673613,-0.08093530821970132,1,0,1,1784929567.4354498,5.4001641273498535,world,workspace,1,0,3,0.47418051624239393,-0.07498176989329002,0.0,0.0,0.0,0.18733963242682541,0.9822952011092093,1.5,1,3,1784929567.4354498,world,workspace,0.47418051624239393,-0.07498176989329002,0.0,0.0,0.18733963242682541,0.9822952011092093,1,1784929567.435601,5.400012969970703,workspace,1,321,,1,1784929572.8344576,0.0011563301086425781,world,pelvis,0.6518683490864405,-0.05448809695242086,0.776642636697973,-0.023612113652899402,-0.029786819656792803,0.2085768696242431,0.977267058137809,capsules,0.05,0.5,0.1,0.5,0.5
18,1784929572.9355764,1.9062200505286455,1,1784929572.9344184,0.001157999038696289,17,0.0509171187877655,1,0.0028459830209612846,1,-0.1585340052843094,1,0.06276176869869232,1,0.4346275329589844,1,-0.5545523166656494,1,0.31562361121177673,1,-0.17389287054538727,1,-0.37643906474113464,1,0.6329523324966431,1,0.39517661929130554,1,-0.18282663822174072,1,0.023525990545749664,1,0.016220180317759514,1,-0.049025293439626694,1,0.011215180158615112,1,0.0091652050614357,1,0,,,,,,,,,,,,,,,,,,,,,,,,,,,,,,,,,,,,,,,,,,,,,,,,,,,,,,,,,,,,,,,,,,,,,,,,,,,,,,,,,,,,,,,,,,,,,,,,,,,,,,,,,,,,,,,,,,,,,1,1784929572.9334562,0.0021202564239501953,world,base_footprint,0.7302307351244787,-0.02085086350414684,1,0,1,1784929567.4354498,5.500126600265503,world,workspace,1,0,3,0.47418051624239393,-0.07498176989329002,0.0,0.0,0.0,0.18733963242682541,0.9822952011092093,1.5,1,3,1784929567.4354498,world,workspace,0.47418051624239393,-0.07498176989329002,0.0,0.0,0.18733963242682541,0.9822952011092093,1,1784929567.435601,5.4999754428863525,workspace,1,321,,1,1784929572.9334562,0.0021202564239501953,world,pelvis,0.6848619928901208,-0.031056159180220876,0.7750487773071972,0.0004703304622789172,-0.02965881067854753,0.2038706761845824,0.9785483540073181,capsules,0.05,0.5,0.1,0.5,0.5
19,1784929573.0360126,2.0066676530987024,1,1784929573.034422,0.001590728759765625,17,0.09617771953344345,1,-0.09109809249639511,1,-0.13238266110420227,1,-0.05409006401896477,1,0.5081791877746582,1,-0.5519893765449524,1,0.39832964539527893,1,-0.20708933472633362,1,-0.23777320981025696,1,0.7201541662216187,1,0.3955678343772888,1,-0.11845774203538895,1,0.038680776953697205,1,0.036697279661893845,1,-0.2898223102092743,1,0.07817302644252777,1,-0.04696819931268692,1,0,,,,,,,,,,,,,,,,,,,,,,,,,,,,,,,,,,,,,,,,,,,,,,,,,,,,,,,,,,,,,,,,,,,,,,,,,,,,,,,,,,,,,,,,,,,,,,,,,,,,,,,,,,,,,,,,,,,,,1,1784929573.0334575,0.0025551319122314453,world,base_footprint,0.7546183963137821,-0.014293560924107693,1,0,1,1784929567.4354498,5.600562810897827,world,workspace,1,0,3,0.47418051624239393,-0.07498176989329002,0.0,0.0,0.0,0.18733963242682541,0.9822952011092093,1.5,1,3,1784929567.4354498,world,workspace,0.47418051624239393,-0.07498176989329002,0.0,0.0,0.18733963242682541,0.9822952011092093,1,1784929567.435601,5.600411653518677,workspace,1,321,,1,1784929573.0344582,0.0015544891357421875,world,pelvis,0.713598804958945,-0.03915388885853732,0.7760532565161601,0.010505588638024591,-0.028736231562670925,0.1930587426661454,0.9807100404722653,capsules,0.05,0.5,0.1,0.5,0.5
20,1784929573.1355946,2.1062397863715887,1,1784929573.1347477,0.00084686279296875,17,0.04884222149848938,1,-0.16156287491321564,1,-0.10313954949378967,1,-0.12295622378587723,1,0.5530422925949097,1,-0.6533162593841553,1,0.4029446840286255,1,-0.20829561352729797,1,-0.27420875430107117,1,0.7345028519630432,1,0.3215648829936981,1,-0.07628656923770905,1,0.04023132100701332,1,0.02233072929084301,1,-0.34202083945274353,1,-0.03965199738740921,1,0.05291461944580078,1,0,,,,,,,,,,,,,,,,,,,,,,,,,,,,,,,,,,,,,,,,,,,,,,,,,,,,,,,,,,,,,,,,,,,,,,,,,,,,,,,,,,,,,,,,,,,,,,,,,,,,,,,,,,,,,,,,,,,,,1,1784929573.134455,0.0011396408081054688,world,base_footprint,0.7763378662716903,-0.007136284477398121,1,0,1,1784929567.4354498,5.7001447677612305,world,workspace,1,0,3,0.47418051624239393,-0.07498176989329002,0.0,0.0,0.0,0.18733963242682541,0.9822952011092093,1.5,1,3,1784929567.4354498,world,workspace,0.47418051624239393,-0.07498176989329002,0.0,0.0,0.18733963242682541,0.9822952011092093,1,1784929567.435601,5.69999361038208,workspace,1,321,,1,1784929573.134455,0.0011396408081054688,world,pelvis,0.7439108955847391,-0.04720405369370261,0.7738760754729958,0.020724737068548767,-0.0255295305733978,0.20689718768133994,0.9778099416919905,capsules,0.05,0.5,0.1,0.5,0.5
21,1784929573.2355843,2.2062273425981402,1,1784929573.2352605,0.0003237724304199219,17,-0.02788531966507435,1,-0.13851282000541687,1,-0.005776233039796352,1,-0.17770043015480042,1,0.5368540287017822,1,-0.7856446504592896,1,0.3356819152832031,1,-0.18931220471858978,1,-0.4762900173664093,1,0.6598560214042664,1,0.23091381788253784,1,-0.11209402233362198,1,0.06306623667478561,1,-0.03023337759077549,1,-0.19422376155853271,1,-0.04315325617790222,1,0.02504720352590084,1,0,,,,,,,,,,,,,,,,,,,,,,,,,,,,,,,,,,,,,,,,,,,,,,,,,,,,,,,,,,,,,,,,,,,,,,,,,,,,,,,,,,,,,,,,,,,,,,,,,,,,,,,,,,,,,,,,,,,,,1,1784929573.2334569,0.002127408981323242,world,base_footprint,0.8391266000235349,-0.00788195345596373,1,0,1,1784929567.4354498,5.8001344203948975,world,workspace,1,0,3,0.47418051624239393,-0.07498176989329002,0.0,0.0,0.0,0.18733963242682541,0.9822952011092093,1.5,1,3,1784929567.4354498,world,workspace,0.47418051624239393,-0.07498176989329002,0.0,0.0,0.18733963242682541,0.9822952011092093,1,1784929567.435601,5.799983263015747,workspace,1,321,,1,1784929573.2344542,0.0011301040649414062,world,pelvis,0.7718965027312457,-0.0512220268933807,0.7705259796845827,0.015855269105460118,-0.04854317822999593,0.2537605125525877,0.9659180982660861,capsules,0.05,0.5,0.1,0.5,0.5
22,1784929573.3357458,2.3063912270590663,1,1784929573.3333182,0.0024275779724121094,17,-0.08004014194011688,1,0.014983533881604671,1,0.02609582245349884,1,-0.14273567497730255,1,0.502761960029602,1,-0.9050962328910828,1,0.19543586671352386,1,-0.12793567776679993,1,-0.7316480278968811,1,0.534488320350647,1,0.14832553267478943,1,-0.22748790681362152,1,0.059689681977033615,1,-0.031167997047305107,1,-0.07494416832923889,1,-0.05154649540781975,1,-0.019523143768310547,1,0,,,,,,,,,,,,,,,,,,,,,,,,,,,,,,,,,,,,,,,,,,,,,,,,,,,,,,,,,,,,,,,,,,,,,,,,,,,,,,,,,,,,,,,,,,,,,,,,,,,,,,,,,,,,,,,,,,,,,1,1784929573.333455,0.0022907257080078125,world,base_footprint,0.86922647692778,0.0031054323338895844,1,0,1,1784929567.4354498,5.900295972824097,world,workspace,1,0,3,0.47418051624239393,-0.07498176989329002,0.0,0.0,0.0,0.18733963242682541,0.9822952011092093,1.5,1,3,1784929567.4354498,world,workspace,0.47418051624239393,-0.07498176989329002,0.0,0.0,0.18733963242682541,0.9822952011092093,1,1784929567.435601,5.900144815444946,workspace,1,321,,1,1784929573.334454,0.0012917518615722656,world,pelvis,0.7849729227292355,-0.02064373561091651,0.775643296911373,-0.00036598571618366493,-0.05589884396846677,0.277166787386129,0.959194327166032,capsules,0.05,0.5,0.1,0.5,0.5
23,1784929573.4355454,2.406189139932394,1,1784929573.43528,0.00026535987854003906,17,-0.11261920630931854,1,0.14532090723514557,1,0.018482055515050888,1,-0.10738331079483032,1,0.5825307369232178,1,-0.8818301558494568,1,0.0638425201177597,1,-0.04280157759785652,1,-0.8511538505554199,1,0.4732588529586792,1,-0.005383671261370182,1,-0.20242395997047424,1,0.11946482211351395,1,-0.05737686902284622,1,0.03202638402581215,1,-0.0631728395819664,1,-0.056771170347929,1,0,,,,,,,,,,,,,,,,,,,,,,,,,,,,,,,,,,,,,,,,,,,,,,,,,,,,,,,,,,,,,,,,,,,,,,,,,,,,,,,,,,,,,,,,,,,,,,,,,,,,,,,,,,,,,,,,,,,,,1,1784929573.4334671,0.0020782947540283203,world,base_footprint,0.895945643487514,0.021126181384297688,1,0,1,1784929567.4354498,6.00009560585022,world,workspace,1,0,3,0.47418051624239393,-0.07498176989329002,0.0,0.0,0.0,0.18733963242682541,0.9822952011092093,1.5,1,3,1784929567.4354498,world,workspace,0.47418051624239393,-0.07498176989329002,0.0,0.0,0.18733963242682541,0.9822952011092093,1,1784929567.435601,5.999944448471069,workspace,1,321,,1,1784929573.4334671,0.0020782947540283203,world,pelvis,0.7993058420793687,0.01816233372477038,0.7737123931306749,-0.016198469573952653,-0.05960154760987354,0.29116723244300663,0.9546763367013188,capsules,0.05,0.5,0.1,0.5,0.5
24,1784929573.5357244,2.5063673723489046,1,1784929573.5352764,0.00044798851013183594,17,-0.09171679615974426,1,0.10202975571155548,1,-0.027152501046657562,1,-0.02594878152012825,1,0.7067745327949524,1,-0.6829351782798767,1,-0.014552532695233822,1,0.07750533521175385,1,-0.7472029328346252,1,0.4673610031604767,1,-0.1786508858203888,1,-0.11623339354991913,1,0.052963946014642715,1,0.008684488013386726,1,-0.06867285817861557,1,-0.06652311980724335,1,0.06207367777824402,1,0,,,,,,,,,,,,,,,,,,,,,,,,,,,,,,,,,,,,,,,,,,,,,,,,,,,,,,,,,,,,,,,,,,,,,,,,,,,,,,,,,,,,,,,,,,,,,,,,,,,,,,,,,,,,,,,,,,,,,1,1784929573.534459,0.0012652873992919922,world,base_footprint,0.8790724052288722,0.07893842288295556,1,0,1,1784929567.4354498,6.100274562835693,world,workspace,1,0,3,0.47418051624239393,-0.07498176989329002,0.0,0.0,0.0,0.18733963242682541,0.9822952011092093,1.5,1,3,1784929567.4354498,world,workspace,0.47418051624239393,-0.07498176989329002,0.0,0.0,0.18733963242682541,0.9822952011092093,1,1784929567.435601,6.100123405456543,workspace,1,321,,1,1784929573.5344589,0.0012655258178710938,world,pelvis,0.820293067005703,0.050171915326841544,0.7759347712672817,0.00680104520516538,-0.04120348464966863,0.2871819521788609,0.9569652788788005,capsules,0.05,0.5,0.1,0.5,0.5
25,1784929573.6355667,2.606208896264434,1,1784929573.6341574,0.001409292221069336,17,-0.03879700228571892,1,-0.022390693426132202,1,-0.03344418480992317,1,0.06037622317671776,1,0.7847740650177002,1,-0.40995216369628906,1,-0.11526607722043991,1,0.19310617446899414,1,-0.5779275298118591,1,0.40736809372901917,1,-0.29083359241485596,1,-0.05662466958165169,1,0.05754569172859192,1,0.062204889953136444,1,-0.308402955532074,1,0.029111485928297043,1,0.00715577183291316,1,0,,,,,,,,,,,,,,,,,,,,,,,,,,,,,,,,,,,,,,,,,,,,,,,,,,,,,,,,,,,,,,,,,,,,,,,,,,,,,,,,,,,,,,,,,,,,,,,,,,,,,,,,,,,,,,,,,,,,,1,1784929573.634458,0.0011086463928222656,world,base_footprint,0.8786067917594589,0.08875358539676889,1,0,1,1784929567.4354498,6.200116872787476,world,workspace,1,0,3,0.47418051624239393,-0.07498176989329002,0.0,0.0,0.0,0.18733963242682541,0.9822952011092093,1.5,1,3,1784929567.4354498,world,workspace,0.47418051624239393,-0.07498176989329002,0.0,0.0,0.18733963242682541,0.9822952011092093,1,1784929567.435601,6.199965715408325,workspace,1,321,,1,1784929573.6344583,0.001108407974243164,world,pelvis,0.8518677666919813,0.049969218088191686,0.7757996122261744,0.01935125790677378,-0.02298910586570753,0.2642129187964721,0.963996142819031,capsules,0.05,0.5,0.1,0.5,0.5
26,1784929573.7358634,2.706507201306522,1,1784929573.7349565,0.0009069442749023438,17,-0.051062121987342834,1,-0.13591566681861877,1,-0.0817703828215599,1,0.17219436168670654,1,0.6252249479293823,1,-0.21536673605442047,1,-0.21870583295822144,1,0.351908415555954,1,-0.46995148062705994,1,0.18631350994110107,1,-0.2827308177947998,1,-0.011059296317398548,1,0.05701719596982002,1,0.07231056690216064,1,-0.3772868514060974,1,-0.026699939742684364,1,0.026249494403600693,1,0,,,,,,,,,,,,,,,,,,,,,,,,,,,,,,,,,,,,,,,,,,,,,,,,,,,,,,,,,,,,,,,,,,,,,,,,,,,,,,,,,,,,,,,,,,,,,,,,,,,,,,,,,,,,,,,,,,,,,1,1784929573.7344565,0.0014069080352783203,world,base_footprint,0.8865344856068244,0.09623023983113609,1,0,1,1784929567.4354498,6.300413608551025,world,workspace,1,0,3,0.47418051624239393,-0.07498176989329002,0.0,0.0,0.0,0.18733963242682541,0.9822952011092093,1.5,1,3,1784929567.4354498,world,workspace,0.47418051624239393,-0.07498176989329002,0.0,0.0,0.18733963242682541,0.9822952011092093,1,1784929567.435601,6.300262451171875,workspace,1,321,,1,1784929573.7344568,0.0014066696166992188,world,pelvis,0.8943793386793559,0.049423825262643266,0.7721023785938187,0.03010284426197067,-0.0032096332416762627,0.26880452860625453,0.9627188802670086,capsules,0.05,0.5,0.1,0.5,0.5
27,1784929573.8355858,2.806227620691061,1,1784929573.834627,0.0009589195251464844,17,-0.06130167469382286,1,-0.13588018715381622,1,-0.02515554241836071,1,0.19661329686641693,1,0.2995280921459198,1,-0.08782493323087692,1,-0.23141640424728394,1,0.4424525797367096,1,-0.3991948962211609,1,-0.07151643931865692,1,-0.2285136580467224,1,-0.08097939938306808,1,0.08308162540197372,1,0.015168828889727592,1,-0.2504815459251404,1,-0.012766102328896523,1,-0.00022734483354724944,1,0,,,,,,,,,,,,,,,,,,,,,,,,,,,,,,,,,,,,,,,,,,,,,,,,,,,,,,,,,,,,,,,,,,,,,,,,,,,,,,,,,,,,,,,,,,,,,,,,,,,,,,,,,,,,,,,,,,,,,1,1784929573.8344548,0.0011310577392578125,world,base_footprint,0.9614923535775647,0.10363527881395761,1,0,1,1784929567.4354498,6.4001359939575195,world,workspace,1,0,3,0.47418051624239393,-0.07498176989329002,0.0,0.0,0.0,0.18733963242682541,0.9822952011092093,1.5,1,3,1784929567.4354498,world,workspace,0.47418051624239393,-0.07498176989329002,0.0,0.0,0.18733963242682541,0.9822952011092093,1,1784929567.435601,6.399984836578369,workspace,1,321,,1,1784929573.834455,0.001130819320678711,world,pelvis,0.9322538264839473,0.05291409372156509,0.7683353570967816,0.02569939630921077,-0.027108200217933778,0.28493109023582824,0.9578198997344485,capsules,0.05,0.5,0.1,0.5,0.5
28,1784929573.9357905,2.9064341643825173,1,1784929573.9344678,0.0013227462768554688,17,-0.06850721687078476,1,-0.010191262699663639,1,-0.03880101069808006,1,0.213099867105484,1,0.05830347165465355,1,0.028550652787089348,1,-0.2299828678369522,1,0.480350524187088,1,-0.34903085231781006,1,-0.2982490658760071,1,-0.23210373520851135,1,-0.29213953018188477,1,0.02920607291162014,1,-0.018918415531516075,1,-0.17626149952411652,1,0.006532941944897175,1,0.0011701496550813317,1,0,,,,,,,,,,,,,,,,,,,,,,,,,,,,,,,,,,,,,,,,,,,,,,,,,,,,,,,,,,,,,,,,,,,,,,,,,,,,,,,,,,,,,,,,,,,,,,,,,,,,,,,,,,,,,,,,,,,,,1,1784929573.933456,0.0023345947265625,world,base_footprint,0.9816781102357807,0.1020362406854466,1,0,1,1784929567.4354498,6.500340700149536,world,workspace,1,0,3,0.47418051624239393,-0.07498176989329002,0.0,0.0,0.0,0.18733963242682541,0.9822952011092093,1.5,1,3,1784929567.4354498,world,workspace,0.47418051624239393,-0.07498176989329002,0.0,0.0,0.18733963242682541,0.9822952011092093,1,1784929567.435601,6.500189542770386,workspace,1,321,,1,1784929573.9344563,0.0013341903686523438,world,pelvis,0.9505069625062895,0.0818168965675324,0.774301184464771,0.006746413815725345,-0.02271540393446999,0.2827377236642108,0.9589045186784246,capsules,0.05,0.5,0.1,0.5,0.5
29,1784929574.0355844,3.0062277000397444,1,1784929574.0344877,0.0010967254638671875,17,-0.09086188673973083,1,0.11383805423974991,1,-0.04090361297130585,1,0.19730086624622345,1,0.08910941332578659,1,0.22850054502487183,1,-0.24504972994327545,1,0.49401962757110596,1,-0.3045395016670227,1,-0.39684391021728516,1,-0.24731600284576416,1,-0.28565263748168945,1,0.06192217394709587,1,-0.0400528647005558,1,-0.07861292362213135,1,0.019448192790150642,1,-0.011728215031325817,1,0,,,,,,,,,,,,,,,,,,,,,,,,,,,,,,,,,,,,,,,,,,,,,,,,,,,,,,,,,,,,,,,,,,,,,,,,,,,,,,,,,,,,,,,,,,,,,,,,,,,,,,,,,,,,,,,,,,,,,1,1784929574.0334613,0.002123117446899414,world,base_footprint,1.0122222263821978,0.10683823749339146,1,0,1,1784929567.4354498,6.600134611129761,world,workspace,1,0,3,0.47418051624239393,-0.07498176989329002,0.0,0.0,0.0,0.18733963242682541,0.9822952011092093,1.5,1,3,1784929567.4354498,world,workspace,0.47418051624239393,-0.07498176989329002,0.0,0.0,0.18733963242682541,0.9822952011092093,1,1784929567.435601,6.59998345375061,workspace,1,321,,1,1784929574.0344577,0.0011267662048339844,world,pelvis,0.9690013542191531,0.11726915897280274,0.7756582984455586,-0.014207136655302354,-0.0245445802340145,0.2838214818633565,0.9584576606622132,capsules,0.05,0.5,0.1,0.5,0.5
30,1784929574.1362197,3.106862822547555,1,1784929574.1344743,0.001745462417602539,17,-0.07328205555677414,1,0.07894779741764069,1,-0.011201203800737858,1,0.1950858235359192,1,0.27925851941108704,1,0.38711124658584595,1,-0.3015379011631012,1,0.48924720287323,1,-0.21195751428604126,1,-0.3808147609233856,1,-0.29508107900619507,1,-0.1418062299489975,1,0.014691661112010479,1,0.01711423695087433,1,-0.09600452333688736,1,-0.0055017489939928055,1,0.04694214463233948,1,0,,,,,,,,,,,,,,,,,,,,,,,,,,,,,,,,,,,,,,,,,,,,,,,,,,,,,,,,,,,,,,,,,,,,,,,,,,,,,,,,,,,,,,,,,,,,,,,,,,,,,,,,,,,,,,,,,,,,,1,1784929574.134455,0.0017647743225097656,world,base_footprint,1.032277406935498,0.17316488621782167,1,0,1,1784929567.4354498,6.700769901275635,world,workspace,1,0,3,0.47418051624239393,-0.07498176989329002,0.0,0.0,0.0,0.18733963242682541,0.9822952011092093,1.5,1,3,1784929567.4354498,world,workspace,0.47418051624239393,-0.07498176989329002,0.0,0.0,0.18733963242682541,0.9822952011092093,1,1784929567.435601,6.700618743896484,workspace,1,321,,1,1784929574.135456,0.0007636547088623047,world,pelvis,0.9908928854242737,0.1480248518886443,0.7762711153907859,0.008513722700610857,-0.029826162689454906,0.2729036586705726,0.9615412157724779,capsules,0.05,0.5,0.1,0.5,0.5
31,1784929574.2357602,3.206403116695583,1,1784929574.2343996,0.0013606548309326172,17,-0.02451389469206333,1,-0.040075287222862244,1,0.006042819004505873,1,0.17191265523433685,1,0.4365866482257843,1,0.41234761476516724,1,-0.39000269770622253,1,0.47697630524635315,1,-0.13468115031719208,1,-0.3000764846801758,1,-0.4202120900154114,1,-0.07550349831581116,1,0.021319294348359108,1,0.044924233108758926,1,-0.3282290995121002,1,0.09125281870365143,1,-0.011882479302585125,1,0,,,,,,,,,,,,,,,,,,,,,,,,,,,,,,,,,,,,,,,,,,,,,,,,,,,,,,,,,,,,,,,,,,,,,,,,,,,,,,,,,,,,,,,,,,,,,,,,,,,,,,,,,,,,,,,,,,,,,1,1784929574.2334578,0.002302408218383789,world,base_footprint,1.0430176737995092,0.18260608147809962,1,0,1,1784929567.4354498,6.800310373306274,world,workspace,1,0,3,0.47418051624239393,-0.07498176989329002,0.0,0.0,0.0,0.18733963242682541,0.9822952011092093,1.5,1,3,1784929567.4354498,world,workspace,0.47418051624239393,-0.07498176989329002,0.0,0.0,0.18733963242682541,0.9822952011092093,1,1784929567.435601,6.800159215927124,workspace,1,321,,1,1784929574.2344568,0.0013034343719482422,world,pelvis,1.0195015658633149,0.1466208869394691,0.7778521572489311,0.018292654779026963,-0.020558704062242677,0.2582986953715254,0.9656730825894364,capsules,0.05,0.5,0.1,0.5,0.5
32,1784929574.3356147,3.3062568036839366,1,1784929574.335003,0.0006117820739746094,17,-0.011840161867439747,1,-0.1655387431383133,1,-0.011334854178130627,1,0.1686331331729889,1,0.4197489619255066,1,0.22510673105716705,1,-0.4062343239784241,1,0.468733549118042,1,-0.2068478763103485,1,-0.20404678583145142,1,-0.5565662980079651,1,-0.023673683404922485,1,0.023200055584311485,1,0.05739549174904823,1,-0.40343666076660156,1,0.002279575914144516,1,-0.011572912335395813,1,0,,,,,,,,,,,,,,,,,,,,,,,,,,,,,,,,,,,,,,,,,,,,,,,,,,,,,,,,,,,,,,,,,,,,,,,,,,,,,,,,,,,,,,,,,,,,,,,,,,,,,,,,,,,,,,,,,,,,,1,1784929574.3344572,0.001157522201538086,world,base_footprint,1.0532088174644043,0.19083645059777457,1,0,1,1784929567.4354498,6.900164842605591,world,workspace,1,0,3,0.47418051624239393,-0.07498176989329002,0.0,0.0,0.0,0.18733963242682541,0.9822952011092093,1.5,1,3,1784929567.4354498,world,workspace,0.47418051624239393,-0.07498176989329002,0.0,0.0,0.18733963242682541,0.9822952011092093,1,1784929567.435601,6.90001368522644,workspace,1,321,,1,1784929574.3344572,0.001157522201538086,world,pelvis,1.0564525476168978,0.14249243727271824,0.7746809620315396,0.030331663770974186,-0.005939741645578673,0.25732063970325386,0.9658316613286068,capsules,0.05,0.5,0.1,0.5,0.5
33,1784929574.4355881,3.4062307542189956,1,1784929574.4349754,0.0006127357482910156,17,-0.018469281494617462,1,-0.22259019315242767,1,0.03520077094435692,1,0.16247406601905823,1,0.43298864364624023,1,-0.04158584773540497,1,-0.322474867105484,1,0.43254485726356506,1,-0.3631022274494171,1,-0.0353335402905941,1,-0.5628982186317444,1,-0.029327290132641792,1,0.08780208975076675,1,0.018803713843226433,1,-0.2558101415634155,1,-0.003302318276837468,1,-0.02141336351633072,1,0,,,,,,,,,,,,,,,,,,,,,,,,,,,,,,,,,,,,,,,,,,,,,,,,,,,,,,,,,,,,,,,,,,,,,,,,,,,,,,,,,,,,,,,,,,,,,,,,,,,,,,,,,,,,,,,,,,,,,1,1784929574.4344559,0.0011322498321533203,world,base_footprint,1.1300731149879764,0.1816389174341505,1,0,1,1784929567.4354498,7.000138282775879,world,workspace,1,0,3,0.47418051624239393,-0.07498176989329002,0.0,0.0,0.0,0.18733963242682541,0.9822952011092093,1.5,1,3,1784929567.4354498,world,workspace,0.47418051624239393,-0.07498176989329002,0.0,0.0,0.18733963242682541,0.9822952011092093,1,1784929567.435601,6.9999871253967285,workspace,1,321,,1,1784929574.4344559,0.0011322498321533203,world,pelvis,1.100949469980683,0.13311953404990814,0.7691962563323086,0.024747983770447644,-0.026287811855415368,0.2713304446555044,0.9618088573361124,capsules,0.05,0.5,0.1,0.5,0.5
34,1784929574.5357618,3.506410278379917,1,1784929574.533772,0.0019898414611816406,17,-0.011132383719086647,1,-0.16212743520736694,1,0.062450166791677475,1,0.14065715670585632,1,0.45462971925735474,1,-0.3024909198284149,1,-0.15776671469211578,1,0.3710026144981384,1,-0.5574014782905579,1,0.12113063037395477,1,-0.4524216055870056,1,-0.25655776262283325,1,0.02067432552576065,1,-0.003736088052392006,1,-0.15885187685489655,1,0.0241432823240757,1,-0.018123863264918327,1,0,,,,,,,,,,,,,,,,,,,,,,,,,,,,,,,,,,,,,,,,,,,,,,,,,,,,,,,,,,,,,,,,,,,,,,,,,,,,,,,,,,,,,,,,,,,,,,,,,,,,,,,,,,,,,,,,,,,,,1,1784929574.5324583,0.00330352783203125,world,base_footprint,1.1718169755385417,0.1892753921601503,1,0,1,1784929567.4354498,7.100311994552612,world,workspace,1,0,3,0.47418051624239393,-0.07498176989329002,0.0,0.0,0.0,0.18733963242682541,0.9822952011092093,1.5,1,3,1784929567.4354498,world,workspace,0.47418051624239393,-0.07498176989329002,0.0,0.0,0.18733963242682541,0.9822952011092093,1,1784929567.435601,7.100160837173462,workspace,1,321,,1,1784929574.533457,0.0023047924041748047,world,pelvis,1.124358504378051,0.14780315442725284,0.7743815364737956,0.017123138892602505,-0.0367462698218384,0.26932805351284905,0.9621948396035105,capsules,0.05,0.5,0.1,0.5,0.5
35,1784929574.635584,3.606230183504522,1,1784929574.6343331,0.0012509822845458984,17,-0.01963644288480282,1,-0.029745254665613174,1,0.0357133150100708,1,0.05456086993217468,1,0.5133989453315735,1,-0.44175565242767334,1,0.00500819506123662,1,0.31766700744628906,1,-0.6029507517814636,1,0.2267967164516449,1,-0.24113398790359497,1,-0.27412834763526917,1,0.038999997079372406,1,-0.03006245754659176,1,-0.03748191148042679,1,0.055714260786771774,1,-0.03747131675481796,1,0,,,,,,,,,,,,,,,,,,,,,,,,,,,,,,,,,,,,,,,,,,,,,,,,,,,,,,,,,,,,,,,,,,,,,,,,,,,,,,,,,,,,,,,,,,,,,,,,,,,,,,,,,,,,,,,,,,,,,1,1784929574.6334586,0.0021255016326904297,world,base_footprint,1.216626549292611,0.18695262487269584,1,0,1,1784929567.4354498,7.20013427734375,world,workspace,1,0,3,0.47418051624239393,-0.07498176989329002,0.0,0.0,0.0,0.18733963242682541,0.9822952011092093,1.5,1,3,1784929567.4354498,world,workspace,0.47418051624239393,-0.07498176989329002,0.0,0.0,0.18733963242682541,0.9822952011092093,1,1784929567.435601,7.1999831199646,workspace,1,321,,1,1784929574.6334589,0.002125263214111328,world,pelvis,1.146263184229689,0.179158147820338,0.7767986759708185,-0.007516820126121644,-0.04455395783540276,0.27363742261571367,0.9607710461918708,capsules,0.05,0.5,0.1,0.5,0.5
36,1784929574.7355947,3.7062388695776463,1,1784929574.7345474,0.001047372817993164,17,-0.01974150910973549,1,-0.002967933425679803,1,0.030513493344187737,1,-0.09943361580371857,1,0.562675416469574,1,-0.48136162757873535,1,0.20561131834983826,1,0.21845756471157074,1,-0.503983736038208,1,0.32391437888145447,1,-0.013605919666588306,1,-0.1492968648672104,1,0.017391784116625786,1,0.023161383345723152,1,-0.056915033608675,1,0.046161774545907974,1,0.005158998537808657,1,0,,,,,,,,,,,,,,,,,,,,,,,,,,,,,,,,,,,,,,,,,,,,,,,,,,,,,,,,,,,,,,,,,,,,,,,,,,,,,,,,,,,,,,,,,,,,,,,,,,,,,,,,,,,,,,,,,,,,,1,1784929574.7334552,0.002139568328857422,world,base_footprint,1.242647827809083,0.23474001595857308,1,0,1,1784929567.4354498,7.300144910812378,world,workspace,1,0,3,0.47418051624239393,-0.07498176989329002,0.0,0.0,0.0,0.18733963242682541,0.9822952011092093,1.5,1,3,1784929567.4354498,world,workspace,0.47418051624239393,-0.07498176989329002,0.0,0.0,0.18733963242682541,0.9822952011092093,1,1784929567.435601,7.2999937534332275,workspace,1,321,,1,1784929574.7334554,0.0021393299102783203,world,pelvis,1.167342265704807,0.20828184833135455,0.7753276525971409,0.003628194621238822,-0.050828295987930185,0.2631216339145741,0.963415967428856,capsules,0.05,0.5,0.1,0.5,0.5
37,1784929574.836168,3.8068162044510245,1,1784929574.8355496,0.0006184577941894531,17,-0.01648898608982563,1,-0.047092702239751816,1,-0.000599551887717098,1,-0.2900814712047577,1,0.5784630179405212,1,-0.5504774451255798,1,0.4148513972759247,1,0.14980868995189667,1,-0.322569340467453,1,0.39706745743751526,1,0.1615709662437439,1,-0.10893981158733368,1,0.02327170968055725,1,0.03302831947803497,1,-0.2996958792209625,1,0.10798250883817673,1,-0.047307003289461136,1,0,,,,,,,,,,,,,,,,,,,,,,,,,,,,,,,,,,,,,,,,,,,,,,,,,,,,,,,,,,,,,,,,,,,,,,,,,,,,,,,,,,,,,,,,,,,,,,,,,,,,,,,,,,,,,,,,,,,,,1,1784929574.8334672,0.0027008056640625,world,base_footprint,1.2482850387584496,0.2370018934958026,1,0,1,1784929567.4354498,7.4007182121276855,world,workspace,1,0,3,0.47418051624239393,-0.07498176989329002,0.0,0.0,0.0,0.18733963242682541,0.9822952011092093,1.5,1,3,1784929567.4354498,world,workspace,0.47418051624239393,-0.07498176989329002,0.0,0.0,0.18733963242682541,0.9822952011092093,1,1784929567.435601,7.400567054748535,workspace,1,321,,1,1784929574.834456,0.0017120838165283203,world,pelvis,1.1963173336170903,0.21085652413610295,0.77884011376821,0.007625426199736318,-0.03632508788473231,0.25614396019047475,0.9659257800283515,capsules,0.05,0.5,0.1,0.5,0.5
38,1784929574.9355564,3.9061994552612305,1,1784929574.9351428,0.00041365623474121094,17,-0.027340291067957878,1,-0.08029594272375107,1,-0.06821396946907043,1,-0.35926586389541626,1,0.4828173518180847,1,-0.6707673072814941,1,0.5472257733345032,1,0.0982571616768837,1,-0.23708216845989227,1,0.40109190344810486,1,0.33332276344299316,1,-0.060602519661188126,1,0.025695068761706352,1,0.05030135437846184,1,-0.3624951243400574,1,0.016076993197202682,1,-0.019014334306120872,1,0,,,,,,,,,,,,,,,,,,,,,,,,,,,,,,,,,,,,,,,,,,,,,,,,,,,,,,,,,,,,,,,,,,,,,,,,,,,,,,,,,,,,,,,,,,,,,,,,,,,,,,,,,,,,,,,,,,,,,1,1784929574.9344552,0.0011012554168701172,world,base_footprint,1.256396042151098,0.24458119769961756,1,0,1,1784929567.4354498,7.500106573104858,world,workspace,1,0,3,0.47418051624239393,-0.07498176989329002,0.0,0.0,0.0,0.18733963242682541,0.9822952011092093,1.5,1,3,1784929567.4354498,world,workspace,0.47418051624239393,-0.07498176989329002,0.0,0.0,0.18733963242682541,0.9822952011092093,1,1784929567.435601,7.499955415725708,workspace,1,321,,1,1784929574.9344554,0.0011010169982910156,world,pelvis,1.2338914307010822,0.21392523772866662,0.7784205234770567,0.015310929539296523,-0.018810958845600505,0.25155809459802736,0.967538241262929,capsules,0.05,0.5,0.1,0.5,0.5
39,1784929575.035659,4.006302196532488,1,1784929575.0342383,0.001420736312866211,17,-0.038890112191438675,1,-0.053785547614097595,1,-0.03699691966176033,1,-0.3134407103061676,1,0.31185391545295715,1,-0.6895062327384949,1,0.5462339520454407,1,0.00871559139341116,1,-0.2667887806892395,1,0.4025137424468994,1,0.4945201575756073,1,-0.04740938916802406,1,0.06173213943839073,1,0.03230194374918938,1,-0.198380246758461,1,-0.010160188190639019,1,-0.024862851947546005,1,0,,,,,,,,,,,,,,,,,,,,,,,,,,,,,,,,,,,,,,,,,,,,,,,,,,,,,,,,,,,,,,,,,,,,,,,,,,,,,,,,,,,,,,,,,,,,,,,,,,,,,,,,,,,,,,,,,,,,,1,1784929575.034455,0.0012040138244628906,world,base_footprint,1.325953651452527,0.25143168647914965,1,0,1,1784929567.4354498,7.6002092361450195,world,workspace,1,0,3,0.47418051624239393,-0.07498176989329002,0.0,0.0,0.0,0.18733963242682541,0.9822952011092093,1.5,1,3,1784929567.4354498,world,workspace,0.47418051624239393,-0.07498176989329002,0.0,0.0,0.18733963242682541,0.9822952011092093,1,1784929567.435601,7.600058078765869,workspace,1,321,,1,1784929575.034455,0.0012040138244628906,world,pelvis,1.2740123303351854,0.2147374228159248,0.7737884294025414,0.014125159488374216,-0.03804362621880621,0.2564178570825207,0.9657137489664107,capsules,0.05,0.5,0.1,0.5,0.5
40,1784929575.135646,4.106291254982352,1,1784929575.1351347,0.0005114078521728516,17,-0.034629520028829575,1,0.04168128967285156,1,0.010031935758888721,1,-0.1557246446609497,1,0.140448659658432,1,-0.682770311832428,1,0.40334010124206543,1,-0.02989109791815281,1,-0.4064546227455139,1,0.4022415578365326,1,0.5214545726776123,1,-0.2062382996082306,1,0.00028091855347156525,1,0.021539371460676193,1,-0.11001921445131302,1,-0.007421023678034544,1,-0.03725699335336685,1,0,,,,,,,,,,,,,,,,,,,,,,,,,,,,,,,,,,,,,,,,,,,,,,,,,,,,,,,,,,,,,,,,,,,,,,,,,,,,,,,,,,,,,,,,,,,,,,,,,,,,,,,,,,,,,,,,,,,,,1,1784929575.1344562,0.0011899471282958984,world,base_footprint,1.3660672816700377,0.2690033576346825,1,0,1,1784929567.4354498,7.700196266174316,world,workspace,1,0,3,0.47418051624239393,-0.07498176989329002,0.0,0.0,0.0,0.18733963242682541,0.9822952011092093,1.5,1,3,1784929567.4354498,world,workspace,0.47418051624239393,-0.07498176989329002,0.0,0.0,0.18733963242682541,0.9822952011092093,1,1784929567.435601,7.700045108795166,workspace,1,321,,1,1784929575.1344562,0.0011899471282958984,world,pelvis,1.2959648245877406,0.23268946265501636,0.7772850428012681,0.010536732477126266,-0.049287972781213,0.26383511385526615,0.9632500743341798,capsules,0.05,0.5,0.1,0.5,0.5
41,1784929575.2356236,4.206268383190036,1,1784929575.234819,0.0008046627044677734,17,-0.02394145168364048,1,0.09987364709377289,1,0.01744537055492401,1,-0.009635936468839645,1,0.14346957206726074,1,-0.6004579663276672,1,0.22330352663993835,1,0.01812674291431904,1,-0.4865792393684387,1,0.3927212953567505,1,0.4099394679069519,1,-0.22717566788196564,1,0.013553416356444359,1,0.03796503692865372,1,-0.02694024331867695,1,-0.0203297920525074,1,-0.06672109663486481,1,0,,,,,,,,,,,,,,,,,,,,,,,,,,,,,,,,,,,,,,,,,,,,,,,,,,,,,,,,,,,,,,,,,,,,,,,,,,,,,,,,,,,,,,,,,,,,,,,,,,,,,,,,,,,,,,,,,,,,,1,1784929575.2344575,0.0011661052703857422,world,base_footprint,1.3924362650876974,0.28770675941595963,1,0,1,1784929567.4354498,7.800173759460449,world,workspace,1,0,3,0.47418051624239393,-0.07498176989329002,0.0,0.0,0.0,0.18733963242682541,0.9822952011092093,1.5,1,3,1784929567.4354498,world,workspace,0.47418051624239393,-0.07498176989329002,0.0,0.0,0.18733963242682541,0.9822952011092093,1,1784929567.435601,7.800022602081299,workspace,1,321,,1,1784929575.2344577,0.0011658668518066406,world,pelvis,1.3184469496679407,0.2540537087915312,0.7795679439707313,0.007564685660401404,-0.05134099712639358,0.2765392521810148,0.9596003957627842,capsules,0.05,0.5,0.1,0.5,0.5
42,1784929575.3355665,4.306212028488517,1,1784929575.3344662,0.001100301742553711,17,-0.0033138126600533724,1,0.10271662473678589,1,0.010171418078243732,1,0.019819926470518112,1,0.2881391942501068,1,-0.4222947955131531,1,0.06980572640895844,1,0.08570148795843124,1,-0.5165748000144958,1,0.32352375984191895,1,0.23382651805877686,1,-0.09742635488510132,1,-0.026651255786418915,1,0.05715307593345642,1,0.06357033550739288,1,-0.053301889449357986,1,-0.07870322465896606,1,0,,,,,,,,,,,,,,,,,,,,,,,,,,,,,,,,,,,,,,,,,,,,,,,,,,,,,,,,,,,,,,,,,,,,,,,,,,,,,,,,,,,,,,,,,,,,,,,,,,,,,,,,,,,,,,,,,,,,,1,1784929575.3344574,0.0011091232299804688,world,base_footprint,1.416904288684513,0.3279774966204226,1,0,1,1784929567.4354498,7.900116682052612,world,workspace,1,0,3,0.47418051624239393,-0.07498176989329002,0.0,0.0,0.0,0.18733963242682541,0.9822952011092093,1.5,1,3,1784929567.4354498,world,workspace,0.47418051624239393,-0.07498176989329002,0.0,0.0,0.18733963242682541,0.9822952011092093,1,1784929567.435601,7.899965524673462,workspace,1,321,,1,1784929575.3344574,0.0011091232299804688,world,pelvis,1.3431477347498861,0.28257567706191966,0.7804734187584045,0.014273479332166614,-0.05343304457637851,0.2862331551670731,0.9565624696893326,capsules,0.05,0.5,0.1,0.5,0.5
43,1784929575.4356723,4.406316893175244,1,1784929575.4351275,0.0005447864532470703,17,0.04278280586004257,1,0.004782550502568483,1,0.04798292741179466,1,-0.13477659225463867,1,0.5502126812934875,1,-0.17442435026168823,1,-0.0970478355884552,1,0.034456998109817505,1,-0.5243064761161804,1,0.18361546099185944,1,0.02369452454149723,1,-0.0887383222579956,1,-0.04378229379653931,1,0.06944725662469864,1,-0.14838039875030518,1,0.040489692240953445,1,0.045349761843681335,1,0,,,,,,,,,,,,,,,,,,,,,,,,,,,,,,,,,,,,,,,,,,,,,,,,,,,,,,,,,,,,,,,,,,,,,,,,,,,,,,,,,,,,,,,,,,,,,,,,,,,,,,,,,,,,,,,,,,,,,1,1784929575.433457,0.0022153854370117188,world,base_footprint,1.4076658332298702,0.3365546963011179,1,0,1,1784929567.4354498,8.000222444534302,world,workspace,1,0,3,0.47418051624239393,-0.07498176989329002,0.0,0.0,0.0,0.18733963242682541,0.9822952011092093,1.5,1,3,1784929567.4354498,world,workspace,0.47418051624239393,-0.07498176989329002,0.0,0.0,0.18733963242682541,0.9822952011092093,1,1784929567.435601,8.000071287155151,workspace,1,321,,1,1784929575.4344587,0.0012135505676269531,world,pelvis,1.3615620533676525,0.2860538432100232,0.7795238187849372,0.022468294904042948,-0.03693674577537965,0.2788086490239487,0.9593730190937572,capsules,0.05,0.5,0.1,0.5,0.5
44,1784929575.5355542,4.506197861395776,1,1784929575.5346441,0.0009100437164306641,17,0.018052104860544205,1,-0.1127084493637085,1,0.055457569658756256,1,-0.3907570540904999,1,0.7216699719429016,1,-0.0041176676750183105,1,-0.2878965139389038,1,-0.08637545257806778,1,-0.6694133281707764,1,-0.02982233464717865,1,-0.17053347826004028,1,-0.15003132820129395,1,-0.055474359542131424,1,0.04117016866803169,1,-0.28219354152679443,1,-0.007936504669487476,1,0.10655966401100159,1,0,,,,,,,,,,,,,,,,,,,,,,,,,,,,,,,,,,,,,,,,,,,,,,,,,,,,,,,,,,,,,,,,,,,,,,,,,,,,,,,,,,,,,,,,,,,,,,,,,,,,,,,,,,,,,,,,,,,,,1,1784929575.5334575,0.0020966529846191406,world,base_footprint,1.38794187435095,0.32774338665855657,1,0,1,1784929567.4354498,8.100104331970215,world,workspace,1,0,3,0.47418051624239393,-0.07498176989329002,0.0,0.0,0.0,0.18733963242682541,0.9822952011092093,1.5,1,3,1784929567.4354498,world,workspace,0.47418051624239393,-0.07498176989329002,0.0,0.0,0.18733963242682541,0.9822952011092093,1,1784929567.435601,8.099953174591064,workspace,1,321,,1,1784929575.5344594,0.001094818115234375,world,pelvis,1.3820817657278994,0.2813396364554765,0.774811752119148,0.02716535391387374,-0.012335452956977824,0.29598808205944105,0.954725581214756,capsules,0.05,0.5,0.1,0.5,0.5
45,1784929575.6355562,4.606202609837055,1,1784929575.6347857,0.00077056884765625,17,-0.03203338384628296,1,-0.06717818230390549,1,0.040012989193201065,1,-0.6199741363525391,1,0.7347244024276733,1,0.008694691583514214,1,-0.42170000076293945,1,-0.2734028995037079,1,-0.9407920241355896,1,-0.2875805199146271,1,-0.29551154375076294,1,-0.27692705392837524,1,-0.02652532234787941,1,0.03410579264163971,1,-0.2137150764465332,1,-0.024909669533371925,1,0.023487638682127,1,0,,,,,,,,,,,,,,,,,,,,,,,,,,,,,,,,,,,,,,,,,,,,,,,,,,,,,,,,,,,,,,,,,,,,,,,,,,,,,,,,,,,,,,,,,,,,,,,,,,,,,,,,,,,,,,,,,,,,,1,1784929575.633456,0.002100229263305664,world,base_footprint,1.4146819382126088,0.31593677876106663,1,0,1,1784929567.4354498,8.200106382369995,world,workspace,1,0,3,0.47418051624239393,-0.07498176989329002,0.0,0.0,0.0,0.18733963242682541,0.9822952011092093,1.5,1,3,1784929567.4354498,world,workspace,0.47418051624239393,-0.07498176989329002,0.0,0.0,0.18733963242682541,0.9822952011092093,1,1784929567.435601,8.199955224990845,workspace,1,321,,1,1784929575.6344597,0.001096487045288086,world,pelvis,1.3987866099777402,0.29714175072320237,0.7759529837134775,0.00800326072404839,-0.013494050877806335,0.3337031618115087,0.9425476424063095,capsules,0.05,0.5,0.1,0.5,0.5
46,1784929575.735605,4.706249807961285,1,1784929575.7345417,0.0010633468627929688,17,-0.03497164696455002,1,0.04723931476473808,1,-0.04239245504140854,1,-0.8381642699241638,1,0.8069265484809875,1,-0.11899037659168243,1,-0.3233627676963806,1,-0.5547008514404297,1,-1.19157874584198,1,-0.43830838799476624,1,-0.2881603240966797,1,-0.40839409828186035,1,0.014914366416633129,1,0.017730211839079857,1,-0.12581031024456024,1,-0.06038669869303703,1,-0.03700481355190277,1,0,,,,,,,,,,,,,,,,,,,,,,,,,,,,,,,,,,,,,,,,,,,,,,,,,,,,,,,,,,,,,,,,,,,,,,,,,,,,,,,,,,,,,,,,,,,,,,,,,,,,,,,,,,,,,,,,,,,,,1,1784929575.7344577,0.0011472702026367188,world,base_footprint,1.4167773859195238,0.324453941237322,1,0,1,1784929567.4354498,8.30015516281128,world,workspace,1,0,3,0.47418051624239393,-0.07498176989329002,0.0,0.0,0.0,0.18733963242682541,0.9822952011092093,1.5,1,3,1784929567.4354498,world,workspace,0.47418051624239393,-0.07498176989329002,0.0,0.0,0.18733963242682541,0.9822952011092093,1,1784929567.435601,8.300004005432129,workspace,1,321,,1,1784929575.734458,0.0011470317840576172,world,pelvis,1.4019533320456643,0.33730514150740065,0.7796652848721971,-0.011071805291463848,-0.005823432587389762,0.3637833105396642,0.9313995950897178,capsules,0.05,0.5,0.1,0.5,0.5
47,1784929575.8356707,4.806316893547773,1,1784929575.8342257,0.0014450550079345703,17,-0.044664956629276276,1,0.13566215336322784,1,-0.1122351661324501,1,-1.0665817260742188,1,0.8888167142868042,1,-0.2679726183414459,1,-0.12561002373695374,1,-0.7688634991645813,1,-1.3850573301315308,1,-0.3768434226512909,1,-0.1420244425535202,1,-0.3544583022594452,1,0.11051677167415619,1,-0.00715238880366087,1,-0.0019153335597366095,1,-0.10871567577123642,1,-0.11417344212532043,1,0,,,,,,,,,,,,,,,,,,,,,,,,,,,,,,,,,,,,,,,,,,,,,,,,,,,,,,,,,,,,,,,,,,,,,,,,,,,,,,,,,,,,,,,,,,,,,,,,,,,,,,,,,,,,,,,,,,,,,1,1784929575.8334568,0.0022139549255371094,world,base_footprint,1.4359086500384368,0.3659466000506613,1,0,1,1784929567.4354498,8.40022087097168,world,workspace,1,0,3,0.47418051624239393,-0.07498176989329002,0.0,0.0,0.0,0.18733963242682541,0.9822952011092093,1.5,1,3,1784929567.4354498,world,workspace,0.47418051624239393,-0.07498176989329002,0.0,0.0,0.18733963242682541,0.9822952011092093,1,1784929567.435601,8.40006971359253,workspace,1,321,,1,1784929575.8344574,0.0012133121490478516,world,pelvis,1.3978690402113454,0.38864150539719916,0.7740610343747123,-0.022918339330995772,-0.016523073107717806,0.39681791788129755,0.9174624122141126,capsules,0.05,0.5,0.1,0.5,0.5
48,1784929575.9356506,4.906293990090489,1,1784929575.935048,0.0006024837493896484,17,-0.060121744871139526,1,0.09938529133796692,1,-0.128106027841568,1,-1.2409899234771729,1,0.9169965386390686,1,-0.3461291491985321,1,0.0687364935874939,1,-0.8960022926330566,1,-1.4232978820800781,1,-0.20201139152050018,1,0.05228129029273987,1,-0.24104897677898407,1,0.011959890834987164,1,0.018297510221600533,1,-0.1332726776599884,1,-0.17858025431632996,1,0.03281344473361969,1,0,,,,,,,,,,,,,,,,,,,,,,,,,,,,,,,,,,,,,,,,,,,,,,,,,,,,,,,,,,,,,,,,,,,,,,,,,,,,,,,,,,,,,,,,,,,,,,,,,,,,,,,,,,,,,,,,,,,,,1,1784929575.9334548,0.0021958351135253906,world,base_footprint,1.4115272327349886,0.45396793893034426,1,0,1,1784929567.4354498,8.500200748443604,world,workspace,1,0,3,0.47418051624239393,-0.07498176989329002,0.0,0.0,0.0,0.18733963242682541,0.9822952011092093,1.5,1,3,1784929567.4354498,world,workspace,0.47418051624239393,-0.07498176989329002,0.0,0.0,0.18733963242682541,0.9822952011092093,1,1784929567.435601,8.500049591064453,workspace,1,321,,1,1784929575.934458,0.0011925697326660156,world,pelvis,1.381058946991187,0.43258968673133485,0.7722790572801906,0.004932069614170366,-0.023195055898399493,0.4093725576781004,0.9120590842107114,capsules,0.05,0.5,0.1,0.5,0.5
49,1784929576.035695,5.006338894367218,1,1784929576.0350933,0.0006017684936523438,17,-0.09184494614601135,1,-0.016811074689030647,1,-0.15928372740745544,1,-1.4212650060653687,1,0.8987086415290833,1,-0.356595903635025,1,0.2076648622751236,1,-1.0369454622268677,1,-1.4112755060195923,1,0.04327552393078804,1,0.2604568302631378,1,-0.26776623725891113,1,-0.040866415947675705,1,0.006107425317168236,1,-0.36221569776535034,1,-0.027459952980279922,1,0.09583858400583267,1,0,,,,,,,,,,,,,,,,,,,,,,,,,,,,,,,,,,,,,,,,,,,,,,,,,,,,,,,,,,,,,,,,,,,,,,,,,,,,,,,,,,,,,,,,,,,,,,,,,,,,,,,,,,,,,,,,,,,,,1,1784929576.0334556,0.0022394657135009766,world,base_footprint,1.3750813668042479,0.4535411330790709,1,0,1,1784929567.4354498,8.600245237350464,world,workspace,1,0,3,0.47418051624239393,-0.07498176989329002,0.0,0.0,0.0,0.18733963242682541,0.9822952011092093,1.5,1,3,1784929567.4354498,world,workspace,0.47418051624239393,-0.07498176989329002,0.0,0.0,0.18733963242682541,0.9822952011092093,1,1784929567.435601,8.600094079971313,workspace,1,321,,1,1784929576.0344584,0.0012366771697998047,world,pelvis,1.377518355703683,0.4365519307431582,0.7715001073800394,0.01045580754862421,-0.0032311626399051914,0.4278963875319862,0.9037615378038484,capsules,0.05,0.5,0.1,0.5,0.5
50,1784929576.135643,5.106286547146738,1,1784929576.135233,0.0004100799560546875,17,-0.09349749237298965,1,-0.10930535942316055,1,-0.15026496350765228,1,-1.506553053855896,1,0.884246289730072,1,-0.34914183616638184,1,0.2572123408317566,1,-1.248275637626648,1,-1.3916680812835693,1,0.2354493886232376,1,0.37549641728401184,1,-0.3344036340713501,1,-0.05321425944566727,1,-0.02729424647986889,1,-0.328503280878067,1,0.011982046067714691,1,0.14012102782726288,1,0,,,,,,,,,,,,,,,,,,,,,,,,,,,,,,,,,,,,,,,,,,,,,,,,,,,,,,,,,,,,,,,,,,,,,,,,,,,,,,,,,,,,,,,,,,,,,,,,,,,,,,,,,,,,,,,,,,,,,1,1784929576.1334567,0.002186298370361328,world,base_footprint,1.3620367579119759,0.4312646045313791,1,0,1,1784929567.4354498,8.700193166732788,world,workspace,1,0,3,0.47418051624239393,-0.07498176989329002,0.0,0.0,0.0,0.18733963242682541,0.9822952011092093,1.5,1,3,1784929567.4354498,world,workspace,0.47418051624239393,-0.07498176989329002,0.0,0.0,0.18733963242682541,0.9822952011092093,1,1784929567.435601,8.700042009353638,workspace,1,321,,1,1784929576.133457,0.0021860599517822266,world,pelvis,1.37930849421522,0.4274477047033608,0.7666965144440494,0.007107698109288333,0.0087572873682543,0.44776699944292675,0.894079137859404,capsules,0.05,0.5,0.1,0.5,0.5
51,1784929576.2356143,5.206259787082672,1,1784929576.2350812,0.0005331039428710938,17,-0.08469179272651672,1,-0.10991320013999939,1,-0.10381534695625305,1,-1.4574902057647705,1,0.8727198839187622,1,-0.3665942847728729,1,0.2638518810272217,1,-1.3977017402648926,1,-1.3933141231536865,1,0.3474462330341339,1,0.3566620647907257,1,-0.38807693123817444,1,-0.011983095668256283,1,-0.020167795941233635,1,-0.25846076011657715,1,0.003052756190299988,1,0.053497314453125,1,0,,,,,,,,,,,,,,,,,,,,,,,,,,,,,,,,,,,,,,,,,,,,,,,,,,,,,,,,,,,,,,,,,,,,,,,,,,,,,,,,,,,,,,,,,,,,,,,,,,,,,,,,,,,,,,,,,,,,,1,1784929576.233457,0.0021572113037109375,world,base_footprint,1.3835052187699033,0.40965482571256134,1,0,1,1784929567.4354498,8.800164461135864,world,workspace,1,0,3,0.47418051624239393,-0.07498176989329002,0.0,0.0,0.0,0.18733963242682541,0.9822952011092093,1.5,1,3,1784929567.4354498,world,workspace,0.47418051624239393,-0.07498176989329002,0.0,0.0,0.18733963242682541,0.9822952011092093,1,1784929567.435601,8.800013303756714,workspace,1,321,,1,1784929576.2334573,0.002156972885131836,world,pelvis,1.3758016234891615,0.422110154054785,0.7715863990868709,-0.009328004339526552,-0.00043246689366951844,0.4860434535882649,0.8738847535753327,capsules,0.05,0.5,0.1,0.5,0.5
52,1784929576.3355756,5.306219382211566,1,1784929576.3340745,0.0015010833740234375,17,-0.05703222379088402,1,-0.018115568906068802,1,-0.06523845344781876,1,-1.4124008417129517,1,0.9123920798301697,1,-0.4301076829433441,1,0.2142179161310196,1,-1.4849408864974976,1,-1.4279330968856812,1,0.40591761469841003,1,0.2157113403081894,1,-0.4410798251628876,1,0.0738968625664711,1,-0.01651042327284813,1,-0.17224901914596558,1,-0.030967874452471733,1,-0.009242224507033825,1,0,,,,,,,,,,,,,,,,,,,,,,,,,,,,,,,,,,,,,,,,,,,,,,,,,,,,,,,,,,,,,,,,,,,,,,,,,,,,,,,,,,,,,,,,,,,,,,,,,,,,,,,,,,,,,,,,,,,,,1,1784929576.3344586,0.0011169910430908203,world,base_footprint,1.3854845139359893,0.4132111194252,1,0,1,1784929567.4354498,8.900125741958618,world,workspace,1,0,3,0.47418051624239393,-0.07498176989329002,0.0,0.0,0.0,0.18733963242682541,0.9822952011092093,1.5,1,3,1784929567.4354498,world,workspace,0.47418051624239393,-0.07498176989329002,0.0,0.0,0.18733963242682541,0.9822952011092093,1,1784929567.435601,8.899974584579468,workspace,1,321,,1,1784929576.3344588,0.0011167526245117188,world,pelvis,1.3472223155930645,0.43996093827136323,0.7741332673367081,-0.027227076712764073,-0.012062642499797537,0.5170016348003235,0.8554662404580279,capsules,0.05,0.5,0.1,0.5,0.5
53,1784929576.4355993,5.4062436474487185,1,1784929576.434751,0.0008482933044433594,17,-0.08932102471590042,1,0.08796709030866623,1,-0.03241444006562233,1,-1.413908839225769,1,1.0403469800949097,1,-0.5026581883430481,1,0.06020582839846611,1,-1.4843380451202393,1,-1.5464898347854614,1,0.47698283195495605,1,0.04262832924723625,1,-0.34904944896698,1,0.16720174252986908,1,-0.09690375626087189,1,-0.06412573158740997,1,-0.12037709355354309,1,-0.10129419714212418,1,0,,,,,,,,,,,,,,,,,,,,,,,,,,,,,,,,,,,,,,,,,,,,,,,,,,,,,,,,,,,,,,,,,,,,,,,,,,,,,,,,,,,,,,,,,,,,,,,,,,,,,,,,,,,,,,,,,,,,,1,1784929576.4344559,0.0011434555053710938,world,base_footprint,1.3665427326167154,0.4553061468656872,1,0,1,1784929567.4354498,9.000149488449097,world,workspace,1,0,3,0.47418051624239393,-0.07498176989329002,0.0,0.0,0.0,0.18733963242682541,0.9822952011092093,1.5,1,3,1784929567.4354498,world,workspace,0.47418051624239393,-0.07498176989329002,0.0,0.0,0.18733963242682541,0.9822952011092093,1,1784929567.435601,8.999998331069946,workspace,1,321,,1,1784929576.4344559,0.0011434555053710938,world,pelvis,1.302065216950805,0.47618850854246786,0.7689207756084848,-0.03416351321160217,-0.02652700820302224,0.5619331068610177,0.8260510611423253,capsules,0.05,0.5,0.1,0.5,0.5
54,1784929576.5356631,5.506307736970484,1,1784929576.5346944,0.0009686946868896484,17,-0.08833732455968857,1,0.015572617761790752,1,-0.031626537442207336,1,-1.399092674255371,1,1.304419994354248,1,-0.532694399356842,1,-0.11240904033184052,1,-1.3744553327560425,1,-1.6650755405426025,1,0.5498540997505188,1,-0.14063875377178192,1,-0.24477867782115936,1,0.018741488456726074,1,-0.05569368600845337,1,-0.21052153408527374,1,-0.14031343162059784,1,0.0708262175321579,1,0,,,,,,,,,,,,,,,,,,,,,,,,,,,,,,,,,,,,,,,,,,,,,,,,,,,,,,,,,,,,,,,,,,,,,,,,,,,,,,,,,,,,,,,,,,,,,,,,,,,,,,,,,,,,,,,,,,,,,1,1784929576.5344563,0.0012068748474121094,world,base_footprint,1.268887904360927,0.5082845221667566,1,0,1,1784929567.4354498,9.100213289260864,world,workspace,1,0,3,0.47418051624239393,-0.07498176989329002,0.0,0.0,0.0,0.18733963242682541,0.9822952011092093,1.5,1,3,1784929567.4354498,world,workspace,0.47418051624239393,-0.07498176989329002,0.0,0.0,0.18733963242682541,0.9822952011092093,1,1784929567.435601,9.100062131881714,workspace,1,321,,1,1784929576.5344565,0.0012066364288330078,world,pelvis,1.2670394793084845,0.5070745221625046,0.7711262719389907,-4.267499939190825e-05,-0.0014079508383547006,0.5727938094848137,0.8196982784349106,capsules,0.05,0.5,0.1,0.5,0.5
55,1784929576.6356635,5.606309640221298,1,1784929576.635131,0.0005326271057128906,17,-0.07187934219837189,1,-0.10413301736116409,1,-0.07769801467657089,1,-1.2916688919067383,1,1.5145612955093384,1,-0.5348552465438843,1,-0.20233382284641266,1,-1.2622054815292358,1,-1.7496559619903564,1,0.6414747834205627,1,-0.32598236203193665,1,-0.2393985539674759,1,-0.027481641620397568,1,-0.047322291880846024,1,-0.39346468448638916,1,-0.004690584726631641,1,0.01796802319586277,1,0,,,,,,,,,,,,,,,,,,,,,,,,,,,,,,,,,,,,,,,,,,,,,,,,,,,,,,,,,,,,,,,,,,,,,,,,,,,,,,,,,,,,,,,,,,,,,,,,,,,,,,,,,,,,,,,,,,,,,1,1784929576.6344612,0.0012023448944091797,world,base_footprint,1.2343292395314809,0.502847528520836,1,0,1,1784929567.4354498,9.20021367073059,world,workspace,1,0,3,0.47418051624239393,-0.07498176989329002,0.0,0.0,0.0,0.18733963242682541,0.9822952011092093,1.5,1,3,1784929567.4354498,world,workspace,0.47418051624239393,-0.07498176989329002,0.0,0.0,0.18733963242682541,0.9822952011092093,1,1784929567.435601,9.20006251335144,workspace,1,321,,1,1784929576.6344614,0.0012021064758300781,world,pelvis,1.2700628206383362,0.5210429344248804,0.7720862687596722,0.0037138037369493816,0.02530429560525471,0.5781593823007896,0.8155229174850298,capsules,0.05,0.5,0.1,0.5,0.5
56,1784929576.7355754,5.706221246160567,1,1784929576.7345777,0.000997781753540039,17,-0.05011405795812607,1,-0.19374872744083405,1,-0.10960080474615097,1,-1.0549286603927612,1,1.5243546962738037,1,-0.5714871883392334,1,-0.1886705607175827,1,-1.1060134172439575,1,-1.7634623050689697,1,0.7432549595832825,1,-0.48354166746139526,1,-0.2323891669511795,1,-0.025713037699460983,1,-0.07243568450212479,1,-0.3640080690383911,1,0.015070836059749126,1,0.06767888367176056,1,0,,,,,,,,,,,,,,,,,,,,,,,,,,,,,,,,,,,,,,,,,,,,,,,,,,,,,,,,,,,,,,,,,,,,,,,,,,,,,,,,,,,,,,,,,,,,,,,,,,,,,,,,,,,,,,,,,,,,,1,1784929576.733457,0.002118349075317383,world,base_footprint,1.2430428522025037,0.5058222705673355,1,0,1,1784929567.4354498,9.30012559890747,world,workspace,1,0,3,0.47418051624239393,-0.07498176989329002,0.0,0.0,0.0,0.18733963242682541,0.9822952011092093,1.5,1,3,1784929567.4354498,world,workspace,0.47418051624239393,-0.07498176989329002,0.0,0.0,0.18733963242682541,0.9822952011092093,1,1784929567.435601,9.29997444152832,workspace,1,321,,1,1784929576.7344575,0.0011179447174072266,world,pelvis,1.2828962744099477,0.5342966038495626,0.7714312392199435,0.0003485746678514431,0.03124278566883153,0.5900939625519629,0.8067297454532559,capsules,0.05,0.5,0.1,0.5,0.5
57,1784929576.8356118,5.806258114986122,1,1784929576.835037,0.0005748271942138672,17,-0.07365487515926361,1,-0.18098106980323792,1,-0.05754532665014267,1,-0.8147287964820862,1,1.3176480531692505,1,-0.636652410030365,1,-0.03793138265609741,1,-0.8820999264717102,1,-1.6351304054260254,1,0.7295740246772766,1,-0.48798930644989014,1,-0.24704457819461823,1,0.027334269136190414,1,-0.08389515429735184,1,-0.1866765171289444,1,0.02819785289466381,1,-0.0018665646202862263,1,0,,,,,,,,,,,,,,,,,,,,,,,,,,,,,,,,,,,,,,,,,,,,,,,,,,,,,,,,,,,,,,,,,,,,,,,,,,,,,,,,,,,,,,,,,,,,,,,,,,,,,,,,,,,,,,,,,,,,,1,1784929576.8344553,0.0011565685272216797,world,base_footprint,1.3057689785590338,0.5397996795588078,1,0,1,1784929567.4354498,9.400161981582642,world,workspace,1,0,3,0.47418051624239393,-0.07498176989329002,0.0,0.0,0.0,0.18733963242682541,0.9822952011092093,1.5,1,3,1784929567.4354498,world,workspace,0.47418051624239393,-0.07498176989329002,0.0,0.0,0.18733963242682541,0.9822952011092093,1,1784929567.435601,9.400010824203491,workspace,1,321,,1,1784929576.8344555,0.0011563301086425781,world,pelvis,1.2901759898238396,0.5469675764989544,0.7754993231234076,-0.009783025454598191,-0.004902616287138728,0.6251413877021645,0.780434816079029,capsules,0.05,0.5,0.1,0.5,0.5
58,1784929576.9356167,5.906261521391571,1,1784929576.9343672,0.001249551773071289,17,-0.10663948953151703,1,-0.03826648369431496,1,-0.050764404237270355,1,-0.5702240467071533,1,1.023780345916748,1,-0.7944412231445312,1,0.14717848598957062,1,-0.6993815898895264,1,-1.4486300945281982,1,0.5555375218391418,1,-0.3370753228664398,1,-0.3522436320781708,1,0.05467018485069275,1,-0.037312548607587814,1,-0.06221670284867287,1,0.0074640181846916676,1,-0.06188391521573067,1,0,,,,,,,,,,,,,,,,,,,,,,,,,,,,,,,,,,,,,,,,,,,,,,,,,,,,,,,,,,,,,,,,,,,,,,,,,,,,,,,,,,,,,,,,,,,,,,,,,,,,,,,,,,,,,,,,,,,,,1,1784929576.9334586,0.0021581649780273438,world,base_footprint,1.3128549160981728,0.5641560244534691,1,0,1,1784929567.4354498,9.500166893005371,world,workspace,1,0,3,0.47418051624239393,-0.07498176989329002,0.0,0.0,0.0,0.18733963242682541,0.9822952011092093,1.5,1,3,1784929567.4354498,world,workspace,0.47418051624239393,-0.07498176989329002,0.0,0.0,0.18733963242682541,0.9822952011092093,1,1784929567.435601,9.50001573562622,workspace,1,321,,1,1784929576.9334586,0.0021581649780273438,world,pelvis,1.2570491267215733,0.5733286098217395,0.7761317760572356,-0.02765586702076521,-0.023174928458572237,0.651724023849892,0.7575974342928937,capsules,0.05,0.5,0.1,0.5,0.5
59,1784929577.035669,6.006315462291241,1,1784929577.0348248,0.0008442401885986328,17,-0.148304283618927,1,0.11989262700080872,1,-0.04177968576550484,1,-0.38813942670822144,1,0.7710850238800049,1,-0.9102392196655273,1,0.305912584066391,1,-0.5277833342552185,1,-1.274091362953186,1,0.3297075033187866,1,-0.13518129289150238,1,-0.34762635827064514,1,0.1364612579345703,1,-0.08857741206884384,1,0.055485740303993225,1,-0.05876608192920685,1,-0.11738616228103638,1,0,,,,,,,,,,,,,,,,,,,,,,,,,,,,,,,,,,,,,,,,,,,,,,,,,,,,,,,,,,,,,,,,,,,,,,,,,,,,,,,,,,,,,,,,,,,,,,,,,,,,,,,,,,,,,,,,,,,,,1,1784929577.0334754,0.0021936893463134766,world,base_footprint,1.2854427338641927,0.6101444416079007,1,0,1,1784929567.4354498,9.600219249725342,world,workspace,1,0,3,0.47418051624239393,-0.07498176989329002,0.0,0.0,0.0,0.18733963242682541,0.9822952011092093,1.5,1,3,1784929567.4354498,world,workspace,0.47418051624239393,-0.07498176989329002,0.0,0.0,0.18733963242682541,0.9822952011092093,1,1784929567.435601,9.600068092346191,workspace,1,321,,1,1784929577.0344574,0.0012116432189941406,world,pelvis,1.203749107950132,0.6115932134876942,0.7684995387001553,-0.034704190257826124,-0.03811371668681189,0.6730120148653733,0.7378331733025539,capsules,0.05,0.5,0.1,0.5,0.5
60,1784929577.1356,6.106244881637394,1,1784929577.1349547,0.0006453990936279297,17,-0.14758534729480743,1,0.10229220986366272,1,-0.031387809664011,1,-0.26936769485473633,1,0.6367706060409546,1,-0.9052497148513794,1,0.48541367053985596,1,-0.2942674458026886,1,-0.9929113388061523,1,0.13414831459522247,1,0.07672523707151413,1,-0.2309606820344925,1,0.024160275235772133,1,-0.0421966090798378,1,-0.12229461967945099,1,-0.09261492639780045,1,0.06798025965690613,1,0,,,,,,,,,,,,,,,,,,,,,,,,,,,,,,,,,,,,,,,,,,,,,,,,,,,,,,,,,,,,,,,,,,,,,,,,,,,,,,,,,,,,,,,,,,,,,,,,,,,,,,,,,,,,,,,,,,,,,1,1784929577.1334589,0.002141237258911133,world,base_footprint,1.2008817824050677,0.66307692840859,1,0,1,1784929567.4354498,9.70015025138855,world,workspace,1,0,3,0.47418051624239393,-0.07498176989329002,0.0,0.0,0.0,0.18733963242682541,0.9822952011092093,1.5,1,3,1784929567.4354498,world,workspace,0.47418051624239393,-0.07498176989329002,0.0,0.0,0.18733963242682541,0.9822952011092093,1,1784929567.435601,9.6999990940094,workspace,1,321,,1,1784929577.1344554,0.0011446475982666016,world,pelvis,1.1618733989025374,0.6447240895022301,0.7717771667416907,-0.008345675859705054,-0.02619989986831051,0.680015197182769,0.7326822275323832,capsules,0.05,0.5,0.1,0.5,0.5
61,1784929577.235585,6.206231456249952,1,1784929577.234813,0.0007719993591308594,17,-0.09988299757242203,1,-0.0190527755767107,1,-0.030126050114631653,1,-0.1659778207540512,1,0.6409131288528442,1,-0.7417123913764954,1,0.5430722832679749,1,-0.06555427610874176,1,-0.7556464076042175,1,0.11985558271408081,1,0.19426727294921875,1,-0.1551094800233841,1,-0.01312335953116417,1,-0.01570212095975876,1,-0.35082799196243286,1,0.02884400263428688,1,-0.005008927080780268,1,0,,,,,,,,,,,,,,,,,,,,,,,,,,,,,,,,,,,,,,,,,,,,,,,,,,,,,,,,,,,,,,,,,,,,,,,,,,,,,,,,,,,,,,,,,,,,,,,,,,,,,,,,,,,,,,,,,,,,,1,1784929577.234458,0.001127004623413086,world,base_footprint,1.1715978801317863,0.6833886516154698,1,0,1,1784929567.4354498,9.800135135650635,world,workspace,1,0,3,0.47418051624239393,-0.07498176989329002,0.0,0.0,0.0,0.18733963242682541,0.9822952011092093,1.5,1,3,1784929567.4354498,world,workspace,0.47418051624239393,-0.07498176989329002,0.0,0.0,0.18733963242682541,0.9822952011092093,1,1784929567.435601,9.799983978271484,workspace,1,321,,1,1784929577.2344582,0.0011267662048339844,world,pelvis,1.162071444688752,0.6696199859702993,0.7748908817267722,0.0023365946713071396,-0.010416971195351425,0.677843602902427,0.7351286125847056,capsules,0.05,0.5,0.1,0.5,0.5
62,1784929577.3356345,6.306280888617039,1,1784929577.3344615,0.0011730194091796875,17,-0.08873163908720016,1,-0.1198100671172142,1,-0.04730189964175224,1,-0.06517186015844345,1,0.6170944571495056,1,-0.6229855418205261,1,0.49559837579727173,1,0.12424645572900772,1,-0.6282737255096436,1,0.16503874957561493,1,0.16745057702064514,1,-0.09890051186084747,1,-0.03243422135710716,1,-0.02154228650033474,1,-0.40189868211746216,1,0.027771838009357452,1,-0.025202874094247818,1,0,,,,,,,,,,,,,,,,,,,,,,,,,,,,,,,,,,,,,,,,,,,,,,,,,,,,,,,,,,,,,,,,,,,,,,,,,,,,,,,,,,,,,,,,,,,,,,,,,,,,,,,,,,,,,,,,,,,,,1,1784929577.3344579,0.001176595687866211,world,base_footprint,1.1601641960632791,0.6982903470573725,1,0,1,1784929567.4354498,9.900184631347656,world,workspace,1,0,3,0.47418051624239393,-0.07498176989329002,0.0,0.0,0.0,0.18733963242682541,0.9822952011092093,1.5,1,3,1784929567.4354498,world,workspace,0.47418051624239393,-0.07498176989329002,0.0,0.0,0.18733963242682541,0.9822952011092093,1,1784929567.435601,9.900033473968506,workspace,1,321,,1,1784929577.3344579,0.001176595687866211,world,pelvis,1.1730810853233054,0.701175750500837,0.7749916114870355,0.004301902901528153,0.007260152559579469,0.6850365775746828,0.7284597938122619,capsules,0.05,0.5,0.1,0.5,0.5
63,1784929577.435596,6.406240093521774,1,1784929577.4348786,0.0007174015045166016,17,-0.08848284929990768,1,-0.1514635682106018,1,0.03847193345427513,1,-0.025401458144187927,1,0.5282984375953674,1,-0.585769772529602,1,0.3754254877567291,1,0.2682403326034546,1,-0.5624033212661743,1,0.14111456274986267,1,0.01832861825823784,1,-0.08488935232162476,1,-0.00992564857006073,1,-0.0334351509809494,1,-0.23493817448616028,1,0.035563137382268906,1,-0.024579616263508797,1,0,,,,,,,,,,,,,,,,,,,,,,,,,,,,,,,,,,,,,,,,,,,,,,,,,,,,,,,,,,,,,,,,,,,,,,,,,,,,,,,,,,,,,,,,,,,,,,,,,,,,,,,,,,,,,,,,,,,,,1,1784929577.434456,0.0011398792266845703,world,base_footprint,1.1838198463313196,0.7665759969237685,1,0,1,1784929567.4354498,10.00014615058899,world,workspace,1,0,3,0.47418051624239393,-0.07498176989329002,0.0,0.0,0.0,0.18733963242682541,0.9822952011092093,1.5,1,3,1784929567.4354498,world,workspace,0.47418051624239393,-0.07498176989329002,0.0,0.0,0.18733963242682541,0.9822952011092093,1,1784929567.435601,9.999994993209839,workspace,1,321,,1,1784929577.434456,0.0011398792266845703,world,pelvis,1.1873577330015745,0.7337015150246442,0.7723980588990756,0.016497114971662636,-0.013132874860385993,0.7028003234766714,0.7110745939186685,capsules,0.05,0.5,0.1,0.5,0.5
64,1784929577.535649,6.506293533369899,1,1784929577.5352833,0.0003657341003417969,17,-0.06521202623844147,1,-0.08765263110399246,1,0.1119309514760971,1,-0.019596928730607033,1,0.3547326624393463,1,-0.6285957098007202,1,0.20680129528045654,1,0.38593220710754395,1,-0.5348758697509766,1,0.019016137346625328,1,-0.15686462819576263,1,-0.28880032896995544,1,-0.01955110765993595,1,0.015126017853617668,1,-0.14499352872371674,1,0.021711716428399086,1,-0.04634706676006317,1,0,,,,,,,,,,,,,,,,,,,,,,,,,,,,,,,,,,,,,,,,,,,,,,,,,,,,,,,,,,,,,,,,,,,,,,,,,,,,,,,,,,,,,,,,,,,,,,,,,,,,,,,,,,,,,,,,,,,,,1,1784929577.5344586,0.0011904239654541016,world,base_footprint,1.1820725758814095,0.8085447874562729,1,0,1,1784929567.4354498,10.100199222564697,world,workspace,1,0,3,0.47418051624239393,-0.07498176989329002,0.0,0.0,0.0,0.18733963242682541,0.9822952011092093,1.5,1,3,1784929567.4354498,world,workspace,0.47418051624239393,-0.07498176989329002,0.0,0.0,0.18733963242682541,0.9822952011092093,1,1784929567.435601,10.100048065185547,workspace,1,321,,1,1784929577.5344586,0.0011904239654541016,world,pelvis,1.1758646638310106,0.7587019028072775,0.7755518213648034,0.01940074951977157,-0.025500189056997247,0.7145477952378199,0.6988524877231955,capsules,0.05,0.5,0.1,0.5,0.5
65,1784929577.6356902,6.606333979405463,1,1784929577.6348715,0.0008187294006347656,17,-0.036579735577106476,1,-0.012071730569005013,1,0.12190171331167221,1,-0.02695704624056816,1,0.297502726316452,1,-0.6574947237968445,1,-0.0011402983218431473,1,0.4774286150932312,1,-0.44784319400787354,1,-0.1184876412153244,1,-0.27403324842453003,1,-0.29189765453338623,1,0.03288900479674339,1,-0.03248032182455063,1,-0.03686503693461418,1,0.014290501363575459,1,-0.07870486378669739,1,0,,,,,,,,,,,,,,,,,,,,,,,,,,,,,,,,,,,,,,,,,,,,,,,,,,,,,,,,,,,,,,,,,,,,,,,,,,,,,,,,,,,,,,,,,,,,,,,,,,,,,,,,,,,,,,,,,,,,,1,1784929577.6344593,0.0012309551239013672,world,base_footprint,1.1828741620107321,0.846651880324661,1,0,1,1784929567.4354498,10.20024037361145,world,workspace,1,0,3,0.47418051624239393,-0.07498176989329002,0.0,0.0,0.0,0.18733963242682541,0.9822952011092093,1.5,1,3,1784929567.4354498,world,workspace,0.47418051624239393,-0.07498176989329002,0.0,0.0,0.18733963242682541,0.9822952011092093,1,1784929567.435601,10.2000892162323,workspace,1,321,,1,1784929577.6344595,0.0012307167053222656,world,pelvis,1.1559769899402197,0.7905366946373493,0.7772255495604949,0.012189101751315469,-0.03779042690037262,0.7249679752971346,0.6876370730456269,capsules,0.05,0.5,0.1,0.5,0.5
66,1784929577.7356508,6.706295377574861,1,1784929577.7352908,0.0003600120544433594,17,0.009736119769513607,1,-0.06830859929323196,1,0.11020945012569427,1,-0.06247095391154289,1,0.3601428270339966,1,-0.5595109462738037,1,-0.16798581182956696,1,0.442759245634079,1,-0.3534610867500305,1,-0.27685612440109253,1,-0.21665512025356293,1,-0.13610592484474182,1,-0.00647968053817749,1,0.012225249782204628,1,-0.01906614750623703,1,-0.030946403741836548,1,-0.01411166600883007,1,0,,,,,,,,,,,,,,,,,,,,,,,,,,,,,,,,,,,,,,,,,,,,,,,,,,,,,,,,,,,,,,,,,,,,,,,,,,,,,,,,,,,,,,,,,,,,,,,,,,,,,,,,,,,,,,,,,,,,,1,1784929577.7334557,0.002195119857788086,world,base_footprint,1.1315260198196149,0.8921830681912082,1,0,1,1784929567.4354498,10.300200939178467,world,workspace,1,0,3,0.47418051624239393,-0.07498176989329002,0.0,0.0,0.0,0.18733963242682541,0.9822952011092093,1.5,1,3,1784929567.4354498,world,workspace,0.47418051624239393,-0.07498176989329002,0.0,0.0,0.18733963242682541,0.9822952011092093,1,1784929567.435601,10.300049781799316,workspace,1,321,,1,1784929577.7334557,0.002195119857788086,world,pelvis,1.136334536233734,0.8255533760785425,0.7779002597749066,0.03150227068105469,-0.02872404545944262,0.7245538550506456,0.6878984280296252,capsules,0.05,0.5,0.1,0.5,0.5
67,1784929577.8356996,6.806357994675636,1,1784929577.8345675,0.0011320114135742188,17,0.06461707502603531,1,-0.20317834615707397,1,0.11854498833417892,1,-0.09878897666931152,1,0.47807154059410095,1,-0.3246522545814514,1,-0.32563135027885437,1,0.28185999393463135,1,-0.2884906530380249,1,-0.45443105697631836,1,-0.0660579651594162,1,-0.10924196243286133,1,-0.01612110622227192,1,0.043468981981277466,1,-0.28682222962379456,1,0.05757443606853485,1,-0.010988051071763039,1,0,,,,,,,,,,,,,,,,,,,,,,,,,,,,,,,,,,,,,,,,,,,,,,,,,,,,,,,,,,,,,,,,,,,,,,,,,,,,,,,,,,,,,,,,,,,,,,,,,,,,,,,,,,,,,,,,,,,,,1,1784929577.8334594,0.0022401809692382812,world,base_footprint,1.1172868414537487,0.8960216609465088,1,0,1,1784929567.4354498,10.400249719619751,world,workspace,1,0,3,0.47418051624239393,-0.07498176989329002,0.0,0.0,0.0,0.18733963242682541,0.9822952011092093,1.5,1,3,1784929567.4354498,world,workspace,0.47418051624239393,-0.07498176989329002,0.0,0.0,0.18733963242682541,0.9822952011092093,1,1784929567.435601,10.4000985622406,workspace,1,321,,1,1784929577.8334596,0.0022399425506591797,world,pelvis,1.1435204698928951,0.8461706300257397,0.7772342084863376,0.034213453806997196,-0.011006185321233158,0.7138611388207272,0.6993644099786932,capsules,0.05,0.5,0.1,0.5,0.5
68,1784929577.9356492,6.906295107677579,1,1784929577.9346607,0.0009884834289550781,17,0.05204954370856285,1,-0.3155957758426666,1,0.06080236658453941,1,-0.008610721677541733,1,0.4823653995990753,1,-0.16190488636493683,1,-0.42751795053482056,1,0.12992310523986816,1,-0.31008923053741455,1,-0.6597820520401001,1,0.09318799525499344,1,-0.1098734587430954,1,-0.03353236988186836,1,0.03649984672665596,1,-0.3812296390533447,1,-0.01483936794102192,1,0.024242404848337173,1,0,,,,,,,,,,,,,,,,,,,,,,,,,,,,,,,,,,,,,,,,,,,,,,,,,,,,,,,,,,,,,,,,,,,,,,,,,,,,,,,,,,,,,,,,,,,,,,,,,,,,,,,,,,,,,,,,,,,,,1,1784929577.9334595,0.00218963623046875,world,base_footprint,1.1068099497299886,0.8914081099489357,1,0,1,1784929567.4354498,10.500199317932129,world,workspace,1,0,3,0.47418051624239393,-0.07498176989329002,0.0,0.0,0.0,0.18733963242682541,0.9822952011092093,1.5,1,3,1784929567.4354498,world,workspace,0.47418051624239393,-0.07498176989329002,0.0,0.0,0.18733963242682541,0.9822952011092093,1,1784929567.435601,10.500048160552979,workspace,1,321,,1,1784929577.9344597,0.0011894702911376953,world,pelvis,1.153574627459481,0.8756970855827906,0.7744083550667938,0.028420641742407892,0.013514055331374855,0.7189665135718838,0.6943319017542984,capsules,0.05,0.5,0.1,0.5,0.5
69,1784929578.035594,7.006237130612135,1,1784929578.0350018,0.0005922317504882812,17,0.018083356320858,1,-0.28930366039276123,1,0.09738930314779282,1,0.13702787458896637,1,0.40657806396484375,1,-0.13456404209136963,1,-0.4658963084220886,1,-0.008767075836658478,1,-0.3897746205329895,1,-0.6470468640327454,1,0.12350334227085114,1,-0.150366872549057,1,0.013087347149848938,1,0.013451386243104935,1,-0.23423981666564941,1,0.005583829712122679,1,-0.02314627915620804,1,0,,,,,,,,,,,,,,,,,,,,,,,,,,,,,,,,,,,,,,,,,,,,,,,,,,,,,,,,,,,,,,,,,,,,,,,,,,,,,,,,,,,,,,,,,,,,,,,,,,,,,,,,,,,,,,,,,,,,,1,1784929578.0344558,0.0011382102966308594,world,base_footprint,1.141155912565854,0.9504629133332149,1,0,1,1784929567.4354498,10.600144147872925,world,workspace,1,0,3,0.47418051624239393,-0.07498176989329002,0.0,0.0,0.0,0.18733963242682541,0.9822952011092093,1.5,1,3,1784929567.4354498,world,workspace,0.47418051624239393,-0.07498176989329002,0.0,0.0,0.18733963242682541,0.9822952011092093,1,1784929567.435601,10.599992990493774,workspace,1,321,,1,1784929578.034456,0.0011379718780517578,world,pelvis,1.1609020425326528,0.9030233852368889,0.7724607509168196,0.02982013865515065,-0.013612579863074238,0.73256621949014,0.6799060163448939,capsules,0.05,0.5,0.1,0.5,0.5
70,1784929578.1355994,7.106243561953306,1,1784929578.1348975,0.000701904296875,17,0.009552625939249992,1,-0.1670469343662262,1,0.09406039863824844,1,0.26190435886383057,1,0.29012733697891235,1,-0.17634375393390656,1,-0.45499807596206665,1,-0.05614000931382179,1,-0.4672127962112427,1,-0.4810899496078491,1,0.02158280648291111,1,-0.29527366161346436,1,0.0028641168028116226,1,0.015800485387444496,1,-0.1429928094148636,1,0.009634123183786869,1,-0.027165453881025314,1,0,,,,,,,,,,,,,,,,,,,,,,,,,,,,,,,,,,,,,,,,,,,,,,,,,,,,,,,,,,,,,,,,,,,,,,,,,,,,,,,,,,,,,,,,,,,,,,,,,,,,,,,,,,,,,,,,,,,,,1,1784929578.1344583,0.0011410713195800781,world,base_footprint,1.1433871468637613,0.9806996547443056,1,0,1,1784929567.4354498,10.700149536132812,world,workspace,1,0,3,0.47418051624239393,-0.07498176989329002,0.0,0.0,0.0,0.18733963242682541,0.9822952011092093,1.5,1,3,1784929567.4354498,world,workspace,0.47418051624239393,-0.07498176989329002,0.0,0.0,0.18733963242682541,0.9822952011092093,1,1784929567.435601,10.699998378753662,workspace,1,321,,1,1784929578.1344583,0.0011410713195800781,world,pelvis,1.1391857912361665,0.9240033346399869,0.7771096008894703,0.02253155038135027,-0.028425164000689406,0.735133663343452,0.6769511328804931,capsules,0.05,0.5,0.1,0.5,0.5
71,1784929578.235563,7.206207466311753,1,1784929578.2349539,0.0006091594696044922,17,0.019230114296078682,1,-0.018749194219708443,1,0.056120049208402634,1,0.2251061499118805,1,0.3192324936389923,1,-0.24694597721099854,1,-0.4170818030834198,1,0.008627692237496376,1,-0.4377381503582001,1,-0.2960043251514435,1,-0.07198077440261841,1,-0.2574695646762848,1,0.0705174133181572,1,-0.05201807618141174,1,-0.05342130735516548,1,0.0010781962191686034,1,-0.055475201457738876,1,0,,,,,,,,,,,,,,,,,,,,,,,,,,,,,,,,,,,,,,,,,,,,,,,,,,,,,,,,,,,,,,,,,,,,,,,,,,,,,,,,,,,,,,,,,,,,,,,,,,,,,,,,,,,,,,,,,,,,,1,1784929578.23346,0.002103090286254883,world,base_footprint,1.1428336971136692,1.0057482168598817,1,0,1,1784929567.4354498,10.800113201141357,world,workspace,1,0,3,0.47418051624239393,-0.07498176989329002,0.0,0.0,0.0,0.18733963242682541,0.9822952011092093,1.5,1,3,1784929567.4354498,world,workspace,0.47418051624239393,-0.07498176989329002,0.0,0.0,0.18733963242682541,0.9822952011092093,1,1784929567.435601,10.799962043762207,workspace,1,321,,1,1784929578.234457,0.0011060237884521484,world,pelvis,1.1058385915613864,0.9462277964618038,0.7768450642610386,0.008150071541535008,-0.04432147956729752,0.7441777890357784,0.6664597520395767,capsules,0.05,0.5,0.1,0.5,0.5
72,1784929578.3356025,7.306247460655868,1,1784929578.3349743,0.0006282329559326172,17,0.042991917580366135,1,-0.012803430669009686,1,0.07202783972024918,1,0.03983784839510918,1,0.4968787431716919,1,-0.33454492688179016,1,-0.3590461313724518,1,0.11699170619249344,1,-0.26936373114585876,1,-0.10320163518190384,1,-0.06887037307024002,1,-0.15556612610816956,1,0.019550368189811707,1,0.002085471758618951,1,-0.13140365481376648,1,-0.03712768480181694,1,0.03151967376470566,1,0,,,,,,,,,,,,,,,,,,,,,,,,,,,,,,,,,,,,,,,,,,,,,,,,,,,,,,,,,,,,,,,,,,,,,,,,,,,,,,,,,,,,,,,,,,,,,,,,,,,,,,,,,,,,,,,,,,,,,1,1784929578.3344545,0.0011479854583740234,world,base_footprint,1.082477676506112,1.02844913766212,1,0,1,1784929567.4354498,10.900152683258057,world,workspace,1,0,3,0.47418051624239393,-0.07498176989329002,0.0,0.0,0.0,0.18733963242682541,0.9822952011092093,1.5,1,3,1784929567.4354498,world,workspace,0.47418051624239393,-0.07498176989329002,0.0,0.0,0.18733963242682541,0.9822952011092093,1,1784929567.435601,10.900001525878906,workspace,1,321,,1,1784929578.3344545,0.0011479854583740234,world,pelvis,1.0769853654309425,0.9594223208787312,0.7762028074261442,0.026812130059731164,-0.03513037428240704,0.7435746334257965,0.667190925455473,capsules,0.05,0.5,0.1,0.5,0.5
73,1784929578.4363303,7.406974225305021,1,1784929578.4350958,0.0012345314025878906,17,0.03650108724832535,1,-0.08598410338163376,1,0.0951763167977333,1,-0.1448688507080078,1,0.6531531810760498,1,-0.33654406666755676,1,-0.37112686038017273,1,0.27921706438064575,1,-0.12354123592376709,1,0.07689306139945984,1,-0.10666655004024506,1,-0.16448533535003662,1,-0.009622105397284031,1,0.025930071249604225,1,-0.3540163040161133,1,0.02912205085158348,1,0.009611543267965317,1,0,,,,,,,,,,,,,,,,,,,,,,,,,,,,,,,,,,,,,,,,,,,,,,,,,,,,,,,,,,,,,,,,,,,,,,,,,,,,,,,,,,,,,,,,,,,,,,,,,,,,,,,,,,,,,,,,,,,,,1,1784929578.4344583,0.0018720626831054688,world,base_footprint,1.060167228241067,1.012904621502714,1,0,1,1784929567.4354498,11.000880479812622,world,workspace,1,0,3,0.47418051624239393,-0.07498176989329002,0.0,0.0,0.0,0.18733963242682541,0.9822952011092093,1.5,1,3,1784929567.4354498,world,workspace,0.47418051624239393,-0.07498176989329002,0.0,0.0,0.18733963242682541,0.9822952011092093,1,1784929567.435601,11.000729322433472,workspace,1,321,,1,1784929578.4344585,0.0018718242645263672,world,pelvis,1.0763652276549946,0.9645285505884783,0.774455465993919,0.028370642961143333,-0.01594523792699325,0.7409950947722063,0.6707213471546526,capsules,0.05,0.5,0.1,0.5,0.5
74,1784929578.535682,7.506326207891107,1,1784929578.5344281,0.0012538433074951172,17,-0.027131397277116776,1,-0.1299627274274826,1,0.11437156796455383,1,-0.22635555267333984,1,0.6244997978210449,1,-0.29640892148017883,1,-0.5062209367752075,1,0.4062087833881378,1,-0.14641980826854706,1,0.05313383787870407,1,-0.25175556540489197,1,-0.19164645671844482,1,-0.03943372145295143,1,0.013582476414740086,1,-0.34459415078163147,1,0.009398664347827435,1,0.034937404096126556,1,0,,,,,,,,,,,,,,,,,,,,,,,,,,,,,,,,,,,,,,,,,,,,,,,,,,,,,,,,,,,,,,,,,,,,,,,,,,,,,,,,,,,,,,,,,,,,,,,,,,,,,,,,,,,,,,,,,,,,,1,1784929578.5344543,0.0012276172637939453,world,base_footprint,1.045572710376898,1.0030822144362366,1,0,1,1784929567.4354498,11.100232124328613,world,workspace,1,0,3,0.47418051624239393,-0.07498176989329002,0.0,0.0,0.0,0.18733963242682541,0.9822952011092093,1.5,1,3,1784929567.4354498,world,workspace,0.47418051624239393,-0.07498176989329002,0.0,0.0,0.18733963242682541,0.9822952011092093,1,1784929567.435601,11.100080966949463,workspace,1,321,,1,1784929578.5344543,0.0012276172637939453,world,pelvis,1.0777006830039892,0.9717299535763304,0.7704974280906856,0.028594094519868402,-0.001503791014401198,0.7510778073794012,0.6595924830024408,capsules,0.05,0.5,0.1,0.5,0.5
75,1784929578.635546,7.606188612990081,1,1784929578.6352663,0.0002796649932861328,17,-0.08331894129514694,1,-0.0762225091457367,1,0.15630264580249786,1,-0.26332199573516846,1,0.5024230480194092,1,-0.18782243132591248,1,-0.6818174123764038,1,0.37650561332702637,1,-0.25244593620300293,1,-0.16782113909721375,1,-0.435515433549881,1,-0.2581990659236908,1,-0.016321199014782906,1,0.015681395307183266,1,-0.24218113720417023,1,0.005237455479800701,1,0.023440789431333542,1,0,,,,,,,,,,,,,,,,,,,,,,,,,,,,,,,,,,,,,,,,,,,,,,,,,,,,,,,,,,,,,,,,,,,,,,,,,,,,,,,,,,,,,,,,,,,,,,,,,,,,,,,,,,,,,,,,,,,,,1,1784929578.6334565,0.0020895004272460938,world,base_footprint,1.0609123092365123,1.0131201869059863,1,0,1,1784929567.4354498,11.200096130371094,world,workspace,1,0,3,0.47418051624239393,-0.07498176989329002,0.0,0.0,0.0,0.18733963242682541,0.9822952011092093,1.5,1,3,1784929567.4354498,world,workspace,0.47418051624239393,-0.07498176989329002,0.0,0.0,0.18733963242682541,0.9822952011092093,1,1784929567.435601,11.199944972991943,workspace,1,321,,1,1784929578.6334567,0.002089262008666992,world,pelvis,1.0743896695740098,0.9763764894199648,0.7715627813420037,0.021735478004928827,-0.012273659843135295,0.761249143660472,0.6479789098004273,capsules,0.05,0.5,0.1,0.5,0.5
76,1784929578.7356727,7.70631501916796,1,1784929578.7350233,0.0006494522094726562,17,-0.09731464087963104,1,0.05522560328245163,1,0.12242382019758224,1,-0.2930878698825836,1,0.41227203607559204,1,-0.008492457680404186,1,-0.7955173850059509,1,0.24599336087703705,1,-0.3520399332046509,1,-0.40337905287742615,1,-0.634329617023468,1,-0.37192240357398987,1,0.0037525701336562634,1,-0.00871970783919096,1,-0.21717512607574463,1,-0.00825006328523159,1,0.027964293956756592,1,0,,,,,,,,,,,,,,,,,,,,,,,,,,,,,,,,,,,,,,,,,,,,,,,,,,,,,,,,,,,,,,,,,,,,,,,,,,,,,,,,,,,,,,,,,,,,,,,,,,,,,,,,,,,,,,,,,,,,,1,1784929578.7334545,0.0022182464599609375,world,base_footprint,1.0559160851871312,1.0014351965755146,1,0,1,1784929567.4354498,11.300222873687744,world,workspace,1,0,3,0.47418051624239393,-0.07498176989329002,0.0,0.0,0.0,0.18733963242682541,0.9822952011092093,1.5,1,3,1784929567.4354498,world,workspace,0.47418051624239393,-0.07498176989329002,0.0,0.0,0.18733963242682541,0.9822952011092093,1,1784929567.435601,11.300071716308594,workspace,1,321,,1,1784929578.7344565,0.0012161731719970703,world,pelvis,1.0467757681080425,0.9807389005159769,0.7752560526419928,0.004036991547697434,-0.013614301794828214,0.7621393529532972,0.6472572596470533,capsules,0.05,0.5,0.1,0.5,0.5
77,1784929578.8355446,7.806187852285802,1,1784929578.8346589,0.0008857250213623047,17,-0.08911578357219696,1,0.1684645265340805,1,0.03832453116774559,1,-0.37239497900009155,1,0.37229520082473755,1,0.1441570222377777,1,-0.7752105593681335,1,0.11087488383054733,1,-0.37044376134872437,1,-0.5603235960006714,1,-0.7168449759483337,1,-0.3299410045146942,1,0.07928181439638138,1,-0.08938431739807129,1,-0.17211368680000305,1,-0.04158094897866249,1,0.006765487603843212,1,0,,,,,,,,,,,,,,,,,,,,,,,,,,,,,,,,,,,,,,,,,,,,,,,,,,,,,,,,,,,,,,,,,,,,,,,,,,,,,,,,,,,,,,,,,,,,,,,,,,,,,,,,,,,,,,,,,,,,,1,1784929578.8344607,0.0010838508605957031,world,base_footprint,1.043783539030723,0.998761431978149,1,0,1,1784929567.4354498,11.400094747543335,world,workspace,1,0,3,0.47418051624239393,-0.07498176989329002,0.0,0.0,0.0,0.18733963242682541,0.9822952011092093,1.5,1,3,1784929567.4354498,world,workspace,0.47418051624239393,-0.07498176989329002,0.0,0.0,0.18733963242682541,0.9822952011092093,1,1784929567.435601,11.399943590164185,workspace,1,321,,1,1784929578.8344607,0.0010838508605957031,world,pelvis,1.0105733969389674,0.9883911824542232,0.7752098638839429,-0.012107770035387691,-0.018593579327951318,0.7704675934569274,0.637092903857229,capsules,0.05,0.5,0.1,0.5,0.5
78,1784929578.9355986,7.9062442583963275,1,1784929578.9350722,0.00052642822265625,17,-0.05263413116335869,1,0.1325528919696808,1,-0.04432026296854019,1,-0.4378775656223297,1,0.28602609038352966,1,0.17846517264842987,1,-0.6533516645431519,1,0.011527043767273426,1,-0.3239249289035797,1,-0.6389529705047607,1,-0.6249856352806091,1,-0.21526943147182465,1,0.008457211777567863,1,-0.017786620184779167,1,-0.2310534566640854,1,-0.11039778590202332,1,0.10362827777862549,1,0,,,,,,,,,,,,,,,,,,,,,,,,,,,,,,,,,,,,,,,,,,,,,,,,,,,,,,,,,,,,,,,,,,,,,,,,,,,,,,,,,,,,,,,,,,,,,,,,,,,,,,,,,,,,,,,,,,,,,1,1784929578.9344597,0.001138925552368164,world,base_footprint,0.9660059434791416,0.9940302588011398,1,0,1,1784929567.4354498,11.50014877319336,world,workspace,1,0,3,0.47418051624239393,-0.07498176989329002,0.0,0.0,0.0,0.18733963242682541,0.9822952011092093,1.5,1,3,1784929567.4354498,world,workspace,0.47418051624239393,-0.07498176989329002,0.0,0.0,0.18733963242682541,0.9822952011092093,1,1784929567.435601,11.499997615814209,workspace,1,321,,1,1784929578.9344597,0.001138925552368164,world,pelvis,0.9720405812410848,0.9929843631398957,0.7747214131648094,0.0033771834024988135,0.0019605643132336093,0.7663849335682172,0.6423697412078802,capsules,0.05,0.5,0.1,0.5,0.5
79,1784929579.035647,8.006289463490248,1,1784929579.0348206,0.0008263587951660156,17,-0.0452953465282917,1,-0.030698658898472786,1,-0.08428926765918732,1,-0.5145473480224609,1,0.2651025354862213,1,0.23232364654541016,1,-0.4910059869289398,1,-0.049958765506744385,1,-0.2610359489917755,1,-0.6746636033058167,1,-0.48869168758392334,1,-0.20850558578968048,1,-0.025128595530986786,1,0.03053218685090542,1,-0.4349088668823242,1,-0.018347088247537613,1,0.06709206849336624,1,0,,,,,,,,,,,,,,,,,,,,,,,,,,,,,,,,,,,,,,,,,,,,,,,,,,,,,,,,,,,,,,,,,,,,,,,,,,,,,,,,,,,,,,,,,,,,,,,,,,,,,,,,,,,,,,,,,,,,,1,1784929579.0334609,0.0021860599517822266,world,base_footprint,0.9344512432848044,0.9752555365645271,1,0,1,1784929567.4354498,11.600197076797485,world,workspace,1,0,3,0.47418051624239393,-0.07498176989329002,0.0,0.0,0.0,0.18733963242682541,0.9822952011092093,1.5,1,3,1784929567.4354498,world,workspace,0.47418051624239393,-0.07498176989329002,0.0,0.0,0.18733963242682541,0.9822952011092093,1,1784929567.435601,11.600045919418335,workspace,1,321,,1,1784929579.034465,0.0011818408966064453,world,pelvis,0.9733454997943295,0.9917493346776289,0.7727349330591593,0.011893284235274396,0.024179351794882592,0.7563983450089111,0.6535560055608537,capsules,0.05,0.5,0.1,0.5,0.5
80,1784929579.1355693,8.10621549654752,1,1784929579.1341074,0.0014619827270507812,17,-0.06869306415319443,1,-0.16593916714191437,1,-0.08299631625413895,1,-0.5226044058799744,1,0.2715831995010376,1,0.28809863328933716,1,-0.3657510578632355,1,-0.0737859383225441,1,-0.3593859076499939,1,-0.7463394999504089,1,-0.43209314346313477,1,-0.19226816296577454,1,-0.02920212596654892,1,0.039570171386003494,1,-0.413898229598999,1,-0.029202738776803017,1,0.052536167204380035,1,0,,,,,,,,,,,,,,,,,,,,,,,,,,,,,,,,,,,,,,,,,,,,,,,,,,,,,,,,,,,,,,,,,,,,,,,,,,,,,,,,,,,,,,,,,,,,,,,,,,,,,,,,,,,,,,,,,,,,,1,1784929579.1334608,0.0021085739135742188,world,base_footprint,0.927527743575848,0.9801551519747376,1,0,1,1784929567.4354498,11.700119495391846,world,workspace,1,0,3,0.47418051624239393,-0.07498176989329002,0.0,0.0,0.0,0.18733963242682541,0.9822952011092093,1.5,1,3,1784929567.4354498,world,workspace,0.47418051624239393,-0.07498176989329002,0.0,0.0,0.18733963242682541,0.9822952011092093,1,1784929567.435601,11.699968338012695,workspace,1,321,,1,1784929579.13446,0.0011093616485595703,world,pelvis,0.9868909064985542,0.9937040211556011,0.7701828510437894,0.0233563458969062,0.031070289328266904,0.7573917343753107,0.651802791438761,capsules,0.05,0.5,0.1,0.5,0.5
81,1784929579.2356791,8.206326694227755,1,1784929579.2347772,0.0009019374847412109,17,-0.09095662832260132,1,-0.17424467206001282,1,-0.03988388180732727,1,-0.4816868007183075,1,0.26866859197616577,1,0.3208177089691162,1,-0.3024137616157532,1,-0.1260029375553131,1,-0.4973679184913635,1,-0.8100763559341431,1,-0.42797356843948364,1,-0.23333920538425446,1,0.010530652478337288,1,0.020061692222952843,1,-0.2680300176143646,1,-0.013874598778784275,1,0.010586465708911419,1,0,,,,,,,,,,,,,,,,,,,,,,,,,,,,,,,,,,,,,,,,,,,,,,,,,,,,,,,,,,,,,,,,,,,,,,,,,,,,,,,,,,,,,,,,,,,,,,,,,,,,,,,,,,,,,,,,,,,,,1,1784929579.2344613,0.0012178421020507812,world,base_footprint,0.9575674144220407,1.0156518670182262,1,0,1,1784929567.4354498,11.80022931098938,world,workspace,1,0,3,0.47418051624239393,-0.07498176989329002,0.0,0.0,0.0,0.18733963242682541,0.9822952011092093,1.5,1,3,1784929567.4354498,world,workspace,0.47418051624239393,-0.07498176989329002,0.0,0.0,0.18733963242682541,0.9822952011092093,1,1784929567.435601,11.80007815361023,workspace,1,321,,1,1784929579.2344615,0.0012176036834716797,world,pelvis,0.9953441438285876,0.9973143759961577,0.770769695564087,0.025978462525479258,0.006517105633741726,0.7660423879751916,0.6422318169043301,capsules,0.05,0.5,0.1,0.5,0.5
82,1784929579.3355908,8.306236196309328,1,1784929579.334722,0.0008687973022460938,17,-0.07682879269123077,1,-0.06715011596679688,1,-0.04231062904000282,1,-0.4497029483318329,1,0.2132900357246399,1,0.33130472898483276,1,-0.30060645937919617,1,-0.19352032244205475,1,-0.5485066175460815,1,-0.8302794098854065,1,-0.44220131635665894,1,-0.30243930220603943,1,0.0199353639036417,1,-0.023795628920197487,1,-0.19376583397388458,1,0.005460880231112242,1,0.012188088148832321,1,0,,,,,,,,,,,,,,,,,,,,,,,,,,,,,,,,,,,,,,,,,,,,,,,,,,,,,,,,,,,,,,,,,,,,,,,,,,,,,,,,,,,,,,,,,,,,,,,,,,,,,,,,,,,,,,,,,,,,,1,1784929579.333458,0.002132892608642578,world,base_footprint,0.9686398042383744,1.0268496186125489,1,0,1,1784929567.4354498,11.90014100074768,world,workspace,1,0,3,0.47418051624239393,-0.07498176989329002,0.0,0.0,0.0,0.18733963242682541,0.9822952011092093,1.5,1,3,1784929567.4354498,world,workspace,0.47418051624239393,-0.07498176989329002,0.0,0.0,0.18733963242682541,0.9822952011092093,1,1784929567.435601,11.89998984336853,workspace,1,321,,1,1784929579.3344593,0.0011315345764160156,world,pelvis,0.9733847916190075,0.9996762110075713,0.7769379425100718,0.013496093822663077,-0.011281732222544775,0.7636572377495853,0.645382213267659,capsules,0.05,0.5,0.1,0.5,0.5
83,1784929579.435605,8.406251044012606,1,1784929579.4350896,0.0005154609680175781,17,-0.07104919850826263,1,0.06153392419219017,1,-0.033559542149305344,1,-0.4850355088710785,1,0.20203347504138947,1,0.32889509201049805,1,-0.3945390284061432,1,-0.22868701815605164,1,-0.5064795613288879,1,-0.7864522337913513,1,-0.48655131459236145,1,-0.2306397557258606,1,0.07397107034921646,1,-0.049075547605752945,1,-0.11978599429130554,1,0.0015278650680556893,1,0.011155455373227596,1,0,,,,,,,,,,,,,,,,,,,,,,,,,,,,,,,,,,,,,,,,,,,,,,,,,,,,,,,,,,,,,,,,,,,,,,,,,,,,,,,,,,,,,,,,,,,,,,,,,,,,,,,,,,,,,,,,,,,,,1,1784929579.4344594,0.0011456012725830078,world,base_footprint,0.9652139713536589,1.0501666970780068,1,0,1,1784929567.4354498,12.000155210494995,world,workspace,1,0,3,0.47418051624239393,-0.07498176989329002,0.0,0.0,0.0,0.18733963242682541,0.9822952011092093,1.5,1,3,1784929567.4354498,world,workspace,0.47418051624239393,-0.07498176989329002,0.0,0.0,0.18733963242682541,0.9822952011092093,1,1784929567.435601,12.000004053115845,workspace,1,321,,1,1784929579.4344594,0.0011456012725830078,world,pelvis,0.936178453517781,1.0015150206321477,0.7755671394025979,0.005954415467563662,-0.03565399259133741,0.762055508298151,0.6465019257675751,capsules,0.05,0.5,0.1,0.5,0.5
84,1784929579.5355928,8.50623651780188,1,1784929579.5348642,0.000728607177734375,17,-0.06182478368282318,1,0.04932747408747673,1,-0.0751204788684845,1,-0.4837188720703125,1,0.33296999335289,1,0.2687477767467499,1,-0.5359575152397156,1,-0.13813690841197968,1,-0.4488842189311981,1,-0.64713054895401,1,-0.5560415387153625,1,-0.15436632931232452,1,-0.00644685560837388,1,-0.011286284774541855,1,-0.21157705783843994,1,-0.03512946888804436,1,0.084528848528862,1,0,,,,,,,,,,,,,,,,,,,,,,,,,,,,,,,,,,,,,,,,,,,,,,,,,,,,,,,,,,,,,,,,,,,,,,,,,,,,,,,,,,,,,,,,,,,,,,,,,,,,,,,,,,,,,,,,,,,,,1,1784929579.5334547,0.0021381378173828125,world,base_footprint,0.9040920371729079,1.039479318535258,1,0,1,1784929567.4354498,12.10014295578003,world,workspace,1,0,3,0.47418051624239393,-0.07498176989329002,0.0,0.0,0.0,0.18733963242682541,0.9822952011092093,1.5,1,3,1784929567.4354498,world,workspace,0.47418051624239393,-0.07498176989329002,0.0,0.0,0.18733963242682541,0.9822952011092093,1,1784929567.435601,12.099991798400879,workspace,1,321,,1,1784929579.5334547,0.0021381378173828125,world,pelvis,0.9051607620236801,1.0063548982668957,0.7766494097941539,0.014243240470234944,-0.01561541030143275,0.759999814224192,0.6495795343460404,capsules,0.05,0.5,0.1,0.5,0.5
85,1784929579.6356113,8.606254301965237,1,1784929579.634456,0.0011553764343261719,17,-0.030646735802292824,1,-0.03317257761955261,1,-0.07969506829977036,1,-0.46480894088745117,1,0.5716660022735596,1,0.15640953183174133,1,-0.6272172331809998,1,0.0011999313719570637,1,-0.5662201046943665,1,-0.5108767151832581,1,-0.6061304807662964,1,-0.14204202592372894,1,-0.02436494268476963,1,0.026973459869623184,1,-0.37695804238319397,1,0.01057829987257719,1,0.02131347358226776,1,0,,,,,,,,,,,,,,,,,,,,,,,,,,,,,,,,,,,,,,,,,,,,,,,,,,,,,,,,,,,,,,,,,,,,,,,,,,,,,,,,,,,,,,,,,,,,,,,,,,,,,,,,,,,,,,,,,,,,,1,1784929579.6344545,0.0011568069458007812,world,base_footprint,0.8847800799734151,1.0288704006572267,1,0,1,1784929567.4354498,12.200161457061768,world,workspace,1,0,3,0.47418051624239393,-0.07498176989329002,0.0,0.0,0.0,0.18733963242682541,0.9822952011092093,1.5,1,3,1784929567.4354498,world,workspace,0.47418051624239393,-0.07498176989329002,0.0,0.0,0.18733963242682541,0.9822952011092093,1,1784929567.435601,12.200010299682617,workspace,1,321,,1,1784929579.6344547,0.0011565685272216797,world,pelvis,0.9051389760705141,1.009303926004843,0.7762549835231717,0.017988601902844164,-0.0008051139233392633,0.7511389122157319,0.6598985501942845,capsules,0.05,0.5,0.1,0.5,0.5
86,1784929579.7356203,8.706263810396194,1,1784929579.7352421,0.0003781318664550781,17,-0.039567235857248306,1,-0.12474854290485382,1,-0.09550008922815323,1,-0.39231589436531067,1,0.765875518321991,1,-0.029192550107836723,1,-0.6201440691947937,1,0.1590336263179779,1,-0.8348862528800964,1,-0.4793228507041931,1,-0.6136993169784546,1,-0.13149645924568176,1,-0.03552247956395149,1,0.04020484536886215,1,-0.3544304668903351,1,-0.020048409700393677,1,0.027596602216362953,1,0,,,,,,,,,,,,,,,,,,,,,,,,,,,,,,,,,,,,,,,,,,,,,,,,,,,,,,,,,,,,,,,,,,,,,,,,,,,,,,,,,,,,,,,,,,,,,,,,,,,,,,,,,,,,,,,,,,,,,1,1784929579.7344558,0.0011644363403320312,world,base_footprint,0.8734468220986356,1.0302967535883294,1,0,1,1784929567.4354498,12.300170421600342,world,workspace,1,0,3,0.47418051624239393,-0.07498176989329002,0.0,0.0,0.0,0.18733963242682541,0.9822952011092093,1.5,1,3,1784929567.4354498,world,workspace,0.47418051624239393,-0.07498176989329002,0.0,0.0,0.18733963242682541,0.9822952011092093,1,1784929567.435601,12.300019264221191,workspace,1,321,,1,1784929579.7344558,0.0011644363403320312,world,pelvis,0.9157989882112657,1.0186695218497384,0.7733497949024111,0.025196563225872187,0.012242909434342234,0.751354781976632,0.6593035992401642,capsules,0.05,0.5,0.1,0.5,0.5
87,1784929579.8355465,8.806188751012087,1,1784929579.8352678,0.00027871131896972656,17,-0.075331911444664,1,-0.11945715546607971,1,-0.05980317294597626,1,-0.31888583302497864,1,0.8591825366020203,1,-0.21044054627418518,1,-0.5275021195411682,1,0.18909449875354767,1,-0.9740120768547058,1,-0.4722798764705658,1,-0.5686487555503845,1,-0.1868288516998291,1,0.005872522015124559,1,0.022872161120176315,1,-0.19959993660449982,1,-0.0009407909819856286,1,0.00952018890529871,1,0,,,,,,,,,,,,,,,,,,,,,,,,,,,,,,,,,,,,,,,,,,,,,,,,,,,,,,,,,,,,,,,,,,,,,,,,,,,,,,,,,,,,,,,,,,,,,,,,,,,,,,,,,,,,,,,,,,,,,1,1784929579.8344545,0.0010919570922851562,world,base_footprint,0.9008877666718215,1.0630223517943131,1,0,1,1784929567.4354498,12.400096654891968,world,workspace,1,0,3,0.47418051624239393,-0.07498176989329002,0.0,0.0,0.0,0.18733963242682541,0.9822952011092093,1.5,1,3,1784929567.4354498,world,workspace,0.47418051624239393,-0.07498176989329002,0.0,0.0,0.18733963242682541,0.9822952011092093,1,1784929567.435601,12.399945497512817,workspace,1,321,,1,1784929579.8344545,0.0010919570922851562,world,pelvis,0.9258837783247309,1.0258934089618932,0.7731860177478763,0.027540643784086945,-0.0075224271769158005,0.7569870989232078,0.6528058349104668,capsules,0.05,0.5,0.1,0.5,0.5
88,1784929579.9356875,8.90633263066411,1,1784929579.9353645,0.0003230571746826172,17,-0.08175807446241379,1,-0.015815820544958115,1,-0.044592227786779404,1,-0.21206936240196228,1,0.8043407797813416,1,-0.28119736909866333,1,-0.43463948369026184,1,0.1298159956932068,1,-0.8906856179237366,1,-0.44094470143318176,1,-0.4963516592979431,1,-0.3238643407821655,1,0.028916362673044205,1,-0.006362935062497854,1,-0.14858362078666687,1,0.021229036152362823,1,0.025586185976862907,1,0,,,,,,,,,,,,,,,,,,,,,,,,,,,,,,,,,,,,,,,,,,,,,,,,,,,,,,,,,,,,,,,,,,,,,,,,,,,,,,,,,,,,,,,,,,,,,,,,,,,,,,,,,,,,,,,,,,,,,1,1784929579.933458,0.002229452133178711,world,base_footprint,0.9115965863985159,1.0668831814218793,1,0,1,1784929567.4354498,12.500237703323364,world,workspace,1,0,3,0.47418051624239393,-0.07498176989329002,0.0,0.0,0.0,0.18733963242682541,0.9822952011092093,1.5,1,3,1784929567.4354498,world,workspace,0.47418051624239393,-0.07498176989329002,0.0,0.0,0.18733963242682541,0.9822952011092093,1,1784929567.435601,12.500086545944214,workspace,1,321,,1,1784929579.933458,0.002229452133178711,world,pelvis,0.9069444597142445,1.0270612991094912,0.7775155000711427,0.014567379293336557,-0.021016007659310734,0.7499662324523746,0.6609816707472143,capsules,0.05,0.5,0.1,0.5,0.5
89,1784929580.035544,9.00618790090084,1,1784929580.0351892,0.000354766845703125,17,-0.08730939775705338,1,0.11070828139781952,1,-0.03961828351020813,1,-0.14215277135372162,1,0.6762572526931763,1,-0.26454102993011475,1,-0.4062003195285797,1,0.10744914412498474,1,-0.6649648547172546,1,-0.36577749252319336,1,-0.4151417016983032,1,-0.27226439118385315,1,0.08313247561454773,1,-0.08604754507541656,1,-0.09836111962795258,1,0.02693142183125019,1,0.026150010526180267,1,0,,,,,,,,,,,,,,,,,,,,,,,,,,,,,,,,,,,,,,,,,,,,,,,,,,,,,,,,,,,,,,,,,,,,,,,,,,,,,,,,,,,,,,,,,,,,,,,,,,,,,,,,,,,,,,,,,,,,,1,1784929580.033456,0.002087831497192383,world,base_footprint,0.9174624430524213,1.0720198612447722,1,0,1,1784929567.4354498,12.600094079971313,world,workspace,1,0,3,0.47418051624239393,-0.07498176989329002,0.0,0.0,0.0,0.18733963242682541,0.9822952011092093,1.5,1,3,1784929567.4354498,world,workspace,0.47418051624239393,-0.07498176989329002,0.0,0.0,0.18733963242682541,0.9822952011092093,1,1784929567.435601,12.599942922592163,workspace,1,321,,1,1784929580.034455,0.001088857650756836,world,pelvis,0.873814845927136,1.030715972511992,0.7760887682315096,-0.0032592052756006055,-0.03820393318013389,0.7460406179745765,0.6647956328095511,capsules,0.05,0.5,0.1,0.5,0.5
90,1784929580.1355915,9.106235300190747,1,1784929580.134779,0.000812530517578125,17,-0.08155160397291183,1,0.10439726710319519,1,-0.03443218395113945,1,-0.09099729359149933,1,0.5241416692733765,1,-0.22676511108875275,1,-0.3989892899990082,1,0.14471572637557983,1,-0.39515867829322815,1,-0.21816612780094147,1,-0.3373395502567291,1,-0.16857317090034485,1,0.008110441267490387,1,-0.03522292524576187,1,-0.16618958115577698,1,-0.033345434814691544,1,0.09466253221035004,1,0,,,,,,,,,,,,,,,,,,,,,,,,,,,,,,,,,,,,,,,,,,,,,,,,,,,,,,,,,,,,,,,,,,,,,,,,,,,,,,,,,,,,,,,,,,,,,,,,,,,,,,,,,,,,,,,,,,,,,1,1784929580.1344547,0.00113677978515625,world,base_footprint,0.8511576819112711,1.0667361256760393,1,0,1,1784929567.4354498,12.700141668319702,world,workspace,1,0,3,0.47418051624239393,-0.07498176989329002,0.0,0.0,0.0,0.18733963242682541,0.9822952011092093,1.5,1,3,1784929567.4354498,world,workspace,0.47418051624239393,-0.07498176989329002,0.0,0.0,0.18733963242682541,0.9822952011092093,1,1784929567.435601,12.699990510940552,workspace,1,321,,1,1784929580.134455,0.0011365413665771484,world,pelvis,0.841198014331836,1.032839749554192,0.7774716700580399,0.0096764999017283,-0.020347662200181905,0.7451934670368053,0.6664675796153215,capsules,0.05,0.5,0.1,0.5,0.5
91,1784929580.2355728,9.206215625628829,1,1784929580.2352598,0.00031304359436035156,17,-0.04257633909583092,1,0.009845609776675701,1,-0.0201281625777483,1,-0.054365821182727814,1,0.44864264130592346,1,-0.18717341125011444,1,-0.39281097054481506,1,0.2074887752532959,1,-0.21402189135551453,1,-0.031789179891347885,1,-0.3105315864086151,1,-0.15502537786960602,1,-0.014061002060770988,1,-0.003491057315841317,1,-0.33653637766838074,1,0.02687174640595913,1,0.01952296867966652,1,0,,,,,,,,,,,,,,,,,,,,,,,,,,,,,,,,,,,,,,,,,,,,,,,,,,,,,,,,,,,,,,,,,,,,,,,,,,,,,,,,,,,,,,,,,,,,,,,,,,,,,,,,,,,,,,,,,,,,,1,1784929580.2344542,0.0011186599731445312,world,base_footprint,0.8303860241533225,1.050397316884645,1,0,1,1784929567.4354498,12.8001229763031,world,workspace,1,0,3,0.47418051624239393,-0.07498176989329002,0.0,0.0,0.0,0.18733963242682541,0.9822952011092093,1.5,1,3,1784929567.4354498,world,workspace,0.47418051624239393,-0.07498176989329002,0.0,0.0,0.18733963242682541,0.9822952011092093,1,1784929567.435601,12.79997181892395,workspace,1,321,,1,1784929580.2344544,0.0011184215545654297,world,pelvis,0.8425453698314666,1.033040781002319,0.7784459627617644,0.013189196200622843,-0.0029405965163811,0.7381815818009703,0.6744667154764028,capsules,0.05,0.5,0.1,0.5,0.5
92,1784929580.3356845,9.306333284825087,1,1784929580.3350096,0.0006749629974365234,17,-0.04009180888533592,1,-0.09475844353437424,1,-0.006068664602935314,1,0.002037318190559745,1,0.38343000411987305,1,-0.20324496924877167,1,-0.36319440603256226,1,0.24762508273124695,1,-0.2292935699224472,1,0.04881716147065163,1,-0.32224100828170776,1,-0.1616845577955246,1,-0.020226111635565758,1,-0.006295230705291033,1,-0.33683332800865173,1,0.022259453311562538,1,0.0256823543459177,1,0,,,,,,,,,,,,,,,,,,,,,,,,,,,,,,,,,,,,,,,,,,,,,,,,,,,,,,,,,,,,,,,,,,,,,,,,,,,,,,,,,,,,,,,,,,,,,,,,,,,,,,,,,,,,,,,,,,,,,1,1784929580.3334575,0.0022270679473876953,world,base_footprint,0.8263189729688873,1.0473126838345828,1,0,1,1784929567.4354498,12.900234699249268,world,workspace,1,0,3,0.47418051624239393,-0.07498176989329002,0.0,0.0,0.0,0.18733963242682541,0.9822952011092093,1.5,1,3,1784929567.4354498,world,workspace,0.47418051624239393,-0.07498176989329002,0.0,0.0,0.18733963242682541,0.9822952011092093,1,1784929567.435601,12.900083541870117,workspace,1,321,,1,1784929580.3334575,0.0022270679473876953,world,pelvis,0.8556232692857911,1.0376147519832806,0.7755359391099752,0.01802163394449171,0.007918439347455494,0.7426344960994472,0.6694075920031022,capsules,0.05,0.5,0.1,0.5,0.5
93,1784929580.4355805,9.40622756909579,1,1784929580.4350793,0.0005011558532714844,17,-0.0534951314330101,1,-0.09631510823965073,1,0.04029875993728638,1,0.05451010540127754,1,0.31860214471817017,1,-0.2868545949459076,1,-0.31232160329818726,1,0.2624291181564331,1,-0.3606971204280853,1,0.05169054493308067,1,-0.3310001790523529,1,-0.23103487491607666,1,0.0034737109672278166,1,2.6188261472270824e-05,1,-0.22499312460422516,1,0.019576091319322586,1,0.019619738683104515,1,0,,,,,,,,,,,,,,,,,,,,,,,,,,,,,,,,,,,,,,,,,,,,,,,,,,,,,,,,,,,,,,,,,,,,,,,,,,,,,,,,,,,,,,,,,,,,,,,,,,,,,,,,,,,,,,,,,,,,,1,1784929580.433458,0.0021224021911621094,world,base_footprint,0.8445486491512161,1.0700773910334156,1,0,1,1784929567.4354498,13.000130653381348,world,workspace,1,0,3,0.47418051624239393,-0.07498176989329002,0.0,0.0,0.0,0.18733963242682541,0.9822952011092093,1.5,1,3,1784929567.4354498,world,workspace,0.47418051624239393,-0.07498176989329002,0.0,0.0,0.18733963242682541,0.9822952011092093,1,1784929567.435601,12.999979496002197,workspace,1,321,,1,1784929580.4344566,0.0011239051818847656,world,pelvis,0.8616260230784464,1.0416068079292786,0.7736620965540991,0.020213412201438147,-0.006357369857753987,0.7534707671096907,0.6571398670958875,capsules,0.05,0.5,0.1,0.5,0.5
94,1784929580.5356622,9.506307188421488,1,1784929580.5347495,0.0009126663208007812,17,-0.05310031399130821,1,0.021501803770661354,1,0.03885907679796219,1,0.08985184878110886,1,0.2763238549232483,1,-0.37589144706726074,1,-0.29709774255752563,1,0.2646792531013489,1,-0.46735262870788574,1,0.05117037147283554,1,-0.34132927656173706,1,-0.3449457287788391,1,0.026344744488596916,1,-0.015469088219106197,1,-0.19071872532367706,1,0.027906306087970734,1,0.03220299631357193,1,0,,,,,,,,,,,,,,,,,,,,,,,,,,,,,,,,,,,,,,,,,,,,,,,,,,,,,,,,,,,,,,,,,,,,,,,,,,,,,,,,,,,,,,,,,,,,,,,,,,,,,,,,,,,,,,,,,,,,,1,1784929580.5344555,0.0012066364288330078,world,base_footprint,0.8482830297070597,1.0694017812751295,1,0,1,1784929567.4354498,13.100212335586548,world,workspace,1,0,3,0.47418051624239393,-0.07498176989329002,0.0,0.0,0.0,0.18733963242682541,0.9822952011092093,1.5,1,3,1784929567.4354498,world,workspace,0.47418051624239393,-0.07498176989329002,0.0,0.0,0.18733963242682541,0.9822952011092093,1,1784929567.435601,13.100061178207397,workspace,1,321,,1,1784929580.5344558,0.0012063980102539062,world,pelvis,0.8391786318722467,1.0432425905682503,0.7762791289334706,0.006687766234799794,-0.016347847607197406,0.7495449148184871,0.6617177965954577,capsules,0.05,0.5,0.1,0.5,0.5
95,1784929580.635594,9.606238600797951,1,1784929580.6347332,0.0008606910705566406,17,-0.06161193549633026,1,0.13345204293727875,1,0.046390336006879807,1,0.008022475056350231,1,0.3123732805252075,1,-0.3969910740852356,1,-0.2968199551105499,1,0.2635970115661621,1,-0.4288225471973419,1,0.05554956570267677,1,-0.36643993854522705,1,-0.2759370803833008,1,0.06972534209489822,1,-0.05704013630747795,1,-0.1498248428106308,1,0.0005056523368693888,1,0.02741323411464691,1,0,,,,,,,,,,,,,,,,,,,,,,,,,,,,,,,,,,,,,,,,,,,,,,,,,,,,,,,,,,,,,,,,,,,,,,,,,,,,,,,,,,,,,,,,,,,,,,,,,,,,,,,,,,,,,,,,,,,,,1,1784929580.6344557,0.0011382102966308594,world,base_footprint,0.8344678789319615,1.0763178473315345,1,0,1,1784929567.4354498,13.200144052505493,world,workspace,1,0,3,0.47418051624239393,-0.07498176989329002,0.0,0.0,0.0,0.18733963242682541,0.9822952011092093,1.5,1,3,1784929567.4354498,world,workspace,0.47418051624239393,-0.07498176989329002,0.0,0.0,0.18733963242682541,0.9822952011092093,1,1784929567.435601,13.199992895126343,workspace,1,321,,1,1784929580.634456,0.0011379718780517578,world,pelvis,0.8069885058526123,1.0422476460168157,0.7759329219480443,0.0011240893805002238,-0.027896189462237916,0.7521736021880274,0.6583733068769105,capsules,0.05,0.5,0.1,0.5,0.5
96,1784929580.7356029,9.706246938556433,1,1784929580.734718,0.0008847713470458984,17,-0.05297722667455673,1,0.12254839390516281,1,0.02577447146177292,1,-0.07791769504547119,1,0.4327467679977417,1,-0.4157220423221588,1,-0.28925976157188416,1,0.2519913613796234,1,-0.25673115253448486,1,0.04106302931904793,1,-0.38144195079803467,1,-0.1918291449546814,1,0.008207300677895546,1,0.0006795302615500987,1,-0.2302739918231964,1,-0.046488434076309204,1,0.10486134886741638,1,0,,,,,,,,,,,,,,,,,,,,,,,,,,,,,,,,,,,,,,,,,,,,,,,,,,,,,,,,,,,,,,,,,,,,,,,,,,,,,,,,,,,,,,,,,,,,,,,,,,,,,,,,,,,,,,,,,,,,,1,1784929580.7334578,0.002145051956176758,world,base_footprint,0.7767378582915665,1.0633142169730152,1,0,1,1784929567.4354498,13.300153017044067,world,workspace,1,0,3,0.47418051624239393,-0.07498176989329002,0.0,0.0,0.0,0.18733963242682541,0.9822952011092093,1.5,1,3,1784929567.4354498,world,workspace,0.47418051624239393,-0.07498176989329002,0.0,0.0,0.18733963242682541,0.9822952011092093,1,1784929567.435601,13.300001859664917,workspace,1,321,,1,1784929580.733458,0.0021448135375976562,world,pelvis,0.778833146378677,1.0399878244469083,0.7755764291358743,0.010901111798156055,-0.010207705580065908,0.7459900460003436,0.6657896212594187,capsules,0.05,0.5,0.1,0.5,0.5
97,1784929580.835658,9.806303905323148,1,1784929580.8335857,0.0020723342895507812,17,-0.04561220854520798,1,0.011127973906695843,1,0.016856636852025986,1,-0.1261657476425171,1,0.581475019454956,1,-0.47036293148994446,1,-0.27000921964645386,1,0.23178084194660187,1,-0.11157651990652084,1,-0.02375519834458828,1,-0.37412989139556885,1,-0.18353953957557678,1,-0.005760577507317066,1,0.03633720800280571,1,-0.38287919759750366,1,0.009817385114729404,1,0.03023635596036911,1,0,,,,,,,,,,,,,,,,,,,,,,,,,,,,,,,,,,,,,,,,,,,,,,,,,,,,,,,,,,,,,,,,,,,,,,,,,,,,,,,,,,,,,,,,,,,,,,,,,,,,,,,,,,,,,,,,,,,,,1,1784929580.8324635,0.003194570541381836,world,base_footprint,0.7593256589625058,1.0478522453060195,1,0,1,1784929567.4354498,13.400208234786987,world,workspace,1,0,3,0.47418051624239393,-0.07498176989329002,0.0,0.0,0.0,0.18733963242682541,0.9822952011092093,1.5,1,3,1784929567.4354498,world,workspace,0.47418051624239393,-0.07498176989329002,0.0,0.0,0.18733963242682541,0.9822952011092093,1,1784929567.435601,13.400057077407837,workspace,1,321,,1,1784929580.8344612,0.0011968612670898438,world,pelvis,0.7829258618928382,1.0358128555983601,0.7758198701353574,0.016158015556884356,0.0046780516767188605,0.7364515934938987,0.6762810693831899,capsules,0.05,0.5,0.1,0.5,0.5
98,1784929580.9355986,9.90624429564923,1,1784929580.9346662,0.0009324550628662109,17,-0.06465689092874527,1,-0.10895447432994843,1,-0.015214328654110432,1,-0.12352897971868515,1,0.6113900542259216,1,-0.6125422120094299,1,-0.16237996518611908,1,0.22219125926494598,1,-0.15607750415802002,1,-0.15073759853839874,1,-0.28148218989372253,1,-0.19061383605003357,1,-0.013436161912977695,1,0.03132617846131325,1,-0.3354083299636841,1,0.00061426853062585,1,0.04020652920007706,1,0,,,,,,,,,,,,,,,,,,,,,,,,,,,,,,,,,,,,,,,,,,,,,,,,,,,,,,,,,,,,,,,,,,,,,,,,,,,,,,,,,,,,,,,,,,,,,,,,,,,,,,,,,,,,,,,,,,,,,1,1784929580.9344597,0.001138925552368164,world,base_footprint,0.7548329194182021,1.046312787430703,1,0,1,1784929567.4354498,13.50014877319336,world,workspace,1,0,3,0.47418051624239393,-0.07498176989329002,0.0,0.0,0.0,0.18733963242682541,0.9822952011092093,1.5,1,3,1784929567.4354498,world,workspace,0.47418051624239393,-0.07498176989329002,0.0,0.0,0.18733963242682541,0.9822952011092093,1,1784929567.435601,13.499997615814209,workspace,1,321,,1,1784929580.9344597,0.001138925552368164,world,pelvis,0.7967260574433598,1.037547463549669,0.7723697886098574,0.023581583289810183,0.013753480716201926,0.7420552991605002,0.6697825644830981,capsules,0.05,0.5,0.1,0.5,0.5
99,1784929581.0355945,10.006239025853574,1,1784929581.0347881,0.0008063316345214844,17,-0.08435291796922684,1,-0.097356416285038,1,-0.010813062079250813,1,-0.06573708355426788,1,0.5018040537834167,1,-0.7345220446586609,1,0.03748234733939171,1,0.2073090374469757,1,-0.30451178550720215,1,-0.21600660681724548,1,-0.09662080556154251,1,-0.25553905963897705,1,0.016468387097120285,1,0.018756557255983353,1,-0.23220176994800568,1,0.015535403974354267,1,0.030405808240175247,1,0,,,,,,,,,,,,,,,,,,,,,,,,,,,,,,,,,,,,,,,,,,,,,,,,,,,,,,,,,,,,,,,,,,,,,,,,,,,,,,,,,,,,,,,,,,,,,,,,,,,,,,,,,,,,,,,,,,,,,1,1784929581.0334566,0.002137899398803711,world,base_footprint,0.77903355975085,1.0643634986143071,1,0,1,1784929567.4354498,13.600144624710083,world,workspace,1,0,3,0.47418051624239393,-0.07498176989329002,0.0,0.0,0.0,0.18733963242682541,0.9822952011092093,1.5,1,3,1784929567.4354498,world,workspace,0.47418051624239393,-0.07498176989329002,0.0,0.0,0.18733963242682541,0.9822952011092093,1,1784929567.435601,13.599993467330933,workspace,1,321,,1,1784929581.0334566,0.002137899398803711,world,pelvis,0.8003786225183939,1.0379464209530203,0.7737665763197122,0.021335965795258337,-0.003729497577549582,0.7528512028082777,0.6578342753623684,capsules,0.05,0.5,0.1,0.5,0.5
100,1784929581.1356273,10.106269023381174,1,1784929581.1349478,0.0006794929504394531,17,-0.07843077927827835,1,0.0054528312757611275,1,-0.008340258151292801,1,0.02711942046880722,1,0.3423527181148529,1,-0.7621365785598755,1,0.2178163081407547,1,0.1783263087272644,1,-0.4191567599773407,1,-0.16996483504772186,1,0.10014095157384872,1,-0.31814682483673096,1,0.03994924947619438,1,-0.04473310708999634,1,-0.1736649125814438,1,0.02342703938484192,1,0.0401139035820961,1,0,,,,,,,,,,,,,,,,,,,,,,,,,,,,,,,,,,,,,,,,,,,,,,,,,,,,,,,,,,,,,,,,,,,,,,,,,,,,,,,,,,,,,,,,,,,,,,,,,,,,,,,,,,,,,,,,,,,,,1,1784929581.134457,0.0011701583862304688,world,base_footprint,0.7823947652303379,1.0746606905917768,1,0,1,1784929567.4354498,13.700177431106567,world,workspace,1,0,3,0.47418051624239393,-0.07498176989329002,0.0,0.0,0.0,0.18733963242682541,0.9822952011092093,1.5,1,3,1784929567.4354498,world,workspace,0.47418051624239393,-0.07498176989329002,0.0,0.0,0.18733963242682541,0.9822952011092093,1,1784929567.435601,13.700026273727417,workspace,1,321,,1,1784929581.134457,0.0011701583862304688,world,pelvis,0.7786163562203128,1.0358399881129583,0.77714109519186,0.014591776033664109,-0.02014732032456943,0.7490342056201792,0.6620641391639257,capsules,0.05,0.5,0.1,0.5,0.5
101,1784929581.2356465,10.206291685812175,1,1784929581.2343736,0.0012729167938232422,17,-0.07385283708572388,1,0.0949939712882042,1,-0.0027483473531901836,1,0.03427644446492195,1,0.2523161470890045,1,-0.7156335115432739,1,0.38933080434799194,1,0.15016785264015198,1,-0.3935682475566864,1,-0.05809115245938301,1,0.2867649495601654,1,-0.22647352516651154,1,0.08664122968912125,1,-0.06453526765108109,1,-0.13712520897388458,1,0.00901491567492485,1,0.04239678010344505,1,0,,,,,,,,,,,,,,,,,,,,,,,,,,,,,,,,,,,,,,,,,,,,,,,,,,,,,,,,,,,,,,,,,,,,,,,,,,,,,,,,,,,,,,,,,,,,,,,,,,,,,,,,,,,,,,,,,,,,,1,1784929581.2344563,0.001190185546875,world,base_footprint,0.7738187463735058,1.0871231384739712,1,0,1,1784929567.4354498,13.800196647644043,world,workspace,1,0,3,0.47418051624239393,-0.07498176989329002,0.0,0.0,0.0,0.18733963242682541,0.9822952011092093,1.5,1,3,1784929567.4354498,world,workspace,0.47418051624239393,-0.07498176989329002,0.0,0.0,0.18733963242682541,0.9822952011092093,1,1784929567.435601,13.800045490264893,workspace,1,321,,1,1784929581.2344565,0.0011899471282958984,world,pelvis,0.7490825721134583,1.032197644981499,0.775008171500197,0.011431991283823243,-0.03669650997964529,0.7478460554266841,0.6627585933907981,capsules,0.05,0.5,0.1,0.5,0.5
102,1784929581.3357253,10.306370183825493,1,1784929581.3353245,0.00040078163146972656,17,-0.06538321077823639,1,0.06177099049091339,1,-0.007449164986610413,1,-0.0022893173154443502,1,0.2915811240673065,1,-0.6192740201950073,1,0.4920388460159302,1,0.16467158496379852,1,-0.2288806140422821,1,0.021203653886914253,1,0.3940888047218323,1,-0.11530642211437225,1,0.02010536938905716,1,-0.011090791784226894,1,-0.2030715048313141,1,-0.04241020232439041,1,0.09786788374185562,1,0,,,,,,,,,,,,,,,,,,,,,,,,,,,,,,,,,,,,,,,,,,,,,,,,,,,,,,,,,,,,,,,,,,,,,,,,,,,,,,,,,,,,,,,,,,,,,,,,,,,,,,,,,,,,,,,,,,,,,1,1784929581.3344548,0.0012705326080322266,world,base_footprint,0.7170923870929871,1.0841449103897758,1,0,1,1784929567.4354498,13.900275468826294,world,workspace,1,0,3,0.47418051624239393,-0.07498176989329002,0.0,0.0,0.0,0.18733963242682541,0.9822952011092093,1.5,1,3,1784929567.4354498,world,workspace,0.47418051624239393,-0.07498176989329002,0.0,0.0,0.18733963242682541,0.9822952011092093,1,1784929567.435601,13.900124311447144,workspace,1,321,,1,1784929581.334455,0.001270294189453125,world,pelvis,0.7242539106806088,1.0283321261146154,0.7749670043069754,0.027124365546088415,-0.02351856318497174,0.7454514818651883,0.6655923934093837,capsules,0.05,0.5,0.1,0.5,0.5
103,1784929581.4358385,10.406483856961131,1,1784929581.434379,0.001459360122680664,17,-0.06190343573689461,1,-0.038028910756111145,1,-0.009138450026512146,1,-0.014921426773071289,1,0.43617838621139526,1,-0.4778328835964203,1,0.48250359296798706,1,0.21641795337200165,1,-0.08278955519199371,1,0.14901238679885864,1,0.34139639139175415,1,-0.09760365635156631,1,0.012042153626680374,1,0.017508218064904213,1,-0.3250214457511902,1,-0.00021209019178058952,1,0.017948580905795097,1,0,,,,,,,,,,,,,,,,,,,,,,,,,,,,,,,,,,,,,,,,,,,,,,,,,,,,,,,,,,,,,,,,,,,,,,,,,,,,,,,,,,,,,,,,,,,,,,,,,,,,,,,,,,,,,,,,,,,,,1,1784929581.4344554,0.001383066177368164,world,base_footprint,0.7065491876532922,1.072129263660448,1,0,1,1784929567.4354498,14.000388622283936,world,workspace,1,0,3,0.47418051624239393,-0.07498176989329002,0.0,0.0,0.0,0.18733963242682541,0.9822952011092093,1.5,1,3,1784929567.4354498,world,workspace,0.47418051624239393,-0.07498176989329002,0.0,0.0,0.18733963242682541,0.9822952011092093,1,1784929567.435601,14.000237464904785,workspace,1,321,,1,1784929581.4344554,0.001383066177368164,world,pelvis,0.7304460849979209,1.026168261149831,0.776641504261973,0.031036838563400285,-0.011348976615140926,0.7375481359124817,0.6744854798984201,capsules,0.05,0.5,0.1,0.5,0.5
104,1784929581.5355914,10.506234463304281,1,1784929581.534892,0.0006992816925048828,17,-0.07717067748308182,1,-0.12357071042060852,1,-0.02829585038125515,1,0.014631513506174088,1,0.502925455570221,1,-0.38893023133277893,1,0.3744331896305084,1,0.24464724957942963,1,-0.1270919144153595,1,0.19315201044082642,1,0.1699269413948059,1,-0.11070576310157776,1,0.011976621113717556,1,0.017984038218855858,1,-0.32033127546310425,1,-0.0068008778616786,1,0.010296876542270184,1,0,,,,,,,,,,,,,,,,,,,,,,,,,,,,,,,,,,,,,,,,,,,,,,,,,,,,,,,,,,,,,,,,,,,,,,,,,,,,,,,,,,,,,,,,,,,,,,,,,,,,,,,,,,,,,,,,,,,,,1,1784929581.5344543,0.0011370182037353516,world,base_footprint,0.7058225529156976,1.0613004583868977,1,0,1,1784929567.4354498,14.100141525268555,world,workspace,1,0,3,0.47418051624239393,-0.07498176989329002,0.0,0.0,0.0,0.18733963242682541,0.9822952011092093,1.5,1,3,1784929567.4354498,world,workspace,0.47418051624239393,-0.07498176989329002,0.0,0.0,0.18733963242682541,0.9822952011092093,1,1784929567.435601,14.099990367889404,workspace,1,321,,1,1784929581.5344543,0.0011370182037353516,world,pelvis,0.7433051290708612,1.0292775627711312,0.7745070841366976,0.03143436776421768,0.0009346922442166223,0.7403000099825546,0.6715406928053594,capsules,0.05,0.5,0.1,0.5,0.5
105,1784929581.6355956,10.606239683926105,1,1784929581.6350303,0.0005652904510498047,17,-0.10733284801244736,1,-0.09924912452697754,1,-0.006794578395783901,1,0.08870207518339157,1,0.46004414558410645,1,-0.3921220898628235,1,0.2322988361120224,1,0.1392202228307724,1,-0.3128263056278229,1,0.11436371505260468,1,-0.00683294702321291,1,-0.1754431426525116,1,0.03815200924873352,1,-0.0014017698122188449,1,-0.1836330145597458,1,0.011799773201346397,1,-0.0009915778646245599,1,0,,,,,,,,,,,,,,,,,,,,,,,,,,,,,,,,,,,,,,,,,,,,,,,,,,,,,,,,,,,,,,,,,,,,,,,,,,,,,,,,,,,,,,,,,,,,,,,,,,,,,,,,,,,,,,,,,,,,,1,1784929581.6334548,0.0021407604217529297,world,base_footprint,0.7300872077639499,1.0736218662696502,1,0,1,1784929567.4354498,14.200145721435547,world,workspace,1,0,3,0.47418051624239393,-0.07498176989329002,0.0,0.0,0.0,0.18733963242682541,0.9822952011092093,1.5,1,3,1784929567.4354498,world,workspace,0.47418051624239393,-0.07498176989329002,0.0,0.0,0.18733963242682541,0.9822952011092093,1,1784929567.435601,14.199994564056396,workspace,1,321,,1,1784929581.633455,0.002140522003173828,world,pelvis,0.7506032387059473,1.0327314380344124,0.7748106948823426,0.027093657507964827,-0.010838955798536531,0.748041241350673,0.6630103709585414,capsules,0.05,0.5,0.1,0.5,0.5
106,1784929581.7355943,10.706237561069429,1,1784929581.7351153,0.00047898292541503906,17,-0.10716718435287476,1,0.04278777912259102,1,-0.02500401809811592,1,0.2210427075624466,1,0.39400172233581543,1,-0.45058807730674744,1,0.10420919209718704,1,-0.08971632272005081,1,-0.5493350625038147,1,0.0009572654962539673,1,-0.1891632229089737,1,-0.3226170241832733,1,0.025080908089876175,1,-0.025134356692433357,1,-0.17080794274806976,1,0.028997205197811127,1,0.023758267983794212,1,0,,,,,,,,,,,,,,,,,,,,,,,,,,,,,,,,,,,,,,,,,,,,,,,,,,,,,,,,,,,,,,,,,,,,,,,,,,,,,,,,,,,,,,,,,,,,,,,,,,,,,,,,,,,,,,,,,,,,,1,1784929581.7334547,0.002139568328857422,world,base_footprint,0.7375696829984963,1.0592219405207128,1,0,1,1784929567.4354498,14.30014443397522,world,workspace,1,0,3,0.47418051624239393,-0.07498176989329002,0.0,0.0,0.0,0.18733963242682541,0.9822952011092093,1.5,1,3,1784929567.4354498,world,workspace,0.47418051624239393,-0.07498176989329002,0.0,0.0,0.18733963242682541,0.9822952011092093,1,1784929567.435601,14.29999327659607,workspace,1,321,,1,1784929581.7334547,0.002139568328857422,world,pelvis,0.7298284953742127,1.034389416687775,0.7777959144563585,0.0070145745178843725,-0.015030509727204062,0.7391525149345032,0.6733338244791157,capsules,0.05,0.5,0.1,0.5,0.5
107,1784929581.835598,10.806243973784149,1,1784929581.8350985,0.0004994869232177734,17,-0.08697675168514252,1,0.16337765753269196,1,-0.04992753639817238,1,0.2781200110912323,1,0.4403828978538513,1,-0.48175978660583496,1,0.07732805609703064,1,-0.3605337142944336,1,-0.7188242077827454,1,-0.06398571282625198,1,-0.280428022146225,1,-0.2882206439971924,1,0.032667338848114014,1,-0.04702719300985336,1,-0.1450321227312088,1,0.012559616938233376,1,0.023110760375857353,1,0,,,,,,,,,,,,,,,,,,,,,,,,,,,,,,,,,,,,,,,,,,,,,,,,,,,,,,,,,,,,,,,,,,,,,,,,,,,,,,,,,,,,,,,,,,,,,,,,,,,,,,,,,,,,,,,,,,,,,1,1784929581.8334553,0.002142667770385742,world,base_footprint,0.7302603374533642,1.0553908577470044,1,0,1,1784929567.4354498,14.400148153305054,world,workspace,1,0,3,0.47418051624239393,-0.07498176989329002,0.0,0.0,0.0,0.18733963242682541,0.9822952011092093,1.5,1,3,1784929567.4354498,world,workspace,0.47418051624239393,-0.07498176989329002,0.0,0.0,0.18733963242682541,0.9822952011092093,1,1784929567.435601,14.399996995925903,workspace,1,321,,1,1784929581.8334556,0.0021424293518066406,world,pelvis,0.70184353044756,1.037859467457776,0.7780243493011814,-0.005854277623602275,-0.020473154749656382,0.7386385995996322,0.6737652384544611,capsules,0.05,0.5,0.1,0.5,0.5
108,1784929581.9355896,10.906232533976436,1,1784929581.9343872,0.0012023448944091797,17,-0.03583052381873131,1,0.15520736575126648,1,-0.09061562269926071,1,0.25960418581962585,1,0.5655646920204163,1,-0.48498502373695374,1,0.13805507123470306,1,-0.5506207346916199,1,-0.8511435985565186,1,-0.062336865812540054,1,-0.2600766718387604,1,-0.178955540060997,1,-0.015024866908788681,1,0.0033979974687099457,1,-0.1854313611984253,1,-0.03332028165459633,1,0.0739210695028305,1,0,,,,,,,,,,,,,,,,,,,,,,,,,,,,,,,,,,,,,,,,,,,,,,,,,,,,,,,,,,,,,,,,,,,,,,,,,,,,,,,,,,,,,,,,,,,,,,,,,,,,,,,,,,,,,,,,,,,,,1,1784929581.9334548,0.0021347999572753906,world,base_footprint,0.683543325955457,1.047348938660222,1,0,1,1784929567.4354498,14.500139713287354,world,workspace,1,0,3,0.47418051624239393,-0.07498176989329002,0.0,0.0,0.0,0.18733963242682541,0.9822952011092093,1.5,1,3,1784929567.4354498,world,workspace,0.47418051624239393,-0.07498176989329002,0.0,0.0,0.18733963242682541,0.9822952011092093,1,1784929567.435601,14.499988555908203,workspace,1,321,,1,1784929581.9334548,0.0021347999572753906,world,pelvis,0.6770755477241599,1.0418125498921516,0.7801641771627742,-0.0006490536549201558,-0.005389419578800637,0.7364464054467605,0.6764741124318819,capsules,0.05,0.5,0.1,0.5,0.5
109,1784929582.0356724,11.006316191516817,1,1784929582.0348632,0.0008091926574707031,17,-0.0026154278311878443,1,0.025454256683588028,1,-0.06082938238978386,1,0.19180093705654144,1,0.7371995449066162,1,-0.4790845811367035,1,0.22425591945648193,1,-0.7157339453697205,1,-1.0075370073318481,1,-0.012365708127617836,1,-0.18828092515468597,1,-0.17458996176719666,1,-0.029993701726198196,1,0.042833928018808365,1,-0.3306310176849365,1,0.024718575179576874,1,0.025327976793050766,1,0,,,,,,,,,,,,,,,,,,,,,,,,,,,,,,,,,,,,,,,,,,,,,,,,,,,,,,,,,,,,,,,,,,,,,,,,,,,,,,,,,,,,,,,,,,,,,,,,,,,,,,,,,,,,,,,,,,,,,1,1784929582.0344563,0.0012161731719970703,world,base_footprint,0.6644251027577895,1.0396327330293533,1,0,1,1784929567.4354498,14.60022258758545,world,workspace,1,0,3,0.47418051624239393,-0.07498176989329002,0.0,0.0,0.0,0.18733963242682541,0.9822952011092093,1.5,1,3,1784929567.4354498,world,workspace,0.47418051624239393,-0.07498176989329002,0.0,0.0,0.18733963242682541,0.9822952011092093,1,1784929567.435601,14.600071430206299,workspace,1,321,,1,1784929582.0344565,0.0012159347534179688,world,pelvis,0.6844525703767134,1.0371781920332954,0.7778005957659474,0.010355934200296896,0.007634592897702836,0.7266871453329906,0.6868480621112026,capsules,0.05,0.5,0.1,0.5,0.5
110,1784929582.1356218,11.106267812661827,1,1784929582.1352754,0.0003464221954345703,17,-0.02315785549581051,1,-0.08162287622690201,1,-0.08275571465492249,1,0.14212344586849213,1,0.7564080953598022,1,-0.524325430393219,1,0.29551243782043457,1,-0.8877054452896118,1,-1.2169855833053589,1,0.011590809561312199,1,-0.11506689339876175,1,-0.22057832777500153,1,-0.02678772248327732,1,0.03651116043329239,1,-0.32958924770355225,1,-0.015226257964968681,1,0.06363657116889954,1,0,,,,,,,,,,,,,,,,,,,,,,,,,,,,,,,,,,,,,,,,,,,,,,,,,,,,,,,,,,,,,,,,,,,,,,,,,,,,,,,,,,,,,,,,,,,,,,,,,,,,,,,,,,,,,,,,,,,,,1,1784929582.133455,0.002166748046875,world,base_footprint,0.667589342471604,1.0222850372505474,1,0,1,1784929567.4354498,14.700171947479248,world,workspace,1,0,3,0.47418051624239393,-0.07498176989329002,0.0,0.0,0.0,0.18733963242682541,0.9822952011092093,1.5,1,3,1784929567.4354498,world,workspace,0.47418051624239393,-0.07498176989329002,0.0,0.0,0.18733963242682541,0.9822952011092093,1,1784929567.435601,14.700020790100098,workspace,1,321,,1,1784929582.1344554,0.0011663436889648438,world,pelvis,0.700300855711339,1.0395491163161334,0.7734519287118201,0.0077916210309033375,0.022265661546960518,0.7324645915956105,0.6803963205487391,capsules,0.05,0.5,0.1,0.5,0.5
111,1784929582.2355835,11.206228230148554,1,1784929582.2350152,0.000568389892578125,17,-0.05615421384572983,1,-0.06585617363452911,1,-0.08597373962402344,1,0.1263369470834732,1,0.6241176724433899,1,-0.5915879011154175,1,0.3272768557071686,1,-1.0783482789993286,1,-1.362024188041687,1,0.01171387080103159,1,-0.09055399894714355,1,-0.3112238347530365,1,0.0144728384912014,1,0.01348836813122034,1,-0.248429074883461,1,0.005618671886622906,1,0.023858096450567245,1,0,,,,,,,,,,,,,,,,,,,,,,,,,,,,,,,,,,,,,,,,,,,,,,,,,,,,,,,,,,,,,,,,,,,,,,,,,,,,,,,,,,,,,,,,,,,,,,,,,,,,,,,,,,,,,,,,,,,,,1,1784929582.2334552,0.0021283626556396484,world,base_footprint,0.7051659907342569,1.026695637332566,1,0,1,1784929567.4354498,14.80013370513916,world,workspace,1,0,3,0.47418051624239393,-0.07498176989329002,0.0,0.0,0.0,0.18733963242682541,0.9822952011092093,1.5,1,3,1784929567.4354498,world,workspace,0.47418051624239393,-0.07498176989329002,0.0,0.0,0.18733963242682541,0.9822952011092093,1,1784929567.435601,14.79998254776001,workspace,1,321,,1,1784929582.2344544,0.001129150390625,world,pelvis,0.7054767573466952,1.043169541226633,0.7765993884547726,-0.006888649748972429,0.007932450469006574,0.7424937990314655,0.6697705436446235,capsules,0.05,0.5,0.1,0.5,0.5
112,1784929582.3355925,11.306234523653984,1,1784929582.3347876,0.000804901123046875,17,-0.07321269810199738,1,0.009224493987858295,1,-0.10419902205467224,1,0.13144850730895996,1,0.48891720175743103,1,-0.6406227350234985,1,0.3054859936237335,1,-1.1656231880187988,1,-1.414795160293579,1,0.002572733676061034,1,-0.09506386518478394,1,-0.386406272649765,1,0.03738325834274292,1,-0.014721819199621677,1,-0.19274845719337463,1,0.013578173704445362,1,0.00433647446334362,1,0,,,,,,,,,,,,,,,,,,,,,,,,,,,,,,,,,,,,,,,,,,,,,,,,,,,,,,,,,,,,,,,,,,,,,,,,,,,,,,,,,,,,,,,,,,,,,,,,,,,,,,,,,,,,,,,,,,,,,1,1784929582.3344584,0.0011341571807861328,world,base_footprint,0.7168419051353363,1.0301076993654352,1,0,1,1784929567.4354498,14.900142669677734,world,workspace,1,0,3,0.47418051624239393,-0.07498176989329002,0.0,0.0,0.0,0.18733963242682541,0.9822952011092093,1.5,1,3,1784929567.4354498,world,workspace,0.47418051624239393,-0.07498176989329002,0.0,0.0,0.18733963242682541,0.9822952011092093,1,1784929567.435601,14.899991512298584,workspace,1,321,,1,1784929582.3344586,0.0011339187622070312,world,pelvis,0.6845775205560408,1.0445775826406025,0.7781688640448347,-0.021504268745465925,-0.006791704406354086,0.746646566920395,0.6648385843819292,capsules,0.05,0.5,0.1,0.5,0.5
113,1784929582.435594,11.40623787138611,1,1784929582.4343843,0.0012097358703613281,17,-0.08726464956998825,1,0.08416374772787094,1,-0.10387211292982101,1,0.11382117122411728,1,0.46383923292160034,1,-0.6360594034194946,1,0.2670027017593384,1,-1.1132603883743286,1,-1.405094861984253,1,0.0029339196626096964,1,-0.11573392897844315,1,-0.30995187163352966,1,0.08630899339914322,1,-0.0768054872751236,1,-0.13401424884796143,1,-0.006603947840631008,1,-0.0158288162201643,1,0,,,,,,,,,,,,,,,,,,,,,,,,,,,,,,,,,,,,,,,,,,,,,,,,,,,,,,,,,,,,,,,,,,,,,,,,,,,,,,,,,,,,,,,,,,,,,,,,,,,,,,,,,,,,,,,,,,,,,1,1784929582.4344568,0.0011372566223144531,world,base_footprint,0.708122699787844,1.0540059577504457,1,0,1,1784929567.4354498,15.000144243240356,world,workspace,1,0,3,0.47418051624239393,-0.07498176989329002,0.0,0.0,0.0,0.18733963242682541,0.9822952011092093,1.5,1,3,1784929567.4354498,world,workspace,0.47418051624239393,-0.07498176989329002,0.0,0.0,0.18733963242682541,0.9822952011092093,1,1784929567.435601,14.999993085861206,workspace,1,321,,1,1784929582.4344568,0.0011372566223144531,world,pelvis,0.6501071771012831,1.0422631039412111,0.7741050599153394,-0.02287554952663044,-0.03005117726884219,0.7509777175092942,0.6592466183327315,capsules,0.05,0.5,0.1,0.5,0.5
114,1784929582.5355866,11.506228655576706,1,1784929582.5344563,0.0011303424835205078,17,-0.093242347240448,1,0.02630605734884739,1,-0.12851452827453613,1,0.10297038406133652,1,0.556982159614563,1,-0.5800618529319763,1,0.26524534821510315,1,-0.9574282169342041,1,-1.3092012405395508,1,-0.016667433083057404,1,-0.2038813978433609,1,-0.2272927314043045,1,0.018328921869397163,1,-0.0313798151910305,1,-0.24626581370830536,1,-0.04522104933857918,1,0.048760585486888885,1,0,,,,,,,,,,,,,,,,,,,,,,,,,,,,,,,,,,,,,,,,,,,,,,,,,,,,,,,,,,,,,,,,,,,,,,,,,,,,,,,,,,,,,,,,,,,,,,,,,,,,,,,,,,,,,,,,,,,,,1,1784929582.5344553,0.001131296157836914,world,base_footprint,0.6470160732738728,1.0484330632905248,1,0,1,1784929567.4354498,15.100136756896973,world,workspace,1,0,3,0.47418051624239393,-0.07498176989329002,0.0,0.0,0.0,0.18733963242682541,0.9822952011092093,1.5,1,3,1784929567.4354498,world,workspace,0.47418051624239393,-0.07498176989329002,0.0,0.0,0.18733963242682541,0.9822952011092093,1,1784929567.435601,15.099985599517822,workspace,1,321,,1,1784929582.5344553,0.001131296157836914,world,pelvis,0.6244680342136422,1.0364002947255841,0.7747958528323803,-0.005634724188323462,-0.01529252387646247,0.7466966994128997,0.6649649822980841,capsules,0.05,0.5,0.1,0.5,0.5
115,1784929582.635536,11.606181759387255,1,1784929582.634314,0.0012218952178955078,17,-0.07992715388536453,1,-0.08765215426683426,1,-0.1317266821861267,1,0.0788891464471817,1,0.6884558796882629,1,-0.5117924809455872,1,0.26864734292030334,1,-0.8229475617408752,1,-1.2231464385986328,1,-0.09909219294786453,1,-0.3464956283569336,1,-0.2046147733926773,1,0.00012571204570122063,1,-0.02033195272088051,1,-0.3462609350681305,1,0.015226569026708603,1,0.007012327201664448,1,0,,,,,,,,,,,,,,,,,,,,,,,,,,,,,,,,,,,,,,,,,,,,,,,,,,,,,,,,,,,,,,,,,,,,,,,,,,,,,,,,,,,,,,,,,,,,,,,,,,,,,,,,,,,,,,,,,,,,,1,1784929582.6344552,0.0010807514190673828,world,base_footprint,0.6333430769260888,1.0432480922903742,1,0,1,1784929567.4354498,15.200086116790771,world,workspace,1,0,3,0.47418051624239393,-0.07498176989329002,0.0,0.0,0.0,0.18733963242682541,0.9822952011092093,1.5,1,3,1784929567.4354498,world,workspace,0.47418051624239393,-0.07498176989329002,0.0,0.0,0.18733963242682541,0.9822952011092093,1,1784929567.435601,15.199934959411621,workspace,1,321,,1,1784929582.6344552,0.0010807514190673828,world,pelvis,0.6300079231439805,1.0317015636499827,0.7766305225453012,0.0033100980566152243,-0.006911368300097232,0.7465873901440365,0.6652432225261616,capsules,0.05,0.5,0.1,0.5,0.5
116,1784929582.7356343,11.706293599680066,1,1784929582.7343392,0.0012950897216796875,17,-0.05630705505609512,1,-0.1830073446035385,1,-0.15785947442054749,1,0.0931885838508606,1,0.7024484872817993,1,-0.49901288747787476,1,0.26788467168807983,1,-0.7461220622062683,1,-1.1204971075057983,1,-0.290203720331192,1,-0.5075365304946899,1,-0.21713779866695404,1,-0.0013975065667182207,1,-0.020214997231960297,1,-0.2913159430027008,1,0.02043650858104229,1,0.01990232989192009,1,0,,,,,,,,,,,,,,,,,,,,,,,,,,,,,,,,,,,,,,,,,,,,,,,,,,,,,,,,,,,,,,,,,,,,,,,,,,,,,,,,,,,,,,,,,,,,,,,,,,,,,,,,,,,,,,,,,,,,,1,1784929582.7344553,0.0011789798736572266,world,base_footprint,0.633124112531501,1.0260859822504917,1,0,1,1784929567.4354498,15.300184488296509,world,workspace,1,0,3,0.47418051624239393,-0.07498176989329002,0.0,0.0,0.0,0.18733963242682541,0.9822952011092093,1.5,1,3,1784929567.4354498,world,workspace,0.47418051624239393,-0.07498176989329002,0.0,0.0,0.18733963242682541,0.9822952011092093,1,1784929567.435601,15.300033330917358,workspace,1,321,,1,1784929582.7344556,0.001178741455078125,world,pelvis,0.6425548943324695,1.034150634232603,0.7762142796287252,0.0010891377187156415,0.007836661018906923,0.7483236265420274,0.6632866276973272,capsules,0.05,0.5,0.1,0.5,0.5
117,1784929582.8355925,11.806237345561385,1,1784929582.83509,0.0005025863647460938,17,-0.05365944653749466,1,-0.20176702737808228,1,-0.13243792951107025,1,0.14744670689105988,1,0.6311675906181335,1,-0.520136833190918,1,0.27011293172836304,1,-0.6715055108070374,1,-0.9645507335662842,1,-0.4866487383842468,1,-0.6347196698188782,1,-0.23384205996990204,1,0.03443347290158272,1,-0.03504708409309387,1,-0.12150182574987411,1,0.04885248467326164,1,0.007384127005934715,1,0,,,,,,,,,,,,,,,,,,,,,,,,,,,,,,,,,,,,,,,,,,,,,,,,,,,,,,,,,,,,,,,,,,,,,,,,,,,,,,,,,,,,,,,,,,,,,,,,,,,,,,,,,,,,,,,,,,,,,1,1784929582.8334558,0.002136707305908203,world,base_footprint,0.6608921203504202,1.040321396012765,1,0,1,1784929567.4354498,15.400142669677734,world,workspace,1,0,3,0.47418051624239393,-0.07498176989329002,0.0,0.0,0.0,0.18733963242682541,0.9822952011092093,1.5,1,3,1784929567.4354498,world,workspace,0.47418051624239393,-0.07498176989329002,0.0,0.0,0.18733963242682541,0.9822952011092093,1,1784929567.435601,15.399991512298584,workspace,1,321,,1,1784929582.833456,0.0021364688873291016,world,pelvis,0.6550130627333907,1.0383521766592552,0.7776840904300916,-0.0019969828330335076,-0.0034116677080599078,0.7531057287130163,0.6578876301942842,capsules,0.05,0.5,0.1,0.5,0.5
118,1784929582.9356918,11.906337141990662,1,1784929582.934612,0.0010797977447509766,17,-0.04599025472998619,1,-0.10565018653869629,1,-0.10733374208211899,1,0.20363926887512207,1,0.4784139096736908,1,-0.5789005160331726,1,0.2382945418357849,1,-0.6024917960166931,1,-0.8150599002838135,1,-0.6730114817619324,1,-0.6829456686973572,1,-0.29911866784095764,1,0.03684213384985924,1,0.00039954352541826665,1,-0.051663052290678024,1,0.05039353296160698,1,-0.02398434281349182,1,0,,,,,,,,,,,,,,,,,,,,,,,,,,,,,,,,,,,,,,,,,,,,,,,,,,,,,,,,,,,,,,,,,,,,,,,,,,,,,,,,,,,,,,,,,,,,,,,,,,,,,,,,,,,,,,,,,,,,,1,1784929582.9334612,0.0022306442260742188,world,base_footprint,0.6673966766469975,1.0550828419913398,1,0,1,1784929567.4354498,15.500241994857788,world,workspace,1,0,3,0.47418051624239393,-0.07498176989329002,0.0,0.0,0.0,0.18733963242682541,0.9822952011092093,1.5,1,3,1784929567.4354498,world,workspace,0.47418051624239393,-0.07498176989329002,0.0,0.0,0.18733963242682541,0.9822952011092093,1,1784929567.435601,15.500090837478638,workspace,1,321,,1,1784929582.934456,0.0012357234954833984,world,pelvis,0.6367205711875018,1.0399737853207154,0.7789177630045413,-0.0087136954127066,-0.019991167812122762,0.763311942507653,0.6456619108689592,capsules,0.05,0.5,0.1,0.5,0.5
119,1784929583.035567,12.006209757179022,1,1784929583.034337,0.001230001449584961,17,-0.024114621803164482,1,0.014321890659630299,1,-0.11044912785291672,1,0.24287588894367218,1,0.4174964427947998,1,-0.5846607089042664,1,0.18882833421230316,1,-0.5471749305725098,1,-0.6693695187568665,1,-0.7611773610115051,1,-0.6142545938491821,1,-0.23445874452590942,1,0.0639963448047638,1,-0.04630577564239502,1,0.0035972341429442167,1,0.023358149453997612,1,-0.025412343442440033,1,0,,,,,,,,,,,,,,,,,,,,,,,,,,,,,,,,,,,,,,,,,,,,,,,,,,,,,,,,,,,,,,,,,,,,,,,,,,,,,,,,,,,,,,,,,,,,,,,,,,,,,,,,,,,,,,,,,,,,,1,1784929583.0334551,0.0021119117736816406,world,base_footprint,0.6479479752324494,1.0775541896352898,1,0,1,1784929567.4354498,15.600117206573486,world,workspace,1,0,3,0.47418051624239393,-0.07498176989329002,0.0,0.0,0.0,0.18733963242682541,0.9822952011092093,1.5,1,3,1784929567.4354498,world,workspace,0.47418051624239393,-0.07498176989329002,0.0,0.0,0.18733963242682541,0.9822952011092093,1,1784929567.435601,15.599966049194336,workspace,1,321,,1,1784929583.0334551,0.0021119117736816406,world,pelvis,0.6009144872226185,1.0447997365348718,0.7759004808567086,-0.00939255838233958,-0.03534111279883995,0.7625753972324386,0.6458649619920271,capsules,0.05,0.5,0.1,0.5,0.5
120,1784929583.1355846,12.10622705053538,1,1784929583.1351066,0.0004780292510986328,17,-0.0072504254058003426,1,-0.015929490327835083,1,-0.09936013072729111,1,0.21474678814411163,1,0.4940659701824188,1,-0.4732075333595276,1,0.16489668190479279,1,-0.47652414441108704,1,-0.5498897433280945,1,-0.7498359084129333,1,-0.4239085614681244,1,-0.13985703885555267,1,-0.007155625149607658,1,-0.0050284177996218204,1,-0.10663318634033203,1,0.009951085783541203,1,0.04375558719038963,1,0,,,,,,,,,,,,,,,,,,,,,,,,,,,,,,,,,,,,,,,,,,,,,,,,,,,,,,,,,,,,,,,,,,,,,,,,,,,,,,,,,,,,,,,,,,,,,,,,,,,,,,,,,,,,,,,,,,,,,1,1784929583.134454,0.0011305809020996094,world,base_footprint,0.5916126704717378,1.0876570856975796,1,0,1,1784929567.4354498,15.700134754180908,world,workspace,1,0,3,0.47418051624239393,-0.07498176989329002,0.0,0.0,0.0,0.18733963242682541,0.9822952011092093,1.5,1,3,1784929567.4354498,world,workspace,0.47418051624239393,-0.07498176989329002,0.0,0.0,0.18733963242682541,0.9822952011092093,1,1784929567.435601,15.699983596801758,workspace,1,321,,1,1784929583.134454,0.0011305809020996094,world,pelvis,0.5817546680554134,1.0479073203046911,0.7796134612034252,0.011743193533897814,-0.023332199013535837,0.758504153782828,0.6511444959369729,capsules,0.05,0.5,0.1,0.5,0.5
121,1784929583.235718,12.206361622549593,1,1784929583.234829,0.0008890628814697266,17,0.015887193381786346,1,-0.10818690061569214,1,-0.08253169804811478,1,0.14738096296787262,1,0.5740622878074646,1,-0.335625022649765,1,0.14856134355068207,1,-0.4417572021484375,1,-0.619784951210022,1,-0.6784065961837769,1,-0.2096966803073883,1,-0.13227473199367523,1,-0.027612218633294106,1,-0.0007828572997823358,1,-0.2907806932926178,1,0.05562415346503258,1,-7.661549170734361e-05,1,0,,,,,,,,,,,,,,,,,,,,,,,,,,,,,,,,,,,,,,,,,,,,,,,,,,,,,,,,,,,,,,,,,,,,,,,,,,,,,,,,,,,,,,,,,,,,,,,,,,,,,,,,,,,,,,,,,,,,,1,1784929583.2334588,0.0022592544555664062,world,base_footprint,0.5783997540025065,1.0786164926669692,1,0,1,1784929567.4354498,15.800268173217773,world,workspace,1,0,3,0.47418051624239393,-0.07498176989329002,0.0,0.0,0.0,0.18733963242682541,0.9822952011092093,1.5,1,3,1784929567.4354498,world,workspace,0.47418051624239393,-0.07498176989329002,0.0,0.0,0.18733963242682541,0.9822952011092093,1,1784929567.435601,15.800117015838623,workspace,1,321,,1,1784929583.2344575,0.001260519027709961,world,pelvis,0.5903597046245959,1.0508445467612675,0.7788500367293589,0.017208755466338002,-0.008343089319105787,0.7592757402059188,0.6504879721644877,capsules,0.05,0.5,0.1,0.5,0.5
122,1784929583.335594,12.306238785386086,1,1784929583.3344572,0.00113677978515625,17,0.03777192533016205,1,-0.1844671368598938,1,-0.08484011143445969,1,0.1391642540693283,1,0.5418208837509155,1,-0.2910594046115875,1,0.12429794669151306,1,-0.3845442235469818,1,-0.7902906537055969,1,-0.643983006477356,1,-0.0836530327796936,1,-0.14768755435943604,1,-0.031406890600919724,1,-0.005861402023583651,1,-0.3075517416000366,1,0.004049157258123159,1,0.03410810977220535,1,0,,,,,,,,,,,,,,,,,,,,,,,,,,,,,,,,,,,,,,,,,,,,,,,,,,,,,,,,,,,,,,,,,,,,,,,,,,,,,,,,,,,,,,,,,,,,,,,,,,,,,,,,,,,,,,,,,,,,,1,1784929583.3334599,0.002134084701538086,world,base_footprint,0.5780282732501647,1.0645806096118924,1,0,1,1784929567.4354498,15.900144100189209,world,workspace,1,0,3,0.47418051624239393,-0.07498176989329002,0.0,0.0,0.0,0.18733963242682541,0.9822952011092093,1.5,1,3,1784929567.4354498,world,workspace,0.47418051624239393,-0.07498176989329002,0.0,0.0,0.18733963242682541,0.9822952011092093,1,1784929567.435601,15.899992942810059,workspace,1,321,,1,1784929583.33346,0.0021338462829589844,world,pelvis,0.6046034159396698,1.0624291475509116,0.7769821610642605,0.013832857195924845,0.00988527883565886,0.7639230805273353,0.645083297227393,capsules,0.05,0.5,0.1,0.5,0.5
123,1784929583.436203,12.406845857389271,1,1784929583.434761,0.00144195556640625,17,0.026725368574261665,1,-0.1714627742767334,1,-0.004276077263057232,1,0.17464640736579895,1,0.41005560755729675,1,-0.29715487360954285,1,0.11553335934877396,1,-0.31751471757888794,1,-0.9251865744590759,1,-0.6822313070297241,1,-0.04128623008728027,1,-0.21758079528808594,1,0.005318459589034319,1,-0.0030133274849504232,1,-0.18454593420028687,1,0.009569567628204823,1,0.008029748685657978,1,0,,,,,,,,,,,,,,,,,,,,,,,,,,,,,,,,,,,,,,,,,,,,,,,,,,,,,,,,,,,,,,,,,,,,,,,,,,,,,,,,,,,,,,,,,,,,,,,,,,,,,,,,,,,,,,,,,,,,,1,1784929583.433456,0.002747058868408203,world,base_footprint,0.6049118287612218,1.0909063431551451,1,0,1,1784929567.4354498,16.000753164291382,world,workspace,1,0,3,0.47418051624239393,-0.07498176989329002,0.0,0.0,0.0,0.18733963242682541,0.9822952011092093,1.5,1,3,1784929567.4354498,world,workspace,0.47418051624239393,-0.07498176989329002,0.0,0.0,0.18733963242682541,0.9822952011092093,1,1784929567.435601,16.00060200691223,workspace,1,321,,1,1784929583.4354572,0.0007457733154296875,world,pelvis,0.6165089878291844,1.0712416908408031,0.777192942151538,0.01391924529358394,-0.005260816134352682,0.7787897811895607,0.6271084875352699,capsules,0.05,0.5,0.1,0.5,0.5
124,1784929583.535538,12.506182422861457,1,1784929583.5343218,0.0012161731719970703,17,0.02482839860022068,1,-0.08193505555391312,1,0.04035888612270355,1,0.2678389549255371,1,0.26978012919425964,1,-0.3445473313331604,1,0.08868075907230377,1,-0.23291389644145966,1,-0.9769852161407471,1,-0.7552849650382996,1,-0.026024481281638145,1,-0.31786319613456726,1,0.023378610610961914,1,0.026675455272197723,1,-0.12464423477649689,1,0.01503306906670332,1,-0.01711677573621273,1,0,,,,,,,,,,,,,,,,,,,,,,,,,,,,,,,,,,,,,,,,,,,,,,,,,,,,,,,,,,,,,,,,,,,,,,,,,,,,,,,,,,,,,,,,,,,,,,,,,,,,,,,,,,,,,,,,,,,,,1,1784929583.533458,0.0020799636840820312,world,base_footprint,0.6119950635713367,1.105764106849706,1,0,1,1784929567.4354498,16.100088119506836,world,workspace,1,0,3,0.47418051624239393,-0.07498176989329002,0.0,0.0,0.0,0.18733963242682541,0.9822952011092093,1.5,1,3,1784929567.4354498,world,workspace,0.47418051624239393,-0.07498176989329002,0.0,0.0,0.18733963242682541,0.9822952011092093,1,1784929567.435601,16.099936962127686,workspace,1,321,,1,1784929583.533458,0.0020799636840820312,world,pelvis,0.6025185006767186,1.0746192151581742,0.7790806073180351,0.00753793249082413,-0.019344283490986693,0.7855461430598984,0.6184547157178946,capsules,0.05,0.5,0.1,0.5,0.5
125,1784929583.6355953,12.606241825968027,1,1784929583.6341746,0.001420736312866211,17,0.027133438736200333,1,-0.002247289754450321,1,0.06553485244512558,1,0.3225438892841339,1,0.25992080569267273,1,-0.3414786756038666,1,0.060453228652477264,1,-0.13581277430057526,1,-0.9382924437522888,1,-0.8057833313941956,1,-0.007283107377588749,1,-0.2339676320552826,1,0.04910700395703316,1,-0.01146471593528986,1,-0.04828490689396858,1,-0.0069699641317129135,1,-0.0402165949344635,1,0,,,,,,,,,,,,,,,,,,,,,,,,,,,,,,,,,,,,,,,,,,,,,,,,,,,,,,,,,,,,,,,,,,,,,,,,,,,,,,,,,,,,,,,,,,,,,,,,,,,,,,,,,,,,,,,,,,,,,1,1784929583.6334567,0.0021386146545410156,world,base_footprint,0.5970548358297054,1.1321368448488667,1,0,1,1784929567.4354498,16.200145483016968,world,workspace,1,0,3,0.47418051624239393,-0.07498176989329002,0.0,0.0,0.0,0.18733963242682541,0.9822952011092093,1.5,1,3,1784929567.4354498,world,workspace,0.47418051624239393,-0.07498176989329002,0.0,0.0,0.18733963242682541,0.9822952011092093,1,1784929567.435601,16.199994325637817,workspace,1,321,,1,1784929583.6344545,0.0011408329010009766,world,pelvis,0.5773014114330114,1.0785149981601625,0.7788062692360788,0.010878027329496616,-0.0347984675156573,0.7919515475476933,0.6094944474864349,capsules,0.05,0.5,0.1,0.5,0.5
126,1784929583.7356734,12.706317127682269,1,1784929583.735374,0.0002994537353515625,17,0.045765221118927,1,-0.023532386869192123,1,0.061112940311431885,1,0.319979190826416,1,0.36509039998054504,1,-0.2514728009700775,1,0.03416014090180397,1,-0.06941456347703934,1,-0.8134052753448486,1,-0.8154642581939697,1,-0.0028018008451908827,1,-0.14719943702220917,1,-0.0013719504931941628,1,0.006158005446195602,1,-0.1258411556482315,1,-0.02644648589193821,1,0.020528538152575493,1,0,,,,,,,,,,,,,,,,,,,,,,,,,,,,,,,,,,,,,,,,,,,,,,,,,,,,,,,,,,,,,,,,,,,,,,,,,,,,,,,,,,,,,,,,,,,,,,,,,,,,,,,,,,,,,,,,,,,,,1,1784929583.7344563,0.0012171268463134766,world,base_footprint,0.5560897539850691,1.1291090830700337,1,0,1,1784929567.4354498,16.30022358894348,world,workspace,1,0,3,0.47418051624239393,-0.07498176989329002,0.0,0.0,0.0,0.18733963242682541,0.9822952011092093,1.5,1,3,1784929567.4354498,world,workspace,0.47418051624239393,-0.07498176989329002,0.0,0.0,0.18733963242682541,0.9822952011092093,1,1784929567.435601,16.30007243156433,workspace,1,321,,1,1784929583.7344565,0.001216888427734375,world,pelvis,0.5573840126419046,1.0815277073100686,0.7794256415142303,0.019272256588916802,-0.02346213472926769,0.789338881875169,0.6132065214264888,capsules,0.05,0.5,0.1,0.5,0.5
127,1784929583.8355925,12.806237791664898,1,1784929583.8352494,0.00034308433532714844,17,0.05925089493393898,1,-0.11101945489645004,1,0.07938776165246964,1,0.2802654504776001,1,0.4945639967918396,1,-0.14115415513515472,1,0.01982065849006176,1,-0.025757091119885445,1,-0.7495782971382141,1,-0.8118593096733093,1,-0.00259144208393991,1,-0.1460030972957611,1,-0.01078987866640091,1,0.025479523465037346,1,-0.29445090889930725,1,0.026889221742749214,1,0.0010589590528979897,1,0,,,,,,,,,,,,,,,,,,,,,,,,,,,,,,,,,,,,,,,,,,,,,,,,,,,,,,,,,,,,,,,,,,,,,,,,,,,,,,,,,,,,,,,,,,,,,,,,,,,,,,,,,,,,,,,,,,,,,1,1784929583.8334587,0.0021338462829589844,world,base_footprint,0.5479806985420476,1.1161201038099111,1,0,1,1784929567.4354498,16.400142669677734,world,workspace,1,0,3,0.47418051624239393,-0.07498176989329002,0.0,0.0,0.0,0.18733963242682541,0.9822952011092093,1.5,1,3,1784929567.4354498,world,workspace,0.47418051624239393,-0.07498176989329002,0.0,0.0,0.18733963242682541,0.9822952011092093,1,1784929567.435601,16.399991512298584,workspace,1,321,,1,1784929583.8344586,0.0011339187622070312,world,pelvis,0.5653711660855919,1.083145378599076,0.7788487729865158,0.021732197173807706,-0.00964363032002173,0.7849415304163451,0.6191134838039757,capsules,0.05,0.5,0.1,0.5,0.5
128,1784929583.935593,12.906236820854247,1,1784929583.9345655,0.0010273456573486328,17,0.04071515426039696,1,-0.1863003820180893,1,0.05431178957223892,1,0.25769299268722534,1,0.48246026039123535,1,-0.13018451631069183,1,0.01813967153429985,1,-0.0026037627831101418,1,-0.7934472560882568,1,-0.8409693241119385,1,-0.016290277242660522,1,-0.1798359602689743,1,-0.026802927255630493,1,0.017701881006360054,1,-0.2889266610145569,1,-0.003461614716798067,1,0.03759939968585968,1,0,,,,,,,,,,,,,,,,,,,,,,,,,,,,,,,,,,,,,,,,,,,,,,,,,,,,,,,,,,,,,,,,,,,,,,,,,,,,,,,,,,,,,,,,,,,,,,,,,,,,,,,,,,,,,,,,,,,,,1,1784929583.9334648,0.002128124237060547,world,base_footprint,0.5428718453281408,1.0980267353016793,1,0,1,1784929567.4354498,16.50014305114746,world,workspace,1,0,3,0.47418051624239393,-0.07498176989329002,0.0,0.0,0.0,0.18733963242682541,0.9822952011092093,1.5,1,3,1784929567.4354498,world,workspace,0.47418051624239393,-0.07498176989329002,0.0,0.0,0.18733963242682541,0.9822952011092093,1,1784929567.435601,16.49999189376831,workspace,1,321,,1,1784929583.933465,0.0021278858184814453,world,pelvis,0.5784068588761598,1.0914606314161595,0.7744228716298435,0.020480208151196777,0.010568840244418717,0.7903192718945137,0.612261634566545,capsules,0.05,0.5,0.1,0.5,0.5
129,1784929584.0357554,13.006400868296623,1,1784929584.0352457,0.0005097389221191406,17,0.015773793682456017,1,-0.14337299764156342,1,0.07071578502655029,1,0.2453451305627823,1,0.34911420941352844,1,-0.20208407938480377,1,0.028325356543064117,1,-0.009381158277392387,1,-0.8785499334335327,1,-0.8852525353431702,1,-0.029475480318069458,1,-0.2598910331726074,1,0.0037502232007682323,1,0.011614254675805569,1,-0.2001619040966034,1,0.0069716861471533775,1,0.012639708817005157,1,0,,,,,,,,,,,,,,,,,,,,,,,,,,,,,,,,,,,,,,,,,,,,,,,,,,,,,,,,,,,,,,,,,,,,,,,,,,,,,,,,,,,,,,,,,,,,,,,,,,,,,,,,,,,,,,,,,,,,,1,1784929584.0344539,0.0013015270233154297,world,base_footprint,0.5674133172472297,1.1149104218234498,1,0,1,1784929567.4354498,16.600305557250977,world,workspace,1,0,3,0.47418051624239393,-0.07498176989329002,0.0,0.0,0.0,0.18733963242682541,0.9822952011092093,1.5,1,3,1784929567.4354498,world,workspace,0.47418051624239393,-0.07498176989329002,0.0,0.0,0.18733963242682541,0.9822952011092093,1,1784929567.435601,16.600154399871826,workspace,1,321,,1,1784929584.034454,0.0013012886047363281,world,pelvis,0.5839149337642113,1.0963232831956387,0.7753491193545737,0.01551886215100375,-0.003220447393750455,0.8019055193271553,0.5972405978404078,capsules,0.05,0.5,0.1,0.5,0.5
130,1784929584.1358466,13.106491529382765,1,1784929584.1351075,0.0007390975952148438,17,0.012264647521078587,1,-0.03232276439666748,1,0.05653753876686096,1,0.26099053025245667,1,0.23945683240890503,1,-0.3031432330608368,1,0.01803184673190117,1,-0.03387860953807831,1,-0.9485057592391968,1,-0.903998076915741,1,-0.03692461922764778,1,-0.36037662625312805,1,0.01723252236843109,1,0.014689468778669834,1,-0.14176976680755615,1,0.009290171787142754,1,-0.014729578979313374,1,0,,,,,,,,,,,,,,,,,,,,,,,,,,,,,,,,,,,,,,,,,,,,,,,,,,,,,,,,,,,,,,,,,,,,,,,,,,,,,,,,,,,,,,,,,,,,,,,,,,,,,,,,,,,,,,,,,,,,,1,1784929584.1344557,0.0013909339904785156,world,base_footprint,0.5757982322211337,1.1203719294872783,1,0,1,1784929567.4354498,16.70039677619934,world,workspace,1,0,3,0.47418051624239393,-0.07498176989329002,0.0,0.0,0.0,0.18733963242682541,0.9822952011092093,1.5,1,3,1784929567.4354498,world,workspace,0.47418051624239393,-0.07498176989329002,0.0,0.0,0.18733963242682541,0.9822952011092093,1,1784929567.435601,16.70024561882019,workspace,1,321,,1,1784929584.134456,0.001390695571899414,world,pelvis,0.5653531377351351,1.0947371560888017,0.7786268194645346,0.004219544530868674,-0.01714020563113344,0.8089032619431675,0.5876767152206881,capsules,0.05,0.5,0.1,0.5,0.5
131,1784929584.2355497,13.206195900216699,1,1784929584.235071,0.0004787445068359375,17,0.015685681253671646,1,0.04701586812734604,1,0.04772639647126198,1,0.2590583860874176,1,0.2549474835395813,1,-0.31190043687820435,1,0.01746717281639576,1,-0.06232554838061333,1,-0.9414520263671875,1,-0.8893696665763855,1,-0.047062668949365616,1,-0.2691033184528351,1,0.03656705096364021,1,-0.020839255303144455,1,-0.07201050966978073,1,-0.016466407105326653,1,-0.03806620091199875,1,0,,,,,,,,,,,,,,,,,,,,,,,,,,,,,,,,,,,,,,,,,,,,,,,,,,,,,,,,,,,,,,,,,,,,,,,,,,,,,,,,,,,,,,,,,,,,,,,,,,,,,,,,,,,,,,,,,,,,,1,1784929584.233456,0.002093791961669922,world,base_footprint,0.560435678328041,1.1351524929179655,1,0,1,1784929567.4354498,16.800099849700928,world,workspace,1,0,3,0.47418051624239393,-0.07498176989329002,0.0,0.0,0.0,0.18733963242682541,0.9822952011092093,1.5,1,3,1784929567.4354498,world,workspace,0.47418051624239393,-0.07498176989329002,0.0,0.0,0.18733963242682541,0.9822952011092093,1,1784929567.435601,16.799948692321777,workspace,1,321,,1,1784929584.2344558,0.0010938644409179688,world,pelvis,0.5385447108971401,1.0915867986576289,0.7789419180582287,0.005139551034626089,-0.030891184936089337,0.8149890867666633,0.578629508545535,capsules,0.05,0.5,0.1,0.5,0.5
132,1784929584.3355958,13.306240414269269,1,1784929584.3347325,0.0008633136749267578,17,0.029824992641806602,1,0.02356215938925743,1,0.0446963906288147,1,0.2313990592956543,1,0.3568378686904907,1,-0.24797919392585754,1,0.06130048632621765,1,-0.09350456297397614,1,-0.8493225574493408,1,-0.8107355833053589,1,-0.08969628065824509,1,-0.15908178687095642,1,-0.014663497917354107,1,-0.0080593666061759,1,-0.12125279754400253,1,-0.0483190082013607,1,0.02803407609462738,1,0,,,,,,,,,,,,,,,,,,,,,,,,,,,,,,,,,,,,,,,,,,,,,,,,,,,,,,,,,,,,,,,,,,,,,,,,,,,,,,,,,,,,,,,,,,,,,,,,,,,,,,,,,,,,,,,,,,,,,1,1784929584.3344572,0.0011386871337890625,world,base_footprint,0.5131492709840391,1.1325154630794931,1,0,1,1784929567.4354498,16.900146007537842,world,workspace,1,0,3,0.47418051624239393,-0.07498176989329002,0.0,0.0,0.0,0.18733963242682541,0.9822952011092093,1.5,1,3,1784929567.4354498,world,workspace,0.47418051624239393,-0.07498176989329002,0.0,0.0,0.18733963242682541,0.9822952011092093,1,1784929567.435601,16.89999485015869,workspace,1,321,,1,1784929584.3344572,0.0011386871337890625,world,pelvis,0.5152254034218929,1.0856297427514032,0.7795131649446568,0.01837185075379438,-0.02363632967544716,0.815555275204696,0.5779043105092284,capsules,0.05,0.5,0.1,0.5,0.5
133,1784929584.435638,13.406279809772968,1,1784929584.4348528,0.0007851123809814453,17,0.055292777717113495,1,-0.08541792631149292,1,0.0732802152633667,1,0.17952373623847961,1,0.5033579468727112,1,-0.18635205924510956,1,0.11850987374782562,1,-0.09848829358816147,1,-0.769156813621521,1,-0.6406620144844055,1,-0.16314911842346191,1,-0.15370255708694458,1,-0.02896098792552948,1,0.009695310145616531,1,-0.25812768936157227,1,0.03933798894286156,1,0.031634606420993805,1,0,,,,,,,,,,,,,,,,,,,,,,,,,,,,,,,,,,,,,,,,,,,,,,,,,,,,,,,,,,,,,,,,,,,,,,,,,,,,,,,,,,,,,,,,,,,,,,,,,,,,,,,,,,,,,,,,,,,,,1,1784929584.433455,0.0021829605102539062,world,base_footprint,0.5018548431945414,1.1233725919941655,1,0,1,1784929567.4354498,17.00018811225891,world,workspace,1,0,3,0.47418051624239393,-0.07498176989329002,0.0,0.0,0.0,0.18733963242682541,0.9822952011092093,1.5,1,3,1784929567.4354498,world,workspace,0.47418051624239393,-0.07498176989329002,0.0,0.0,0.18733963242682541,0.9822952011092093,1,1784929567.435601,17.00003695487976,workspace,1,321,,1,1784929584.4334552,0.0021827220916748047,world,pelvis,0.5220368959195475,1.08106297763995,0.778308082399554,0.026192077259888348,-0.01442475944999835,0.8121725355681287,0.5826505589737802,capsules,0.05,0.5,0.1,0.5,0.5
134,1784929584.5356126,13.506263932213187,1,1784929584.5334594,0.002153158187866211,17,0.054586585611104965,1,-0.17763881385326385,1,0.07603279501199722,1,0.14916814863681793,1,0.5116432309150696,1,-0.2343156635761261,1,0.1324954777956009,1,-0.09478183835744858,1,-0.8011332750320435,1,-0.46155187487602234,1,-0.2445743978023529,1,-0.19249674677848816,1,-0.0411679781973362,1,-0.013330785557627678,1,-0.24810059368610382,1,0.018564581871032715,1,0.04831972345709801,1,0,,,,,,,,,,,,,,,,,,,,,,,,,,,,,,,,,,,,,,,,,,,,,,,,,,,,,,,,,,,,,,,,,,,,,,,,,,,,,,,,,,,,,,,,,,,,,,,,,,,,,,,,,,,,,,,,,,,,,1,1784929584.5334554,0.0021572113037109375,world,base_footprint,0.5037969453068463,1.108556907280224,1,0,1,1784929567.4354498,17.100162744522095,world,workspace,1,0,3,0.47418051624239393,-0.07498176989329002,0.0,0.0,0.0,0.18733963242682541,0.9822952011092093,1.5,1,3,1784929567.4354498,world,workspace,0.47418051624239393,-0.07498176989329002,0.0,0.0,0.18733963242682541,0.9822952011092093,1,1784929567.435601,17.100011587142944,workspace,1,321,,1,1784929584.5344577,0.0011548995971679688,world,pelvis,0.5338485704878138,1.0819587814378662,0.7746426794153405,0.02541667364119384,-0.00302494530352795,0.8216327721897088,0.5694422095970599,capsules,0.05,0.5,0.1,0.5,0.5
135,1784929584.6356163,13.606258674524724,1,1784929584.6352527,0.0003635883331298828,17,0.052455537021160126,1,-0.1831149458885193,1,0.10790087282657623,1,0.14726105332374573,1,0.3873157203197479,1,-0.37115389108657837,1,0.10369464755058289,1,-0.10764537751674652,1,-0.8862650990486145,1,-0.2739385962486267,1,-0.27649497985839844,1,-0.2470090389251709,1,-0.010248620994389057,1,-0.01285482943058014,1,-0.1344095766544342,1,0.022435275837779045,1,0.003064320422708988,1,0,,,,,,,,,,,,,,,,,,,,,,,,,,,,,,,,,,,,,,,,,,,,,,,,,,,,,,,,,,,,,,,,,,,,,,,,,,,,,,,,,,,,,,,,,,,,,,,,,,,,,,,,,,,,,,,,,,,,,1,1784929584.6344583,0.001157999038696289,world,base_footprint,0.524473960574956,1.1254425850180978,1,0,1,1784929567.4354498,17.20016646385193,world,workspace,1,0,3,0.47418051624239393,-0.07498176989329002,0.0,0.0,0.0,0.18733963242682541,0.9822952011092093,1.5,1,3,1784929567.4354498,world,workspace,0.47418051624239393,-0.07498176989329002,0.0,0.0,0.18733963242682541,0.9822952011092093,1,1784929567.435601,17.20001530647278,workspace,1,321,,1,1784929584.6344583,0.001157999038696289,world,pelvis,0.5401879404768368,1.082789260482936,0.7762782055824899,0.023394256729086193,-0.017128505574787754,0.8329063471858019,0.5526539060447074,capsules,0.05,0.5,0.1,0.5,0.5
136,1784929584.7355998,13.706246132031083,1,1784929584.734935,0.0006647109985351562,17,0.048594702035188675,1,-0.09659478813409805,1,0.09893940389156342,1,0.16829481720924377,1,0.2378685623407364,1,-0.5256587266921997,1,-0.007025355007499456,1,-0.13263492286205292,1,-0.952692449092865,1,-0.10873767733573914,1,-0.2626328766345978,1,-0.32218116521835327,1,0.021866559982299805,1,0.011017054319381714,1,-0.08712944388389587,1,0.01206669770181179,1,-0.012034743092954159,1,0,,,,,,,,,,,,,,,,,,,,,,,,,,,,,,,,,,,,,,,,,,,,,,,,,,,,,,,,,,,,,,,,,,,,,,,,,,,,,,,,,,,,,,,,,,,,,,,,,,,,,,,,,,,,,,,,,,,,,1,1784929584.7344575,0.001142263412475586,world,base_footprint,0.5227055171214465,1.1251227247013562,1,0,1,1784929567.4354498,17.30014991760254,world,workspace,1,0,3,0.47418051624239393,-0.07498176989329002,0.0,0.0,0.0,0.18733963242682541,0.9822952011092093,1.5,1,3,1784929567.4354498,world,workspace,0.47418051624239393,-0.07498176989329002,0.0,0.0,0.18733963242682541,0.9822952011092093,1,1784929567.435601,17.29999876022339,workspace,1,321,,1,1784929584.7344577,0.0011420249938964844,world,pelvis,0.5185279552822585,1.0756514679721267,0.7787938801775822,0.014941397848883625,-0.027924532979171187,0.8384734867092305,0.544021311323263,capsules,0.05,0.5,0.1,0.5,0.5
137,1784929584.8356185,13.806263335980475,1,1784929584.8347616,0.0008568763732910156,17,0.030749239027500153,1,0.01261499896645546,1,0.08332986384630203,1,0.11927097290754318,1,0.2497311532497406,1,-0.5599948167800903,1,-0.1218697801232338,1,-0.12411656230688095,1,-0.8746625781059265,1,0.05036225542426109,1,-0.18341302871704102,1,-0.23380102217197418,1,0.09726755321025848,1,-0.06985235214233398,1,-0.025056874379515648,1,-0.012795045971870422,1,-0.033468134701251984,1,0,,,,,,,,,,,,,,,,,,,,,,,,,,,,,,,,,,,,,,,,,,,,,,,,,,,,,,,,,,,,,,,,,,,,,,,,,,,,,,,,,,,,,,,,,,,,,,,,,,,,,,,,,,,,,,,,,,,,,1,1784929584.8334563,0.0021622180938720703,world,base_footprint,0.5033894114114461,1.1440658364682537,1,0,1,1784929567.4354498,17.400168657302856,world,workspace,1,0,3,0.47418051624239393,-0.07498176989329002,0.0,0.0,0.0,0.18733963242682541,0.9822952011092093,1.5,1,3,1784929567.4354498,world,workspace,0.47418051624239393,-0.07498176989329002,0.0,0.0,0.18733963242682541,0.9822952011092093,1,1784929567.435601,17.400017499923706,workspace,1,321,,1,1784929584.8334563,0.0021622180938720703,world,pelvis,0.48342863216763415,1.067796917313329,0.7751174799548127,0.015304942870989307,-0.04794647776392617,0.8435397602849236,0.5347032511704063,capsules,0.05,0.5,0.1,0.5,0.5
138,1784929584.9360335,13.906697636470199,1,1784929584.9351382,0.0008952617645263672,17,0.019026683643460274,1,-0.004625964444130659,1,0.041493646800518036,1,0.04122811555862427,1,0.4501440227031708,1,-0.4887128472328186,1,-0.14081810414791107,1,-0.04117215797305107,1,-0.6179184317588806,1,0.2087811827659607,1,-0.03667869791388512,1,-0.1670156568288803,1,0.0329296737909317,1,-0.03660593554377556,1,-0.14271217584609985,1,-0.023929258808493614,1,0.062048640102148056,1,0,,,,,,,,,,,,,,,,,,,,,,,,,,,,,,,,,,,,,,,,,,,,,,,,,,,,,,,,,,,,,,,,,,,,,,,,,,,,,,,,,,,,,,,,,,,,,,,,,,,,,,,,,,,,,,,,,,,,,1,1784929584.9334548,0.0025787353515625,world,base_footprint,0.4552298127391094,1.1206361154046915,1,0,1,1784929567.4354498,17.50058364868164,world,workspace,1,0,3,0.47418051624239393,-0.07498176989329002,0.0,0.0,0.0,0.18733963242682541,0.9822952011092093,1.5,1,3,1784929567.4354498,world,workspace,0.47418051624239393,-0.07498176989329002,0.0,0.0,0.18733963242682541,0.9822952011092093,1,1784929567.435601,17.50043249130249,workspace,1,321,,1,1784929584.9344547,0.0015788078308105469,world,pelvis,0.45596307757360877,1.063467436740648,0.7752779858431201,0.01994401920127747,-0.030317951260536515,0.8444961825964684,0.5343306612103174,capsules,0.05,0.5,0.1,0.5,0.5
139,1784929585.0357633,14.006409191526473,1,1784929585.0344386,0.0013246536254882812,17,0.022112946957349777,1,-0.08651113510131836,1,0.04166080430150032,1,0.0054662046022713184,1,0.6508727669715881,1,-0.4054787755012512,1,-0.1172151193022728,1,0.07895165681838989,1,-0.38453325629234314,1,0.3455495834350586,1,0.08741749823093414,1,-0.1520421952009201,1,0.0068734330125153065,1,-0.02454570308327675,1,-0.30938953161239624,1,0.04208375886082649,1,0.008617416024208069,1,0,,,,,,,,,,,,,,,,,,,,,,,,,,,,,,,,,,,,,,,,,,,,,,,,,,,,,,,,,,,,,,,,,,,,,,,,,,,,,,,,,,,,,,,,,,,,,,,,,,,,,,,,,,,,,,,,,,,,,1,1784929585.034455,0.0013082027435302734,world,base_footprint,0.439235067116686,1.1067847553264185,1,0,1,1784929567.4354498,17.600313425064087,world,workspace,1,0,3,0.47418051624239393,-0.07498176989329002,0.0,0.0,0.0,0.18733963242682541,0.9822952011092093,1.5,1,3,1784929567.4354498,world,workspace,0.47418051624239393,-0.07498176989329002,0.0,0.0,0.18733963242682541,0.9822952011092093,1,1784929567.435601,17.600162267684937,workspace,1,321,,1,1784929585.034455,0.0013082027435302734,world,pelvis,0.45715107643622244,1.068500151485528,0.7758935725487378,0.022726188532583402,-0.01450445856660607,0.844256907532289,0.5352601378026269,capsules,0.05,0.5,0.1,0.5,0.5
140,1784929585.135622,14.106270113959908,1,1784929585.1344051,0.001216888427734375,17,-0.009672926738858223,1,-0.11564049869775772,1,0.026568491011857986,1,0.01829243078827858,1,0.6383890509605408,1,-0.4448238015174866,1,-0.054508328437805176,1,0.18010327219963074,1,-0.2973501682281494,1,0.3646886348724365,1,0.19986683130264282,1,-0.15839113295078278,1,-0.01649896241724491,1,-0.05093952640891075,1,-0.31277868151664734,1,0.04390767216682434,1,0.018848270177841187,1,0,,,,,,,,,,,,,,,,,,,,,,,,,,,,,,,,,,,,,,,,,,,,,,,,,,,,,,,,,,,,,,,,,,,,,,,,,,,,,,,,,,,,,,,,,,,,,,,,,,,,,,,,,,,,,,,,,,,,,1,1784929585.1334553,0.002166748046875,world,base_footprint,0.4322295755955001,1.10171623769437,1,0,1,1784929567.4354498,17.700172185897827,world,workspace,1,0,3,0.47418051624239393,-0.07498176989329002,0.0,0.0,0.0,0.18733963242682541,0.9822952011092093,1.5,1,3,1784929567.4354498,world,workspace,0.47418051624239393,-0.07498176989329002,0.0,0.0,0.18733963242682541,0.9822952011092093,1,1784929567.435601,17.700021028518677,workspace,1,321,,1,1784929585.1344593,0.0011627674102783203,world,pelvis,0.4579357154059955,1.0788087192600415,0.7743023078442276,0.02159510218747563,-0.00397999635055934,0.8545906110148195,0.518837834738254,capsules,0.05,0.5,0.1,0.5,0.5
141,1784929585.2355516,14.206198492087424,1,1784929585.2344084,0.0011432170867919922,17,-0.047117043286561966,1,-0.05876549333333969,1,0.05333036556839943,1,0.05330925062298775,1,0.4818103611469269,1,-0.5393518209457397,1,0.029149780049920082,1,0.1938537210226059,1,-0.33987483382225037,1,0.30848783254623413,1,0.2767680883407593,1,-0.19393858313560486,1,-0.001909672748297453,1,-0.02308369241654873,1,-0.17895673215389252,1,0.03070095181465149,1,0.007868102751672268,1,0,,,,,,,,,,,,,,,,,,,,,,,,,,,,,,,,,,,,,,,,,,,,,,,,,,,,,,,,,,,,,,,,,,,,,,,,,,,,,,,,,,,,,,,,,,,,,,,,,,,,,,,,,,,,,,,,,,,,,1,1784929585.2334561,0.002095460891723633,world,base_footprint,0.42970079161352953,1.126299432336873,1,0,1,1784929567.4354498,17.80010175704956,world,workspace,1,0,3,0.47418051624239393,-0.07498176989329002,0.0,0.0,0.0,0.18733963242682541,0.9822952011092093,1.5,1,3,1784929567.4354498,world,workspace,0.47418051624239393,-0.07498176989329002,0.0,0.0,0.18733963242682541,0.9822952011092093,1,1784929567.435601,17.79995059967041,workspace,1,321,,1,1784929585.2344587,0.0010929107666015625,world,pelvis,0.45441910558733534,1.086468392619556,0.7745885766199692,0.026761589684682122,-0.014028140272019865,0.8655790217342191,0.49985996612220274,capsules,0.05,0.5,0.1,0.5,0.5
142,1784929585.3356028,14.306247937493026,1,1784929585.3353047,0.0002980232238769531,17,-0.05920329689979553,1,0.08045347779989243,1,0.05121965706348419,1,0.09215787798166275,1,0.2898874282836914,1,-0.6330912709236145,1,0.10858331620693207,1,0.17336145043373108,1,-0.4746979773044586,1,0.25940343737602234,1,0.2972255349159241,1,-0.3143741488456726,1,0.00988551415503025,1,0.01078267116099596,1,-0.14238740503787994,1,0.010151871480047703,1,0.004587222822010517,1,0,,,,,,,,,,,,,,,,,,,,,,,,,,,,,,,,,,,,,,,,,,,,,,,,,,,,,,,,,,,,,,,,,,,,,,,,,,,,,,,,,,,,,,,,,,,,,,,,,,,,,,,,,,,,,,,,,,,,,1,1784929585.334455,0.0011477470397949219,world,base_footprint,0.41805067035319227,1.1264105466511694,1,0,1,1784929567.4354498,17.900152921676636,world,workspace,1,0,3,0.47418051624239393,-0.07498176989329002,0.0,0.0,0.0,0.18733963242682541,0.9822952011092093,1.5,1,3,1784929567.4354498,world,workspace,0.47418051624239393,-0.07498176989329002,0.0,0.0,0.18733963242682541,0.9822952011092093,1,1784929567.435601,17.900001764297485,workspace,1,321,,1,1784929585.3344553,0.0011475086212158203,world,pelvis,0.4307322507625496,1.0808331631314854,0.7767419490443364,0.021406422914955522,-0.021270629737455096,0.868810432259678,0.49422440061707756,capsules,0.05,0.5,0.1,0.5,0.5
143,1784929585.4355927,14.406235925853252,1,1784929585.4345455,0.0010471343994140625,17,-0.06573927402496338,1,0.18388046324253082,1,0.03538031876087189,1,0.0649709552526474,1,0.24032913148403168,1,-0.6328700184822083,1,0.18625961244106293,1,0.12251390516757965,1,-0.49840283393859863,1,0.2916755676269531,1,0.30841001868247986,1,-0.2645416259765625,1,0.04958353936672211,1,-0.03660643473267555,1,-0.08852799236774445,1,-0.012568499892950058,1,-0.020565444603562355,1,0,,,,,,,,,,,,,,,,,,,,,,,,,,,,,,,,,,,,,,,,,,,,,,,,,,,,,,,,,,,,,,,,,,,,,,,,,,,,,,,,,,,,,,,,,,,,,,,,,,,,,,,,,,,,,,,,,,,,,1,1784929585.4344552,0.0011374950408935547,world,base_footprint,0.40438999974636797,1.1347752724003872,1,0,1,1784929567.4354498,18.000142812728882,world,workspace,1,0,3,0.47418051624239393,-0.07498176989329002,0.0,0.0,0.0,0.18733963242682541,0.9822952011092093,1.5,1,3,1784929567.4354498,world,workspace,0.47418051624239393,-0.07498176989329002,0.0,0.0,0.18733963242682541,0.9822952011092093,1,1784929567.435601,17.99999165534973,workspace,1,321,,1,1784929585.4344552,0.0011374950408935547,world,pelvis,0.4042432355596657,1.0747925923641184,0.7765428829235103,0.01842255545418429,-0.033546958692935246,0.8747059368866731,0.4831404919774367,capsules,0.05,0.5,0.1,0.5,0.5
144,1784929585.535588,14.506231249310076,1,1784929585.5345314,0.001056671142578125,17,-0.0474824532866478,1,0.16305990517139435,1,0.02336619235575199,1,0.0038516363129019737,1,0.3240906000137329,1,-0.563419759273529,1,0.2026960551738739,1,0.03053957037627697,1,-0.4379338026046753,1,0.43431031703948975,1,0.30757996439933777,1,-0.13566096127033234,1,-0.009215950034558773,1,-0.013722539879381657,1,-0.09978558868169785,1,-0.0582028329372406,1,0.05437702313065529,1,0,,,,,,,,,,,,,,,,,,,,,,,,,,,,,,,,,,,,,,,,,,,,,,,,,,,,,,,,,,,,,,,,,,,,,,,,,,,,,,,,,,,,,,,,,,,,,,,,,,,,,,,,,,,,,,,,,,,,,1,1784929585.5334582,0.002129793167114258,world,base_footprint,0.35232455086237,1.1226610731014655,1,0,1,1784929567.4354498,18.100138187408447,world,workspace,1,0,3,0.47418051624239393,-0.07498176989329002,0.0,0.0,0.0,0.18733963242682541,0.9822952011092093,1.5,1,3,1784929567.4354498,world,workspace,0.47418051624239393,-0.07498176989329002,0.0,0.0,0.18733963242682541,0.9822952011092093,1,1784929567.435601,18.099987030029297,workspace,1,321,,1,1784929585.5344589,0.001129150390625,world,pelvis,0.3804918705913566,1.0691015184711359,0.7772458701380581,0.032172904790236906,-0.021349952795714493,0.8765627515480436,0.4797362049204771,capsules,0.05,0.5,0.1,0.5,0.5
145,1784929585.6355696,14.606213318184018,1,1784929585.6342363,0.0013332366943359375,17,0.007521810941398144,1,0.0501132607460022,1,0.0356445387005806,1,-0.06458806991577148,1,0.5228133797645569,1,-0.4714686870574951,1,0.11388242244720459,1,-0.06017804518342018,1,-0.39930224418640137,1,0.6210804581642151,1,0.1796652227640152,1,-0.1408265382051468,1,-0.017443617805838585,1,0.01420500036329031,1,-0.2860075533390045,1,0.019675303250551224,1,0.03174642473459244,1,0,,,,,,,,,,,,,,,,,,,,,,,,,,,,,,,,,,,,,,,,,,,,,,,,,,,,,,,,,,,,,,,,,,,,,,,,,,,,,,,,,,,,,,,,,,,,,,,,,,,,,,,,,,,,,,,,,,,,,1,1784929585.6344562,0.0011134147644042969,world,base_footprint,0.34722168788300856,1.1073196091410746,1,0,1,1784929567.4354498,18.200119733810425,world,workspace,1,0,3,0.47418051624239393,-0.07498176989329002,0.0,0.0,0.0,0.18733963242682541,0.9822952011092093,1.5,1,3,1784929567.4354498,world,workspace,0.47418051624239393,-0.07498176989329002,0.0,0.0,0.18733963242682541,0.9822952011092093,1,1784929567.435601,18.199968576431274,workspace,1,321,,1,1784929585.6344564,0.0011131763458251953,world,pelvis,0.3865117031820157,1.070961785338944,0.7757104782713135,0.03321721563987183,-0.007931271554698187,0.8711232489293859,0.48987549100906363,capsules,0.05,0.5,0.1,0.5,0.5
146,1784929585.7355998,14.706243245862424,1,1784929585.735039,0.000560760498046875,17,0.0301058329641819,1,-0.060444124042987823,1,0.042190197855234146,1,-0.1264672428369522,1,0.626477062702179,1,-0.4663926959037781,1,-0.021676529198884964,1,-0.08255644142627716,1,-0.510140597820282,1,0.6797929406166077,1,0.032586824148893356,1,-0.1486477553844452,1,-0.02832780033349991,1,0.0013025946682319045,1,-0.27158117294311523,1,-0.004784612450748682,1,0.06522572040557861,1,0,,,,,,,,,,,,,,,,,,,,,,,,,,,,,,,,,,,,,,,,,,,,,,,,,,,,,,,,,,,,,,,,,,,,,,,,,,,,,,,,,,,,,,,,,,,,,,,,,,,,,,,,,,,,,,,,,,,,,1,1784929585.733458,0.002141714096069336,world,base_footprint,0.3407233710319506,1.1073362535594242,1,0,1,1784929567.4354498,18.30014991760254,world,workspace,1,0,3,0.47418051624239393,-0.07498176989329002,0.0,0.0,0.0,0.18733963242682541,0.9822952011092093,1.5,1,3,1784929567.4354498,world,workspace,0.47418051624239393,-0.07498176989329002,0.0,0.0,0.18733963242682541,0.9822952011092093,1,1784929567.435601,18.29999876022339,workspace,1,321,,1,1784929585.7334583,0.0021414756774902344,world,pelvis,0.3956167072755827,1.0810633402185243,0.7717404211955906,0.038776245273848105,0.0020612801761299396,0.8771581346856191,0.47862904287281105,capsules,0.05,0.5,0.1,0.5,0.5
147,1784929585.835542,14.806185219436884,1,1784929585.8347661,0.0007758140563964844,17,0.022108906880021095,1,-0.04015437513589859,1,0.03919057920575142,1,-0.19336216151714325,1,0.5861195921897888,1,-0.5332254767417908,1,-0.18819406628608704,1,-0.05089762806892395,1,-0.7342221736907959,1,0.5767189860343933,1,-0.05161049962043762,1,-0.21592508256435394,1,-0.005921956617385149,1,0.01537305861711502,1,-0.1977609097957611,1,-0.013762308284640312,1,0.023396728560328484,1,0,,,,,,,,,,,,,,,,,,,,,,,,,,,,,,,,,,,,,,,,,,,,,,,,,,,,,,,,,,,,,,,,,,,,,,,,,,,,,,,,,,,,,,,,,,,,,,,,,,,,,,,,,,,,,,,,,,,,,1,1784929585.8334553,0.002086639404296875,world,base_footprint,0.3460724557648647,1.1271063645537216,1,0,1,1784929567.4354498,18.400092124938965,world,workspace,1,0,3,0.47418051624239393,-0.07498176989329002,0.0,0.0,0.0,0.18733963242682541,0.9822952011092093,1.5,1,3,1784929567.4354498,world,workspace,0.47418051624239393,-0.07498176989329002,0.0,0.0,0.18733963242682541,0.9822952011092093,1,1784929567.435601,18.399940967559814,workspace,1,321,,1,1784929585.8344557,0.0010862350463867188,world,pelvis,0.3905769932414341,1.0850458208633758,0.7730143713602683,0.03756475847956392,-0.010750488870186694,0.8870375300303093,0.46004101580962575,capsules,0.05,0.5,0.1,0.5,0.5
148,1784929585.9356399,14.906282412819564,1,1784929585.9350257,0.000614166259765625,17,-0.007104250602424145,1,0.08361100405454636,1,0.0049615344032645226,1,-0.3335408568382263,1,0.5443434715270996,1,-0.5169939398765564,1,-0.39999818801879883,1,-0.043448854237794876,1,-0.9199515581130981,1,0.3469370901584625,1,-0.1806105077266693,1,-0.30158185958862305,1,0.02359750308096409,1,-0.015288135968148708,1,-0.1449166089296341,1,-0.020195268094539642,1,0.0162963904440403,1,0,,,,,,,,,,,,,,,,,,,,,,,,,,,,,,,,,,,,,,,,,,,,,,,,,,,,,,,,,,,,,,,,,,,,,,,,,,,,,,,,,,,,,,,,,,,,,,,,,,,,,,,,,,,,,,,,,,,,,1,1784929585.9344566,0.0011832714080810547,world,base_footprint,0.3449927620524828,1.1290007150892194,1,0,1,1784929567.4354498,18.500190019607544,world,workspace,1,0,3,0.47418051624239393,-0.07498176989329002,0.0,0.0,0.0,0.18733963242682541,0.9822952011092093,1.5,1,3,1784929567.4354498,world,workspace,0.47418051624239393,-0.07498176989329002,0.0,0.0,0.18733963242682541,0.9822952011092093,1,1784929567.435601,18.500038862228394,workspace,1,321,,1,1784929585.9344566,0.0011832714080810547,world,pelvis,0.36089387272896845,1.07348680768094,0.7749491031107175,0.02514884325874926,-0.026925503833639987,0.8899069257136714,0.4546517529856163,capsules,0.05,0.5,0.1,0.5,0.5
149,1784929586.0355933,15.006236638873816,1,1784929586.035098,0.0004951953887939453,17,-0.04068060964345932,1,0.18358707427978516,1,-0.045271262526512146,1,-0.6336663365364075,1,0.5099204182624817,1,-0.30518126487731934,1,-0.46162062883377075,1,-0.12784940004348755,1,-0.9215236306190491,1,0.14974470436573029,1,-0.34769123792648315,1,-0.24989758431911469,1,0.10611928254365921,1,-0.099089115858078,1,-0.08779430389404297,1,-0.04704166203737259,1,-0.005357382353395224,1,0,,,,,,,,,,,,,,,,,,,,,,,,,,,,,,,,,,,,,,,,,,,,,,,,,,,,,,,,,,,,,,,,,,,,,,,,,,,,,,,,,,,,,,,,,,,,,,,,,,,,,,,,,,,,,,,,,,,,,1,1784929586.034456,0.0011372566223144531,world,base_footprint,0.3332886811364793,1.1290225232321798,1,0,1,1784929567.4354498,18.600143432617188,world,workspace,1,0,3,0.47418051624239393,-0.07498176989329002,0.0,0.0,0.0,0.18733963242682541,0.9822952011092093,1.5,1,3,1784929567.4354498,world,workspace,0.47418051624239393,-0.07498176989329002,0.0,0.0,0.18733963242682541,0.9822952011092093,1,1784929567.435601,18.599992275238037,workspace,1,321,,1,1784929586.034456,0.0011372566223144531,world,pelvis,0.32249552820027716,1.0590538361456854,0.7723246548733529,0.013720440480595942,-0.043051725454000205,0.8944395645982007,0.44490017276894045,capsules,0.05,0.5,0.1,0.5,0.5
150,1784929586.1355944,15.10623892582953,1,1784929586.1350536,0.0005407333374023438,17,-0.04265386238694191,1,0.11270458251237869,1,-0.11616253107786179,1,-0.9335782527923584,1,0.4448840916156769,1,-0.07383812963962555,1,-0.38231948018074036,1,-0.3019329011440277,1,-0.77779620885849,1,-0.0035076430067420006,1,-0.40733054280281067,1,-0.18423902988433838,1,0.006651182658970356,1,-0.038196153938770294,1,-0.211055725812912,1,-0.10030114650726318,1,0.09876111894845963,1,0,,,,,,,,,,,,,,,,,,,,,,,,,,,,,,,,,,,,,,,,,,,,,,,,,,,,,,,,,,,,,,,,,,,,,,,,,,,,,,,,,,,,,,,,,,,,,,,,,,,,,,,,,,,,,,,,,,,,,1,1784929586.1334555,0.002138853073120117,world,base_footprint,0.27724073660973936,1.0646621743831048,1,0,1,1784929567.4354498,18.70014452934265,world,workspace,1,0,3,0.47418051624239393,-0.07498176989329002,0.0,0.0,0.0,0.18733963242682541,0.9822952011092093,1.5,1,3,1784929567.4354498,world,workspace,0.47418051624239393,-0.07498176989329002,0.0,0.0,0.18733963242682541,0.9822952011092093,1,1784929567.435601,18.6999933719635,workspace,1,321,,1,1784929586.1334558,0.0021386146545410156,world,pelvis,0.28964158995706274,1.0452629831767295,0.7742090460626934,0.012573964216121818,-0.0075791296183236306,0.8961471071713549,0.44351416496717716,capsules,0.05,0.5,0.1,0.5,0.5
151,1784929586.2357926,15.206444339826703,1,1784929586.2338297,0.001962900161743164,17,-0.018170030787587166,1,-0.03941722586750984,1,-0.12367704510688782,1,-1.1835196018218994,1,0.4347507059574127,1,0.12075695395469666,1,-0.24980664253234863,1,-0.5191246867179871,1,-0.7657026648521423,1,-0.15765520930290222,1,-0.321607768535614,1,-0.1748320609331131,1,-0.02842601202428341,1,0.006348413415253162,1,-0.37650659680366516,1,-0.02152072824537754,1,0.05838475003838539,1,0,,,,,,,,,,,,,,,,,,,,,,,,,,,,,,,,,,,,,,,,,,,,,,,,,,,,,,,,,,,,,,,,,,,,,,,,,,,,,,,,,,,,,,,,,,,,,,,,,,,,,,,,,,,,,,,,,,,,,1,1784929586.233458,0.0023345947265625,world,base_footprint,0.2593530911149524,1.0309087723674273,1,0,1,1784929567.4354498,18.800342798233032,world,workspace,1,0,3,0.47418051624239393,-0.07498176989329002,0.0,0.0,0.0,0.18733963242682541,0.9822952011092093,1.5,1,3,1784929567.4354498,world,workspace,0.47418051624239393,-0.07498176989329002,0.0,0.0,0.18733963242682541,0.9822952011092093,1,1784929567.435601,18.800191640853882,workspace,1,321,,1,1784929586.234455,0.0013375282287597656,world,pelvis,0.2908578275960027,1.0457809084021434,0.7732344199650016,0.013480228345539946,0.017609267181190835,0.8900502865864872,0.45532261584551853,capsules,0.05,0.5,0.1,0.5,0.5
152,1784929586.335586,15.306229051202536,1,1784929586.334457,0.001129150390625,17,-0.020845284685492516,1,-0.15356281399726868,1,-0.13278324902057648,1,-1.2729932069778442,1,0.4884538948535919,1,0.2685721814632416,1,-0.11663568764925003,1,-0.732410728931427,1,-0.9131795167922974,1,-0.3621145486831665,1,-0.1740640252828598,1,-0.17918385565280914,1,-0.02513406239449978,1,0.003146634204313159,1,-0.339067280292511,1,-0.0395640954375267,1,0.09362725913524628,1,0,,,,,,,,,,,,,,,,,,,,,,,,,,,,,,,,,,,,,,,,,,,,,,,,,,,,,,,,,,,,,,,,,,,,,,,,,,,,,,,,,,,,,,,,,,,,,,,,,,,,,,,,,,,,,,,,,,,,,1,1784929586.3344579,0.0011281967163085938,world,base_footprint,0.2618712006493325,1.0295715352722983,1,0,1,1784929567.4354498,18.9001362323761,world,workspace,1,0,3,0.47418051624239393,-0.07498176989329002,0.0,0.0,0.0,0.18733963242682541,0.9822952011092093,1.5,1,3,1784929567.4354498,world,workspace,0.47418051624239393,-0.07498176989329002,0.0,0.0,0.18733963242682541,0.9822952011092093,1,1784929567.435601,18.89998507499695,workspace,1,321,,1,1784929586.3344579,0.0011281967163085938,world,pelvis,0.29867746874896495,1.059302762630484,0.7709323380281619,0.012482456875142435,0.0274786732141869,0.8934408219399236,0.44816582698824997,capsules,0.05,0.5,0.1,0.5,0.5
153,1784929586.4356925,15.406337325461209,1,1784929586.4352696,0.0004229545593261719,17,-0.029512304812669754,1,-0.14321626722812653,1,-0.11292172223329544,1,-1.2084401845932007,1,0.5510731339454651,1,0.3241919279098511,1,-0.03812425583600998,1,-0.8941357135772705,1,-1.055020809173584,1,-0.4974138140678406,1,-0.11174331605434418,1,-0.2115645706653595,1,0.021590271964669228,1,-0.001670701545663178,1,-0.2158724069595337,1,-0.021593553945422173,1,0.03322145715355873,1,0,,,,,,,,,,,,,,,,,,,,,,,,,,,,,,,,,,,,,,,,,,,,,,,,,,,,,,,,,,,,,,,,,,,,,,,,,,,,,,,,,,,,,,,,,,,,,,,,,,,,,,,,,,,,,,,,,,,,,1,1784929586.4344547,0.0012378692626953125,world,base_footprint,0.27434341350054225,1.0771087379427784,1,0,1,1784929567.4354498,19.000242710113525,world,workspace,1,0,3,0.47418051624239393,-0.07498176989329002,0.0,0.0,0.0,0.18733963242682541,0.9822952011092093,1.5,1,3,1784929567.4354498,world,workspace,0.47418051624239393,-0.07498176989329002,0.0,0.0,0.18733963242682541,0.9822952011092093,1,1784929567.435601,19.000091552734375,workspace,1,321,,1,1784929586.4344547,0.0012378692626953125,world,pelvis,0.2973240190383689,1.0727446496989388,0.774385557559328,0.014436344923636761,0.0037511876874345533,0.9038445866051221,0.427600846351823,capsules,0.05,0.5,0.1,0.5,0.5
154,1784929586.535649,15.506295069120824,1,1784929586.5349135,0.0007355213165283203,17,-0.03906896337866783,1,-0.0479753315448761,1,-0.12331598252058029,1,-1.166735291481018,1,0.5490835309028625,1,0.32048046588897705,1,0.024453863501548767,1,-0.9698380827903748,1,-1.114219069480896,1,-0.5301841497421265,1,-0.09552183002233505,1,-0.2692749500274658,1,0.05991356819868088,1,-0.01084473542869091,1,-0.09017433226108551,1,-0.020214799791574478,1,-0.002881957683712244,1,0,,,,,,,,,,,,,,,,,,,,,,,,,,,,,,,,,,,,,,,,,,,,,,,,,,,,,,,,,,,,,,,,,,,,,,,,,,,,,,,,,,,,,,,,,,,,,,,,,,,,,,,,,,,,,,,,,,,,,1,1784929586.5344563,0.0011928081512451172,world,base_footprint,0.26407002919466094,1.1074675525074982,1,0,1,1784929567.4354498,19.100199222564697,world,workspace,1,0,3,0.47418051624239393,-0.07498176989329002,0.0,0.0,0.0,0.18733963242682541,0.9822952011092093,1.5,1,3,1784929567.4354498,world,workspace,0.47418051624239393,-0.07498176989329002,0.0,0.0,0.18733963242682541,0.9822952011092093,1,1784929567.435601,19.100048065185547,workspace,1,321,,1,1784929586.5344565,0.0011925697326660156,world,pelvis,0.2679529959526117,1.0682098255605494,0.7783018087381762,0.01258314255242956,-0.021787928550428458,0.9106912684354783,0.412320705626538,capsules,0.05,0.5,0.1,0.5,0.5
155,1784929586.6357,15.606347357854247,1,1784929586.6345577,0.001142263412475586,17,-0.060417402535676956,1,0.05438131466507912,1,-0.11493434011936188,1,-1.216320276260376,1,0.5451836585998535,1,0.2948921024799347,1,0.0333428829908371,1,-0.9563389420509338,1,-1.112679123878479,1,-0.535095751285553,1,-0.06414952129125595,1,-0.21589355170726776,1,0.12114906311035156,1,-0.05708974227309227,1,0.011750893667340279,1,-0.05451972037553787,1,-0.032178107649087906,1,0,,,,,,,,,,,,,,,,,,,,,,,,,,,,,,,,,,,,,,,,,,,,,,,,,,,,,,,,,,,,,,,,,,,,,,,,,,,,,,,,,,,,,,,,,,,,,,,,,,,,,,,,,,,,,,,,,,,,,1,1784929586.6344554,0.0012445449829101562,world,base_footprint,0.22252334519861589,1.1298925964393902,1,0,1,1784929567.4354498,19.200250148773193,world,workspace,1,0,3,0.47418051624239393,-0.07498176989329002,0.0,0.0,0.0,0.18733963242682541,0.9822952011092093,1.5,1,3,1784929567.4354498,world,workspace,0.47418051624239393,-0.07498176989329002,0.0,0.0,0.18733963242682541,0.9822952011092093,1,1784929567.435601,19.200098991394043,workspace,1,321,,1,1784929586.6344557,0.0012443065643310547,world,pelvis,0.22270398194872681,1.0505685545796624,0.7723654320518034,0.02034570591163422,-0.046374590696095265,0.915481167876734,0.3991612216282769,capsules,0.05,0.5,0.1,0.5,0.5
156,1784929586.7355871,15.7062400104478,1,1784929586.734082,0.001505136489868164,17,-0.07680999487638474,1,0.0025382074527442455,1,-0.14066921174526215,1,-1.2699744701385498,1,0.5796526074409485,1,0.2577180862426758,1,-0.0014667486539110541,1,-0.8448781967163086,1,-1.0317742824554443,1,-0.5409591197967529,1,-0.05405270308256149,1,-0.14892634749412537,1,0.010793095454573631,1,-0.014925620518624783,1,-0.1384613811969757,1,-0.05569542571902275,1,0.06994429975748062,1,0,,,,,,,,,,,,,,,,,,,,,,,,,,,,,,,,,,,,,,,,,,,,,,,,,,,,,,,,,,,,,,,,,,,,,,,,,,,,,,,,,,,,,,,,,,,,,,,,,,,,,,,,,,,,,,,,,,,,,1,1784929586.733457,0.0021300315856933594,world,base_footprint,0.15788821857361987,1.085329679471044,1,0,1,1784929567.4354498,19.300137281417847,world,workspace,1,0,3,0.47418051624239393,-0.07498176989329002,0.0,0.0,0.0,0.18733963242682541,0.9822952011092093,1.5,1,3,1784929567.4354498,world,workspace,0.47418051624239393,-0.07498176989329002,0.0,0.0,0.18733963242682541,0.9822952011092093,1,1784929567.435601,19.299986124038696,workspace,1,321,,1,1784929586.733457,0.0021300315856933594,world,pelvis,0.19036796441181758,1.0377317912321882,0.7749940202185849,0.031055060145284013,-0.01967902118921726,0.9176214419536597,0.39575144804699525,capsules,0.05,0.5,0.1,0.5,0.5
157,1784929586.8356054,15.806250703521073,1,1784929586.8347225,0.0008828639984130859,17,-0.06272200495004654,1,-0.06956349313259125,1,-0.14747655391693115,1,-1.2546091079711914,1,0.6687116026878357,1,0.21594732999801636,1,-0.13016359508037567,1,-0.7730667591094971,1,-1.0299562215805054,1,-0.498246967792511,1,-0.07938630133867264,1,-0.14455989003181458,1,-0.015827734023332596,1,0.0060721575282514095,1,-0.32049381732940674,1,0.0009264358668588102,1,0.019042011350393295,1,0,,,,,,,,,,,,,,,,,,,,,,,,,,,,,,,,,,,,,,,,,,,,,,,,,,,,,,,,,,,,,,,,,,,,,,,,,,,,,,,,,,,,,,,,,,,,,,,,,,,,,,,,,,,,,,,,,,,,,1,1784929586.8334553,0.0021500587463378906,world,base_footprint,0.15217070772455288,1.0597304022350964,1,0,1,1784929567.4354498,19.400155544281006,world,workspace,1,0,3,0.47418051624239393,-0.07498176989329002,0.0,0.0,0.0,0.18733963242682541,0.9822952011092093,1.5,1,3,1784929567.4354498,world,workspace,0.47418051624239393,-0.07498176989329002,0.0,0.0,0.18733963242682541,0.9822952011092093,1,1784929567.435601,19.400004386901855,workspace,1,321,,1,1784929586.8344564,0.0011489391326904297,world,pelvis,0.18538386612761198,1.0396897134146785,0.7758497983358824,0.024526504724283065,-0.0032459943906763674,0.9163088406237432,0.39970742134866233,capsules,0.05,0.5,0.1,0.5,0.5
158,1784929586.9355989,15.906245444901288,1,1784929586.934403,0.0011959075927734375,17,-0.05135807767510414,1,-0.13979123532772064,1,-0.1541689932346344,1,-1.0855391025543213,1,0.8398211002349854,1,0.13445879518985748,1,-0.2818228006362915,1,-0.6505501866340637,1,-1.10701584815979,1,-0.4339638352394104,1,-0.19725342094898224,1,-0.13990464806556702,1,-0.019168168306350708,1,0.013754826970398426,1,-0.29614758491516113,1,-0.019301094114780426,1,0.020810795947909355,1,0,,,,,,,,,,,,,,,,,,,,,,,,,,,,,,,,,,,,,,,,,,,,,,,,,,,,,,,,,,,,,,,,,,,,,,,,,,,,,,,,,,,,,,,,,,,,,,,,,,,,,,,,,,,,,,,,,,,,,1,1784929586.9344575,0.0011413097381591797,world,base_footprint,0.15411540984889274,1.0497553314467891,1,0,1,1784929567.4354498,19.50014901161194,world,workspace,1,0,3,0.47418051624239393,-0.07498176989329002,0.0,0.0,0.0,0.18733963242682541,0.9822952011092093,1.5,1,3,1784929567.4354498,world,workspace,0.47418051624239393,-0.07498176989329002,0.0,0.0,0.18733963242682541,0.9822952011092093,1,1784929567.435601,19.499997854232788,workspace,1,321,,1,1784929586.9344575,0.0011413097381591797,world,pelvis,0.1874191880100956,1.054477971393798,0.7755432111803395,0.018267585056763423,0.011245640523300815,0.9165307668243491,0.39938851306689505,capsules,0.05,0.5,0.1,0.5,0.5
159,1784929587.0356457,16.006289910525084,1,1784929587.0352654,0.0003802776336669922,17,-0.06551837176084518,1,-0.14200279116630554,1,-0.11620134860277176,1,-0.8114227056503296,1,1.0043936967849731,1,0.034646593034267426,1,-0.4014999568462372,1,-0.4865415692329407,1,-1.231063723564148,1,-0.34796884655952454,1,-0.33556732535362244,1,-0.1903657466173172,1,0.024451419711112976,1,0.00685943802818656,1,-0.16685150563716888,1,0.011519861407577991,1,-0.010284124873578548,1,0,,,,,,,,,,,,,,,,,,,,,,,,,,,,,,,,,,,,,,,,,,,,,,,,,,,,,,,,,,,,,,,,,,,,,,,,,,,,,,,,,,,,,,,,,,,,,,,,,,,,,,,,,,,,,,,,,,,,,1,1784929587.0344548,0.0011909008026123047,world,base_footprint,0.16961028165436579,1.0818979674014186,1,0,1,1784929567.4354498,19.60019588470459,world,workspace,1,0,3,0.47418051624239393,-0.07498176989329002,0.0,0.0,0.0,0.18733963242682541,0.9822952011092093,1.5,1,3,1784929567.4354498,world,workspace,0.47418051624239393,-0.07498176989329002,0.0,0.0,0.18733963242682541,0.9822952011092093,1,1784929567.435601,19.60004472732544,workspace,1,321,,1,1784929587.0344548,0.0011909008026123047,world,pelvis,0.19121491892137243,1.0700961023497129,0.776146023934418,0.015617006523355698,-0.0015938134407038182,0.9216207923555647,0.3877740114601117,capsules,0.05,0.5,0.1,0.5,0.5
160,1784929587.1355927,16.106235451065004,1,1784929587.135104,0.0004887580871582031,17,-0.07127492129802704,1,-0.04067348688840866,1,-0.0928589478135109,1,-0.5538197755813599,1,1.0995725393295288,1,-0.14978547394275665,1,-0.43030843138694763,1,-0.3133576512336731,1,-1.3258237838745117,1,-0.2168731689453125,1,-0.4084862768650055,1,-0.2846623957157135,1,0.03561754897236824,1,0.00539239589124918,1,-0.09021062403917313,1,0.022403402253985405,1,-0.009792819619178772,1,0,,,,,,,,,,,,,,,,,,,,,,,,,,,,,,,,,,,,,,,,,,,,,,,,,,,,,,,,,,,,,,,,,,,,,,,,,,,,,,,,,,,,,,,,,,,,,,,,,,,,,,,,,,,,,,,,,,,,,1,1784929587.1334543,0.002138376235961914,world,base_footprint,0.164225331537813,1.098624239484763,1,0,1,1784929567.4354498,19.700142860412598,world,workspace,1,0,3,0.47418051624239393,-0.07498176989329002,0.0,0.0,0.0,0.18733963242682541,0.9822952011092093,1.5,1,3,1784929567.4354498,world,workspace,0.47418051624239393,-0.07498176989329002,0.0,0.0,0.18733963242682541,0.9822952011092093,1,1784929567.435601,19.699991703033447,workspace,1,321,,1,1784929587.1334546,0.0021381378173828125,world,pelvis,0.16923394872676306,1.0645974166725674,0.7792919379917271,0.01134025334441524,-0.01877523646479499,0.9219223306097074,0.3867532876045669,capsules,0.05,0.5,0.1,0.5,0.5
161,1784929587.235551,16.20619441755116,1,1784929587.234838,0.0007131099700927734,17,-0.09973638504743576,1,0.09016232937574387,1,-0.09575808048248291,1,-0.42496630549430847,1,1.1135938167572021,1,-0.33167335391044617,1,-0.3581787049770355,1,-0.12021960318088531,1,-1.3014720678329468,1,-0.04000236093997955,1,-0.4094255566596985,1,-0.2575306296348572,1,0.09048464894294739,1,-0.045971643179655075,1,-0.02014778181910515,1,0.0002498135145287961,1,-0.026030031964182854,1,0,,,,,,,,,,,,,,,,,,,,,,,,,,,,,,,,,,,,,,,,,,,,,,,,,,,,,,,,,,,,,,,,,,,,,,,,,,,,,,,,,,,,,,,,,,,,,,,,,,,,,,,,,,,,,,,,,,,,,1,1784929587.233454,0.0020971298217773438,world,base_footprint,0.14631310452340487,1.1040779474831843,1,0,1,1784929567.4354498,19.800101280212402,world,workspace,1,0,3,0.47418051624239393,-0.07498176989329002,0.0,0.0,0.0,0.18733963242682541,0.9822952011092093,1.5,1,3,1784929567.4354498,world,workspace,0.47418051624239393,-0.07498176989329002,0.0,0.0,0.18733963242682541,0.9822952011092093,1,1784929567.435601,19.799950122833252,workspace,1,321,,1,1784929587.2344546,0.001096487045288086,world,pelvis,0.13022283703792845,1.0500456618917062,0.7767824735034504,0.0035804264025463763,-0.035790191489892514,0.9246386745780345,0.37914319750520176,capsules,0.05,0.5,0.1,0.5,0.5
162,1784929587.3355942,16.30623837094754,1,1784929587.3347788,0.0008153915405273438,17,-0.10341227054595947,1,0.10122712701559067,1,-0.09886238723993301,1,-0.3848324120044708,1,1.023754358291626,1,-0.4875424802303314,1,-0.15677349269390106,1,0.0007535912445746362,1,-1.0541437864303589,1,0.18694210052490234,1,-0.2745213806629181,1,-0.1596573144197464,1,0.007373471278697252,1,0.0018498323624953628,1,-0.11131242662668228,1,-0.042084597051143646,1,0.051076166331768036,1,0,,,,,,,,,,,,,,,,,,,,,,,,,,,,,,,,,,,,,,,,,,,,,,,,,,,,,,,,,,,,,,,,,,,,,,,,,,,,,,,,,,,,,,,,,,,,,,,,,,,,,,,,,,,,,,,,,,,,,1,1784929587.3344576,0.0011365413665771484,world,base_footprint,0.08790225645184922,1.0646797896037368,1,0,1,1784929567.4354498,19.900144338607788,world,workspace,1,0,3,0.47418051624239393,-0.07498176989329002,0.0,0.0,0.0,0.18733963242682541,0.9822952011092093,1.5,1,3,1784929567.4354498,world,workspace,0.47418051624239393,-0.07498176989329002,0.0,0.0,0.18733963242682541,0.9822952011092093,1,1784929567.435601,19.899993181228638,workspace,1,321,,1,1784929587.3344576,0.0011365413665771484,world,pelvis,0.09370714504677555,1.0351676278951414,0.7782863835166721,0.010601608872194386,-0.015984595221925187,0.9242018434346827,0.3814224052108719,capsules,0.05,0.5,0.1,0.5,0.5
163,1784929587.4360733,16.40671904850751,1,1784929587.433882,0.002191305160522461,17,-0.08306647837162018,1,0.028092771768569946,1,-0.07077108323574066,1,-0.3752064108848572,1,0.8967283368110657,1,-0.6141449213027954,1,0.06592847406864166,1,0.08346719294786453,1,-0.7850933074951172,1,0.38591983914375305,1,-0.1045345813035965,1,-0.14070601761341095,1,-0.025653261691331863,1,0.025831203907728195,1,-0.30301254987716675,1,0.04708445817232132,1,-0.009231106378138065,1,0,,,,,,,,,,,,,,,,,,,,,,,,,,,,,,,,,,,,,,,,,,,,,,,,,,,,,,,,,,,,,,,,,,,,,,,,,,,,,,,,,,,,,,,,,,,,,,,,,,,,,,,,,,,,,,,,,,,,,1,1784929587.4334562,0.0026171207427978516,world,base_footprint,0.07113725703324335,1.0443776850222304,1,0,1,1784929567.4354498,20.00062346458435,world,workspace,1,0,3,0.47418051624239393,-0.07498176989329002,0.0,0.0,0.0,0.18733963242682541,0.9822952011092093,1.5,1,3,1784929567.4354498,world,workspace,0.47418051624239393,-0.07498176989329002,0.0,0.0,0.18733963242682541,0.9822952011092093,1,1784929567.435601,20.0004723072052,workspace,1,321,,1,1784929587.4344652,0.001608133316040039,world,pelvis,0.08740266847802253,1.0389836673821726,0.7775002305436038,0.010894987387558624,0.0008320941470666755,0.9223870507847877,0.38611233522602834,capsules,0.05,0.5,0.1,0.5,0.5
164,1784929587.5355825,16.506224480457604,1,1784929587.535072,0.0005104541778564453,17,-0.07531831413507462,1,-0.041018567979335785,1,-0.015981221571564674,1,-0.2684711515903473,1,0.6872282028198242,1,-0.6654375791549683,1,0.24917638301849365,1,0.1586790382862091,1,-0.5759792327880859,1,0.3775128424167633,1,0.05358411744236946,1,-0.12099330872297287,1,-0.03019016422331333,1,0.01959245651960373,1,-0.29282644391059875,1,0.03313102945685387,1,0.027843141928315163,1,0,,,,,,,,,,,,,,,,,,,,,,,,,,,,,,,,,,,,,,,,,,,,,,,,,,,,,,,,,,,,,,,,,,,,,,,,,,,,,,,,,,,,,,,,,,,,,,,,,,,,,,,,,,,,,,,,,,,,,1,1784929587.5344543,0.0011281967163085938,world,base_footprint,0.061022406783458806,1.0507962044870844,1,0,1,1784929567.4354498,20.100132703781128,world,workspace,1,0,3,0.47418051624239393,-0.07498176989329002,0.0,0.0,0.0,0.18733963242682541,0.9822952011092093,1.5,1,3,1784929567.4354498,world,workspace,0.47418051624239393,-0.07498176989329002,0.0,0.0,0.18733963242682541,0.9822952011092093,1,1784929567.435601,20.099981546401978,workspace,1,321,,1,1784929587.5344543,0.0011281967163085938,world,pelvis,0.08586729639451471,1.0541128488885565,0.7760208494616085,0.01385094766592427,0.007976314166810891,0.9248757480505461,0.3799333893316184,capsules,0.05,0.5,0.1,0.5,0.5
165,1784929587.635616,16.606261149980128,1,1784929587.6349013,0.0007147789001464844,17,-0.061217788606882095,1,-0.0797680914402008,1,0.11356990039348602,1,-0.12262806296348572,1,0.44791966676712036,1,-0.6170160174369812,1,0.3164500594139099,1,0.18042398989200592,1,-0.46705111861228943,1,0.2728423476219177,1,0.21614904701709747,1,-0.20739290118217468,1,-0.015898149460554123,1,0.029159897938370705,1,-0.19905993342399597,1,0.01092945784330368,1,0.0018530541565269232,1,0,,,,,,,,,,,,,,,,,,,,,,,,,,,,,,,,,,,,,,,,,,,,,,,,,,,,,,,,,,,,,,,,,,,,,,,,,,,,,,,,,,,,,,,,,,,,,,,,,,,,,,,,,,,,,,,,,,,,,1,1784929587.6334543,0.002161741256713867,world,base_footprint,0.048246111541820555,1.079787118063628,1,0,1,1784929567.4354498,20.20016622543335,world,workspace,1,0,3,0.47418051624239393,-0.07498176989329002,0.0,0.0,0.0,0.18733963242682541,0.9822952011092093,1.5,1,3,1784929567.4354498,world,workspace,0.47418051624239393,-0.07498176989329002,0.0,0.0,0.18733963242682541,0.9822952011092093,1,1784929567.435601,20.2000150680542,workspace,1,321,,1,1784929587.6334546,0.0021615028381347656,world,pelvis,0.08753363472564057,1.0654237077335433,0.7770794545697153,0.026677335440106476,0.0004070916978460972,0.9335196152822296,0.3575322110432622,capsules,0.05,0.5,0.1,0.5,0.5
166,1784929587.7355614,16.706202924251556,1,1784929587.7346158,0.0009455680847167969,17,-0.006789000239223242,1,-0.03353483974933624,1,0.16206130385398865,1,0.06710045784711838,1,0.24092882871627808,1,-0.5251420140266418,1,0.28472957015037537,1,0.18330754339694977,1,-0.49209854006767273,1,0.25114890933036804,1,0.30901435017585754,1,-0.3518204092979431,1,0.0018258328782394528,1,0.011935688555240631,1,-0.17123161256313324,1,0.007275859825313091,1,-0.022898904979228973,1,0,,,,,,,,,,,,,,,,,,,,,,,,,,,,,,,,,,,,,,,,,,,,,,,,,,,,,,,,,,,,,,,,,,,,,,,,,,,,,,,,,,,,,,,,,,,,,,,,,,,,,,,,,,,,,,,,,,,,,1,1784929587.7344546,0.0011067390441894531,world,base_footprint,0.05073609096352218,1.0837442155131431,1,0,1,1784929567.4354498,20.300111532211304,world,workspace,1,0,3,0.47418051624239393,-0.07498176989329002,0.0,0.0,0.0,0.18733963242682541,0.9822952011092093,1.5,1,3,1784929567.4354498,world,workspace,0.47418051624239393,-0.07498176989329002,0.0,0.0,0.18733963242682541,0.9822952011092093,1,1784929567.435601,20.299960374832153,workspace,1,321,,1,1784929587.7344546,0.0011067390441894531,world,pelvis,0.07305614675053644,1.0605946378365363,0.7783013617478338,0.018465662897949466,-0.008920520107502562,0.9379301487676884,0.34621738784667183,capsules,0.05,0.5,0.1,0.5,0.5
167,1784929587.8355458,16.806188149377704,1,1784929587.8343453,0.0012004375457763672,17,0.04964015632867813,1,-0.009472581557929516,1,0.14195746183395386,1,0.18382056057453156,1,0.20392759144306183,1,-0.3543793857097626,1,0.23062871396541595,1,0.17615072429180145,1,-0.49448150396347046,1,0.318988561630249,1,0.3145587146282196,1,-0.29856014251708984,1,0.03390391170978546,1,-0.03456013649702072,1,-0.12649473547935486,1,-0.014614809304475784,1,-0.05180637165904045,1,0,,,,,,,,,,,,,,,,,,,,,,,,,,,,,,,,,,,,,,,,,,,,,,,,,,,,,,,,,,,,,,,,,,,,,,,,,,,,,,,,,,,,,,,,,,,,,,,,,,,,,,,,,,,,,,,,,,,,,1,1784929587.8334568,0.0020890235900878906,world,base_footprint,0.043584735906304996,1.0819154226519188,1,0,1,1784929567.4354498,20.40009593963623,world,workspace,1,0,3,0.47418051624239393,-0.07498176989329002,0.0,0.0,0.0,0.18733963242682541,0.9822952011092093,1.5,1,3,1784929567.4354498,world,workspace,0.47418051624239393,-0.07498176989329002,0.0,0.0,0.18733963242682541,0.9822952011092093,1,1784929567.435601,20.39994478225708,workspace,1,321,,1,1784929587.8334568,0.0020890235900878906,world,pelvis,0.05049096034748835,1.0528620740409038,0.7800801732365436,0.010319139175477185,-0.016005637150650186,0.9428245957775252,0.33274482196275434,capsules,0.05,0.5,0.1,0.5,0.5
168,1784929587.935591,16.906234227120876,1,1784929587.9351125,0.00047850608825683594,17,0.1221010759472847,1,-0.06565914303064346,1,0.09403765946626663,1,0.17981022596359253,1,0.2923772633075714,1,-0.13820886611938477,1,0.17139025032520294,1,0.11467934399843216,1,-0.486747682094574,1,0.41729408502578735,1,0.28016576170921326,1,-0.19961333274841309,1,-0.0048932647332549095,1,-0.018606897443532944,1,-0.19921475648880005,1,-0.0688270777463913,1,0.0008396426565013826,1,0,,,,,,,,,,,,,,,,,,,,,,,,,,,,,,,,,,,,,,,,,,,,,,,,,,,,,,,,,,,,,,,,,,,,,,,,,,,,,,,,,,,,,,,,,,,,,,,,,,,,,,,,,,,,,,,,,,,,,1,1784929587.9344556,0.0011353492736816406,world,base_footprint,0.019303850684916128,1.0405861729797714,1,0,1,1784929567.4354498,20.500141143798828,world,workspace,1,0,3,0.47418051624239393,-0.07498176989329002,0.0,0.0,0.0,0.18733963242682541,0.9822952011092093,1.5,1,3,1784929567.4354498,world,workspace,0.47418051624239393,-0.07498176989329002,0.0,0.0,0.18733963242682541,0.9822952011092093,1,1784929567.435601,20.499989986419678,workspace,1,321,,1,1784929587.9344559,0.001135110855102539,world,pelvis,0.027836175896163474,1.0384518398917355,0.7791089214034149,0.005579350288478721,0.0005645706078016646,0.940734612543316,0.3390972439778364,capsules,0.05,0.5,0.1,0.5,0.5
169,1784929588.0355885,17.006231164559722,1,1784929588.0348494,0.0007390975952148438,17,0.14734479784965515,1,-0.16359318792819977,1,0.04215048626065254,1,0.13807766139507294,1,0.4605247378349304,1,0.003937055356800556,1,0.15024971961975098,1,0.04126150533556938,1,-0.4288063645362854,1,0.46582531929016113,1,0.2228039652109146,1,-0.2310386747121811,1,-0.007948185317218304,1,0.003264106111600995,1,-0.3643806278705597,1,0.023878563195466995,1,0.007637565024197102,1,0,,,,,,,,,,,,,,,,,,,,,,,,,,,,,,,,,,,,,,,,,,,,,,,,,,,,,,,,,,,,,,,,,,,,,,,,,,,,,,,,,,,,,,,,,,,,,,,,,,,,,,,,,,,,,,,,,,,,,1,1784929588.034466,0.0011224746704101562,world,base_footprint,0.027440765755623923,1.0231090906686775,1,0,1,1784929567.4354498,20.600138664245605,world,workspace,1,0,3,0.47418051624239393,-0.07498176989329002,0.0,0.0,0.0,0.18733963242682541,0.9822952011092093,1.5,1,3,1784929567.4354498,world,workspace,0.47418051624239393,-0.07498176989329002,0.0,0.0,0.18733963242682541,0.9822952011092093,1,1784929567.435601,20.599987506866455,workspace,1,321,,1,1784929588.0344663,0.0011222362518310547,world,pelvis,0.025148153896556794,1.0357503815596918,0.7778229051281789,-0.004171939261019586,0.0070497707589160736,0.9376333766473698,0.3475292025886468,capsules,0.05,0.5,0.1,0.5,0.5
170,1784929588.1356,17.106243539601564,1,1784929588.134447,0.0011529922485351562,17,0.12957316637039185,1,-0.22328798472881317,1,-0.03288329020142555,1,0.12627284228801727,1,0.46527183055877686,1,0.008384126238524914,1,0.18996064364910126,1,0.0321899875998497,1,-0.41770657896995544,1,0.4657796025276184,1,0.22586148977279663,1,-0.2557455003261566,1,-0.023427624255418777,1,0.0035633493680506945,1,-0.3952113389968872,1,0.05251862108707428,1,-0.022399934008717537,1,0,,,,,,,,,,,,,,,,,,,,,,,,,,,,,,,,,,,,,,,,,,,,,,,,,,,,,,,,,,,,,,,,,,,,,,,,,,,,,,,,,,,,,,,,,,,,,,,,,,,,,,,,,,,,,,,,,,,,,1,1784929588.1334548,0.0021452903747558594,world,base_footprint,0.021766609935624272,1.015671291417136,1,0,1,1784929567.4354498,20.70015025138855,world,workspace,1,0,3,0.47418051624239393,-0.07498176989329002,0.0,0.0,0.0,0.18733963242682541,0.9822952011092093,1.5,1,3,1784929567.4354498,world,workspace,0.47418051624239393,-0.07498176989329002,0.0,0.0,0.18733963242682541,0.9822952011092093,1,1784929567.435601,20.6999990940094,workspace,1,321,,1,1784929588.133455,0.002145051956176758,world,pelvis,0.020948489276181783,1.0365226582021236,0.7737556452994581,-0.005047145538250759,0.012311670052913708,0.9393454013360567,0.3427144089343582,capsules,0.05,0.5,0.1,0.5,0.5
171,1784929588.2356024,17.206247558817267,1,1784929588.234557,0.0010454654693603516,17,0.0896020382642746,1,-0.17689040303230286,1,-0.056180354207754135,1,0.12043146044015884,1,0.3543585538864136,1,-0.12690459191799164,1,0.2817150056362152,1,0.04421388357877731,1,-0.42217373847961426,1,0.438190221786499,1,0.301484078168869,1,-0.27209213376045227,1,-0.017657777294516563,1,-0.011454377323389053,1,-0.24387016892433167,1,0.06143603473901749,1,0.00478484109044075,1,0,,,,,,,,,,,,,,,,,,,,,,,,,,,,,,,,,,,,,,,,,,,,,,,,,,,,,,,,,,,,,,,,,,,,,,,,,,,,,,,,,,,,,,,,,,,,,,,,,,,,,,,,,,,,,,,,,,,,,1,1784929588.2334552,0.002147197723388672,world,base_footprint,0.004271687920083707,1.043008149178767,1,0,1,1784929567.4354498,20.80015254020691,world,workspace,1,0,3,0.47418051624239393,-0.07498176989329002,0.0,0.0,0.0,0.18733963242682541,0.9822952011092093,1.5,1,3,1784929567.4354498,world,workspace,0.47418051624239393,-0.07498176989329002,0.0,0.0,0.18733963242682541,0.9822952011092093,1,1784929567.435601,20.80000138282776,workspace,1,321,,1,1784929588.2334552,0.002147197723388672,world,pelvis,0.015416470423753678,1.0314420373658328,0.7715878709093285,0.00910741145248673,-0.0046841299973414624,0.9463455195743803,0.32299422837614217,capsules,0.05,0.5,0.1,0.5,0.5
172,1784929588.335957,17.30659938696772,1,1784929588.3353536,0.0006034374237060547,17,0.06150168180465698,1,-0.043912969529628754,1,-0.05429842695593834,1,0.12636034190654755,1,0.24009881913661957,1,-0.35901209712028503,1,0.34012895822525024,1,0.07358522713184357,1,-0.4483187198638916,1,0.39813563227653503,1,0.39061635732650757,1,-0.31704702973365784,1,0.02186005748808384,1,-0.0003702834073919803,1,-0.17713966965675354,1,0.04168112203478813,1,0.011540375649929047,1,0,,,,,,,,,,,,,,,,,,,,,,,,,,,,,,,,,,,,,,,,,,,,,,,,,,,,,,,,,,,,,,,,,,,,,,,,,,,,,,,,,,,,,,,,,,,,,,,,,,,,,,,,,,,,,,,,,,,,,1,1784929588.3344553,0.0015017986297607422,world,base_footprint,-0.019511652979317538,1.0471777538852396,1,0,1,1784929567.4354498,20.90050721168518,world,workspace,1,0,3,0.47418051624239393,-0.07498176989329002,0.0,0.0,0.0,0.18733963242682541,0.9822952011092093,1.5,1,3,1784929567.4354498,world,workspace,0.47418051624239393,-0.07498176989329002,0.0,0.0,0.18733963242682541,0.9822952011092093,1,1784929567.435601,20.90035605430603,workspace,1,321,,1,1784929588.3344555,0.0015015602111816406,world,pelvis,0.0007521969356549876,1.0051607590744738,0.7747223979412688,0.02084955538320208,-0.021229528784405125,0.9465911710204906,0.32106036518694003,capsules,0.05,0.5,0.1,0.5,0.5
173,1784929588.4357123,17.40635383222252,1,1784929588.4350698,0.0006425380706787109,17,0.01554066687822342,1,0.09257199615240097,1,-0.05084571987390518,1,0.09050671011209488,1,0.231883242726326,1,-0.5043013691902161,1,0.357791006565094,1,0.12273728102445602,1,-0.4433642327785492,1,0.3953009843826294,1,0.4252467751502991,1,-0.19356317818164825,1,0.10580860078334808,1,-0.09062568843364716,1,-0.1288362294435501,1,0.011333192698657513,1,0.026830321177840233,1,0,,,,,,,,,,,,,,,,,,,,,,,,,,,,,,,,,,,,,,,,,,,,,,,,,,,,,,,,,,,,,,,,,,,,,,,,,,,,,,,,,,,,,,,,,,,,,,,,,,,,,,,,,,,,,,,,,,,,,1,1784929588.4344556,0.001256704330444336,world,base_footprint,-0.04731351551477192,1.0444706330691453,1,0,1,1784929567.4354498,21.00026249885559,world,workspace,1,0,3,0.47418051624239393,-0.07498176989329002,0.0,0.0,0.0,0.18733963242682541,0.9822952011092093,1.5,1,3,1784929567.4354498,world,workspace,0.47418051624239393,-0.07498176989329002,0.0,0.0,0.18733963242682541,0.9822952011092093,1,1784929567.435601,21.00011134147644,workspace,1,321,,1,1784929588.4344556,0.001256704330444336,world,pelvis,-0.0214446765557305,0.9730393748602133,0.7731991107085524,0.03045225273434677,-0.037742321402580103,0.944460910231425,0.325025793627792,capsules,0.05,0.5,0.1,0.5,0.5
174,1784929588.5355825,17.506224404089153,1,1784929588.534559,0.0010235309600830078,17,-0.02467380464076996,1,0.058572158217430115,1,-0.06296157836914062,1,-0.009149783290922642,1,0.34008046984672546,1,-0.5196408033370972,1,0.4349202513694763,1,0.18678437173366547,1,-0.3135659098625183,1,0.39696836471557617,1,0.4575470983982086,1,-0.12424452602863312,1,0.0233235452324152,1,-0.04649537801742554,1,-0.23239167034626007,1,-0.04973047599196434,1,0.08893228322267532,1,0,,,,,,,,,,,,,,,,,,,,,,,,,,,,,,,,,,,,,,,,,,,,,,,,,,,,,,,,,,,,,,,,,,,,,,,,,,,,,,,,,,,,,,,,,,,,,,,,,,,,,,,,,,,,,,,,,,,,,1,1784929588.534456,0.0011265277862548828,world,base_footprint,-0.08603961921126738,0.9854531966263116,1,0,1,1784929567.4354498,21.100132703781128,world,workspace,1,0,3,0.47418051624239393,-0.07498176989329002,0.0,0.0,0.0,0.18733963242682541,0.9822952011092093,1.5,1,3,1784929567.4354498,world,workspace,0.47418051624239393,-0.07498176989329002,0.0,0.0,0.18733963242682541,0.9822952011092093,1,1784929567.435601,21.099981546401978,workspace,1,321,,1,1784929588.534456,0.0011265277862548828,world,pelvis,-0.03424750969123868,0.9502478983961197,0.7719967494875508,0.03847477807373085,-0.010796023444890003,0.9473917759746274,0.31757197632284245,capsules,0.05,0.5,0.1,0.5,0.5
175,1784929588.6355505,17.60619340930134,1,1784929588.633583,0.0019674301147460938,17,-0.02506628818809986,1,-0.04906710609793663,1,-0.056698791682720184,1,-0.09337719529867172,1,0.5127089023590088,1,-0.49883079528808594,1,0.5011520981788635,1,0.2103859931230545,1,-0.15398819744586945,1,0.40266290307044983,1,0.4521227478981018,1,-0.10648788511753082,1,0.006041574291884899,1,-0.035062164068222046,1,-0.3342203199863434,1,-0.0030612372793257236,1,0.025938551872968674,1,0,,,,,,,,,,,,,,,,,,,,,,,,,,,,,,,,,,,,,,,,,,,,,,,,,,,,,,,,,,,,,,,,,,,,,,,,,,,,,,,,,,,,,,,,,,,,,,,,,,,,,,,,,,,,,,,,,,,,,1,1784929588.6324582,0.0030922889709472656,world,base_footprint,-0.08686391970837497,0.9676199103745459,1,0,1,1784929567.4354498,21.200100660324097,world,workspace,1,0,3,0.47418051624239393,-0.07498176989329002,0.0,0.0,0.0,0.18733963242682541,0.9822952011092093,1.5,1,3,1784929567.4354498,world,workspace,0.47418051624239393,-0.07498176989329002,0.0,0.0,0.18733963242682541,0.9822952011092093,1,1784929567.435601,21.199949502944946,workspace,1,321,,1,1784929588.6334589,0.002091646194458008,world,pelvis,-0.024951821224455162,0.9548130048022441,0.7734134368273534,0.04004682497158403,0.004880592507907197,0.9467983411419595,0.31928879221999157,capsules,0.05,0.5,0.1,0.5,0.5
176,1784929588.7356455,17.706287757493556,1,1784929588.7347798,0.0008656978607177734,17,-0.01913880743086338,1,-0.13250140845775604,1,-0.04456254467368126,1,-0.12426339834928513,1,0.5460000038146973,1,-0.5065864324569702,1,0.5237947106361389,1,0.15250219404697418,1,-0.1627849042415619,1,0.3894367516040802,1,0.4375670850276947,1,-0.11528656631708145,1,0.005475108977407217,1,-0.0400068499147892,1,-0.26782143115997314,1,-0.0007743755122646689,1,0.053465161472558975,1,0,,,,,,,,,,,,,,,,,,,,,,,,,,,,,,,,,,,,,,,,,,,,,,,,,,,,,,,,,,,,,,,,,,,,,,,,,,,,,,,,,,,,,,,,,,,,,,,,,,,,,,,,,,,,,,,,,,,,,1,1784929588.7334561,0.0021893978118896484,world,base_footprint,-0.08467395134261126,0.9648448390342453,1,0,1,1784929567.4354498,21.300195693969727,world,workspace,1,0,3,0.47418051624239393,-0.07498176989329002,0.0,0.0,0.0,0.18733963242682541,0.9822952011092093,1.5,1,3,1784929567.4354498,world,workspace,0.47418051624239393,-0.07498176989329002,0.0,0.0,0.18733963242682541,0.9822952011092093,1,1784929567.435601,21.300044536590576,workspace,1,321,,1,1784929588.7344556,0.0011899471282958984,world,pelvis,-0.014460634548673024,0.9675853202613631,0.7700100069416456,0.0421837791656018,0.015706319973767816,0.9485946242272072,0.3132763622992215,capsules,0.05,0.5,0.1,0.5,0.5
177,1784929588.835543,17.806184026412666,1,1784929588.8352728,0.0002701282501220703,17,-0.022939905524253845,1,-0.0751814916729927,1,0.016790838912129402,1,-0.11364907026290894,1,0.395643413066864,1,-0.6247496604919434,1,0.5300875306129456,1,0.035701777786016464,1,-0.3497498631477356,1,0.3560919463634491,1,0.43071654438972473,1,-0.18244703114032745,1,0.02625969611108303,1,0.0006991749978624284,1,-0.17184391617774963,1,-0.003409924218431115,1,0.021600859239697456,1,0,,,,,,,,,,,,,,,,,,,,,,,,,,,,,,,,,,,,,,,,,,,,,,,,,,,,,,,,,,,,,,,,,,,,,,,,,,,,,,,,,,,,,,,,,,,,,,,,,,,,,,,,,,,,,,,,,,,,,1,1784929588.834455,0.0010879039764404297,world,base_footprint,-0.09105514969982256,0.9889355202325822,1,0,1,1784929567.4354498,21.40009307861328,world,workspace,1,0,3,0.47418051624239393,-0.07498176989329002,0.0,0.0,0.0,0.18733963242682541,0.9822952011092093,1.5,1,3,1784929567.4354498,world,workspace,0.47418051624239393,-0.07498176989329002,0.0,0.0,0.18733963242682541,0.9822952011092093,1,1784929567.435601,21.39994192123413,workspace,1,321,,1,1784929588.834455,0.0010879039764404297,world,pelvis,-0.013730884736284102,0.9658126946790296,0.7730270103881693,0.05152339380554649,0.0005954716679937386,0.9534366511204316,0.2971591115959724,capsules,0.05,0.5,0.1,0.5,0.5
178,1784929588.9355912,17.906235645525157,1,1784929588.9346526,0.0009386539459228516,17,-0.04839913174510002,1,0.05173352360725403,1,0.03631311655044556,1,-0.07018900662660599,1,0.25862759351730347,1,-0.7983698844909668,1,0.47599923610687256,1,-0.058509498834609985,1,-0.5324126482009888,1,0.34103405475616455,1,0.4092739522457123,1,-0.2369404286146164,1,0.04442469775676727,1,-0.013877241872251034,1,-0.10207656025886536,1,-0.010070592164993286,1,0.0007003922946751118,1,0,,,,,,,,,,,,,,,,,,,,,,,,,,,,,,,,,,,,,,,,,,,,,,,,,,,,,,,,,,,,,,,,,,,,,,,,,,,,,,,,,,,,,,,,,,,,,,,,,,,,,,,,,,,,,,,,,,,,,1,1784929588.9344552,0.0011360645294189453,world,base_footprint,-0.10026672829381729,0.9980212759228544,1,0,1,1784929567.4354498,21.500141382217407,world,workspace,1,0,3,0.47418051624239393,-0.07498176989329002,0.0,0.0,0.0,0.18733963242682541,0.9822952011092093,1.5,1,3,1784929567.4354498,world,workspace,0.47418051624239393,-0.07498176989329002,0.0,0.0,0.18733963242682541,0.9822952011092093,1,1784929567.435601,21.499990224838257,workspace,1,321,,1,1784929588.9344552,0.0011360645294189453,world,pelvis,-0.030151724225436424,0.9487292753307078,0.7766815894157474,0.05192164816952996,-0.017301722762439988,0.9564953040115829,0.28656853673179267,capsules,0.05,0.5,0.1,0.5,0.5
179,1784929589.0355656,18.006210170686245,1,1784929589.034343,0.0012226104736328125,17,-0.07747475802898407,1,0.11956558376550674,1,0.025493767112493515,1,-0.06949598342180252,1,0.2627086937427521,1,-0.8560004234313965,1,0.43104079365730286,1,-0.09604527801275253,1,-0.5388516783714294,1,0.38745614886283875,1,0.3717990517616272,1,-0.17729273438453674,1,0.08515520393848419,1,-0.02301112189888954,1,-0.05803102254867554,1,-0.03383473679423332,1,-0.013321763835847378,1,0,,,,,,,,,,,,,,,,,,,,,,,,,,,,,,,,,,,,,,,,,,,,,,,,,,,,,,,,,,,,,,,,,,,,,,,,,,,,,,,,,,,,,,,,,,,,,,,,,,,,,,,,,,,,,,,,,,,,,1,1784929589.034455,0.0011105537414550781,world,base_footprint,-0.11350856760078273,0.9939376843618827,1,0,1,1784929567.4354498,21.60011577606201,world,workspace,1,0,3,0.47418051624239393,-0.07498176989329002,0.0,0.0,0.0,0.18733963242682541,0.9822952011092093,1.5,1,3,1784929567.4354498,world,workspace,0.47418051624239393,-0.07498176989329002,0.0,0.0,0.18733963242682541,0.9822952011092093,1,1784929567.435601,21.59996461868286,workspace,1,321,,1,1784929589.034455,0.0011105537414550781,world,pelvis,-0.04989560295978275,0.9319839150334523,0.7769463019917459,0.05002896255902527,-0.026698706357168242,0.9589636103761411,0.2778004246909609,capsules,0.05,0.5,0.1,0.5,0.5
180,1784929589.1355836,18.106225301511586,1,1784929589.1347454,0.0008382797241210938,17,-0.09971225261688232,1,0.0960226058959961,1,0.012707714922726154,1,-0.11110313981771469,1,0.39098256826400757,1,-0.8348209857940674,1,0.42323654890060425,1,-0.08481869846582413,1,-0.42558375000953674,1,0.4702313244342804,1,0.3510389029979706,1,-0.06472756713628769,1,0.021876703947782516,1,0.0022380384616553783,1,-0.08593296259641647,1,-0.07172008603811264,1,0.06391038000583649,1,0,,,,,,,,,,,,,,,,,,,,,,,,,,,,,,,,,,,,,,,,,,,,,,,,,,,,,,,,,,,,,,,,,,,,,,,,,,,,,,,,,,,,,,,,,,,,,,,,,,,,,,,,,,,,,,,,,,,,,1,1784929589.1334581,0.0021255016326904297,world,base_footprint,-0.14270193018156277,0.9558698502314694,1,0,1,1784929567.4354498,21.700133800506592,world,workspace,1,0,3,0.47418051624239393,-0.07498176989329002,0.0,0.0,0.0,0.18733963242682541,0.9822952011092093,1.5,1,3,1784929567.4354498,world,workspace,0.47418051624239393,-0.07498176989329002,0.0,0.0,0.18733963242682541,0.9822952011092093,1,1784929567.435601,21.69998264312744,workspace,1,321,,1,1784929589.1334581,0.0021255016326904297,world,pelvis,-0.07088886617898583,0.9148397449115011,0.7775148318266785,0.05129307874265473,-0.012555695761951672,0.9599842350432277,0.275030258418055,capsules,0.05,0.5,0.1,0.5,0.5
181,1784929589.235607,18.206251461990178,1,1784929589.2347283,0.0008785724639892578,17,-0.08403448015451431,1,0.001890389365144074,1,0.03218057006597519,1,-0.17421652376651764,1,0.6001044511795044,1,-0.760618269443512,1,0.4476063549518585,1,-0.03606613352894783,1,-0.2489590048789978,1,0.535722553730011,1,0.3175482451915741,1,-0.05486445873975754,1,0.016379045322537422,1,0.03040284290909767,1,-0.2596988379955292,1,0.0106411874294281,1,0.01929529197514057,1,0,,,,,,,,,,,,,,,,,,,,,,,,,,,,,,,,,,,,,,,,,,,,,,,,,,,,,,,,,,,,,,,,,,,,,,,,,,,,,,,,,,,,,,,,,,,,,,,,,,,,,,,,,,,,,,,,,,,,,1,1784929589.2344584,0.0011484622955322266,world,base_footprint,-0.14311527263055046,0.9453716326996079,1,0,1,1784929567.4354498,21.800157070159912,world,workspace,1,0,3,0.47418051624239393,-0.07498176989329002,0.0,0.0,0.0,0.18733963242682541,0.9822952011092093,1.5,1,3,1784929567.4354498,world,workspace,0.47418051624239393,-0.07498176989329002,0.0,0.0,0.18733963242682541,0.9822952011092093,1,1784929567.435601,21.80000591278076,workspace,1,321,,1,1784929589.2344584,0.0011484622955322266,world,pelvis,-0.0707408222197515,0.9176478403784741,0.7773559845489545,0.04934081766222346,-0.003649570479908754,0.9565011094117247,0.2875026817994489,capsules,0.05,0.5,0.1,0.5,0.5
182,1784929589.3355603,18.30620180349797,1,1784929589.3344593,0.0011010169982910156,17,-0.09247737377882004,1,-0.0601649172604084,1,0.02441933937370777,1,-0.2030482143163681,1,0.6536304950714111,1,-0.7347522377967834,1,0.4668786823749542,1,0.04444530978798866,1,-0.20957787334918976,1,0.5178755521774292,1,0.30120110511779785,1,-0.054519906640052795,1,0.010153868235647678,1,0.024051884189248085,1,-0.2453043907880783,1,0.023585103452205658,1,0.038438793271780014,1,0,,,,,,,,,,,,,,,,,,,,,,,,,,,,,,,,,,,,,,,,,,,,,,,,,,,,,,,,,,,,,,,,,,,,,,,,,,,,,,,,,,,,,,,,,,,,,,,,,,,,,,,,,,,,,,,,,,,,,1,1784929589.3344555,0.0011048316955566406,world,base_footprint,-0.15142307378134426,0.9450838569828566,1,0,1,1784929567.4354498,21.900110483169556,world,workspace,1,0,3,0.47418051624239393,-0.07498176989329002,0.0,0.0,0.0,0.18733963242682541,0.9822952011092093,1.5,1,3,1784929567.4354498,world,workspace,0.47418051624239393,-0.07498176989329002,0.0,0.0,0.18733963242682541,0.9822952011092093,1,1784929567.435601,21.899959325790405,workspace,1,321,,1,1784929589.3344557,0.001104593276977539,world,pelvis,-0.07481799147415964,0.9288418185196193,0.7745900868538205,0.04985709292338975,0.0036560838523089748,0.9592639482451084,0.27805319802746253,capsules,0.05,0.5,0.1,0.5,0.5
183,1784929589.4355907,18.40623241197318,1,1784929589.4353027,0.0002880096435546875,17,-0.11897255480289459,1,0.031169628724455833,1,0.035481829196214676,1,-0.18313443660736084,1,0.4799965023994446,1,-0.7326725721359253,1,0.4517727494239807,1,0.09401492029428482,1,-0.3303678631782532,1,0.3741060495376587,1,0.30588918924331665,1,-0.11216810345649719,1,0.014733760617673397,1,0.00867501925677061,1,-0.1357087343931198,1,0.006627451162785292,1,0.017997397109866142,1,0,,,,,,,,,,,,,,,,,,,,,,,,,,,,,,,,,,,,,,,,,,,,,,,,,,,,,,,,,,,,,,,,,,,,,,,,,,,,,,,,,,,,,,,,,,,,,,,,,,,,,,,,,,,,,,,,,,,,,1,1784929589.4344573,0.0011334419250488281,world,base_footprint,-0.1678225230961109,0.9646341628878063,1,0,1,1784929567.4354498,22.00014090538025,world,workspace,1,0,3,0.47418051624239393,-0.07498176989329002,0.0,0.0,0.0,0.18733963242682541,0.9822952011092093,1.5,1,3,1784929567.4354498,world,workspace,0.47418051624239393,-0.07498176989329002,0.0,0.0,0.18733963242682541,0.9822952011092093,1,1784929567.435601,21.9999897480011,workspace,1,321,,1,1784929589.4344575,0.0011332035064697266,world,pelvis,-0.09243504279898675,0.9251570369461758,0.775203131781044,0.05298333048085474,-0.012058271533191056,0.9653159555386465,0.2553673251637693,capsules,0.05,0.5,0.1,0.5,0.5
184,1784929589.5357203,18.50636436138302,1,1784929589.5346608,0.0010595321655273438,17,-0.1357215791940689,1,0.18534411489963531,1,0.03413766995072365,1,-0.1235160306096077,1,0.2620994746685028,1,-0.6988322138786316,1,0.37720295786857605,1,0.10418147593736649,1,-0.4650478959083557,1,0.1829342395067215,1,0.3312363922595978,1,-0.2116001695394516,1,0.03084147535264492,1,-0.016567956656217575,1,-0.0818069577217102,1,-0.02330803871154785,1,0.007512889336794615,1,0,,,,,,,,,,,,,,,,,,,,,,,,,,,,,,,,,,,,,,,,,,,,,,,,,,,,,,,,,,,,,,,,,,,,,,,,,,,,,,,,,,,,,,,,,,,,,,,,,,,,,,,,,,,,,,,,,,,,,1,1784929589.5334556,0.002264738082885742,world,base_footprint,-0.18302274313399616,0.9568966754047699,1,0,1,1784929567.4354498,22.10027050971985,world,workspace,1,0,3,0.47418051624239393,-0.07498176989329002,0.0,0.0,0.0,0.18733963242682541,0.9822952011092093,1.5,1,3,1784929567.4354498,world,workspace,0.47418051624239393,-0.07498176989329002,0.0,0.0,0.18733963242682541,0.9822952011092093,1,1784929567.435601,22.1001193523407,workspace,1,321,,1,1784929589.5344563,0.0012640953063964844,world,pelvis,-0.12073025994143027,0.9002875620106082,0.776302173175391,0.04740736613036377,-0.025319394783432925,0.9682253873398464,0.2442356837052821,capsules,0.05,0.5,0.1,0.5,0.5
185,1784929589.6356535,18.60629730951041,1,1784929589.6351266,0.0005269050598144531,17,-0.11826207488775253,1,0.27473604679107666,1,0.03466090187430382,1,-0.09919491410255432,1,0.15854370594024658,1,-0.5629696249961853,1,0.30132460594177246,1,0.11096100509166718,1,-0.44339728355407715,1,0.02894693985581398,1,0.38557562232017517,1,-0.18980002403259277,1,0.1025109738111496,1,-0.05411031097173691,1,-0.043921105563640594,1,-0.05436820536851883,1,0.0038971405010670424,1,0,,,,,,,,,,,,,,,,,,,,,,,,,,,,,,,,,,,,,,,,,,,,,,,,,,,,,,,,,,,,,,,,,,,,,,,,,,,,,,,,,,,,,,,,,,,,,,,,,,,,,,,,,,,,,,,,,,,,,1,1784929589.634455,0.0011985301971435547,world,base_footprint,-0.20443895915784538,0.9495070313906886,1,0,1,1784929567.4354498,22.20020365715027,world,workspace,1,0,3,0.47418051624239393,-0.07498176989329002,0.0,0.0,0.0,0.18733963242682541,0.9822952011092093,1.5,1,3,1784929567.4354498,world,workspace,0.47418051624239393,-0.07498176989329002,0.0,0.0,0.18733963242682541,0.9822952011092093,1,1784929567.435601,22.200052499771118,workspace,1,321,,1,1784929589.6344552,0.0011982917785644531,world,pelvis,-0.1476284412840143,0.8740551174613496,0.7722135949038544,0.04683426129806593,-0.03802826172581623,0.9687520850997698,0.24058221233837215,capsules,0.05,0.5,0.1,0.5,0.5
186,1784929589.735582,18.70622345432639,1,1784929589.734569,0.001013040542602539,17,-0.09310194849967957,1,0.19620808959007263,1,-0.0037204648833721876,1,-0.08006599545478821,1,0.22261261940002441,1,-0.3590761721134186,1,0.21261222660541534,1,0.14660003781318665,1,-0.27676019072532654,1,-0.03426957130432129,1,0.4089783728122711,1,-0.13417911529541016,1,0.015816589817404747,1,-0.009972009807825089,1,-0.13960494101047516,1,-0.08952777087688446,1,0.12362872809171677,1,0,,,,,,,,,,,,,,,,,,,,,,,,,,,,,,,,,,,,,,,,,,,,,,,,,,,,,,,,,,,,,,,,,,,,,,,,,,,,,,,,,,,,,,,,,,,,,,,,,,,,,,,,,,,,,,,,,,,,,1,1784929589.733464,0.0021181106567382812,world,base_footprint,-0.23107925394094245,0.8861107776518798,1,0,1,1784929567.4354498,22.300132274627686,world,workspace,1,0,3,0.47418051624239393,-0.07498176989329002,0.0,0.0,0.0,0.18733963242682541,0.9822952011092093,1.5,1,3,1784929567.4354498,world,workspace,0.47418051624239393,-0.07498176989329002,0.0,0.0,0.18733963242682541,0.9822952011092093,1,1784929567.435601,22.299981117248535,workspace,1,321,,1,1784929589.7334642,0.0021178722381591797,world,pelvis,-0.1694194742652903,0.8588647592607117,0.7723966321488662,0.0424037881776388,-0.007258905889532597,0.9688657647961436,0.24382033721463178,capsules,0.05,0.5,0.1,0.5,0.5
187,1784929589.8356047,18.8062480725348,1,1784929589.8351898,0.00041484832763671875,17,-0.03248355910181999,1,0.02931843511760235,1,0.030326301231980324,1,-0.08542569726705551,1,0.3802834749221802,1,-0.08404760807752609,1,0.034939900040626526,1,0.2254662662744522,1,-0.1031985655426979,1,0.032217368483543396,1,0.2854211926460266,1,-0.1113998293876648,1,0.00966404378414154,1,0.025981534272432327,1,-0.3073863983154297,1,-0.003969566430896521,1,0.051645174622535706,1,0,,,,,,,,,,,,,,,,,,,,,,,,,,,,,,,,,,,,,,,,,,,,,,,,,,,,,,,,,,,,,,,,,,,,,,,,,,,,,,,,,,,,,,,,,,,,,,,,,,,,,,,,,,,,,,,,,,,,,1,1784929589.834457,0.0011477470397949219,world,base_footprint,-0.22758967308830422,0.8703011796721761,1,0,1,1784929567.4354498,22.40015482902527,world,workspace,1,0,3,0.47418051624239393,-0.07498176989329002,0.0,0.0,0.0,0.18733963242682541,0.9822952011092093,1.5,1,3,1784929567.4354498,world,workspace,0.47418051624239393,-0.07498176989329002,0.0,0.0,0.18733963242682541,0.9822952011092093,1,1784929567.435601,22.400003671646118,workspace,1,321,,1,1784929589.8344572,0.0011475086212158203,world,pelvis,-0.1660268686589645,0.8712692226104496,0.7731672307457857,0.03778841277949218,0.010747518275678951,0.9652902699650625,0.2582077098409294,capsules,0.05,0.5,0.1,0.5,0.5
188,1784929589.9360352,18.90670588798821,1,1784929589.9351041,0.0009310245513916016,17,-0.0017006202833727002,1,-0.09715070575475693,1,0.05555135756731033,1,-0.040104832500219345,1,0.40643084049224854,1,0.11102258414030075,1,-0.16727110743522644,1,0.336058646440506,1,-0.12278173118829727,1,0.05269325524568558,1,0.08275424689054489,1,-0.11415213346481323,1,0.010739569552242756,1,0.02479468658566475,1,-0.294255793094635,1,-0.03389371559023857,1,0.07752814143896103,1,0,,,,,,,,,,,,,,,,,,,,,,,,,,,,,,,,,,,,,,,,,,,,,,,,,,,,,,,,,,,,,,,,,,,,,,,,,,,,,,,,,,,,,,,,,,,,,,,,,,,,,,,,,,,,,,,,,,,,,1,1784929589.9344583,0.0015769004821777344,world,base_footprint,-0.2255753744813702,0.8672522924409292,1,0,1,1784929567.4354498,22.500585317611694,world,workspace,1,0,3,0.47418051624239393,-0.07498176989329002,0.0,0.0,0.0,0.18733963242682541,0.9822952011092093,1.5,1,3,1784929567.4354498,world,workspace,0.47418051624239393,-0.07498176989329002,0.0,0.0,0.18733963242682541,0.9822952011092093,1,1784929567.435601,22.500434160232544,workspace,1,321,,1,1784929589.935475,0.0005600452423095703,world,pelvis,-0.16524483446527052,0.8912160917575527,0.7696679940619162,0.033728606531006226,0.024213559156528223,0.9668819411405523,0.2518241381415363,capsules,0.05,0.5,0.1,0.5,0.5
189,1784929590.0356462,19.006289234384894,1,1784929590.0347536,0.00089263916015625,17,0.0009692934108898044,1,-0.05893540754914284,1,0.07112143933773041,1,0.10949461907148361,1,0.2648468315601349,1,0.1752919852733612,1,-0.3398159146308899,1,0.4602261781692505,1,-0.28130850195884705,1,-0.08240686357021332,1,-0.08538826555013657,1,-0.2138148695230484,1,0.03497815132141113,1,0.014295179396867752,1,-0.22099389135837555,1,-0.020836448296904564,1,0.04287220165133476,1,0,,,,,,,,,,,,,,,,,,,,,,,,,,,,,,,,,,,,,,,,,,,,,,,,,,,,,,,,,,,,,,,,,,,,,,,,,,,,,,,,,,,,,,,,,,,,,,,,,,,,,,,,,,,,,,,,,,,,,1,1784929590.0344567,0.0011894702911376953,world,base_footprint,-0.21968499124211735,0.893800365816741,1,0,1,1784929567.4354498,22.600196361541748,world,workspace,1,0,3,0.47418051624239393,-0.07498176989329002,0.0,0.0,0.0,0.18733963242682541,0.9822952011092093,1.5,1,3,1784929567.4354498,world,workspace,0.47418051624239393,-0.07498176989329002,0.0,0.0,0.18733963242682541,0.9822952011092093,1,1784929567.435601,22.600045204162598,workspace,1,321,,1,1784929590.034457,0.0011892318725585938,world,pelvis,-0.17645018142842908,0.8963890193575118,0.7730642291477463,0.026428896770600573,0.008044308935230672,0.9719885655182409,0.2333988667732472,capsules,0.05,0.5,0.1,0.5,0.5
190,1784929590.1355875,19.106230198405683,1,1784929590.1348543,0.0007331371307373047,17,0.007364603225141764,1,0.0597665011882782,1,0.03748258575797081,1,0.30828750133514404,1,0.16869136691093445,1,0.1992492824792862,1,-0.49549126625061035,1,0.5931146144866943,1,-0.38308969140052795,1,-0.28465238213539124,1,-0.2304994761943817,1,-0.3475651741027832,1,0.032345935702323914,1,-0.027503186836838722,1,-0.18797016143798828,1,-0.02830449491739273,1,0.038467392325401306,1,0,,,,,,,,,,,,,,,,,,,,,,,,,,,,,,,,,,,,,,,,,,,,,,,,,,,,,,,,,,,,,,,,,,,,,,,,,,,,,,,,,,,,,,,,,,,,,,,,,,,,,,,,,,,,,,,,,,,,,1,1784929590.1334546,0.002132892608642578,world,base_footprint,-0.20769032788896016,0.8873301631090413,1,0,1,1784929567.4354498,22.700137615203857,world,workspace,1,0,3,0.47418051624239393,-0.07498176989329002,0.0,0.0,0.0,0.18733963242682541,0.9822952011092093,1.5,1,3,1784929567.4354498,world,workspace,0.47418051624239393,-0.07498176989329002,0.0,0.0,0.18733963242682541,0.9822952011092093,1,1784929567.435601,22.699986457824707,workspace,1,321,,1,1784929590.1334548,0.0021326541900634766,world,pelvis,-0.2026935592825453,0.8780812599772726,0.776613794080797,0.004457312724003185,-0.00500590612907586,0.9731496071913979,0.23007589028478295,capsules,0.05,0.5,0.1,0.5,0.5
191,1784929590.2356043,19.20625068899244,1,1784929590.234455,0.0011491775512695312,17,0.00573361199349165,1,0.13691957294940948,1,0.029256081208586693,1,0.37989166378974915,1,0.19534726440906525,1,0.275060772895813,1,-0.5783843994140625,1,0.6920546293258667,1,-0.297335684299469,1,-0.36128050088882446,1,-0.3461918830871582,1,-0.29046785831451416,1,0.08742082118988037,1,-0.05127947777509689,1,-0.12220415472984314,1,-0.06489057093858719,1,0.007498284801840782,1,0,,,,,,,,,,,,,,,,,,,,,,,,,,,,,,,,,,,,,,,,,,,,,,,,,,,,,,,,,,,,,,,,,,,,,,,,,,,,,,,,,,,,,,,,,,,,,,,,,,,,,,,,,,,,,,,,,,,,,1,1784929590.2334552,0.0021491050720214844,world,base_footprint,-0.22325511401688794,0.8806822492565414,1,0,1,1784929567.4354498,22.800154447555542,world,workspace,1,0,3,0.47418051624239393,-0.07498176989329002,0.0,0.0,0.0,0.18733963242682541,0.9822952011092093,1.5,1,3,1784929567.4354498,world,workspace,0.47418051624239393,-0.07498176989329002,0.0,0.0,0.18733963242682541,0.9822952011092093,1,1784929567.435601,22.80000329017639,workspace,1,321,,1,1784929590.2334552,0.0021491050720214844,world,pelvis,-0.23026167288321234,0.8540145302335408,0.7760037909752706,-0.0007177742426163092,-0.017568223473980005,0.9765911898278336,0.21438397858693053,capsules,0.05,0.5,0.1,0.5,0.5
192,1784929590.3356438,19.306289895437658,1,1784929590.334696,0.0009477138519287109,17,0.0076805707067251205,1,0.07886561751365662,1,0.0012197097530588508,1,0.39157751202583313,1,0.24618682265281677,1,0.387119323015213,1,-0.5896945595741272,1,0.7001478672027588,1,-0.11067641526460648,1,-0.35416480898857117,1,-0.4093264639377594,1,-0.20719696581363678,1,-0.003474244847893715,1,-0.0013173308689147234,1,-0.22521154582500458,1,-0.113229900598526,1,0.10603269189596176,1,0,,,,,,,,,,,,,,,,,,,,,,,,,,,,,,,,,,,,,,,,,,,,,,,,,,,,,,,,,,,,,,,,,,,,,,,,,,,,,,,,,,,,,,,,,,,,,,,,,,,,,,,,,,,,,,,,,,,,,1,1784929590.334454,0.0011897087097167969,world,base_footprint,-0.25211123661868123,0.8122624136932827,1,0,1,1784929567.4354498,22.90019392967224,world,workspace,1,0,3,0.47418051624239393,-0.07498176989329002,0.0,0.0,0.0,0.18733963242682541,0.9822952011092093,1.5,1,3,1784929567.4354498,world,workspace,0.47418051624239393,-0.07498176989329002,0.0,0.0,0.18733963242682541,0.9822952011092093,1,1784929567.435601,22.90004277229309,workspace,1,321,,1,1784929590.334454,0.0011897087097167969,world,pelvis,-0.2549548405665547,0.8274732867201452,0.7760942893177392,-0.003874636543688854,0.009074200643082564,0.9761226406295732,0.21699593665479677,capsules,0.05,0.5,0.1,0.5,0.5
193,1784929590.4356704,19.40631575603038,1,1784929590.4342256,0.0014448165893554688,17,-0.025433074682950974,1,-0.07455497980117798,1,-0.01952894777059555,1,0.36775970458984375,1,0.3203871548175812,1,0.48101136088371277,1,-0.5732756853103638,1,0.7016887068748474,1,0.03437797352671623,1,-0.3474803566932678,1,-0.44459784030914307,1,-0.21731090545654297,1,-0.03259562700986862,1,0.021496061235666275,1,-0.4498879611492157,1,0.010844860225915909,1,0.03729952871799469,1,0,,,,,,,,,,,,,,,,,,,,,,,,,,,,,,,,,,,,,,,,,,,,,,,,,,,,,,,,,,,,,,,,,,,,,,,,,,,,,,,,,,,,,,,,,,,,,,,,,,,,,,,,,,,,,,,,,,,,,1,1784929590.4334598,0.0022106170654296875,world,base_footprint,-0.24402270641710058,0.7812917793105271,1,0,1,1784929567.4354498,23.00022053718567,world,workspace,1,0,3,0.47418051624239393,-0.07498176989329002,0.0,0.0,0.0,0.18733963242682541,0.9822952011092093,1.5,1,3,1784929567.4354498,world,workspace,0.47418051624239393,-0.07498176989329002,0.0,0.0,0.18733963242682541,0.9822952011092093,1,1784929567.435601,23.00006937980652,workspace,1,321,,1,1784929590.4344554,0.0012149810791015625,world,pelvis,-0.2560488720903286,0.8281066954778357,0.7747917852548402,-0.014282279994232417,0.027439909896228278,0.9747592985963013,0.2211049018522657,capsules,0.05,0.5,0.1,0.5,0.5
194,1784929590.5356107,19.506253172643483,1,1784929590.5352113,0.0003993511199951172,17,-0.08744567632675171,1,-0.20813296735286713,1,-0.057616058737039566,1,0.30237457156181335,1,0.28354617953300476,1,0.48855167627334595,1,-0.508986234664917,1,0.7595969438552856,1,-0.006647353060543537,1,-0.4260104298591614,1,-0.44935598969459534,1,-0.23291201889514923,1,-0.04364751651883125,1,-0.0138488644734025,1,-0.44595786929130554,1,0.03374603018164635,1,0.024204421788454056,1,0,,,,,,,,,,,,,,,,,,,,,,,,,,,,,,,,,,,,,,,,,,,,,,,,,,,,,,,,,,,,,,,,,,,,,,,,,,,,,,,,,,,,,,,,,,,,,,,,,,,,,,,,,,,,,,,,,,,,,1,1784929590.5344563,0.0011544227600097656,world,base_footprint,-0.23485571710910502,0.7800465355208386,1,0,1,1784929567.4354498,23.100160837173462,world,workspace,1,0,3,0.47418051624239393,-0.07498176989329002,0.0,0.0,0.0,0.18733963242682541,0.9822952011092093,1.5,1,3,1784929567.4354498,world,workspace,0.47418051624239393,-0.07498176989329002,0.0,0.0,0.18733963242682541,0.9822952011092093,1,1784929567.435601,23.10000967979431,workspace,1,321,,1,1784929590.5344565,0.001154184341430664,world,pelvis,-0.25764793390609375,0.8380927837967282,0.7737436501012742,-0.02166566012444118,0.03337679617998306,0.9789716219210505,0.20007786514604764,capsules,0.05,0.5,0.1,0.5,0.5
195,1784929590.635613,19.60625386610627,1,1784929590.6353314,0.0002815723419189453,17,-0.1188642680644989,1,-0.25937560200691223,1,-0.011597929522395134,1,0.251420259475708,1,0.19179116189479828,1,0.49235591292381287,1,-0.4594685137271881,1,0.7746878266334534,1,-0.11971355229616165,1,-0.4834441542625427,1,-0.43676498532295227,1,-0.27265745401382446,1,-0.013070715591311455,1,-0.022662164643406868,1,-0.2780328392982483,1,0.04531124234199524,1,0.02673981338739395,1,0,,,,,,,,,,,,,,,,,,,,,,,,,,,,,,,,,,,,,,,,,,,,,,,,,,,,,,,,,,,,,,,,,,,,,,,,,,,,,,,,,,,,,,,,,,,,,,,,,,,,,,,,,,,,,,,,,,,,,1,1784929590.6344569,0.0011560916900634766,world,base_footprint,-0.25303334040439723,0.819782219833646,1,0,1,1784929567.4354498,23.20016312599182,world,workspace,1,0,3,0.47418051624239393,-0.07498176989329002,0.0,0.0,0.0,0.18733963242682541,0.9822952011092093,1.5,1,3,1784929567.4354498,world,workspace,0.47418051624239393,-0.07498176989329002,0.0,0.0,0.18733963242682541,0.9822952011092093,1,1784929567.435601,23.20001196861267,workspace,1,321,,1,1784929590.634457,0.001155853271484375,world,pelvis,-0.25836370325301283,0.8460773715953183,0.7735551168532071,-0.006322939940617113,0.015897802216674698,0.9839599330867067,0.1775672559769692,capsules,0.05,0.5,0.1,0.5,0.5
196,1784929590.735562,19.706203936599195,1,1784929590.734371,0.0011911392211914062,17,-0.10063543915748596,1,-0.2010706216096878,1,-0.012358707375824451,1,0.2659115493297577,1,0.09813468158245087,1,0.48193392157554626,1,-0.4285479485988617,1,0.7653565406799316,1,-0.21103569865226746,1,-0.4944973886013031,1,-0.42676499485969543,1,-0.3904319405555725,1,0.00844678282737732,1,-0.009162932634353638,1,-0.23740655183792114,1,0.03714743256568909,1,0.022057171911001205,1,0,,,,,,,,,,,,,,,,,,,,,,,,,,,,,,,,,,,,,,,,,,,,,,,,,,,,,,,,,,,,,,,,,,,,,,,,,,,,,,,,,,,,,,,,,,,,,,,,,,,,,,,,,,,,,,,,,,,,,1,1784929590.7334569,0.002105236053466797,world,base_footprint,-0.2531641588690373,0.8189563073787783,1,0,1,1784929567.4354498,23.30011224746704,world,workspace,1,0,3,0.47418051624239393,-0.07498176989329002,0.0,0.0,0.0,0.18733963242682541,0.9822952011092093,1.5,1,3,1784929567.4354498,world,workspace,0.47418051624239393,-0.07498176989329002,0.0,0.0,0.18733963242682541,0.9822952011092093,1,1784929567.435601,23.29996109008789,workspace,1,321,,1,1784929590.734456,0.0011060237884521484,world,pelvis,-0.2691122041304696,0.8273876352862313,0.7781146198259947,-0.010949451652593528,0.0035242654707312708,0.9846739452524175,0.1740256032957177,capsules,0.05,0.5,0.1,0.5,0.5
197,1784929590.8357434,19.806386018171906,1,1784929590.8353267,0.00041675567626953125,17,-0.06882726401090622,1,-0.08955353498458862,1,-0.02755480818450451,1,0.28043830394744873,1,0.1358114778995514,1,0.48698487877845764,1,-0.43582844734191895,1,0.723999559879303,1,-0.19835923612117767,1,-0.4715595841407776,1,-0.4120345115661621,1,-0.2938478887081146,1,0.08851023763418198,1,-0.10782436281442642,1,-0.18991316854953766,1,0.014623994939029217,1,0.01668527163565159,1,0,,,,,,,,,,,,,,,,,,,,,,,,,,,,,,,,,,,,,,,,,,,,,,,,,,,,,,,,,,,,,,,,,,,,,,,,,,,,,,,,,,,,,,,,,,,,,,,,,,,,,,,,,,,,,,,,,,,,,1,1784929590.8334565,0.0022869110107421875,world,base_footprint,-0.25869825466462776,0.8114782496769076,1,0,1,1784929567.4354498,23.400293588638306,world,workspace,1,0,3,0.47418051624239393,-0.07498176989329002,0.0,0.0,0.0,0.18733963242682541,0.9822952011092093,1.5,1,3,1784929567.4354498,world,workspace,0.47418051624239393,-0.07498176989329002,0.0,0.0,0.18733963242682541,0.9822952011092093,1,1784929567.435601,23.400142431259155,workspace,1,321,,1,1784929590.8344562,0.001287221908569336,world,pelvis,-0.288234908971076,0.7955736335039624,0.7791374500941353,-0.01682685457827977,-0.013211907236684013,0.9850731155265257,0.1708018136292323,capsules,0.05,0.5,0.1,0.5,0.5
198,1784929590.9355464,19.906188102439046,1,1784929590.9352782,0.0002682209014892578,17,-0.045077819377183914,1,-0.07837633788585663,1,-0.0376175157725811,1,0.2719722390174866,1,0.26374199986457825,1,0.5090833902359009,1,-0.452524870634079,1,0.6645290851593018,1,-0.10434196889400482,1,-0.40977782011032104,1,-0.3880622386932373,1,-0.1964002549648285,1,0.02100641094148159,1,-0.04744989424943924,1,-0.2752450406551361,1,-0.04881955683231354,1,0.08223135024309158,1,0,,,,,,,,,,,,,,,,,,,,,,,,,,,,,,,,,,,,,,,,,,,,,,,,,,,,,,,,,,,,,,,,,,,,,,,,,,,,,,,,,,,,,,,,,,,,,,,,,,,,,,,,,,,,,,,,,,,,,1,1784929590.9334555,0.002090930938720703,world,base_footprint,-0.28748951249296,0.7499970854151414,1,0,1,1784929567.4354498,23.500096559524536,world,workspace,1,0,3,0.47418051624239393,-0.07498176989329002,0.0,0.0,0.0,0.18733963242682541,0.9822952011092093,1.5,1,3,1784929567.4354498,world,workspace,0.47418051624239393,-0.07498176989329002,0.0,0.0,0.18733963242682541,0.9822952011092093,1,1784929567.435601,23.499945402145386,workspace,1,321,,1,1784929590.9334557,0.0020906925201416016,world,pelvis,-0.3047530605975763,0.7597897129939333,0.776335537194715,-0.011897217112017076,0.004315245502270905,0.9858368244155378,0.1672291556742809,capsules,0.05,0.5,0.1,0.5,0.5
199,1784929591.0356731,20.006314110010862,1,1784929591.035044,0.0006291866302490234,17,-0.0342191681265831,1,-0.1507984846830368,1,-0.06613241881132126,1,0.264604777097702,1,0.3796875476837158,1,0.5065531134605408,1,-0.46554794907569885,1,0.6549338102340698,1,0.007060055620968342,1,-0.33717235922813416,1,-0.4041881263256073,1,-0.18144413828849792,1,-0.012977754697203636,1,-0.03231380134820938,1,-0.4280870854854584,1,0.02208881825208664,1,0.02144741453230381,1,0,,,,,,,,,,,,,,,,,,,,,,,,,,,,,,,,,,,,,,,,,,,,,,,,,,,,,,,,,,,,,,,,,,,,,,,,,,,,,,,,,,,,,,,,,,,,,,,,,,,,,,,,,,,,,,,,,,,,,1,1784929591.0344572,0.0012159347534179688,world,base_footprint,-0.2937536796170341,0.7245588407759385,1,0,1,1784929567.4354498,23.600223302841187,world,workspace,1,0,3,0.47418051624239393,-0.07498176989329002,0.0,0.0,0.0,0.18733963242682541,0.9822952011092093,1.5,1,3,1784929567.4354498,world,workspace,0.47418051624239393,-0.07498176989329002,0.0,0.0,0.18733963242682541,0.9822952011092093,1,1784929567.435601,23.600072145462036,workspace,1,321,,1,1784929591.0344574,0.0012156963348388672,world,pelvis,-0.3109070271003157,0.7542721967875966,0.7765656185158399,-0.013965811810565502,0.016843719942038603,0.9855675191500457,0.1678627725119854,capsules,0.05,0.5,0.1,0.5,0.5
200,1784929591.1355805,20.106221850961447,1,1784929591.1349654,0.0006151199340820312,17,-0.051572784781455994,1,-0.2154192328453064,1,-0.08547509461641312,1,0.2692747116088867,1,0.3384472727775574,1,0.37077176570892334,1,-0.4428933262825012,1,0.6780182123184204,1,-0.04472346603870392,1,-0.32043132185935974,1,-0.4466248154640198,1,-0.16804683208465576,1,-0.03367704525589943,1,-0.04304984584450722,1,-0.3976491093635559,1,0.0398842990398407,1,0.0172837283462286,1,0,,,,,,,,,,,,,,,,,,,,,,,,,,,,,,,,,,,,,,,,,,,,,,,,,,,,,,,,,,,,,,,,,,,,,,,,,,,,,,,,,,,,,,,,,,,,,,,,,,,,,,,,,,,,,,,,,,,,,1,1784929591.1344557,0.0011248588562011719,world,base_footprint,-0.305314556029592,0.7174768331285587,1,0,1,1784929567.4354498,23.700130701065063,world,workspace,1,0,3,0.47418051624239393,-0.07498176989329002,0.0,0.0,0.0,0.18733963242682541,0.9822952011092093,1.5,1,3,1784929567.4354498,world,workspace,0.47418051624239393,-0.07498176989329002,0.0,0.0,0.18733963242682541,0.9822952011092093,1,1784929567.435601,23.699979543685913,workspace,1,321,,1,1784929591.134456,0.0011246204376220703,world,pelvis,-0.31803012334901926,0.7592864256746761,0.7746883069615402,-0.012185958824475311,0.025068954699209348,0.9872822777355666,0.15651438907362056,capsules,0.05,0.5,0.1,0.5,0.5
201,1784929591.2355814,20.20622263662517,1,1784929591.2348604,0.000720977783203125,17,-0.07948552817106247,1,-0.20971447229385376,1,-0.008663235232234001,1,0.2978295087814331,1,0.24335667490959167,1,0.15535104274749756,1,-0.3557017147541046,1,0.6507198810577393,1,-0.19710823893547058,1,-0.2524023950099945,1,-0.4557272791862488,1,-0.20221751928329468,1,-0.005645789671689272,1,-0.017381835728883743,1,-0.23536722362041473,1,0.05062443017959595,1,0.0012608454562723637,1,0,,,,,,,,,,,,,,,,,,,,,,,,,,,,,,,,,,,,,,,,,,,,,,,,,,,,,,,,,,,,,,,,,,,,,,,,,,,,,,,,,,,,,,,,,,,,,,,,,,,,,,,,,,,,,,,,,,,,,1,1784929591.2334547,0.0021266937255859375,world,base_footprint,-0.34060228965461004,0.7487480130880261,1,0,1,1784929567.4354498,23.80013155937195,world,workspace,1,0,3,0.47418051624239393,-0.07498176989329002,0.0,0.0,0.0,0.18733963242682541,0.9822952011092093,1.5,1,3,1784929567.4354498,world,workspace,0.47418051624239393,-0.07498176989329002,0.0,0.0,0.18733963242682541,0.9822952011092093,1,1784929567.435601,23.799980401992798,workspace,1,321,,1,1784929591.233455,0.002126455307006836,world,pelvis,-0.3208448555846534,0.7632713347522494,0.7750515674695179,0.011164016285224534,0.010948029570940675,0.989849812073101,0.14125457489137758,capsules,0.05,0.5,0.1,0.5,0.5
202,1784929591.3358228,20.306466684676707,1,1784929591.3349004,0.0009224414825439453,17,-0.08364240825176239,1,-0.10015349835157394,1,0.028805376961827278,1,0.368933767080307,1,0.21556365489959717,1,-0.11583127081394196,1,-0.2578505575656891,1,0.584365725517273,1,-0.3628368675708771,1,-0.12260422110557556,1,-0.4169832170009613,1,-0.3264961838722229,1,0.004476829431951046,1,-0.009589748457074165,1,-0.18824781477451324,1,0.050516579300165176,1,0.009531817398965359,1,0,,,,,,,,,,,,,,,,,,,,,,,,,,,,,,,,,,,,,,,,,,,,,,,,,,,,,,,,,,,,,,,,,,,,,,,,,,,,,,,,,,,,,,,,,,,,,,,,,,,,,,,,,,,,,,,,,,,,,1,1784929591.3334548,0.0023679733276367188,world,base_footprint,-0.3494441036833595,0.7511488189448664,1,0,1,1784929567.4354498,23.900372982025146,world,workspace,1,0,3,0.47418051624239393,-0.07498176989329002,0.0,0.0,0.0,0.18733963242682541,0.9822952011092093,1.5,1,3,1784929567.4354498,world,workspace,0.47418051624239393,-0.07498176989329002,0.0,0.0,0.18733963242682541,0.9822952011092093,1,1784929567.435601,23.900221824645996,workspace,1,321,,1,1784929591.3344574,0.0013654232025146484,world,pelvis,-0.32876037310791006,0.7426433227299031,0.7780499102943421,0.01383204144769971,-0.003470177647559572,0.9895015698927979,0.14381681291202308,capsules,0.05,0.5,0.1,0.5,0.5
203,1784929591.4355898,20.406233643181622,1,1784929591.4346673,0.0009224414825439453,17,-0.08974342793226242,1,0.052039410918951035,1,0.038684628903865814,1,0.38714608550071716,1,0.29662594199180603,1,-0.28828203678131104,1,-0.17048245668411255,1,0.4521077275276184,1,-0.41421306133270264,1,0.06438391655683517,1,-0.28185373544692993,1,-0.2639501690864563,1,0.043954674154520035,1,-0.061162516474723816,1,-0.13173428177833557,1,0.03339512646198273,1,-0.006839805748313665,1,0,,,,,,,,,,,,,,,,,,,,,,,,,,,,,,,,,,,,,,,,,,,,,,,,,,,,,,,,,,,,,,,,,,,,,,,,,,,,,,,,,,,,,,,,,,,,,,,,,,,,,,,,,,,,,,,,,,,,,1,1784929591.4344697,0.0011200904846191406,world,base_footprint,-0.3570468822015348,0.7496286163883951,1,0,1,1784929567.4354498,24.000139951705933,world,workspace,1,0,3,0.47418051624239393,-0.07498176989329002,0.0,0.0,0.0,0.18733963242682541,0.9822952011092093,1.5,1,3,1784929567.4354498,world,workspace,0.47418051624239393,-0.07498176989329002,0.0,0.0,0.18733963242682541,0.9822952011092093,1,1784929567.435601,23.999988794326782,workspace,1,321,,1,1784929591.4344697,0.0011200904846191406,world,pelvis,-0.34420098115310127,0.711332827179047,0.7789249336707884,0.011430319031159777,-0.0230881674470581,0.9904301486076308,0.13558910376519578,capsules,0.05,0.5,0.1,0.5,0.5
204,1784929591.5355747,20.506216273643076,1,1784929591.5344074,0.00116729736328125,17,-0.07134022563695908,1,0.11687524616718292,1,0.03253423422574997,1,0.3591744601726532,1,0.42703744769096375,1,-0.31934309005737305,1,-0.06122475489974022,1,0.2629491984844208,1,-0.3860970437526703,1,0.2847529351711273,1,-0.09393740445375443,1,-0.1540576070547104,1,-0.0015798824606463313,1,-0.01644672080874443,1,-0.1609877496957779,1,-0.016753802075982094,1,0.046576712280511856,1,0,,,,,,,,,,,,,,,,,,,,,,,,,,,,,,,,,,,,,,,,,,,,,,,,,,,,,,,,,,,,,,,,,,,,,,,,,,,,,,,,,,,,,,,,,,,,,,,,,,,,,,,,,,,,,,,,,,,,,1,1784929591.5344567,0.0011179447174072266,world,base_footprint,-0.37691936396081516,0.7044109148832726,1,0,1,1784929567.4354498,24.100124835968018,world,workspace,1,0,3,0.47418051624239393,-0.07498176989329002,0.0,0.0,0.0,0.18733963242682541,0.9822952011092093,1.5,1,3,1784929567.4354498,world,workspace,0.47418051624239393,-0.07498176989329002,0.0,0.0,0.18733963242682541,0.9822952011092093,1,1784929567.435601,24.099973678588867,workspace,1,321,,1,1784929591.534457,0.001117706298828125,world,pelvis,-0.3597295537524161,0.6788396210216451,0.7787881518413824,0.01294771001251012,-0.014780055776191358,0.9916830016690633,0.12719564048080131,capsules,0.05,0.5,0.1,0.5,0.5
205,1784929591.635621,20.60626245290041,1,1784929591.6346684,0.0009527206420898438,17,-0.016998056322336197,1,0.06960566341876984,1,0.032446444034576416,1,0.32678768038749695,1,0.5727471113204956,1,-0.27204370498657227,1,0.009911146946251392,1,0.09787166118621826,1,-0.30583399534225464,1,0.4476213753223419,1,-0.004620647057890892,1,-0.1332366019487381,1,-0.0354187972843647,1,-0.003764046123251319,1,-0.3025926649570465,1,0.051146384328603745,1,0.007080744951963425,1,0,,,,,,,,,,,,,,,,,,,,,,,,,,,,,,,,,,,,,,,,,,,,,,,,,,,,,,,,,,,,,,,,,,,,,,,,,,,,,,,,,,,,,,,,,,,,,,,,,,,,,,,,,,,,,,,,,,,,,1,1784929591.6344562,0.0011649131774902344,world,base_footprint,-0.38352876174795436,0.681132576469306,1,0,1,1784929567.4354498,24.20017123222351,world,workspace,1,0,3,0.47418051624239393,-0.07498176989329002,0.0,0.0,0.0,0.18733963242682541,0.9822952011092093,1.5,1,3,1784929567.4354498,world,workspace,0.47418051624239393,-0.07498176989329002,0.0,0.0,0.18733963242682541,0.9822952011092093,1,1784929567.435601,24.20002007484436,workspace,1,321,,1,1784929591.6344562,0.0011649131774902344,world,pelvis,-0.3649704937292222,0.6748272817106736,0.7791124214371827,0.012251608330301613,-0.0024686972630051673,0.9916543015058825,0.12831815901120436,capsules,0.05,0.5,0.1,0.5,0.5
206,1784929591.7355978,20.706242659129202,1,1784929591.7349012,0.0006966590881347656,17,0.009778429754078388,1,0.00097837601788342,1,0.031898755580186844,1,0.28072279691696167,1,0.5650424361228943,1,-0.2627837061882019,1,0.02322019822895527,1,0.03375140577554703,1,-0.28905773162841797,1,0.42823538184165955,1,0.03466704115271568,1,-0.12878164649009705,1,-0.06283523142337799,1,-0.03186780959367752,1,-0.3068556487560272,1,0.04957977682352066,1,0.04021413251757622,1,0,,,,,,,,,,,,,,,,,,,,,,,,,,,,,,,,,,,,,,,,,,,,,,,,,,,,,,,,,,,,,,,,,,,,,,,,,,,,,,,,,,,,,,,,,,,,,,,,,,,,,,,,,,,,,,,,,,,,,1,1784929591.734454,0.0011439323425292969,world,base_footprint,-0.39769610423074925,0.672810176540827,1,0,1,1784929567.4354498,24.300148010253906,world,workspace,1,0,3,0.47418051624239393,-0.07498176989329002,0.0,0.0,0.0,0.18733963242682541,0.9822952011092093,1.5,1,3,1784929567.4354498,world,workspace,0.47418051624239393,-0.07498176989329002,0.0,0.0,0.18733963242682541,0.9822952011092093,1,1784929567.435601,24.299996852874756,workspace,1,321,,1,1784929591.7344542,0.0011436939239501953,world,pelvis,-0.3728549564541206,0.6824611944326381,0.7757248245915378,0.015096052191667987,0.007804783979828616,0.9941800146711212,0.10638276638527529,capsules,0.05,0.5,0.1,0.5,0.5
207,1784929591.8355894,20.80623205192387,1,1784929591.834641,0.0009484291076660156,17,0.028550151735544205,1,-0.012457521632313728,1,0.0842130109667778,1,0.2038634568452835,1,0.42431461811065674,1,-0.31189075112342834,1,0.006207152735441923,1,0.031208528205752373,1,-0.3481789529323578,1,0.33816227316856384,1,0.10258283466100693,1,-0.17295756936073303,1,-0.04241412505507469,1,-0.013751962222158909,1,-0.17653660476207733,1,0.028910191729664803,1,0.01628671959042549,1,0,,,,,,,,,,,,,,,,,,,,,,,,,,,,,,,,,,,,,,,,,,,,,,,,,,,,,,,,,,,,,,,,,,,,,,,,,,,,,,,,,,,,,,,,,,,,,,,,,,,,,,,,,,,,,,,,,,,,,1,1784929591.833454,0.0021355152130126953,world,base_footprint,-0.43085191395472394,0.6921716175700445,1,0,1,1784929567.4354498,24.400139570236206,world,workspace,1,0,3,0.47418051624239393,-0.07498176989329002,0.0,0.0,0.0,0.18733963242682541,0.9822952011092093,1.5,1,3,1784929567.4354498,world,workspace,0.47418051624239393,-0.07498176989329002,0.0,0.0,0.18733963242682541,0.9822952011092093,1,1784929567.435601,24.399988412857056,workspace,1,321,,1,1784929591.833454,0.0021355152130126953,world,pelvis,-0.38038245206045135,0.6880761316601689,0.7764383815990132,0.03230149433693979,-1.106144526303392e-05,0.9962311938891463,0.08049858174807363,capsules,0.05,0.5,0.1,0.5,0.5
208,1784929591.9355311,20.90617357660085,1,1784929591.9336658,0.001865386962890625,17,0.019018560647964478,1,0.046547163277864456,1,0.12358640134334564,1,0.11716931313276291,1,0.26394400000572205,1,-0.402813196182251,1,-0.0418718159198761,1,0.07323809713125229,1,-0.447609007358551,1,0.22440634667873383,1,0.1520889401435852,1,-0.2809261679649353,1,-0.017744719982147217,1,0.021841995418071747,1,-0.12625804543495178,1,-0.0013635959476232529,1,-0.003881333861500025,1,0,,,,,,,,,,,,,,,,,,,,,,,,,,,,,,,,,,,,,,,,,,,,,,,,,,,,,,,,,,,,,,,,,,,,,,,,,,,,,,,,,,,,,,,,,,,,,,,,,,,,,,,,,,,,,,,,,,,,,1,1784929591.933457,0.0020742416381835938,world,base_footprint,-0.4507164050763979,0.6821082910916155,1,0,1,1784929567.4354498,24.500081300735474,world,workspace,1,0,3,0.47418051624239393,-0.07498176989329002,0.0,0.0,0.0,0.18733963242682541,0.9822952011092093,1.5,1,3,1784929567.4354498,world,workspace,0.47418051624239393,-0.07498176989329002,0.0,0.0,0.18733963242682541,0.9822952011092093,1,1784929567.435601,24.499930143356323,workspace,1,321,,1,1784929591.93447,0.0010612010955810547,world,pelvis,-0.3874381206886266,0.6677461169937621,0.7780181181908354,0.040872661258205815,-0.0066325856754163815,0.9972030520640917,0.06222143780877107,capsules,0.05,0.5,0.1,0.5,0.5
209,1784929592.0355892,21.00623125769198,1,1784929592.034535,0.0010542869567871094,17,-0.03401761129498482,1,0.12147733569145203,1,0.15087923407554626,1,-0.029133224859833717,1,0.22489115595817566,1,-0.40837380290031433,1,-0.06878506392240524,1,0.166362926363945,1,-0.44042715430259705,1,0.11626000702381134,1,0.16457436978816986,1,-0.2147056758403778,1,0.05091330409049988,1,-0.032262422144412994,1,-0.05176171660423279,1,-0.029951076954603195,1,-0.052947379648685455,1,0,,,,,,,,,,,,,,,,,,,,,,,,,,,,,,,,,,,,,,,,,,,,,,,,,,,,,,,,,,,,,,,,,,,,,,,,,,,,,,,,,,,,,,,,,,,,,,,,,,,,,,,,,,,,,,,,,,,,,1,1784929592.0344563,0.001132965087890625,world,base_footprint,-0.4716692866838401,0.6774853077959089,1,0,1,1784929567.4354498,24.600139379501343,world,workspace,1,0,3,0.47418051624239393,-0.07498176989329002,0.0,0.0,0.0,0.18733963242682541,0.9822952011092093,1.5,1,3,1784929567.4354498,world,workspace,0.47418051624239393,-0.07498176989329002,0.0,0.0,0.18733963242682541,0.9822952011092093,1,1784929567.435601,24.599988222122192,workspace,1,321,,1,1784929592.0344565,0.0011327266693115234,world,pelvis,-0.3977487105017255,0.6383604076155015,0.7769394360840788,0.04805591241618263,-0.02328921285689907,0.997943073793021,0.035466368786377656,capsules,0.05,0.5,0.1,0.5,0.5
210,1784929592.1356168,21.106262858957052,1,1784929592.1352634,0.0003533363342285156,17,-0.08170349895954132,1,0.09864327311515808,1,0.174606591463089,1,-0.14582546055316925,1,0.28240966796875,1,-0.30951225757598877,1,-0.06167339161038399,1,0.23935595154762268,1,-0.3323932886123657,1,0.08290860801935196,1,0.1401733160018921,1,-0.11462704837322235,1,-0.005148402880877256,1,-0.019750487059354782,1,-0.08382578194141388,1,-0.0597231462597847,1,0.03676043823361397,1,0,,,,,,,,,,,,,,,,,,,,,,,,,,,,,,,,,,,,,,,,,,,,,,,,,,,,,,,,,,,,,,,,,,,,,,,,,,,,,,,,,,,,,,,,,,,,,,,,,,,,,,,,,,,,,,,,,,,,,1,1784929592.1344638,0.0011529922485351562,world,base_footprint,-0.49184189518699156,0.6268606068910821,1,0,1,1784929567.4354498,24.700166940689087,world,workspace,1,0,3,0.47418051624239393,-0.07498176989329002,0.0,0.0,0.0,0.18733963242682541,0.9822952011092093,1.5,1,3,1784929567.4354498,world,workspace,0.47418051624239393,-0.07498176989329002,0.0,0.0,0.18733963242682541,0.9822952011092093,1,1784929567.435601,24.700015783309937,workspace,1,321,,1,1784929592.1344638,0.0011529922485351562,world,pelvis,-0.4086502714833156,0.6077366453798418,0.7766587642784407,0.0534212630888833,-0.010823478634721906,0.9981745578527341,0.026011017199081138,capsules,0.05,0.5,0.1,0.5,0.5
211,1784929592.235697,21.206348782405257,1,1784929592.2351284,0.0005686283111572266,17,-0.09848184138536453,1,-0.0018708889838308096,1,0.1797196865081787,1,-0.19156686961650848,1,0.3899439573287964,1,-0.19414788484573364,1,0.01819613203406334,1,0.2821202874183655,1,-0.20782601833343506,1,0.17731927335262299,1,0.06437737494707108,1,-0.10552124679088593,1,-0.03923115134239197,1,-0.01707376353442669,1,-0.2544218599796295,1,0.036531802266836166,1,0.01103420089930296,1,0,,,,,,,,,,,,,,,,,,,,,,,,,,,,,,,,,,,,,,,,,,,,,,,,,,,,,,,,,,,,,,,,,,,,,,,,,,,,,,,,,,,,,,,,,,,,,,,,,,,,,,,,,,,,,,,,,,,,,1,1784929592.2324557,0.003241300582885742,world,base_footprint,-0.48765501523217936,0.6045733981297736,1,0,1,1784929567.4354498,24.800247192382812,world,workspace,1,0,3,0.47418051624239393,-0.07498176989329002,0.0,0.0,0.0,0.18733963242682541,0.9822952011092093,1.5,1,3,1784929567.4354498,world,workspace,0.47418051624239393,-0.07498176989329002,0.0,0.0,0.18733963242682541,0.9822952011092093,1,1784929567.435601,24.800096035003662,workspace,1,321,,1,1784929592.233456,0.0022411346435546875,world,pelvis,-0.4134636132688494,0.6056611742061059,0.7768378431771,0.047086514367809446,0.002002366679751119,0.9986044267652433,0.023833789820962892,capsules,0.05,0.5,0.1,0.5,0.5
212,1784929592.335589,21.306231327354908,1,1784929592.334751,0.0008380413055419922,17,-0.13277055323123932,1,-0.048577066510915756,1,0.1594792604446411,1,-0.16365785896778107,1,0.3855895698070526,1,-0.179872527718544,1,0.20877958834171295,1,0.262265682220459,1,-0.23293833434581757,1,0.2630956470966339,1,0.019183848053216934,1,-0.1294003278017044,1,-0.06011968106031418,1,-0.05397886037826538,1,-0.23653922975063324,1,0.049040213227272034,1,0.06360825896263123,1,0,,,,,,,,,,,,,,,,,,,,,,,,,,,,,,,,,,,,,,,,,,,,,,,,,,,,,,,,,,,,,,,,,,,,,,,,,,,,,,,,,,,,,,,,,,,,,,,,,,,,,,,,,,,,,,,,,,,,,1,1784929592.3344536,0.0011353492736816406,world,base_footprint,-0.4855079406143453,0.5989641121454806,1,0,1,1784929567.4354498,24.900139093399048,world,workspace,1,0,3,0.47418051624239393,-0.07498176989329002,0.0,0.0,0.0,0.18733963242682541,0.9822952011092093,1.5,1,3,1784929567.4354498,world,workspace,0.47418051624239393,-0.07498176989329002,0.0,0.0,0.18733963242682541,0.9822952011092093,1,1784929567.435601,24.899987936019897,workspace,1,321,,1,1784929592.3344536,0.0011353492736816406,world,pelvis,-0.42427334855217075,0.6075396645243691,0.7743436736174,0.03907021090985154,0.0054920985652925965,0.9992212418010954,0.0005151759756183891,capsules,0.05,0.5,0.1,0.5,0.5
213,1784929592.4355972,21.406239856034517,1,1784929592.434475,0.0011222362518310547,17,-0.17500516772270203,1,0.014203631319105625,1,0.19858676195144653,1,-0.1068250834941864,1,0.31042158603668213,1,-0.2771797478199005,1,0.43012428283691406,1,0.16281245648860931,1,-0.36713796854019165,1,0.2818785309791565,1,0.017138812690973282,1,-0.21023081243038177,1,-0.039555441588163376,1,0.003857093397527933,1,-0.1303020864725113,1,0.020871156826615334,1,0.0017992552602663636,1,0,,,,,,,,,,,,,,,,,,,,,,,,,,,,,,,,,,,,,,,,,,,,,,,,,,,,,,,,,,,,,,,,,,,,,,,,,,,,,,,,,,,,,,,,,,,,,,,,,,,,,,,,,,,,,,,,,,,,,1,1784929592.434456,0.0011410713195800781,world,base_footprint,-0.5080827458694728,0.6063412849358162,1,0,1,1784929567.4354498,25.000147342681885,world,workspace,1,0,3,0.47418051624239393,-0.07498176989329002,0.0,0.0,0.0,0.18733963242682541,0.9822952011092093,1.5,1,3,1784929567.4354498,world,workspace,0.47418051624239393,-0.07498176989329002,0.0,0.0,0.18733963242682541,0.9822952011092093,1,1784929567.435601,24.999996185302734,workspace,1,321,,1,1784929592.4344563,0.0011408329010009766,world,pelvis,-0.43474274961252835,0.5970841535635034,0.7750688807205635,0.04657638082200531,-0.0075509456181404025,0.9982687205021915,-0.03511674296846027,capsules,0.05,0.5,0.1,0.5,0.5
214,1784929592.5356207,21.506264485418797,1,1784929592.5329123,0.00270843505859375,17,-0.1930801272392273,1,0.1553938090801239,1,0.19609005749225616,1,-0.0023713475093245506,1,0.2109513282775879,1,-0.36259517073631287,1,0.5613260269165039,1,0.07687699049711227,1,-0.5042098760604858,1,0.2934090495109558,1,0.024898312985897064,1,-0.32360032200813293,1,0.0009313044138252735,1,0.004823604598641396,1,-0.07341504096984863,1,-0.004586192779242992,1,-0.04110866039991379,1,0,,,,,,,,,,,,,,,,,,,,,,,,,,,,,,,,,,,,,,,,,,,,,,,,,,,,,,,,,,,,,,,,,,,,,,,,,,,,,,,,,,,,,,,,,,,,,,,,,,,,,,,,,,,,,,,,,,,,,1,1784929592.5344565,0.0011641979217529297,world,base_footprint,-0.515523978228517,0.6000832905898508,1,0,1,1784929567.4354498,25.100170850753784,world,workspace,1,0,3,0.47418051624239393,-0.07498176989329002,0.0,0.0,0.0,0.18733963242682541,0.9822952011092093,1.5,1,3,1784929567.4354498,world,workspace,0.47418051624239393,-0.07498176989329002,0.0,0.0,0.18733963242682541,0.9822952011092093,1,1784929567.435601,25.100019693374634,workspace,1,321,,1,1784929592.5344567,0.0011639595031738281,world,pelvis,-0.4464437863857718,0.56409771838581,0.7749088364722024,0.04260682460105565,-0.025635035056432793,0.9968811727235588,-0.061281571001178994,capsules,0.05,0.5,0.1,0.5,0.5
215,1784929592.6355853,21.606227540411055,1,1784929592.6344209,0.0011644363403320312,17,-0.16310617327690125,1,0.2566545605659485,1,0.15774251520633698,1,0.12079857289791107,1,0.19633013010025024,1,-0.28946453332901,1,0.5346595644950867,1,0.06492336839437485,1,-0.49134737253189087,1,0.31213322281837463,1,0.035545505583286285,1,-0.29289916157722473,1,0.08284694701433182,1,-0.08580400794744492,1,-0.00683089904487133,1,-0.037721872329711914,1,-0.07882072776556015,1,0,,,,,,,,,,,,,,,,,,,,,,,,,,,,,,,,,,,,,,,,,,,,,,,,,,,,,,,,,,,,,,,,,,,,,,,,,,,,,,,,,,,,,,,,,,,,,,,,,,,,,,,,,,,,,,,,,,,,,1,1784929592.6334538,0.0021314620971679688,world,base_footprint,-0.5308268818325685,0.5840597973081599,1,0,1,1784929567.4354498,25.200135469436646,world,workspace,1,0,3,0.47418051624239393,-0.07498176989329002,0.0,0.0,0.0,0.18733963242682541,0.9822952011092093,1.5,1,3,1784929567.4354498,world,workspace,0.47418051624239393,-0.07498176989329002,0.0,0.0,0.18733963242682541,0.9822952011092093,1,1784929567.435601,25.199984312057495,workspace,1,321,,1,1784929592.633454,0.002131223678588867,world,pelvis,-0.46206902401952193,0.5260221098652367,0.7713948398484596,0.04076093657611153,-0.0405050512004306,0.9950583097495149,-0.08097436060338596,capsules,0.05,0.5,0.1,0.5,0.5
216,1784929592.7356622,21.706303644925356,1,1784929592.7349494,0.0007128715515136719,17,-0.07375121116638184,1,0.1960047036409378,1,0.13091212511062622,1,0.1669861227273941,1,0.31251615285873413,1,-0.16931302845478058,1,0.3892492353916168,1,0.08034580200910568,1,-0.31664395332336426,1,0.305295467376709,1,0.12575730681419373,1,-0.19517289102077484,1,0.008260075934231281,1,-0.04668605327606201,1,-0.06419835239648819,1,-0.06694343686103821,1,0.050217870622873306,1,0,,,,,,,,,,,,,,,,,,,,,,,,,,,,,,,,,,,,,,,,,,,,,,,,,,,,,,,,,,,,,,,,,,,,,,,,,,,,,,,,,,,,,,,,,,,,,,,,,,,,,,,,,,,,,,,,,,,,,1,1784929592.7344558,0.0012063980102539062,world,base_footprint,-0.538062706685489,0.5111072663728001,1,0,1,1784929567.4354498,25.300212383270264,world,workspace,1,0,3,0.47418051624239393,-0.07498176989329002,0.0,0.0,0.0,0.18733963242682541,0.9822952011092093,1.5,1,3,1784929567.4354498,world,workspace,0.47418051624239393,-0.07498176989329002,0.0,0.0,0.18733963242682541,0.9822952011092093,1,1784929567.435601,25.300061225891113,workspace,1,321,,1,1784929592.7344558,0.0012063980102539062,world,pelvis,-0.474471741295897,0.49262256573702473,0.7738723626765159,0.03937160666104771,-0.015357956440324203,0.9951489539652488,-0.08884013273727248,capsules,0.05,0.5,0.1,0.5,0.5
217,1784929592.835548,21.80619138944894,1,1784929592.834451,0.001096963882446289,17,0.025808021426200867,1,0.039556220173835754,1,0.1547020971775055,1,0.10350830852985382,1,0.5294351577758789,1,-0.15027303993701935,1,0.20670199394226074,1,0.08295240253210068,1,-0.12319913506507874,1,0.2851200997829437,1,0.21885722875595093,1,-0.1621725857257843,1,-0.029258720576763153,1,-0.05240953713655472,1,-0.27030128240585327,1,0.06565649062395096,1,0.002534951316192746,1,0,,,,,,,,,,,,,,,,,,,,,,,,,,,,,,,,,,,,,,,,,,,,,,,,,,,,,,,,,,,,,,,,,,,,,,,,,,,,,,,,,,,,,,,,,,,,,,,,,,,,,,,,,,,,,,,,,,,,,1,1784929592.8334575,0.0020904541015625,world,base_footprint,-0.5342588580327889,0.48835075411332224,1,0,1,1784929567.4354498,25.400098085403442,world,workspace,1,0,3,0.47418051624239393,-0.07498176989329002,0.0,0.0,0.0,0.18733963242682541,0.9822952011092093,1.5,1,3,1784929567.4354498,world,workspace,0.47418051624239393,-0.07498176989329002,0.0,0.0,0.18733963242682541,0.9822952011092093,1,1784929567.435601,25.399946928024292,workspace,1,321,,1,1784929592.8344576,0.0010902881622314453,world,pelvis,-0.4836980411966002,0.4938628176749371,0.7763247984780351,0.032443482262883946,0.0003337097111847402,0.9946480971225803,-0.09809419955795891,capsules,0.05,0.5,0.1,0.5,0.5
218,1784929592.9356167,21.906260701827705,1,1784929592.9353673,0.0002493858337402344,17,0.056661300361156464,1,-0.05881775543093681,1,0.19078858196735382,1,-0.010553708299994469,1,0.4952528178691864,1,-0.25111934542655945,1,0.06735739856958389,1,0.0852057933807373,1,-0.105896957218647,1,0.1440889537334442,1,0.3213542699813843,1,-0.1522073596715927,1,-0.06965134292840958,1,-0.11685533076524734,1,-0.26694348454475403,1,0.062147289514541626,1,0.06223016232252121,1,0,,,,,,,,,,,,,,,,,,,,,,,,,,,,,,,,,,,,,,,,,,,,,,,,,,,,,,,,,,,,,,,,,,,,,,,,,,,,,,,,,,,,,,,,,,,,,,,,,,,,,,,,,,,,,,,,,,,,,1,1784929592.934454,0.0011627674102783203,world,base_footprint,-0.5454079581091019,0.47553647045372793,1,0,1,1784929567.4354498,25.50016689300537,world,workspace,1,0,3,0.47418051624239393,-0.07498176989329002,0.0,0.0,0.0,0.18733963242682541,0.9822952011092093,1.5,1,3,1784929567.4354498,world,workspace,0.47418051624239393,-0.07498176989329002,0.0,0.0,0.18733963242682541,0.9822952011092093,1,1784929567.435601,25.50001573562622,workspace,1,321,,1,1784929592.9344542,0.0011625289916992188,world,pelvis,-0.4970052452806282,0.49215247615158514,0.7755297924031883,0.03205669014454423,0.006176643612334163,0.9896413255963277,-0.13980080243906423,capsules,0.05,0.5,0.1,0.5,0.5
219,1784929593.0356941,22.006338650360703,1,1784929593.0350447,0.0006494522094726562,17,0.038617972284555435,1,-0.08270645141601562,1,0.2696698307991028,1,-0.04659710079431534,1,0.27801284193992615,1,-0.33756446838378906,1,-0.049378518015146255,1,0.10160796344280243,1,-0.24671757221221924,1,0.029005851596593857,1,0.3274311423301697,1,-0.19534525275230408,1,-0.05531894788146019,1,-0.04741635546088219,1,-0.14560891687870026,1,0.023941220715641975,1,0.03360747918486595,1,0,,,,,,,,,,,,,,,,,,,,,,,,,,,,,,,,,,,,,,,,,,,,,,,,,,,,,,,,,,,,,,,,,,,,,,,,,,,,,,,,,,,,,,,,,,,,,,,,,,,,,,,,,,,,,,,,,,,,,1,1784929593.0344567,0.0012373924255371094,world,base_footprint,-0.5790266806310558,0.46579890427488047,1,0,1,1784929567.4354498,25.600244283676147,world,workspace,1,0,3,0.47418051624239393,-0.07498176989329002,0.0,0.0,0.0,0.18733963242682541,0.9822952011092093,1.5,1,3,1784929567.4354498,world,workspace,0.47418051624239393,-0.07498176989329002,0.0,0.0,0.18733963242682541,0.9822952011092093,1,1784929567.435601,25.600093126296997,workspace,1,321,,1,1784929593.0344567,0.0012373924255371094,world,pelvis,-0.5084046431265788,0.4837058884814482,0.7755961009712656,0.04640096887251388,0.003082137299255019,0.9824195507508064,-0.1808017611085251,capsules,0.05,0.5,0.1,0.5,0.5
220,1784929593.1355944,22.10623826738447,1,1784929593.1348171,0.0007772445678710938,17,-0.011406192556023598,1,-0.03661149740219116,1,0.30058830976486206,1,-0.02985735423862934,1,0.0897497907280922,1,-0.34865322709083557,1,-0.139011949300766,1,0.19229620695114136,1,-0.4622572660446167,1,0.016632530838251114,1,0.21735256910324097,1,-0.3110561668872833,1,-0.015939896926283836,1,0.03394463285803795,1,-0.08402062952518463,1,-0.03741198778152466,1,-0.01368500106036663,1,0,,,,,,,,,,,,,,,,,,,,,,,,,,,,,,,,,,,,,,,,,,,,,,,,,,,,,,,,,,,,,,,,,,,,,,,,,,,,,,,,,,,,,,,,,,,,,,,,,,,,,,,,,,,,,,,,,,,,,1,1784929593.1334555,0.002138853073120117,world,base_footprint,-0.584252947941802,0.4358119798954357,1,0,1,1784929567.4354498,25.70014452934265,world,workspace,1,0,3,0.47418051624239393,-0.07498176989329002,0.0,0.0,0.0,0.18733963242682541,0.9822952011092093,1.5,1,3,1784929567.4354498,world,workspace,0.47418051624239393,-0.07498176989329002,0.0,0.0,0.18733963242682541,0.9822952011092093,1,1784929567.435601,25.6999933719635,workspace,1,321,,1,1784929593.1334555,0.002138853073120117,world,pelvis,-0.511430566468583,0.4525786014901469,0.7776968319116655,0.04769764104647413,0.0004691563809258938,0.9755520230292137,-0.21452963733363414,capsules,0.05,0.5,0.1,0.5,0.5
221,1784929593.2355425,22.206185682676733,1,1784929593.234728,0.0008144378662109375,17,-0.0529763326048851,1,0.022515280172228813,1,0.271521657705307,1,-0.033340245485305786,1,0.11063876003026962,1,-0.20680993795394897,1,-0.17743688821792603,1,0.29662150144577026,1,-0.5456569194793701,1,0.11149972677230835,1,0.0637991726398468,1,-0.24386514723300934,1,0.0938311368227005,1,-0.0738716721534729,1,0.018770435824990273,1,-0.07061797380447388,1,-0.05919347703456879,1,0,,,,,,,,,,,,,,,,,,,,,,,,,,,,,,,,,,,,,,,,,,,,,,,,,,,,,,,,,,,,,,,,,,,,,,,,,,,,,,,,,,,,,,,,,,,,,,,,,,,,,,,,,,,,,,,,,,,,,1,1784929593.2334554,0.002087116241455078,world,base_footprint,-0.6017652948652581,0.41315127351557857,1,0,1,1784929567.4354498,25.800092697143555,world,workspace,1,0,3,0.47418051624239393,-0.07498176989329002,0.0,0.0,0.0,0.18733963242682541,0.9822952011092093,1.5,1,3,1784929567.4354498,world,workspace,0.47418051624239393,-0.07498176989329002,0.0,0.0,0.18733963242682541,0.9822952011092093,1,1784929567.435601,25.799941539764404,workspace,1,321,,1,1784929593.2344558,0.0010867118835449219,world,pelvis,-0.5210029198237901,0.4111850638986244,0.7768314343107886,0.04981333611505707,-0.01337329093120573,0.9705314641596792,-0.23539002466295628,capsules,0.05,0.5,0.1,0.5,0.5
222,1784929593.3355699,22.30621292628348,1,1784929593.3343668,0.0012030601501464844,17,-0.05506988242268562,1,-0.02391299605369568,1,0.25413087010383606,1,-0.05033975839614868,1,0.279389888048172,1,-0.028937553986907005,1,-0.11701371520757675,1,0.3535161316394806,1,-0.5285804271697998,1,0.27512064576148987,1,-0.07072523236274719,1,-0.14195919036865234,1,0.03444497287273407,1,-0.03476645424962044,1,-0.018850920721888542,1,-0.10873813927173615,1,0.055129293352365494,1,0,,,,,,,,,,,,,,,,,,,,,,,,,,,,,,,,,,,,,,,,,,,,,,,,,,,,,,,,,,,,,,,,,,,,,,,,,,,,,,,,,,,,,,,,,,,,,,,,,,,,,,,,,,,,,,,,,,,,,1,1784929593.3334534,0.0021164417266845703,world,base_footprint,-0.6019075265213278,0.33499706833214415,1,0,1,1784929567.4354498,25.90012001991272,world,workspace,1,0,3,0.47418051624239393,-0.07498176989329002,0.0,0.0,0.0,0.18733963242682541,0.9822952011092093,1.5,1,3,1784929567.4354498,world,workspace,0.47418051624239393,-0.07498176989329002,0.0,0.0,0.18733963242682541,0.9822952011092093,1,1784929567.435601,25.89996886253357,workspace,1,321,,1,1784929593.3334537,0.0021162033081054688,world,pelvis,-0.5299284488881426,0.3670936910763642,0.7736595892575805,0.049648102801037736,0.008152045138658867,0.9660060121671964,-0.25357640762725797,capsules,0.05,0.5,0.1,0.5,0.5
223,1784929593.4357188,22.40636450238526,1,1784929593.4353204,0.00039839744567871094,17,0.008936594240367413,1,-0.12614162266254425,1,0.24363000690937042,1,-0.025590840727090836,1,0.4951236844062805,1,0.050683774054050446,1,0.018087370321154594,1,0.36466628313064575,1,-0.458966463804245,1,0.37435391545295715,1,-0.19610907137393951,1,-0.11056587845087051,1,0.00945317279547453,1,-0.03189906105399132,1,-0.24471808969974518,1,0.0493907555937767,1,0.024521145969629288,1,0,,,,,,,,,,,,,,,,,,,,,,,,,,,,,,,,,,,,,,,,,,,,,,,,,,,,,,,,,,,,,,,,,,,,,,,,,,,,,,,,,,,,,,,,,,,,,,,,,,,,,,,,,,,,,,,,,,,,,1,1784929593.4334543,0.0022644996643066406,world,base_footprint,-0.6026719264746109,0.31553545667243166,1,0,1,1784929567.4354498,26.000268936157227,world,workspace,1,0,3,0.47418051624239393,-0.07498176989329002,0.0,0.0,0.0,0.18733963242682541,0.9822952011092093,1.5,1,3,1784929567.4354498,world,workspace,0.47418051624239393,-0.07498176989329002,0.0,0.0,0.18733963242682541,0.9822952011092093,1,1784929567.435601,26.000117778778076,workspace,1,321,,1,1784929593.4344552,0.0012636184692382812,world,pelvis,-0.5479704465383648,0.35301936722258254,0.7746321108534688,0.03985884035042079,0.014215394269597751,0.965991816909281,-0.25508626986959865,capsules,0.05,0.5,0.1,0.5,0.5
224,1784929593.5355613,22.50620506890118,1,1784929593.5350535,0.0005078315734863281,17,-0.006239204201847315,1,-0.18942199647426605,1,0.17991627752780914,1,0.09700410813093185,1,0.5303818583488464,1,-0.04862836375832558,1,0.15313571691513062,1,0.3759579360485077,1,-0.4149731397628784,1,0.25083357095718384,1,-0.2306530475616455,1,-0.10016128420829773,1,-0.02594168670475483,1,-0.07841098308563232,1,-0.29514822363853455,1,0.0467708520591259,1,0.04445161297917366,1,0,,,,,,,,,,,,,,,,,,,,,,,,,,,,,,,,,,,,,,,,,,,,,,,,,,,,,,,,,,,,,,,,,,,,,,,,,,,,,,,,,,,,,,,,,,,,,,,,,,,,,,,,,,,,,,,,,,,,,1,1784929593.5334554,0.0021059513092041016,world,base_footprint,-0.6013767972863665,0.3011274371994157,1,0,1,1784929567.4354498,26.100111484527588,world,workspace,1,0,3,0.47418051624239393,-0.07498176989329002,0.0,0.0,0.0,0.18733963242682541,0.9822952011092093,1.5,1,3,1784929567.4354498,world,workspace,0.47418051624239393,-0.07498176989329002,0.0,0.0,0.18733963242682541,0.9822952011092093,1,1784929567.435601,26.099960327148438,workspace,1,321,,1,1784929593.5344539,0.0011074542999267578,world,pelvis,-0.5743830429814026,0.33450085926725437,0.7743522256166612,0.022837402811953757,0.01577572703472636,0.9583961724165577,-0.284088641389659,capsules,0.05,0.5,0.1,0.5,0.5
225,1784929593.6355946,22.606238855049014,1,1784929593.6348827,0.0007119178771972656,17,-0.04440615698695183,1,-0.1411413848400116,1,0.21034851670265198,1,0.2574456036090851,1,0.3910859227180481,1,-0.1284428983926773,1,0.15974965691566467,1,0.3302534520626068,1,-0.3457128703594208,1,-0.00024511865922249854,1,-0.22979633510112762,1,-0.16438978910446167,1,-0.011738879606127739,1,-0.04362493008375168,1,-0.1756259649991989,1,0.03175096958875656,1,-0.004986288491636515,1,0,,,,,,,,,,,,,,,,,,,,,,,,,,,,,,,,,,,,,,,,,,,,,,,,,,,,,,,,,,,,,,,,,,,,,,,,,,,,,,,,,,,,,,,,,,,,,,,,,,,,,,,,,,,,,,,,,,,,,1,1784929593.6334548,0.0021398067474365234,world,base_footprint,-0.6476575869298479,0.2848322711892091,1,0,1,1784929567.4354498,26.20014476776123,world,workspace,1,0,3,0.47418051624239393,-0.07498176989329002,0.0,0.0,0.0,0.18733963242682541,0.9822952011092093,1.5,1,3,1784929567.4354498,world,workspace,0.47418051624239393,-0.07498176989329002,0.0,0.0,0.18733963242682541,0.9822952011092093,1,1784929567.435601,26.19999361038208,workspace,1,321,,1,1784929593.633455,0.002139568328857422,world,pelvis,-0.5933676031021932,0.3110358256565525,0.7733926705723854,0.038183400131798564,0.004640008215247019,0.9457453568483437,-0.3226239580036432,capsules,0.05,0.5,0.1,0.5,0.5
226,1784929593.7355971,22.706242085434496,1,1784929593.73432,0.0012772083282470703,17,-0.05805721506476402,1,0.003969827201217413,1,0.17636430263519287,1,0.4503215551376343,1,0.1903792768716812,1,-0.1486625373363495,1,0.06461379677057266,1,0.29758110642433167,1,-0.28405100107192993,1,-0.22758768498897552,1,-0.20800016820430756,1,-0.3344620168209076,1,0.015684757381677628,1,-0.020108487457036972,1,-0.10773991048336029,1,0.011503416113555431,1,-0.04089849442243576,1,0,,,,,,,,,,,,,,,,,,,,,,,,,,,,,,,,,,,,,,,,,,,,,,,,,,,,,,,,,,,,,,,,,,,,,,,,,,,,,,,,,,,,,,,,,,,,,,,,,,,,,,,,,,,,,,,,,,,,,1,1784929593.7334557,0.0021414756774902344,world,base_footprint,-0.655276609519031,0.2762511329754517,1,0,1,1784929567.4354498,26.30014729499817,world,workspace,1,0,3,0.47418051624239393,-0.07498176989329002,0.0,0.0,0.0,0.18733963242682541,0.9822952011092093,1.5,1,3,1784929567.4354498,world,workspace,0.47418051624239393,-0.07498176989329002,0.0,0.0,0.18733963242682541,0.9822952011092093,1,1784929567.435601,26.29999613761902,workspace,1,321,,1,1784929593.7344604,0.00113677978515625,world,pelvis,-0.5945732037101442,0.2662261626989483,0.7742736813612926,0.03424986909652741,-0.019326712285315833,0.9372892834282377,-0.34632675875492525,capsules,0.05,0.5,0.1,0.5,0.5
227,1784929593.8355594,22.80620341654867,1,1784929593.8349955,0.0005638599395751953,17,-0.044811490923166275,1,0.13336431980133057,1,0.14507082104682922,1,0.5357515215873718,1,0.15576426684856415,1,-0.0583239421248436,1,-0.039989568293094635,1,0.29280275106430054,1,-0.23451150953769684,1,-0.2925647497177124,1,-0.12303579598665237,1,-0.31204554438591003,1,0.11482378095388412,1,-0.10145579278469086,1,0.002875038655474782,1,-0.02603008598089218,1,-0.08186623454093933,1,0,,,,,,,,,,,,,,,,,,,,,,,,,,,,,,,,,,,,,,,,,,,,,,,,,,,,,,,,,,,,,,,,,,,,,,,,,,,,,,,,,,,,,,,,,,,,,,,,,,,,,,,,,,,,,,,,,,,,,1,1784929593.8334544,0.0021049976348876953,world,base_footprint,-0.6706875761530565,0.24287099783174212,1,0,1,1784929567.4354498,26.40010952949524,world,workspace,1,0,3,0.47418051624239393,-0.07498176989329002,0.0,0.0,0.0,0.18733963242682541,0.9822952011092093,1.5,1,3,1784929567.4354498,world,workspace,0.47418051624239393,-0.07498176989329002,0.0,0.0,0.18733963242682541,0.9822952011092093,1,1784929567.435601,26.39995837211609,workspace,1,321,,1,1784929593.8344574,0.0011019706726074219,world,pelvis,-0.5919160434835298,0.21390063986704977,0.770762364600716,0.04053420906465964,-0.03507716423066933,0.9284291428552295,-0.36762194866756964,capsules,0.05,0.5,0.1,0.5,0.5
228,1784929593.935592,22.906235028989613,1,1784929593.9344652,0.0011267662048339844,17,-0.019497277215123177,1,0.08753423392772675,1,0.17051681876182556,1,0.41004833579063416,1,0.2860848903656006,1,0.07550912350416183,1,-0.08207383006811142,1,0.27639850974082947,1,-0.17432931065559387,1,-0.14757266640663147,1,0.006120515055954456,1,-0.20745980739593506,1,0.0162518173456192,1,-0.055949632078409195,1,-0.08601383119821548,1,-0.041107118129730225,1,0.05518485605716705,1,0,,,,,,,,,,,,,,,,,,,,,,,,,,,,,,,,,,,,,,,,,,,,,,,,,,,,,,,,,,,,,,,,,,,,,,,,,,,,,,,,,,,,,,,,,,,,,,,,,,,,,,,,,,,,,,,,,,,,,1,1784929593.9344556,0.0011363029479980469,world,base_footprint,-0.6470450134354884,0.15398724621224152,1,0,1,1784929567.4354498,26.500142097473145,world,workspace,1,0,3,0.47418051624239393,-0.07498176989329002,0.0,0.0,0.0,0.18733963242682541,0.9822952011092093,1.5,1,3,1784929567.4354498,world,workspace,0.47418051624239393,-0.07498176989329002,0.0,0.0,0.18733963242682541,0.9822952011092093,1,1784929567.435601,26.499990940093994,workspace,1,321,,1,1784929593.9344556,0.0011363029479980469,world,pelvis,-0.5873665531288295,0.17370766966322843,0.7708513100509301,0.03996137912654386,-0.0034067334067222556,0.9186801485820466,-0.3929608974784501,capsules,0.05,0.5,0.1,0.5,0.5
229,1784929594.0356293,23.00627162028104,1,1784929594.0342162,0.001413106918334961,17,0.022028081119060516,1,-0.047252289950847626,1,0.17793303728103638,1,0.23923569917678833,1,0.45102906227111816,1,0.1184033676981926,1,-0.15635381639003754,1,0.2683142423629761,1,-0.14881910383701324,1,0.1069532260298729,1,-0.03240499272942543,1,-0.17305763065814972,1,-0.04359160363674164,1,-0.0689169317483902,1,-0.3567728102207184,1,0.08279334008693695,1,0.01718106120824814,1,0,,,,,,,,,,,,,,,,,,,,,,,,,,,,,,,,,,,,,,,,,,,,,,,,,,,,,,,,,,,,,,,,,,,,,,,,,,,,,,,,,,,,,,,,,,,,,,,,,,,,,,,,,,,,,,,,,,,,,1,1784929594.033456,0.002173185348510742,world,base_footprint,-0.6207890723116587,0.13143005247112022,1,0,1,1784929567.4354498,26.600179433822632,world,workspace,1,0,3,0.47418051624239393,-0.07498176989329002,0.0,0.0,0.0,0.18733963242682541,0.9822952011092093,1.5,1,3,1784929567.4354498,world,workspace,0.47418051624239393,-0.07498176989329002,0.0,0.0,0.18733963242682541,0.9822952011092093,1,1784929567.435601,26.60002827644348,workspace,1,321,,1,1784929594.0344563,0.0011730194091796875,world,pelvis,-0.6022600567148503,0.1626804294313269,0.7731621386270381,0.01877051301411784,0.013500761512673477,0.911736608711578,-0.4101240710015393,capsules,0.05,0.5,0.1,0.5,0.5
230,1784929594.1355906,23.106233443133533,1,1784929594.1349223,0.0006682872772216797,17,-0.0031636329367756844,1,-0.12785287201404572,1,0.14033859968185425,1,0.11206553131341934,1,0.3969755172729492,1,0.05140628665685654,1,-0.25319579243659973,1,0.29238763451576233,1,-0.2134433537721634,1,0.16045157611370087,1,-0.1936083287000656,1,-0.17632198333740234,1,-0.08213964849710464,1,-0.12334991991519928,1,-0.4163249731063843,1,0.03326132148504257,1,0.08677737414836884,1,0,,,,,,,,,,,,,,,,,,,,,,,,,,,,,,,,,,,,,,,,,,,,,,,,,,,,,,,,,,,,,,,,,,,,,,,,,,,,,,,,,,,,,,,,,,,,,,,,,,,,,,,,,,,,,,,,,,,,,1,1784929594.1344547,0.0011358261108398438,world,base_footprint,-0.6102840866120519,0.12686999497537263,1,0,1,1784929567.4354498,26.700140714645386,world,workspace,1,0,3,0.47418051624239393,-0.07498176989329002,0.0,0.0,0.0,0.18733963242682541,0.9822952011092093,1.5,1,3,1784929567.4354498,world,workspace,0.47418051624239393,-0.07498176989329002,0.0,0.0,0.18733963242682541,0.9822952011092093,1,1784929567.435601,26.699989557266235,workspace,1,321,,1,1784929594.134455,0.0011355876922607422,world,pelvis,-0.6217076866158905,0.1445468670828499,0.7726437369429904,-0.0015379516649935278,0.01333208167417308,0.8964676145351836,-0.4429059791789978,capsules,0.05,0.5,0.1,0.5,0.5
231,1784929594.2355943,23.20623812545091,1,1784929594.2346644,0.0009298324584960938,17,-0.04670115187764168,1,-0.13748164474964142,1,0.16211830079555511,1,0.06443186104297638,1,0.24511878192424774,1,0.02030317485332489,1,-0.39500898122787476,1,0.3073193430900574,1,-0.2993543744087219,1,0.02375451661646366,1,-0.36056745052337646,1,-0.23742642998695374,1,-0.048615798354148865,1,-0.08020728826522827,1,-0.26936817169189453,1,0.0167958065867424,1,0.04251914843916893,1,0,,,,,,,,,,,,,,,,,,,,,,,,,,,,,,,,,,,,,,,,,,,,,,,,,,,,,,,,,,,,,,,,,,,,,,,,,,,,,,,,,,,,,,,,,,,,,,,,,,,,,,,,,,,,,,,,,,,,,1,1784929594.233454,0.0021402835845947266,world,base_footprint,-0.6550470406250578,0.11303788258089209,1,0,1,1784929567.4354498,26.80014443397522,world,workspace,1,0,3,0.47418051624239393,-0.07498176989329002,0.0,0.0,0.0,0.18733963242682541,0.9822952011092093,1.5,1,3,1784929567.4354498,world,workspace,0.47418051624239393,-0.07498176989329002,0.0,0.0,0.18733963242682541,0.9822952011092093,1,1784929567.435601,26.79999327659607,workspace,1,321,,1,1784929594.234459,0.0011353492736816406,world,pelvis,-0.6425076061324343,0.12632210463107016,0.7720260754959976,0.011073562079786985,0.003613071260585951,0.8780770269686902,-0.47837752523373966,capsules,0.05,0.5,0.1,0.5,0.5
232,1784929594.3355882,23.30623340047896,1,1784929594.3343883,0.001199960708618164,17,-0.06750128418207169,1,-0.0642772912979126,1,0.10852552950382233,1,0.1014004647731781,1,0.134525328874588,1,0.055514611303806305,1,-0.5426434278488159,1,0.3508045971393585,1,-0.36528486013412476,1,-0.1997091919183731,1,-0.5229867100715637,1,-0.41775578260421753,1,-0.017337623983621597,1,0.008234618231654167,1,-0.2238854020833969,1,-0.008760135620832443,1,0.003890896448865533,1,0,,,,,,,,,,,,,,,,,,,,,,,,,,,,,,,,,,,,,,,,,,,,,,,,,,,,,,,,,,,,,,,,,,,,,,,,,,,,,,,,,,,,,,,,,,,,,,,,,,,,,,,,,,,,,,,,,,,,,1,1784929594.333458,0.002130270004272461,world,base_footprint,-0.6547658060438623,0.11156962932539087,1,0,1,1784929567.4354498,26.90013837814331,world,workspace,1,0,3,0.47418051624239393,-0.07498176989329002,0.0,0.0,0.0,0.18733963242682541,0.9822952011092093,1.5,1,3,1784929567.4354498,world,workspace,0.47418051624239393,-0.07498176989329002,0.0,0.0,0.18733963242682541,0.9822952011092093,1,1784929567.435601,26.89998722076416,workspace,1,321,,1,1784929594.3344564,0.0011317729949951172,world,pelvis,-0.6402312169708757,0.09517947926064019,0.7758508208928931,0.0028234385420697755,-0.013680375273135864,0.8667694422118942,-0.49851339959410035,capsules,0.05,0.5,0.1,0.5,0.5
233,1784929594.4356494,23.40629355609417,1,1784929594.4342525,0.0013968944549560547,17,-0.07101419568061829,1,0.03635629639029503,1,0.0025055340956896544,1,0.11119375377893448,1,0.17412184178829193,1,0.25266414880752563,1,-0.653940737247467,1,0.38369593024253845,1,-0.3090294897556305,1,-0.3774946331977844,1,-0.6433643698692322,1,-0.3862062394618988,1,0.07456160336732864,1,-0.06932894140481949,1,-0.13940532505512238,1,-0.03897485136985779,1,-0.05447445437312126,1,0,,,,,,,,,,,,,,,,,,,,,,,,,,,,,,,,,,,,,,,,,,,,,,,,,,,,,,,,,,,,,,,,,,,,,,,,,,,,,,,,,,,,,,,,,,,,,,,,,,,,,,,,,,,,,,,,,,,,,1,1784929594.434455,0.0011944770812988281,world,base_footprint,-0.6587193223281956,0.0997602817648067,1,0,1,1784929567.4354498,27.000199556350708,world,workspace,1,0,3,0.47418051624239393,-0.07498176989329002,0.0,0.0,0.0,0.18733963242682541,0.9822952011092093,1.5,1,3,1784929567.4354498,world,workspace,0.47418051624239393,-0.07498176989329002,0.0,0.0,0.18733963242682541,0.9822952011092093,1,1784929567.435601,27.000048398971558,workspace,1,321,,1,1784929594.434455,0.0011944770812988281,world,pelvis,-0.6307250242711627,0.051390009483999334,0.7760911151896674,0.0008930170792269036,0.03564456704303496,-0.8521411176418551,0.5220959518947653,capsules,0.05,0.5,0.1,0.5,0.5
234,1784929594.535881,23.506523909047246,1,1784929594.5348065,0.0010745525360107422,17,-0.04953480884432793,1,0.04146339371800423,1,-0.06151723861694336,1,0.06697309017181396,1,0.2627568542957306,1,0.5007748603820801,1,-0.7057223320007324,1,0.3501131236553192,1,-0.1871979534626007,1,-0.5288017988204956,1,-0.6849323511123657,1,-0.2663991451263428,1,0.015412393026053905,1,-0.024988578632473946,1,-0.15106967091560364,1,-0.1169651597738266,1,0.009139413014054298,1,0,,,,,,,,,,,,,,,,,,,,,,,,,,,,,,,,,,,,,,,,,,,,,,,,,,,,,,,,,,,,,,,,,,,,,,,,,,,,,,,,,,,,,,,,,,,,,,,,,,,,,,,,,,,,,,,,,,,,,1,1784929594.533455,0.0024261474609375,world,base_footprint,-0.6152717953313364,0.037094453595987516,1,0,1,1784929567.4354498,27.100431203842163,world,workspace,1,0,3,0.47418051624239393,-0.07498176989329002,0.0,0.0,0.0,0.18733963242682541,0.9822952011092093,1.5,1,3,1784929567.4354498,world,workspace,0.47418051624239393,-0.07498176989329002,0.0,0.0,0.18733963242682541,0.9822952011092093,1,1784929567.435601,27.100280046463013,workspace,1,321,,1,1784929594.5344539,0.0014271736145019531,world,pelvis,-0.6081688346151277,0.006528380647430013,0.7759923589217377,0.006814434091843769,0.018815980700909618,-0.8385909546326467,0.5443939136017021,capsules,0.05,0.5,0.1,0.5,0.5
235,1784929594.6355567,23.606197705492377,1,1784929594.6347294,0.0008273124694824219,17,-0.02322966977953911,1,-0.05912712961435318,1,-0.10881654173135757,1,0.010572286322712898,1,0.3699275255203247,1,0.6468552947044373,1,-0.7609633803367615,1,0.3304387331008911,1,-0.0861779972910881,1,-0.5782773494720459,1,-0.7049810886383057,1,-0.225874662399292,1,-0.04315711557865143,1,-0.032609257847070694,1,-0.3959996998310089,1,0.025551429018378258,1,0.041422393172979355,1,0,,,,,,,,,,,,,,,,,,,,,,,,,,,,,,,,,,,,,,,,,,,,,,,,,,,,,,,,,,,,,,,,,,,,,,,,,,,,,,,,,,,,,,,,,,,,,,,,,,,,,,,,,,,,,,,,,,,,,1,1784929594.6344578,0.0010988712310791016,world,base_footprint,-0.5887312770306343,0.01583626971581216,1,0,1,1784929567.4354498,27.200106859207153,world,workspace,1,0,3,0.47418051624239393,-0.07498176989329002,0.0,0.0,0.0,0.18733963242682541,0.9822952011092093,1.5,1,3,1784929567.4354498,world,workspace,0.47418051624239393,-0.07498176989329002,0.0,0.0,0.18733963242682541,0.9822952011092093,1,1784929567.435601,27.199955701828003,workspace,1,321,,1,1784929594.634458,0.0010986328125,world,pelvis,-0.6070249784119794,-0.015098301397463959,0.7770544216351749,0.020672682032708226,0.009898637392200916,-0.8306210045668379,0.556366249846025,capsules,0.05,0.5,0.1,0.5,0.5
236,1784929594.735619,23.70626158732921,1,1784929594.735247,0.00037217140197753906,17,-0.045771993696689606,1,-0.1358761042356491,1,-0.13237832486629486,1,0.004222840070724487,1,0.31076112389564514,1,0.6238765120506287,1,-0.7802571654319763,1,0.33748483657836914,1,-0.1322302222251892,1,-0.6031497120857239,1,-0.7287105321884155,1,-0.1976599395275116,1,-0.08355153352022171,1,-0.08114586770534515,1,-0.44135406613349915,1,0.04054796323180199,1,0.044116728007793427,1,0,,,,,,,,,,,,,,,,,,,,,,,,,,,,,,,,,,,,,,,,,,,,,,,,,,,,,,,,,,,,,,,,,,,,,,,,,,,,,,,,,,,,,,,,,,,,,,,,,,,,,,,,,,,,,,,,,,,,,1,1784929594.7344549,0.0011641979217529297,world,base_footprint,-0.5856176813935251,-0.007829557616414896,1,0,1,1784929567.4354498,27.300169229507446,world,workspace,1,0,3,0.47418051624239393,-0.07498176989329002,0.0,0.0,0.0,0.18733963242682541,0.9822952011092093,1.5,1,3,1784929567.4354498,world,workspace,0.47418051624239393,-0.07498176989329002,0.0,0.0,0.18733963242682541,0.9822952011092093,1,1784929567.435601,27.300018072128296,workspace,1,321,,1,1784929594.7344549,0.0011641979217529297,world,pelvis,-0.6119472939501269,-0.03483918832494449,0.7755791282775316,0.023687490493001524,0.004198160871763037,-0.8120502036348877,0.5830915408544154,capsules,0.05,0.5,0.1,0.5,0.5
237,1784929594.8355923,23.806236104108393,1,1784929594.8348572,0.0007350444793701172,17,-0.06599553674459457,1,-0.14268748462200165,1,-0.071608766913414,1,0.005616786889731884,1,0.19631162285804749,1,0.5719568133354187,1,-0.7761713266372681,1,0.33396193385124207,1,-0.21110142767429352,1,-0.6208584308624268,1,-0.739974319934845,1,-0.21423093974590302,1,-0.05986523628234863,1,-0.06712538003921509,1,-0.26003798842430115,1,0.03859128803014755,1,0.04174228012561798,1,0,,,,,,,,,,,,,,,,,,,,,,,,,,,,,,,,,,,,,,,,,,,,,,,,,,,,,,,,,,,,,,,,,,,,,,,,,,,,,,,,,,,,,,,,,,,,,,,,,,,,,,,,,,,,,,,,,,,,,1,1784929594.8334591,0.0021331310272216797,world,base_footprint,-0.6269497527169906,-0.06422006592075032,1,0,1,1784929567.4354498,27.400142431259155,world,workspace,1,0,3,0.47418051624239393,-0.07498176989329002,0.0,0.0,0.0,0.18733963242682541,0.9822952011092093,1.5,1,3,1784929567.4354498,world,workspace,0.47418051624239393,-0.07498176989329002,0.0,0.0,0.18733963242682541,0.9822952011092093,1,1784929567.435601,27.399991273880005,workspace,1,321,,1,1784929594.8334594,0.002132892608642578,world,pelvis,-0.6181595856249021,-0.05326523864391512,0.7727595973664492,-0.00872258492788248,-0.0020297037157727704,-0.7862886505158913,0.6177944276900698,capsules,0.05,0.5,0.1,0.5,0.5
238,1784929594.9355881,23.90623107831925,1,1784929594.9349034,0.0006847381591796875,17,-0.04643990471959114,1,-0.04887073487043381,1,-0.07540687173604965,1,0.058937616646289825,1,0.11065924167633057,1,0.5381340980529785,1,-0.7656842470169067,1,0.3409137427806854,1,-0.2743965983390808,1,-0.6289195418357849,1,-0.7401431798934937,1,-0.3540160655975342,1,-0.0036497474648058414,1,-0.0062623824924230576,1,-0.18209020793437958,1,0.021727032959461212,1,0.017311543226242065,1,0,,,,,,,,,,,,,,,,,,,,,,,,,,,,,,,,,,,,,,,,,,,,,,,,,,,,,,,,,,,,,,,,,,,,,,,,,,,,,,,,,,,,,,,,,,,,,,,,,,,,,,,,,,,,,,,,,,,,,1,1784929594.9344592,0.0011289119720458984,world,base_footprint,-0.6331238626738235,-0.09082561100068835,1,0,1,1784929567.4354498,27.50013828277588,world,workspace,1,0,3,0.47418051624239393,-0.07498176989329002,0.0,0.0,0.0,0.18733963242682541,0.9822952011092093,1.5,1,3,1784929567.4354498,world,workspace,0.47418051624239393,-0.07498176989329002,0.0,0.0,0.18733963242682541,0.9822952011092093,1,1784929567.435601,27.49998712539673,workspace,1,321,,1,1784929594.9344592,0.0011289119720458984,world,pelvis,-0.5973449570008075,-0.07654174179098713,0.7743285401922457,-0.023453537899145564,0.007323892504848944,-0.7757536588347897,0.630557335190883,capsules,0.05,0.5,0.1,0.5,0.5
239,1784929595.035632,24.00627568550408,1,1784929595.035205,0.00042700767517089844,17,-0.04042286425828934,1,0.07422269880771637,1,-0.10591810941696167,1,0.06283316761255264,1,0.16338244080543518,1,0.4991874396800995,1,-0.7743290662765503,1,0.3464636504650116,1,-0.2658127546310425,1,-0.6055455207824707,1,-0.7484946846961975,1,-0.2756497859954834,1,0.11313160508871078,1,-0.1144435927271843,1,-0.07950052618980408,1,-0.013912511989474297,1,-0.014494407922029495,1,0,,,,,,,,,,,,,,,,,,,,,,,,,,,,,,,,,,,,,,,,,,,,,,,,,,,,,,,,,,,,,,,,,,,,,,,,,,,,,,,,,,,,,,,,,,,,,,,,,,,,,,,,,,,,,,,,,,,,,1,1784929595.0344548,0.001177072525024414,world,base_footprint,-0.6268926526177878,-0.11932654362575569,1,0,1,1784929567.4354498,27.600182056427002,world,workspace,1,0,3,0.47418051624239393,-0.07498176989329002,0.0,0.0,0.0,0.18733963242682541,0.9822952011092093,1.5,1,3,1784929567.4354498,world,workspace,0.47418051624239393,-0.07498176989329002,0.0,0.0,0.18733963242682541,0.9822952011092093,1,1784929567.435601,27.60003089904785,workspace,1,321,,1,1784929595.0344548,0.001177072525024414,world,pelvis,-0.5616004562468848,-0.10808862515687623,0.7734684095756456,-0.03647396606655551,0.02138264635776122,-0.7637135121906363,0.6441693127831825,capsules,0.05,0.5,0.1,0.5,0.5
240,1784929595.1356108,24.106253578327596,1,1784929595.1353114,0.0002994537353515625,17,-0.05406838655471802,1,0.05682508647441864,1,-0.1165703758597374,1,0.05345020815730095,1,0.2907761037349701,1,0.38703712821006775,1,-0.781230092048645,1,0.3385393023490906,1,-0.1805272251367569,1,-0.45661479234695435,1,-0.763027012348175,1,-0.1639319509267807,1,0.025683432817459106,1,-0.07159790396690369,1,-0.13144250214099884,1,-0.05787661299109459,1,0.10118075460195541,1,0,,,,,,,,,,,,,,,,,,,,,,,,,,,,,,,,,,,,,,,,,,,,,,,,,,,,,,,,,,,,,,,,,,,,,,,,,,,,,,,,,,,,,,,,,,,,,,,,,,,,,,,,,,,,,,,,,,,,,1,1784929595.1344585,0.0011522769927978516,world,base_footprint,-0.5491672928887852,-0.16456117690183128,1,0,1,1784929567.4354498,27.70016098022461,world,workspace,1,0,3,0.47418051624239393,-0.07498176989329002,0.0,0.0,0.0,0.18733963242682541,0.9822952011092093,1.5,1,3,1784929567.4354498,world,workspace,0.47418051624239393,-0.07498176989329002,0.0,0.0,0.18733963242682541,0.9822952011092093,1,1784929567.435601,27.70000982284546,workspace,1,321,,1,1784929595.1344588,0.00115203857421875,world,pelvis,-0.5250575431296495,-0.13761769753069358,0.7734006983066938,-0.022891189210823594,-0.0027738867491601767,-0.7514360251797044,0.6594029110270472,capsules,0.05,0.5,0.1,0.5,0.5
241,1784929595.2356584,24.206302052363753,1,1784929595.2342331,0.0014252662658691406,17,-0.049469511955976486,1,-0.04242061451077461,1,-0.11091858148574829,1,0.05697998031973839,1,0.37463992834091187,1,0.24622227251529694,1,-0.7686200737953186,1,0.2862563729286194,1,-0.12515908479690552,1,-0.34584179520606995,1,-0.813892662525177,1,-0.09986953437328339,1,-0.015967484563589096,1,-0.06778153777122498,1,-0.32695674896240234,1,0.05721979960799217,1,0.016664009541273117,1,0,,,,,,,,,,,,,,,,,,,,,,,,,,,,,,,,,,,,,,,,,,,,,,,,,,,,,,,,,,,,,,,,,,,,,,,,,,,,,,,,,,,,,,,,,,,,,,,,,,,,,,,,,,,,,,,,,,,,,1,1784929595.233461,0.0021975040435791016,world,base_footprint,-0.5223100009625706,-0.18185260575373463,1,0,1,1784929567.4354498,27.800208568572998,world,workspace,1,0,3,0.47418051624239393,-0.07498176989329002,0.0,0.0,0.0,0.18733963242682541,0.9822952011092093,1.5,1,3,1784929567.4354498,world,workspace,0.47418051624239393,-0.07498176989329002,0.0,0.0,0.18733963242682541,0.9822952011092093,1,1784929567.435601,27.800057411193848,workspace,1,321,,1,1784929595.2334611,0.002197265625,world,pelvis,-0.5225872442792436,-0.1572544179806343,0.7765810880379067,-0.010271664703775513,-0.011855772632467598,-0.748274509890889,0.663203732956209,capsules,0.05,0.5,0.1,0.5,0.5
242,1784929595.3356736,24.3063175547868,1,1784929595.3353722,0.000301361083984375,17,-0.07559069991111755,1,-0.1439579874277115,1,-0.11506592482328415,1,0.1270824670791626,1,0.3424859344959259,1,0.04793577268719673,1,-0.678961992263794,1,0.14770476520061493,1,-0.2209133505821228,1,-0.3857409358024597,1,-0.8829206228256226,1,-0.05799677595496178,1,-0.039826177060604095,1,-0.0976393073797226,1,-0.3612140417098999,1,0.05720561742782593,1,0.030908476561307907,1,0,,,,,,,,,,,,,,,,,,,,,,,,,,,,,,,,,,,,,,,,,,,,,,,,,,,,,,,,,,,,,,,,,,,,,,,,,,,,,,,,,,,,,,,,,,,,,,,,,,,,,,,,,,,,,,,,,,,,,1,1784929595.3334575,0.0022161006927490234,world,base_footprint,-0.5117257628594994,-0.19472991023510647,1,0,1,1784929567.4354498,27.90022373199463,world,workspace,1,0,3,0.47418051624239393,-0.07498176989329002,0.0,0.0,0.0,0.18733963242682541,0.9822952011092093,1.5,1,3,1784929567.4354498,world,workspace,0.47418051624239393,-0.07498176989329002,0.0,0.0,0.18733963242682541,0.9822952011092093,1,1784929567.435601,27.90007257461548,workspace,1,321,,1,1784929595.3334575,0.0022161006927490234,world,pelvis,-0.5311275690037188,-0.18066092291201852,0.7762744999894878,0.002994623999535372,-0.014985974055487504,-0.734210412013491,0.6787499714178186,capsules,0.05,0.5,0.1,0.5,0.5
243,1784929595.435559,24.40620415750891,1,1784929595.4343703,0.0011887550354003906,17,-0.07199504971504211,1,-0.16671745479106903,1,-0.01644829288125038,1,0.19625332951545715,1,0.29125502705574036,1,-0.11236725002527237,1,-0.6204400658607483,1,-0.09038815647363663,1,-0.39566531777381897,1,-0.48577290773391724,1,-0.8519998788833618,1,-0.059479162096977234,1,-0.004397354554384947,1,-0.0751984640955925,1,-0.19505277276039124,1,0.05769474059343338,1,0.01123326551169157,1,0,,,,,,,,,,,,,,,,,,,,,,,,,,,,,,,,,,,,,,,,,,,,,,,,,,,,,,,,,,,,,,,,,,,,,,,,,,,,,,,,,,,,,,,,,,,,,,,,,,,,,,,,,,,,,,,,,,,,,1,1784929595.4334586,0.0021004676818847656,world,base_footprint,-0.5403077841681282,-0.2576415291231069,1,0,1,1784929567.4354498,28.00010919570923,world,workspace,1,0,3,0.47418051624239393,-0.07498176989329002,0.0,0.0,0.0,0.18733963242682541,0.9822952011092093,1.5,1,3,1784929567.4354498,world,workspace,0.47418051624239393,-0.07498176989329002,0.0,0.0,0.18733963242682541,0.9822952011092093,1,1784929567.435601,27.999958038330078,workspace,1,321,,1,1784929595.4344563,0.0011026859283447266,world,pelvis,-0.5408766679254045,-0.20426834140108702,0.7742443026858297,-0.023844699227582845,-0.02525148112118933,-0.7193936838161901,0.6937337534712463,capsules,0.05,0.5,0.1,0.5,0.5
244,1784929595.535678,24.506322381086648,1,1784929595.5338585,0.0018193721771240234,17,-0.034455105662345886,1,-0.0782347172498703,1,0.008646365255117416,1,0.23826964199543,1,0.24622705578804016,1,-0.1901472508907318,1,-0.6477810144424438,1,-0.3080265522003174,1,-0.6266952753067017,1,-0.5203073024749756,1,-0.6762285232543945,1,-0.24259236454963684,1,-0.008880573324859142,1,-0.0071843392215669155,1,-0.11794767528772354,1,0.052616242319345474,1,0.0001256670948350802,1,0,,,,,,,,,,,,,,,,,,,,,,,,,,,,,,,,,,,,,,,,,,,,,,,,,,,,,,,,,,,,,,,,,,,,,,,,,,,,,,,,,,,,,,,,,,,,,,,,,,,,,,,,,,,,,,,,,,,,,1,1784929595.5344546,0.0012233257293701172,world,base_footprint,-0.5426098072597485,-0.2882551442997416,1,0,1,1784929567.4354498,28.10022807121277,world,workspace,1,0,3,0.47418051624239393,-0.07498176989329002,0.0,0.0,0.0,0.18733963242682541,0.9822952011092093,1.5,1,3,1784929567.4354498,world,workspace,0.47418051624239393,-0.07498176989329002,0.0,0.0,0.18733963242682541,0.9822952011092093,1,1784929567.435601,28.100076913833618,workspace,1,321,,1,1784929595.5344548,0.0012230873107910156,world,pelvis,-0.5229704140980547,-0.22901006377654443,0.7766074502056329,-0.03546464854288622,-0.01812337587158617,-0.7115626218386227,0.7014930057761745,capsules,0.05,0.5,0.1,0.5,0.5
245,1784929595.6355965,24.60624272748828,1,1784929595.6347654,0.0008311271667480469,17,0.005686204414814711,1,0.045866455882787704,1,-0.030618149787187576,1,0.13655191659927368,1,0.25293734669685364,1,-0.10203083604574203,1,-0.7677639722824097,1,-0.4969116747379303,1,-0.799347996711731,1,-0.4686892032623291,1,-0.45367196202278137,1,-0.23510782420635223,1,0.046602170914411545,1,-0.026245001703500748,1,-0.0012733603361994028,1,0.03126924857497215,1,-0.03560761734843254,1,0,,,,,,,,,,,,,,,,,,,,,,,,,,,,,,,,,,,,,,,,,,,,,,,,,,,,,,,,,,,,,,,,,,,,,,,,,,,,,,,,,,,,,,,,,,,,,,,,,,,,,,,,,,,,,,,,,,,,,1,1784929595.6344552,0.0011413097381591797,world,base_footprint,-0.5377050195739443,-0.32307371575863386,1,0,1,1784929567.4354498,28.200146675109863,world,workspace,1,0,3,0.47418051624239393,-0.07498176989329002,0.0,0.0,0.0,0.18733963242682541,0.9822952011092093,1.5,1,3,1784929567.4354498,world,workspace,0.47418051624239393,-0.07498176989329002,0.0,0.0,0.18733963242682541,0.9822952011092093,1,1784929567.435601,28.199995517730713,workspace,1,321,,1,1784929595.6344554,0.0011410713195800781,world,pelvis,-0.49222043022004586,-0.26231597253816463,0.7775727728644032,-0.04804651958535313,-0.006225049539587579,-0.6963667217753149,0.7160489993833279,capsules,0.05,0.5,0.1,0.5,0.5
246,1784929595.7355933,24.706236970610917,1,1784929595.7346866,0.0009067058563232422,17,0.05771748721599579,1,0.02391943149268627,1,-0.05391223728656769,1,-0.10979625582695007,1,0.2824684977531433,1,0.029829464852809906,1,-0.8673959374427795,1,-0.617404043674469,1,-0.9096240401268005,1,-0.35832810401916504,1,-0.29400208592414856,1,-0.118828684091568,1,-0.014608707278966904,1,0.02012115716934204,1,-0.037954024970531464,1,-0.003628284903243184,1,0.02622685581445694,1,0,,,,,,,,,,,,,,,,,,,,,,,,,,,,,,,,,,,,,,,,,,,,,,,,,,,,,,,,,,,,,,,,,,,,,,,,,,,,,,,,,,,,,,,,,,,,,,,,,,,,,,,,,,,,,,,,,,,,,1,1784929595.7344556,0.0011377334594726562,world,base_footprint,-0.47831570535028506,-0.36395132452522316,1,0,1,1784929567.4354498,28.300143480300903,world,workspace,1,0,3,0.47418051624239393,-0.07498176989329002,0.0,0.0,0.0,0.18733963242682541,0.9822952011092093,1.5,1,3,1784929567.4354498,world,workspace,0.47418051624239393,-0.07498176989329002,0.0,0.0,0.18733963242682541,0.9822952011092093,1,1784929567.435601,28.299992322921753,workspace,1,321,,1,1784929595.7344556,0.0011377334594726562,world,pelvis,-0.46637496283886115,-0.2970162299404573,0.7780905514675369,-0.036104708261824915,-0.02406867697200147,-0.6915363642474528,0.7210371736280733,capsules,0.05,0.5,0.1,0.5,0.5
247,1784929595.8355987,24.806243827566504,1,1784929595.8347316,0.0008671283721923828,17,0.07666537165641785,1,-0.09478097409009933,1,-0.008897951804101467,1,-0.3863545060157776,1,0.34500497579574585,1,0.10903050005435944,1,-0.9126429557800293,1,-0.616242527961731,1,-1.0640474557876587,1,-0.2942531108856201,1,-0.3198474049568176,1,-0.07105178385972977,1,-0.036841269582509995,1,0.024580983445048332,1,-0.3026239275932312,1,0.08029613643884659,1,-0.022418756037950516,1,0,,,,,,,,,,,,,,,,,,,,,,,,,,,,,,,,,,,,,,,,,,,,,,,,,,,,,,,,,,,,,,,,,,,,,,,,,,,,,,,,,,,,,,,,,,,,,,,,,,,,,,,,,,,,,,,,,,,,,1,1784929595.8344555,0.0011432170867919922,world,base_footprint,-0.46226417463441083,-0.37735453437405997,1,0,1,1784929567.4354498,28.40014886856079,world,workspace,1,0,3,0.47418051624239393,-0.07498176989329002,0.0,0.0,0.0,0.18733963242682541,0.9822952011092093,1.5,1,3,1784929567.4354498,world,workspace,0.47418051624239393,-0.07498176989329002,0.0,0.0,0.18733963242682541,0.9822952011092093,1,1784929567.435601,28.39999771118164,workspace,1,321,,1,1784929595.8344557,0.0011429786682128906,world,pelvis,-0.4741640535709998,-0.32002231273158965,0.7784138724689033,-0.021191828678941017,-0.030767714912271257,-0.6906060912924008,0.7222655195882965,capsules,0.05,0.5,0.1,0.5,0.5
248,1784929595.9355912,24.906235054135323,1,1784929595.9344432,0.0011479854583740234,17,0.016529086977243423,1,-0.21870242059230804,1,-0.039322882890701294,1,-0.5099234580993652,1,0.4579627215862274,1,0.19756588339805603,1,-0.8734263181686401,1,-0.5008858442306519,1,-1.1466482877731323,1,-0.31175553798675537,1,-0.5024669766426086,1,-0.047605860978364944,1,-0.04683270677924156,1,0.024261267855763435,1,-0.37041330337524414,1,-0.0037482751067727804,1,0.031348854303359985,1,0,,,,,,,,,,,,,,,,,,,,,,,,,,,,,,,,,,,,,,,,,,,,,,,,,,,,,,,,,,,,,,,,,,,,,,,,,,,,,,,,,,,,,,,,,,,,,,,,,,,,,,,,,,,,,,,,,,,,,1,1784929595.934454,0.0011372566223144531,world,base_footprint,-0.4541973141242788,-0.3804850893785507,1,0,1,1784929567.4354498,28.500141382217407,world,workspace,1,0,3,0.47418051624239393,-0.07498176989329002,0.0,0.0,0.0,0.18733963242682541,0.9822952011092093,1.5,1,3,1784929567.4354498,world,workspace,0.47418051624239393,-0.07498176989329002,0.0,0.0,0.18733963242682541,0.9822952011092093,1,1784929567.435601,28.499990224838257,workspace,1,321,,1,1784929595.9344542,0.0011370182037353516,world,pelvis,-0.4904343623915361,-0.35394782384752027,0.775763518685639,0.0035577780516517638,-0.02842733209972875,-0.6861700335638564,0.72687682178207,capsules,0.05,0.5,0.1,0.5,0.5
249,1784929596.0355854,25.006230790168047,1,1784929596.034675,0.0009105205535888672,17,-0.06295742094516754,1,-0.23158270120620728,1,0.023569894954562187,1,-0.6525710821151733,1,0.5894119143486023,1,0.232711061835289,1,-0.7039139866828918,1,-0.33433276414871216,1,-1.089713215827942,1,-0.3110611140727997,1,-0.6852858662605286,1,-0.08009929955005646,1,0.01810183748602867,1,0.003299084724858403,1,-0.19748979806900024,1,-0.0016694768564775586,1,-0.024651218205690384,1,0,,,,,,,,,,,,,,,,,,,,,,,,,,,,,,,,,,,,,,,,,,,,,,,,,,,,,,,,,,,,,,,,,,,,,,,,,,,,,,,,,,,,,,,,,,,,,,,,,,,,,,,,,,,,,,,,,,,,,1,1784929596.0334575,0.0021278858184814453,world,base_footprint,-0.4959517544114926,-0.45386838551390646,1,0,1,1784929567.4354498,28.600135564804077,world,workspace,1,0,3,0.47418051624239393,-0.07498176989329002,0.0,0.0,0.0,0.18733963242682541,0.9822952011092093,1.5,1,3,1784929567.4354498,world,workspace,0.47418051624239393,-0.07498176989329002,0.0,0.0,0.18733963242682541,0.9822952011092093,1,1784929567.435601,28.599984407424927,workspace,1,321,,1,1784929596.034457,0.0011284351348876953,world,pelvis,-0.5039719977050632,-0.3869618456008722,0.7719490137861056,-0.02834891823018781,-0.03233725637782619,-0.667533291415266,0.7433370336108881,capsules,0.05,0.5,0.1,0.5,0.5
250,1784929596.1358767,25.10652247723192,1,1784929596.1349804,0.0008962154388427734,17,-0.10009156167507172,1,-0.10074647516012192,1,0.06497788429260254,1,-0.7786682844161987,1,0.6314235925674438,1,0.20572063326835632,1,-0.49027833342552185,1,-0.14371436834335327,1,-0.9461910128593445,1,-0.2154173105955124,1,-0.7280857563018799,1,-0.23563626408576965,1,0.022280480712652206,1,0.01056069228798151,1,-0.07986477017402649,1,0.0150431664660573,1,-0.06352601945400238,1,0,,,,,,,,,,,,,,,,,,,,,,,,,,,,,,,,,,,,,,,,,,,,,,,,,,,,,,,,,,,,,,,,,,,,,,,,,,,,,,,,,,,,,,,,,,,,,,,,,,,,,,,,,,,,,,,,,,,,,1,1784929596.1344552,0.0014214515686035156,world,base_footprint,-0.5105410443801487,-0.4978949152187497,1,0,1,1784929567.4354498,28.700426816940308,world,workspace,1,0,3,0.47418051624239393,-0.07498176989329002,0.0,0.0,0.0,0.18733963242682541,0.9822952011092093,1.5,1,3,1784929567.4354498,world,workspace,0.47418051624239393,-0.07498176989329002,0.0,0.0,0.18733963242682541,0.9822952011092093,1,1784929567.435601,28.700275659561157,workspace,1,321,,1,1784929596.1344552,0.0014214515686035156,world,pelvis,-0.477702423571631,-0.4112780843354825,0.7729820892381034,-0.05555580826405824,-0.020349719027485072,-0.6533359653048786,0.7547526465954075,capsules,0.05,0.5,0.1,0.5,0.5
251,1784929596.2356772,25.206322269514203,1,1784929596.2348518,0.0008254051208496094,17,-0.12275498360395432,1,0.07703869044780731,1,0.09077175706624985,1,-0.9793314933776855,1,0.7481735944747925,1,0.16503874957561493,1,-0.2908138930797577,1,-0.08169296383857727,1,-0.836236834526062,1,-0.08368067443370819,1,-0.7258594632148743,1,-0.23366954922676086,1,0.12931805849075317,1,-0.09985669702291489,1,0.03608638420701027,1,0.004075787030160427,1,-0.08654317259788513,1,0,,,,,,,,,,,,,,,,,,,,,,,,,,,,,,,,,,,,,,,,,,,,,,,,,,,,,,,,,,,,,,,,,,,,,,,,,,,,,,,,,,,,,,,,,,,,,,,,,,,,,,,,,,,,,,,,,,,,,1,1784929596.2334588,0.002218484878540039,world,base_footprint,-0.5024332248776757,-0.5387264797453266,1,0,1,1784929567.4354498,28.800227403640747,world,workspace,1,0,3,0.47418051624239393,-0.07498176989329002,0.0,0.0,0.0,0.18733963242682541,0.9822952011092093,1.5,1,3,1784929567.4354498,world,workspace,0.47418051624239393,-0.07498176989329002,0.0,0.0,0.18733963242682541,0.9822952011092093,1,1784929567.435601,28.800076246261597,workspace,1,321,,1,1784929596.234455,0.0012221336364746094,world,pelvis,-0.4306538720644698,-0.4376648330214697,0.7684706641371997,-0.0790021336903683,-0.006684755336326248,-0.6437041408382607,0.7611563282178894,capsules,0.05,0.5,0.1,0.5,0.5
252,1784929596.3356018,25.306247863918543,1,1784929596.3351424,0.00045943260192871094,17,-0.10974547266960144,1,0.08406437188386917,1,0.0830451101064682,1,-1.092442512512207,1,1.0020965337753296,1,0.11400154232978821,1,-0.22950886189937592,1,-0.11967568844556808,1,-0.7568827867507935,1,0.013360127806663513,1,-0.722591757774353,1,-0.1533694565296173,1,0.02999546378850937,1,-0.02540493756532669,1,-0.12364982813596725,1,-0.020785430446267128,1,0.0401981957256794,1,0,,,,,,,,,,,,,,,,,,,,,,,,,,,,,,,,,,,,,,,,,,,,,,,,,,,,,,,,,,,,,,,,,,,,,,,,,,,,,,,,,,,,,,,,,,,,,,,,,,,,,,,,,,,,,,,,,,,,,1,1784929596.333457,0.0021448135375976562,world,base_footprint,-0.41758692439790823,-0.5383441888667786,1,0,1,1784929567.4354498,28.90015196800232,world,workspace,1,0,3,0.47418051624239393,-0.07498176989329002,0.0,0.0,0.0,0.18733963242682541,0.9822952011092093,1.5,1,3,1784929567.4354498,world,workspace,0.47418051624239393,-0.07498176989329002,0.0,0.0,0.18733963242682541,0.9822952011092093,1,1784929567.435601,28.90000081062317,workspace,1,321,,1,1784929596.3334572,0.0021445751190185547,world,pelvis,-0.3924391151477399,-0.4628547184411156,0.7741497699809733,-0.046975549541032065,-0.0193307195091122,-0.6524704455879893,0.7561097398280153,capsules,0.05,0.5,0.1,0.5,0.5
253,1784929596.43563,25.4062745179981,1,1784929596.4347339,0.0008962154388427734,17,-0.04871899262070656,1,0.040202971547842026,1,0.06788285821676254,1,-1.0151656866073608,1,1.1921873092651367,1,0.19689588248729706,1,-0.3090367615222931,1,-0.27517184615135193,1,-0.8847042322158813,1,0.002618905156850815,1,-0.6939117908477783,1,-0.08139166980981827,1,0.0021308008581399918,1,0.034688811749219894,1,-0.301322340965271,1,0.062402501702308655,1,-0.02691628411412239,1,0,,,,,,,,,,,,,,,,,,,,,,,,,,,,,,,,,,,,,,,,,,,,,,,,,,,,,,,,,,,,,,,,,,,,,,,,,,,,,,,,,,,,,,,,,,,,,,,,,,,,,,,,,,,,,,,,,,,,,1,1784929596.434455,0.0011751651763916016,world,base_footprint,-0.38630808705924974,-0.5413214995983597,1,0,1,1784929567.4354498,29.0001802444458,world,workspace,1,0,3,0.47418051624239393,-0.07498176989329002,0.0,0.0,0.0,0.18733963242682541,0.9822952011092093,1.5,1,3,1784929567.4354498,world,workspace,0.47418051624239393,-0.07498176989329002,0.0,0.0,0.18733963242682541,0.9822952011092093,1,1784929567.435601,29.00002908706665,workspace,1,321,,1,1784929596.434455,0.0011751651763916016,world,pelvis,-0.3856523303025763,-0.4910840338910871,0.7769586556082788,-0.024038641598422082,-0.021198001400334666,-0.6707895032526914,0.740954945170583,capsules,0.05,0.5,0.1,0.5,0.5
254,1784929596.5356033,25.506248373538256,1,1784929596.5347633,0.0008399486541748047,17,0.014708160422742367,1,-0.043663423508405685,1,0.03595389053225517,1,-0.8021737337112427,1,1.148335337638855,1,0.32054224610328674,1,-0.4592120349407196,1,-0.508109450340271,1,-1.1121710538864136,1,-0.04386915639042854,1,-0.5576746463775635,1,-0.004835266619920731,1,-0.026894211769104004,1,0.06877024471759796,1,-0.32917529344558716,1,0.022570990025997162,1,-0.035018663853406906,1,0,,,,,,,,,,,,,,,,,,,,,,,,,,,,,,,,,,,,,,,,,,,,,,,,,,,,,,,,,,,,,,,,,,,,,,,,,,,,,,,,,,,,,,,,,,,,,,,,,,,,,,,,,,,,,,,,,,,,,1,1784929596.5344563,0.0011470317840576172,world,base_footprint,-0.3596986823930556,-0.5596014886330983,1,0,1,1784929567.4354498,29.10015344619751,world,workspace,1,0,3,0.47418051624239393,-0.07498176989329002,0.0,0.0,0.0,0.18733963242682541,0.9822952011092093,1.5,1,3,1784929567.4354498,world,workspace,0.47418051624239393,-0.07498176989329002,0.0,0.0,0.18733963242682541,0.9822952011092093,1,1784929567.435601,29.10000228881836,workspace,1,321,,1,1784929596.5344565,0.0011467933654785156,world,pelvis,-0.39439886702541455,-0.5265509196080689,0.773666423606512,-0.0004565059247075542,-0.03056500395261817,-0.6784776205589594,0.7339848026603615,capsules,0.05,0.5,0.1,0.5,0.5
255,1784929596.6356912,25.6063380446285,1,1784929596.6350436,0.0006475448608398438,17,0.03323963284492493,1,-0.06212901324033737,1,0.12282828986644745,1,-0.5641304850578308,1,0.9106922745704651,1,0.3428986072540283,1,-0.6164073348045349,1,-0.7830914855003357,1,-1.2438011169433594,1,-0.04589813947677612,1,-0.35468900203704834,1,-0.043107472360134125,1,-0.004251478705555201,1,0.053498804569244385,1,-0.17402037978172302,1,0.024410435929894447,1,-0.04576937481760979,1,0,,,,,,,,,,,,,,,,,,,,,,,,,,,,,,,,,,,,,,,,,,,,,,,,,,,,,,,,,,,,,,,,,,,,,,,,,,,,,,,,,,,,,,,,,,,,,,,,,,,,,,,,,,,,,,,,,,,,,1,1784929596.6344576,0.0012335777282714844,world,base_footprint,-0.3729559785666807,-0.6452429685855708,1,0,1,1784929567.4354498,29.200241327285767,world,workspace,1,0,3,0.47418051624239393,-0.07498176989329002,0.0,0.0,0.0,0.18733963242682541,0.9822952011092093,1.5,1,3,1784929567.4354498,world,workspace,0.47418051624239393,-0.07498176989329002,0.0,0.0,0.18733963242682541,0.9822952011092093,1,1784929567.435601,29.200090169906616,workspace,1,321,,1,1784929596.6344578,0.0012333393096923828,world,pelvis,-0.40817757370853935,-0.5584098454506061,0.7709902149374339,-0.026382157955602,-0.0537243228673779,-0.6649125652575677,0.7445192807689055,capsules,0.05,0.5,0.1,0.5,0.5
256,1784929596.7356482,25.706289908848703,1,1784929596.7354074,0.00024080276489257812,17,0.03193742781877518,1,-0.022861801087856293,1,0.12125438451766968,1,-0.28278326988220215,1,0.6809289455413818,1,0.23041468858718872,1,-0.727994441986084,1,-0.9742504358291626,1,-1.2509700059890747,1,0.01920834183692932,1,-0.16373121738433838,1,-0.23868530988693237,1,-0.03530462086200714,1,0.060027338564395905,1,-0.07592316716909409,1,0.04875484108924866,1,-0.041065964847803116,1,0,,,,,,,,,,,,,,,,,,,,,,,,,,,,,,,,,,,,,,,,,,,,,,,,,,,,,,,,,,,,,,,,,,,,,,,,,,,,,,,,,,,,,,,,,,,,,,,,,,,,,,,,,,,,,,,,,,,,,1,1784929596.733459,0.002189159393310547,world,base_footprint,-0.3819114283994444,-0.6888131198966094,1,0,1,1784929567.4354498,29.300198316574097,world,workspace,1,0,3,0.47418051624239393,-0.07498176989329002,0.0,0.0,0.0,0.18733963242682541,0.9822952011092093,1.5,1,3,1784929567.4354498,world,workspace,0.47418051624239393,-0.07498176989329002,0.0,0.0,0.18733963242682541,0.9822952011092093,1,1784929567.435601,29.300047159194946,workspace,1,321,,1,1784929596.733459,0.002189159393310547,world,pelvis,-0.3986822481308761,-0.5899102377484235,0.7742960598657392,-0.039972883623830606,-0.05009880136951602,-0.6650358650514363,0.7440561651323248,capsules,0.05,0.5,0.1,0.5,0.5
257,1784929596.835768,25.806413643062115,1,1784929596.8348346,0.0009334087371826172,17,0.019986845552921295,1,0.0033765805419534445,1,0.09877914935350418,1,-0.15032926201820374,1,0.6480488181114197,1,0.09909653663635254,1,-0.7958279848098755,1,-1.0951933860778809,1,-1.3673590421676636,1,0.16606613993644714,1,0.024071868509054184,1,-0.2406388223171234,1,-0.008801925927400589,1,0.027203360572457314,1,0.046206746250391006,1,0.04933897405862808,1,-0.07709691673517227,1,0,,,,,,,,,,,,,,,,,,,,,,,,,,,,,,,,,,,,,,,,,,,,,,,,,,,,,,,,,,,,,,,,,,,,,,,,,,,,,,,,,,,,,,,,,,,,,,,,,,,,,,,,,,,,,,,,,,,,,1,1784929596.8334553,0.0023126602172851562,world,base_footprint,-0.38296367645267226,-0.7267404185695097,1,0,1,1784929567.4354498,29.400318145751953,world,workspace,1,0,3,0.47418051624239393,-0.07498176989329002,0.0,0.0,0.0,0.18733963242682541,0.9822952011092093,1.5,1,3,1784929567.4354498,world,workspace,0.47418051624239393,-0.07498176989329002,0.0,0.0,0.18733963242682541,0.9822952011092093,1,1784929567.435601,29.400166988372803,workspace,1,321,,1,1784929596.834458,0.0013098716735839844,world,pelvis,-0.3805681814701396,-0.6281725570491072,0.7773500272178658,-0.04902106664226246,-0.04040246331952876,-0.651824731548138,0.7557043703229238,capsules,0.05,0.5,0.1,0.5,0.5
258,1784929596.935593,25.906236528418958,1,1784929596.9344325,0.0011603832244873047,17,0.05402333289384842,1,-0.045825812965631485,1,0.15309251844882965,1,-0.21436987817287445,1,0.7762206196784973,1,0.05317383259534836,1,-0.8119450807571411,1,-1.1358562707901,1,-1.5394606590270996,1,0.2531279921531677,1,0.13097219169139862,1,-0.06888169050216675,1,-0.03375907987356186,1,0.05219411104917526,1,0.05660112947225571,1,0.012904355302453041,1,-0.05728747695684433,1,0,,,,,,,,,,,,,,,,,,,,,,,,,,,,,,,,,,,,,,,,,,,,,,,,,,,,,,,,,,,,,,,,,,,,,,,,,,,,,,,,,,,,,,,,,,,,,,,,,,,,,,,,,,,,,,,,,,,,,1,1784929596.9334574,0.0021355152130126953,world,base_footprint,-0.3424971010990274,-0.7834022188592159,1,0,1,1784929567.4354498,29.50014305114746,world,workspace,1,0,3,0.47418051624239393,-0.07498176989329002,0.0,0.0,0.0,0.18733963242682541,0.9822952011092093,1.5,1,3,1784929567.4354498,world,workspace,0.47418051624239393,-0.07498176989329002,0.0,0.0,0.18733963242682541,0.9822952011092093,1,1784929567.435601,29.49999189376831,workspace,1,321,,1,1784929596.9334576,0.0021352767944335938,world,pelvis,-0.361481955943785,-0.6646941364177998,0.7761388063251934,-0.049870350476512254,-0.05850595417930612,-0.647122296066848,0.758500319974942,capsules,0.05,0.5,0.1,0.5,0.5
259,1784929597.0357418,26.006386681459844,1,1784929597.0346804,0.0010614395141601562,17,0.05851707607507706,1,-0.1582200676202774,1,0.21495920419692993,1,-0.4153321385383606,1,0.9494507908821106,1,0.03231707587838173,1,-0.7349625825881958,1,-1.0379359722137451,1,-1.6539509296417236,1,0.28873008489608765,1,0.12210842221975327,1,-0.03718044236302376,1,-0.02839205600321293,1,0.054595377296209335,1,-0.2050669938325882,1,0.08244408667087555,1,-0.06576787680387497,1,0,,,,,,,,,,,,,,,,,,,,,,,,,,,,,,,,,,,,,,,,,,,,,,,,,,,,,,,,,,,,,,,,,,,,,,,,,,,,,,,,,,,,,,,,,,,,,,,,,,,,,,,,,,,,,,,,,,,,,1,1784929597.0344543,0.0012874603271484375,world,base_footprint,-0.34352310984692785,-0.7946947811628662,1,0,1,1784929567.4354498,29.600291967391968,world,workspace,1,0,3,0.47418051624239393,-0.07498176989329002,0.0,0.0,0.0,0.18733963242682541,0.9822952011092093,1.5,1,3,1784929567.4354498,world,workspace,0.47418051624239393,-0.07498176989329002,0.0,0.0,0.18733963242682541,0.9822952011092093,1,1784929567.435601,29.600140810012817,workspace,1,321,,1,1784929597.0344543,0.0012874603271484375,world,pelvis,-0.3688148913443605,-0.6866403895688296,0.7782348999251428,-0.04185827552915476,-0.057268631390310916,-0.6499636666254108,0.7566474877347165,capsules,0.05,0.5,0.1,0.5,0.5
260,1784929597.1356502,26.106295325793326,1,1784929597.1345484,0.0011017322540283203,17,0.011843128129839897,1,-0.2568327784538269,1,0.17231272161006927,1,-0.6053768992424011,1,0.9969837069511414,1,-0.00831708125770092,1,-0.5604976415634155,1,-0.856423020362854,1,-1.6758016347885132,1,0.209778293967247,1,0.024819694459438324,1,-0.05750241130590439,1,-0.025186020880937576,1,0.0587753988802433,1,-0.28049424290657043,1,0.0036149825900793076,1,0.013015098869800568,1,0,,,,,,,,,,,,,,,,,,,,,,,,,,,,,,,,,,,,,,,,,,,,,,,,,,,,,,,,,,,,,,,,,,,,,,,,,,,,,,,,,,,,,,,,,,,,,,,,,,,,,,,,,,,,,,,,,,,,,1,1784929597.134456,0.0011942386627197266,world,base_footprint,-0.34503951758802565,-0.7846827300619877,1,0,1,1784929567.4354498,29.70020031929016,world,workspace,1,0,3,0.47418051624239393,-0.07498176989329002,0.0,0.0,0.0,0.18733963242682541,0.9822952011092093,1.5,1,3,1784929567.4354498,world,workspace,0.47418051624239393,-0.07498176989329002,0.0,0.0,0.18733963242682541,0.9822952011092093,1,1784929567.435601,29.70004916191101,workspace,1,321,,1,1784929597.1344562,0.001194000244140625,world,pelvis,-0.37689289710426743,-0.717896254304909,0.7761674385879338,-0.0191577077614302,-0.04317053982870356,-0.6496689359938415,0.758748680610949,capsules,0.05,0.5,0.1,0.5,0.5
261,1784929597.2356448,26.206290830858052,1,1784929597.2345114,0.0011334419250488281,17,-0.05502893775701523,1,-0.24058052897453308,1,0.2296282947063446,1,-0.8062296509742737,1,0.9308217763900757,1,-0.015972241759300232,1,-0.33997154235839844,1,-0.692508339881897,1,-1.5759891271591187,1,-0.006820748094469309,1,-0.15621866285800934,1,-0.09193543344736099,1,0.026536112651228905,1,0.01395737286657095,1,-0.1236947774887085,1,0.0025346502661705017,1,-0.04060288518667221,1,0,,,,,,,,,,,,,,,,,,,,,,,,,,,,,,,,,,,,,,,,,,,,,,,,,,,,,,,,,,,,,,,,,,,,,,,,,,,,,,,,,,,,,,,,,,,,,,,,,,,,,,,,,,,,,,,,,,,,,1,1784929597.23346,0.0021848678588867188,world,base_footprint,-0.37555822734865435,-0.8422022470969095,1,0,1,1784929567.4354498,29.80019497871399,world,workspace,1,0,3,0.47418051624239393,-0.07498176989329002,0.0,0.0,0.0,0.18733963242682541,0.9822952011092093,1.5,1,3,1784929567.4354498,world,workspace,0.47418051624239393,-0.07498176989329002,0.0,0.0,0.18733963242682541,0.9822952011092093,1,1784929567.435601,29.80004382133484,workspace,1,321,,1,1784929597.2344544,0.0011904239654541016,world,pelvis,-0.37991755449503617,-0.748232265380503,0.7747725144298651,-0.04474595311448117,-0.04010356474589093,-0.6310520503275847,0.7734098612972945,capsules,0.05,0.5,0.1,0.5,0.5
262,1784929597.335635,26.306279775686562,1,1784929597.3342774,0.0013575553894042969,17,-0.10971975326538086,1,-0.11066266149282455,1,0.2853122055530548,1,-0.9110873341560364,1,0.8657318949699402,1,-0.004849474877119064,1,-0.15630507469177246,1,-0.5134264826774597,1,-1.3853484392166138,1,-0.20690494775772095,1,-0.3545059859752655,1,-0.2339727133512497,1,0.04498907923698425,1,0.014522887766361237,1,-0.021853843703866005,1,0.0029732389375567436,1,-0.09254050999879837,1,0,,,,,,,,,,,,,,,,,,,,,,,,,,,,,,,,,,,,,,,,,,,,,,,,,,,,,,,,,,,,,,,,,,,,,,,,,,,,,,,,,,,,,,,,,,,,,,,,,,,,,,,,,,,,,,,,,,,,,1,1784929597.3334568,0.002178192138671875,world,base_footprint,-0.3771353566562247,-0.8817197319825519,1,0,1,1784929567.4354498,29.900185108184814,world,workspace,1,0,3,0.47418051624239393,-0.07498176989329002,0.0,0.0,0.0,0.18733963242682541,0.9822952011092093,1.5,1,3,1784929567.4354498,world,workspace,0.47418051624239393,-0.07498176989329002,0.0,0.0,0.18733963242682541,0.9822952011092093,1,1784929567.435601,29.900033950805664,workspace,1,321,,1,1784929597.3344598,0.0011751651763916016,world,pelvis,-0.3492513922727781,-0.7681825230428796,0.773443017994875,-0.06862177167677566,-0.030630252468396832,-0.6090468899202096,0.7895661631327566,capsules,0.05,0.5,0.1,0.5,0.5
263,1784929597.4355867,26.40622909553349,1,1784929597.4347148,0.0008718967437744141,17,-0.11112680286169052,1,0.05419177561998367,1,0.2751901149749756,1,-0.8513627648353577,1,1.0099904537200928,1,0.045263852924108505,1,-0.059842728078365326,1,-0.25157368183135986,1,-1.1975213289260864,1,-0.36108753085136414,1,-0.5196364521980286,1,-0.23097845911979675,1,0.13310621678829193,1,-0.09157376736402512,1,0.04602714255452156,1,-0.03685019537806511,1,-0.10102482885122299,1,0,,,,,,,,,,,,,,,,,,,,,,,,,,,,,,,,,,,,,,,,,,,,,,,,,,,,,,,,,,,,,,,,,,,,,,,,,,,,,,,,,,,,,,,,,,,,,,,,,,,,,,,,,,,,,,,,,,,,,1,1784929597.4344597,0.001127004623413086,world,base_footprint,-0.3486151121741951,-0.9062961657061417,1,0,1,1784929567.4354498,30.000136852264404,world,workspace,1,0,3,0.47418051624239393,-0.07498176989329002,0.0,0.0,0.0,0.18733963242682541,0.9822952011092093,1.5,1,3,1784929567.4354498,world,workspace,0.47418051624239393,-0.07498176989329002,0.0,0.0,0.18733963242682541,0.9822952011092093,1,1784929567.435601,29.999985694885254,workspace,1,321,,1,1784929597.4344597,0.001127004623413086,world,pelvis,-0.2989356063335672,-0.7959520136998073,0.7680201077601521,-0.07535924239026388,-0.01760438109773871,-0.6053777672963252,0.7921671725184322,capsules,0.05,0.5,0.1,0.5,0.5
264,1784929597.5355344,26.50617848522961,1,1784929597.5343168,0.0012176036834716797,17,-0.024502545595169067,1,0.06239921972155571,1,0.2861635088920593,1,-0.6994355916976929,1,1.164673089981079,1,0.2505311965942383,1,-0.07872860133647919,1,-0.008692923001945019,1,-1.0961803197860718,1,-0.49082231521606445,1,-0.6058209538459778,1,-0.14153048396110535,1,0.04256931319832802,1,0.004131957422941923,1,-0.12975463271141052,1,-0.04331360384821892,1,0.05274030938744545,1,0,,,,,,,,,,,,,,,,,,,,,,,,,,,,,,,,,,,,,,,,,,,,,,,,,,,,,,,,,,,,,,,,,,,,,,,,,,,,,,,,,,,,,,,,,,,,,,,,,,,,,,,,,,,,,,,,,,,,,1,1784929597.5344586,0.00107574462890625,world,base_footprint,-0.26442075606757187,-0.9046971116675668,1,0,1,1784929567.4354498,30.10008454322815,world,workspace,1,0,3,0.47418051624239393,-0.07498176989329002,0.0,0.0,0.0,0.18733963242682541,0.9822952011092093,1.5,1,3,1784929567.4354498,world,workspace,0.47418051624239393,-0.07498176989329002,0.0,0.0,0.18733963242682541,0.9822952011092093,1,1784929567.435601,30.099933385849,workspace,1,321,,1,1784929597.5344586,0.00107574462890625,world,pelvis,-0.26261310751693034,-0.8215474886231721,0.7728348940654225,-0.04224267564851633,-0.03217876887549692,-0.6222374564155515,0.7810253715604994,capsules,0.05,0.5,0.1,0.5,0.5
265,1784929597.6355891,26.606232429854572,1,1784929597.634562,0.0010271072387695312,17,0.07819349318742752,1,0.01924341358244419,1,0.2589975595474243,1,-0.5379252433776855,1,1.1372054815292358,1,0.45291444659233093,1,-0.23347412049770355,1,0.02739596553146839,1,-1.224424958229065,1,-0.5732913017272949,1,-0.5474721193313599,1,-0.08671251684427261,1,0.019242003560066223,1,0.07765038311481476,1,-0.33228376507759094,1,0.046241939067840576,1,-0.0064016589894890785,1,0,,,,,,,,,,,,,,,,,,,,,,,,,,,,,,,,,,,,,,,,,,,,,,,,,,,,,,,,,,,,,,,,,,,,,,,,,,,,,,,,,,,,,,,,,,,,,,,,,,,,,,,,,,,,,,,,,,,,,1,1784929597.634455,0.0011341571807861328,world,base_footprint,-0.23437454805114377,-0.9040816314055241,1,0,1,1784929567.4354498,30.20013928413391,world,workspace,1,0,3,0.47418051624239393,-0.07498176989329002,0.0,0.0,0.0,0.18733963242682541,0.9822952011092093,1.5,1,3,1784929567.4354498,world,workspace,0.47418051624239393,-0.07498176989329002,0.0,0.0,0.18733963242682541,0.9822952011092093,1,1784929567.435601,30.19998812675476,workspace,1,321,,1,1784929597.6344552,0.0011339187622070312,world,pelvis,-0.25619783388416795,-0.8517004904059582,0.7722119498072126,-0.016573257271572005,-0.03218792253308383,-0.6442170598291714,0.7639853693700372,capsules,0.05,0.5,0.1,0.5,0.5
266,1784929597.7356224,26.706264704465866,1,1784929597.7353647,0.00025773048400878906,17,0.08980552852153778,1,-0.047193653881549835,1,0.20329070091247559,1,-0.3552015721797943,1,0.9374330639839172,1,0.3865344226360321,1,-0.40993309020996094,1,-0.1484423577785492,1,-1.3730393648147583,1,-0.576255202293396,1,-0.3965882956981659,1,-0.028409752994775772,1,-0.010219723917543888,1,0.09375379234552383,1,-0.3345414102077484,1,-0.03499869257211685,1,0.01817735657095909,1,0,,,,,,,,,,,,,,,,,,,,,,,,,,,,,,,,,,,,,,,,,,,,,,,,,,,,,,,,,,,,,,,,,,,,,,,,,,,,,,,,,,,,,,,,,,,,,,,,,,,,,,,,,,,,,,,,,,,,,1,1784929597.7344606,0.001161813735961914,world,base_footprint,-0.20851902428431965,-0.9236193377093164,1,0,1,1784929567.4354498,30.300172567367554,world,workspace,1,0,3,0.47418051624239393,-0.07498176989329002,0.0,0.0,0.0,0.18733963242682541,0.9822952011092093,1.5,1,3,1784929567.4354498,world,workspace,0.47418051624239393,-0.07498176989329002,0.0,0.0,0.18733963242682541,0.9822952011092093,1,1784929567.435601,30.300021409988403,workspace,1,321,,1,1784929597.7344606,0.001161813735961914,world,pelvis,-0.2601322803740096,-0.8904392060285689,0.7674159873331869,0.004981476499639886,-0.038833346652755805,-0.6428991560213493,0.7649495612566016,capsules,0.05,0.5,0.1,0.5,0.5
267,1784929597.8359725,26.80661919899285,1,1784929597.8349648,0.0010077953338623047,17,0.041849855333566666,1,0.0059149423614144325,1,0.2839890122413635,1,-0.13755689561367035,1,0.6147797703742981,1,0.1594235599040985,1,-0.42427176237106323,1,-0.3920036554336548,1,-1.4408763647079468,1,-0.5106752514839172,1,-0.2724980413913727,1,-0.10249946266412735,1,0.018884681165218353,1,0.05255309119820595,1,-0.18842560052871704,1,-0.009608709253370762,1,-0.021101025864481926,1,0,,,,,,,,,,,,,,,,,,,,,,,,,,,,,,,,,,,,,,,,,,,,,,,,,,,,,,,,,,,,,,,,,,,,,,,,,,,,,,,,,,,,,,,,,,,,,,,,,,,,,,,,,,,,,,,,,,,,,1,1784929597.8344562,0.0015163421630859375,world,base_footprint,-0.22590983903962034,-1.0086041041265417,1,0,1,1784929567.4354498,30.400522708892822,world,workspace,1,0,3,0.47418051624239393,-0.07498176989329002,0.0,0.0,0.0,0.18733963242682541,0.9822952011092093,1.5,1,3,1784929567.4354498,world,workspace,0.47418051624239393,-0.07498176989329002,0.0,0.0,0.18733963242682541,0.9822952011092093,1,1784929567.435601,30.400371551513672,workspace,1,321,,1,1784929597.8344564,0.001516103744506836,world,pelvis,-0.258566278254654,-0.9171360049594689,0.7689050053278718,-0.03193917070591551,-0.0531918416599202,-0.6330946946707359,0.7715838418054205,capsules,0.05,0.5,0.1,0.5,0.5
268,1784929597.9356904,26.906334883533418,1,1784929597.9347548,0.0009355545043945312,17,-0.027320705354213715,1,0.08073406666517258,1,0.2933890223503113,1,0.1089969277381897,1,0.36704546213150024,1,-0.1097966730594635,1,-0.3778189420700073,1,-0.4863901734352112,1,-1.5424530506134033,1,-0.3832404315471649,1,-0.23905740678310394,1,-0.29548993706703186,1,-0.012548842467367649,1,0.04130762442946434,1,-0.1044054701924324,1,-0.004638576880097389,1,-0.030436065047979355,1,0,,,,,,,,,,,,,,,,,,,,,,,,,,,,,,,,,,,,,,,,,,,,,,,,,,,,,,,,,,,,,,,,,,,,,,,,,,,,,,,,,,,,,,,,,,,,,,,,,,,,,,,,,,,,,,,,,,,,,1,1784929597.93446,0.001230478286743164,world,base_footprint,-0.226346072701859,-1.0359281920534609,1,0,1,1784929567.4354498,30.500240564346313,world,workspace,1,0,3,0.47418051624239393,-0.07498176989329002,0.0,0.0,0.0,0.18733963242682541,0.9822952011092093,1.5,1,3,1784929567.4354498,world,workspace,0.47418051624239393,-0.07498176989329002,0.0,0.0,0.18733963242682541,0.9822952011092093,1,1784929567.435601,30.500089406967163,workspace,1,321,,1,1784929597.93446,0.001230478286743164,world,pelvis,-0.23378833254069503,-0.9378230079005074,0.7727631671507139,-0.04564071159953987,-0.043216585266127525,-0.6294172026144763,0.7745212955468626,capsules,0.05,0.5,0.1,0.5,0.5
269,1784929598.0355818,27.006225945428014,1,1784929598.034846,0.0007357597351074219,17,-0.04725447669625282,1,0.14408031105995178,1,0.26640644669532776,1,0.2902652621269226,1,0.3235776126384735,1,-0.24885179102420807,1,-0.41306036710739136,1,-0.4521121382713318,1,-1.6525847911834717,1,-0.24100147187709808,1,-0.2957833409309387,1,-0.2969050109386444,1,0.040615420788526535,1,-0.04598329961299896,1,-0.00975961983203888,1,0.0031051163095980883,1,-0.039236072450876236,1,0,,,,,,,,,,,,,,,,,,,,,,,,,,,,,,,,,,,,,,,,,,,,,,,,,,,,,,,,,,,,,,,,,,,,,,,,,,,,,,,,,,,,,,,,,,,,,,,,,,,,,,,,,,,,,,,,,,,,,1,1784929598.0344563,0.0011255741119384766,world,base_footprint,-0.22856981515611782,-1.0599473120847176,1,0,1,1784929567.4354498,30.60013198852539,world,workspace,1,0,3,0.47418051624239393,-0.07498176989329002,0.0,0.0,0.0,0.18733963242682541,0.9822952011092093,1.5,1,3,1784929567.4354498,world,workspace,0.47418051624239393,-0.07498176989329002,0.0,0.0,0.18733963242682541,0.9822952011092093,1,1784929567.435601,30.59998083114624,workspace,1,321,,1,1784929598.0344563,0.0011255741119384766,world,pelvis,-0.2038625912580107,-0.962390115423551,0.7748737813344118,-0.05831586701825536,-0.027084088936188837,-0.6296920900977077,0.7741792967063806,capsules,0.05,0.5,0.1,0.5,0.5
270,1784929598.1356,27.106241929344833,1,1784929598.1351476,0.0004525184631347656,17,-0.004104716703295708,1,0.09289249777793884,1,0.24911323189735413,1,0.3313405513763428,1,0.3777385354042053,1,-0.1760959029197693,1,-0.5171913504600525,1,-0.3355464041233063,1,-1.684139609336853,1,-0.15256758034229279,1,-0.4112180769443512,1,-0.14418216049671173,1,0.003530343296006322,1,0.006682771723717451,1,0.010154151357710361,1,-0.05274041369557381,1,0.012154948897659779,1,0,,,,,,,,,,,,,,,,,,,,,,,,,,,,,,,,,,,,,,,,,,,,,,,,,,,,,,,,,,,,,,,,,,,,,,,,,,,,,,,,,,,,,,,,,,,,,,,,,,,,,,,,,,,,,,,,,,,,,1,1784929598.1344593,0.0011408329010009766,world,base_footprint,-0.17249695196233472,-1.0842369676366954,1,0,1,1784929567.4354498,30.70015025138855,world,workspace,1,0,3,0.47418051624239393,-0.07498176989329002,0.0,0.0,0.0,0.18733963242682541,0.9822952011092093,1.5,1,3,1784929567.4354498,world,workspace,0.47418051624239393,-0.07498176989329002,0.0,0.0,0.18733963242682541,0.9822952011092093,1,1784929567.435601,30.6999990940094,workspace,1,321,,1,1784929598.1344593,0.0011408329010009766,world,pelvis,-0.1735313339887111,-0.9861384143057251,0.7757625811782719,-0.04793557355993688,-0.040374979573175145,-0.6348614270714742,0.7700798726292727,capsules,0.05,0.5,0.1,0.5,0.5
271,1784929598.2355874,27.206229340285063,1,1784929598.2348344,0.0007529258728027344,17,0.08863593637943268,1,-0.045355748385190964,1,0.33039435744285583,1,0.15749943256378174,1,0.4014666676521301,1,0.027120137587189674,1,-0.5982996821403503,1,-0.17438824474811554,1,-1.5918538570404053,1,-0.1910676509141922,1,-0.48191601037979126,1,-0.09214689582586288,1,-0.003747751470655203,1,0.056098416447639465,1,-0.1975407898426056,1,0.060899652540683746,1,0.002235604217275977,1,0,,,,,,,,,,,,,,,,,,,,,,,,,,,,,,,,,,,,,,,,,,,,,,,,,,,,,,,,,,,,,,,,,,,,,,,,,,,,,,,,,,,,,,,,,,,,,,,,,,,,,,,,,,,,,,,,,,,,,1,1784929598.2344592,0.0011281967163085938,world,base_footprint,-0.15505629034871907,-1.0931093259437623,1,0,1,1784929567.4354498,30.800137519836426,world,workspace,1,0,3,0.47418051624239393,-0.07498176989329002,0.0,0.0,0.0,0.18733963242682541,0.9822952011092093,1.5,1,3,1784929567.4354498,world,workspace,0.47418051624239393,-0.07498176989329002,0.0,0.0,0.18733963242682541,0.9822952011092093,1,1784929567.435601,30.799986362457275,workspace,1,321,,1,1784929598.2344592,0.0011281967163085938,world,pelvis,-0.1751328957450701,-0.9924666711380795,0.7772552305514702,-0.04031379815017788,-0.0517183101449796,-0.651783627017196,0.7555647673275687,capsules,0.05,0.5,0.1,0.5,0.5
272,1784929598.3355966,27.306240645237267,1,1784929598.3347356,0.0008609294891357422,17,0.08831430226564407,1,-0.1870022863149643,1,0.3497284948825836,1,-0.07749389111995697,1,0.2645789682865143,1,0.13781912624835968,1,-0.5481581091880798,1,-0.012894949875772,1,-1.422376036643982,1,-0.3361465334892273,1,-0.5070335865020752,1,-0.11891922354698181,1,-0.033384718000888824,1,0.04490838199853897,1,-0.24850034713745117,1,0.016044553369283676,1,0.05791110917925835,1,0,,,,,,,,,,,,,,,,,,,,,,,,,,,,,,,,,,,,,,,,,,,,,,,,,,,,,,,,,,,,,,,,,,,,,,,,,,,,,,,,,,,,,,,,,,,,,,,,,,,,,,,,,,,,,,,,,,,,,1,1784929598.333456,0.002140522003173828,world,base_footprint,-0.13926365693234602,-1.0812796011842936,1,0,1,1784929567.4354498,30.90014672279358,world,workspace,1,0,3,0.47418051624239393,-0.07498176989329002,0.0,0.0,0.0,0.18733963242682541,0.9822952011092093,1.5,1,3,1784929567.4354498,world,workspace,0.47418051624239393,-0.07498176989329002,0.0,0.0,0.18733963242682541,0.9822952011092093,1,1784929567.435601,30.89999556541443,workspace,1,321,,1,1784929598.333456,0.002140522003173828,world,pelvis,-0.1802908685112342,-1.0034247318604133,0.7732003251590193,-0.021294134034220567,-0.05200856511754153,-0.6410530179703942,0.7654362789685348,capsules,0.05,0.5,0.1,0.5,0.5
273,1784929598.4355834,27.406227936036885,1,1784929598.434374,0.001209259033203125,17,0.032227884978055954,1,-0.2145911604166031,1,0.3760996460914612,1,-0.27608025074005127,1,0.14832720160484314,1,0.14489653706550598,1,-0.36162883043289185,1,0.00921548344194889,1,-1.2301521301269531,1,-0.46936771273612976,1,-0.4362475872039795,1,-0.16898535192012787,1,-0.003164950292557478,1,0.017552034929394722,1,-0.1475381851196289,1,0.007036798633635044,1,0.008462592028081417,1,0,,,,,,,,,,,,,,,,,,,,,,,,,,,,,,,,,,,,,,,,,,,,,,,,,,,,,,,,,,,,,,,,,,,,,,,,,,,,,,,,,,,,,,,,,,,,,,,,,,,,,,,,,,,,,,,,,,,,,1,1784929598.434455,0.0011284351348876953,world,base_footprint,-0.16263611599766153,-1.099988130599753,1,0,1,1784929567.4354498,31.000133514404297,world,workspace,1,0,3,0.47418051624239393,-0.07498176989329002,0.0,0.0,0.0,0.18733963242682541,0.9822952011092093,1.5,1,3,1784929567.4354498,world,workspace,0.47418051624239393,-0.07498176989329002,0.0,0.0,0.18733963242682541,0.9822952011092093,1,1784929567.435601,30.999982357025146,workspace,1,321,,1,1784929598.434455,0.0011284351348876953,world,pelvis,-0.18174894260546715,-1.0161917175440207,0.7735177801824377,-0.03440386723714513,-0.042760749149444915,-0.6192881564604836,0.7832433028881145,capsules,0.05,0.5,0.1,0.5,0.5
274,1784929598.5357213,27.506365808658302,1,1784929598.5352397,0.00048160552978515625,17,-0.043699223548173904,1,-0.14506663382053375,1,0.3906661570072174,1,-0.413831889629364,1,0.21156635880470276,1,-0.04204946011304855,1,-0.14010457694530487,1,-0.03485647961497307,1,-1.0921810865402222,1,-0.5150540471076965,1,-0.2461181879043579,1,-0.2663704752922058,1,0.016760481521487236,1,0.05919159948825836,1,-0.08349339663982391,1,-0.014295928180217743,1,-0.014653953723609447,1,0,,,,,,,,,,,,,,,,,,,,,,,,,,,,,,,,,,,,,,,,,,,,,,,,,,,,,,,,,,,,,,,,,,,,,,,,,,,,,,,,,,,,,,,,,,,,,,,,,,,,,,,,,,,,,,,,,,,,,1,1784929598.5344543,0.0012669563293457031,world,base_footprint,-0.15347895058409178,-1.1097165971953697,1,0,1,1784929567.4354498,31.100271463394165,world,workspace,1,0,3,0.47418051624239393,-0.07498176989329002,0.0,0.0,0.0,0.18733963242682541,0.9822952011092093,1.5,1,3,1784929567.4354498,world,workspace,0.47418051624239393,-0.07498176989329002,0.0,0.0,0.18733963242682541,0.9822952011092093,1,1784929567.435601,31.100120306015015,workspace,1,321,,1,1784929598.5344543,0.0012669563293457031,world,pelvis,-0.15300954768577407,-1.0203881262955128,0.7757436432860111,-0.0455427401406499,-0.03435715470025284,-0.6054414199039483,0.7938426366768637,capsules,0.05,0.5,0.1,0.5,0.5
275,1784929598.6356938,27.606337900273502,1,1784929598.6346383,0.0010554790496826172,17,-0.09179383516311646,1,-0.04757683351635933,1,0.35876259207725525,1,-0.5261287093162537,1,0.4055594801902771,1,-0.2622678577899933,1,0.02054762654006481,1,-0.03427271172404289,1,-0.9222133755683899,1,-0.3923381567001343,1,-0.02495080791413784,1,-0.20497222244739532,1,0.11155882477760315,1,-0.11051812767982483,1,-0.051828984171152115,1,-0.043531470000743866,1,-0.006982106249779463,1,0,,,,,,,,,,,,,,,,,,,,,,,,,,,,,,,,,,,,,,,,,,,,,,,,,,,,,,,,,,,,,,,,,,,,,,,,,,,,,,,,,,,,,,,,,,,,,,,,,,,,,,,,,,,,,,,,,,,,,1,1784929598.6344566,0.0012371540069580078,world,base_footprint,-0.13167716968676643,-1.128236189027473,1,0,1,1784929567.4354498,31.200243949890137,world,workspace,1,0,3,0.47418051624239393,-0.07498176989329002,0.0,0.0,0.0,0.18733963242682541,0.9822952011092093,1.5,1,3,1784929567.4354498,world,workspace,0.47418051624239393,-0.07498176989329002,0.0,0.0,0.18733963242682541,0.9822952011092093,1,1784929567.435601,31.200092792510986,workspace,1,321,,1,1784929598.6344566,0.0012371540069580078,world,pelvis,-0.10834612656191377,-1.0293258569267325,0.7694029947474949,-0.05918670679755197,-0.026703998642564838,-0.608256049856541,0.79108053193583,capsules,0.05,0.5,0.1,0.5,0.5
276,1784929598.7356164,27.706259769387543,1,1784929598.7351162,0.0005002021789550781,17,-0.07174324244260788,1,-0.07653216272592545,1,0.3387294411659241,1,-0.6200037598609924,1,0.6609552502632141,1,-0.41165509819984436,1,0.19189466536045074,1,0.0009112510015256703,1,-0.6384642720222473,1,-0.15154488384723663,1,0.16052857041358948,1,-0.1604822278022766,1,0.058063115924596786,1,-0.02302432246506214,1,-0.19475720822811127,1,-0.05769629403948784,1,0.08600237965583801,1,0,,,,,,,,,,,,,,,,,,,,,,,,,,,,,,,,,,,,,,,,,,,,,,,,,,,,,,,,,,,,,,,,,,,,,,,,,,,,,,,,,,,,,,,,,,,,,,,,,,,,,,,,,,,,,,,,,,,,,1,1784929598.734456,0.0011603832244873047,world,base_footprint,-0.07160240129593516,-1.1193006814826312,1,0,1,1784929567.4354498,31.300166606903076,world,workspace,1,0,3,0.47418051624239393,-0.07498176989329002,0.0,0.0,0.0,0.18733963242682541,0.9822952011092093,1.5,1,3,1784929567.4354498,world,workspace,0.47418051624239393,-0.07498176989329002,0.0,0.0,0.18733963242682541,0.9822952011092093,1,1784929567.435601,31.300015449523926,workspace,1,321,,1,1784929598.734456,0.0011603832244873047,world,pelvis,-0.07846603871259669,-1.034469818661861,0.7700810868489464,-0.03913794515612561,-0.037703302861268315,-0.6325081882189918,0.7726448563461974,capsules,0.05,0.5,0.1,0.5,0.5
277,1784929598.8355997,27.806243171915412,1,1784929598.834993,0.0006067752838134766,17,-0.01659742183983326,1,-0.10678943991661072,1,0.29420900344848633,1,-0.5818558931350708,1,0.7939006686210632,1,-0.4839686155319214,1,0.3862186372280121,1,0.08620895445346832,1,-0.42175304889678955,1,0.1274118274450302,1,0.22360874712467194,1,-0.11786531656980515,1,0.07185525447130203,1,0.05664218217134476,1,-0.31366148591041565,1,-0.003350918646901846,1,0.011426789686083794,1,0,,,,,,,,,,,,,,,,,,,,,,,,,,,,,,,,,,,,,,,,,,,,,,,,,,,,,,,,,,,,,,,,,,,,,,,,,,,,,,,,,,,,,,,,,,,,,,,,,,,,,,,,,,,,,,,,,,,,,1,1784929598.8344545,0.0011451244354248047,world,base_footprint,-0.06173655265171964,-1.1160282140720565,1,0,1,1784929567.4354498,31.400149822235107,world,workspace,1,0,3,0.47418051624239393,-0.07498176989329002,0.0,0.0,0.0,0.18733963242682541,0.9822952011092093,1.5,1,3,1784929567.4354498,world,workspace,0.47418051624239393,-0.07498176989329002,0.0,0.0,0.18733963242682541,0.9822952011092093,1,1784929567.435601,31.399998664855957,workspace,1,321,,1,1784929598.8344545,0.0011451244354248047,world,pelvis,-0.0771160226127986,-1.0475818316765446,0.7719117536323709,-0.026166680603707786,-0.03633174440281859,-0.6629253617208457,0.747345485008184,capsules,0.05,0.5,0.1,0.5,0.5
278,1784929598.9356108,27.906255931593478,1,1784929598.9346976,0.0009131431579589844,17,-0.005245941691100597,1,-0.12788860499858856,1,0.21385487914085388,1,-0.3774668276309967,1,0.6995673775672913,1,-0.4434533715248108,1,0.4246978759765625,1,0.15876784920692444,1,-0.3272508978843689,1,0.24385002255439758,1,0.19847001135349274,1,-0.0915651023387909,1,0.05267512425780296,1,0.08317869156599045,1,-0.2685498893260956,1,-0.022549785673618317,1,0.009254642762243748,1,0,,,,,,,,,,,,,,,,,,,,,,,,,,,,,,,,,,,,,,,,,,,,,,,,,,,,,,,,,,,,,,,,,,,,,,,,,,,,,,,,,,,,,,,,,,,,,,,,,,,,,,,,,,,,,,,,,,,,,1,1784929598.9334557,0.0021550655364990234,world,base_footprint,-0.04517228322018126,-1.1131321288421623,1,0,1,1784929567.4354498,31.500160932540894,world,workspace,1,0,3,0.47418051624239393,-0.07498176989329002,0.0,0.0,0.0,0.18733963242682541,0.9822952011092093,1.5,1,3,1784929567.4354498,world,workspace,0.47418051624239393,-0.07498176989329002,0.0,0.0,0.18733963242682541,0.9822952011092093,1,1784929567.435601,31.500009775161743,workspace,1,321,,1,1784929598.9344563,0.0011544227600097656,world,pelvis,-0.0840205030597603,-1.069554967248158,0.7702709193247851,-0.004070003436305408,-0.03751477008746387,-0.6693052489217142,0.7420286792726783,capsules,0.05,0.5,0.1,0.5,0.5
279,1784929599.0356188,28.006343497894704,1,1784929599.034474,0.0011448860168457031,17,-0.019421521574258804,1,-0.03405749425292015,1,0.24693751335144043,1,-0.1462654024362564,1,0.40727144479751587,1,-0.3454115688800812,1,0.3264426290988922,1,0.1380242109298706,1,-0.37159499526023865,1,0.17923027276992798,1,0.1404612511396408,1,-0.154366597533226,1,0.059777628630399704,1,0.03199353069067001,1,-0.19135159254074097,1,-0.002360396087169647,1,-0.013174389488995075,1,0,,,,,,,,,,,,,,,,,,,,,,,,,,,,,,,,,,,,,,,,,,,,,,,,,,,,,,,,,,,,,,,,,,,,,,,,,,,,,,,,,,,,,,,,,,,,,,,,,,,,,,,,,,,,,,,,,,,,,1,1784929599.0344572,0.0011615753173828125,world,base_footprint,-0.05908996779491463,-1.14582987332064,1,0,1,1784929567.4354498,31.60016894340515,world,workspace,1,0,3,0.47418051624239393,-0.07498176989329002,0.0,0.0,0.0,0.18733963242682541,0.9822952011092093,1.5,1,3,1784929567.4354498,world,workspace,0.47418051624239393,-0.07498176989329002,0.0,0.0,0.18733963242682541,0.9822952011092093,1,1784929567.435601,31.600017786026,workspace,1,321,,1,1784929599.0344574,0.001161336898803711,world,pelvis,-0.08149407204272446,-1.080238254271115,0.7729747545902589,-0.021874090622982737,-0.03844955732319484,-0.66204570167256,0.7481568315520186,capsules,0.05,0.5,0.1,0.5,0.5
280,1784929599.135597,28.106241463683546,1,1784929599.1346512,0.0009458065032958984,17,-0.03780577704310417,1,0.08928941190242767,1,0.22811399400234222,1,0.0736023560166359,1,0.15819382667541504,1,-0.372396856546402,1,0.20060856640338898,1,0.12801463901996613,1,-0.46926939487457275,1,0.09043349325656891,1,0.1009913831949234,1,-0.28960543870925903,1,0.02173100970685482,1,0.004165120888501406,1,-0.14496704936027527,1,-0.015985585749149323,1,-0.021926578134298325,1,0,,,,,,,,,,,,,,,,,,,,,,,,,,,,,,,,,,,,,,,,,,,,,,,,,,,,,,,,,,,,,,,,,,,,,,,,,,,,,,,,,,,,,,,,,,,,,,,,,,,,,,,,,,,,,,,,,,,,,1,1784929599.134457,0.0011398792266845703,world,base_footprint,-0.053340932252683645,-1.1537370343346662,1,0,1,1784929567.4354498,31.70014715194702,world,workspace,1,0,3,0.47418051624239393,-0.07498176989329002,0.0,0.0,0.0,0.18733963242682541,0.9822952011092093,1.5,1,3,1784929567.4354498,world,workspace,0.47418051624239393,-0.07498176989329002,0.0,0.0,0.18733963242682541,0.9822952011092093,1,1784929567.435601,31.69999599456787,workspace,1,321,,1,1784929599.134457,0.0011398792266845703,world,pelvis,-0.058771636264309174,-1.0890088497671713,0.7754739882686825,-0.028889553989780214,-0.029724669803466955,-0.6557634048327191,0.7538276955362849,capsules,0.05,0.5,0.1,0.5,0.5
281,1784929599.2356036,28.20624751970172,1,1784929599.234552,0.0010516643524169922,17,-0.03414653614163399,1,0.16598865389823914,1,0.19837938249111176,1,0.12712180614471436,1,0.1780298948287964,1,-0.4150393605232239,1,0.16605940461158752,1,0.1443045437335968,1,-0.45496150851249695,1,0.08729565888643265,1,0.033439550548791885,1,-0.24177208542823792,1,0.030808407813310623,1,-0.044599391520023346,1,-0.08314849436283112,1,-0.024383647367358208,1,-0.031215256080031395,1,0,,,,,,,,,,,,,,,,,,,,,,,,,,,,,,,,,,,,,,,,,,,,,,,,,,,,,,,,,,,,,,,,,,,,,,,,,,,,,,,,,,,,,,,,,,,,,,,,,,,,,,,,,,,,,,,,,,,,,1,1784929599.2334585,0.002145051956176758,world,base_footprint,-0.04864621545502682,-1.168973977180875,1,0,1,1784929567.4354498,31.800153732299805,world,workspace,1,0,3,0.47418051624239393,-0.07498176989329002,0.0,0.0,0.0,0.18733963242682541,0.9822952011092093,1.5,1,3,1784929567.4354498,world,workspace,0.47418051624239393,-0.07498176989329002,0.0,0.0,0.18733963242682541,0.9822952011092093,1,1784929567.435601,31.800002574920654,workspace,1,321,,1,1784929599.2334585,0.002145051956176758,world,pelvis,-0.03509284895468338,-1.0984517293147653,0.7766482426198744,-0.039737222052611446,-0.022843689539074393,-0.6523647419348856,0.756517919491676,capsules,0.05,0.5,0.1,0.5,0.5
282,1784929599.3356369,28.306278261356056,1,1784929599.3351088,0.0005280971527099609,17,-0.016984162852168083,1,0.1280796080827713,1,0.1942097544670105,1,0.03140239045023918,1,0.3478965163230896,1,-0.4119136929512024,1,0.22278229892253876,1,0.1300538182258606,1,-0.3659791052341461,1,0.1422298401594162,1,-0.10180231183767319,1,-0.1221042349934578,1,-0.005505523644387722,1,-0.00012077045539626852,1,-0.11129561066627502,1,-0.05150194093585014,1,0.04048960655927658,1,0,,,,,,,,,,,,,,,,,,,,,,,,,,,,,,,,,,,,,,,,,,,,,,,,,,,,,,,,,,,,,,,,,,,,,,,,,,,,,,,,,,,,,,,,,,,,,,,,,,,,,,,,,,,,,,,,,,,,,1,1784929599.3344543,0.00118255615234375,world,base_footprint,-0.006273130083080514,-1.1762424193183556,1,0,1,1784929567.4354498,31.900187015533447,world,workspace,1,0,3,0.47418051624239393,-0.07498176989329002,0.0,0.0,0.0,0.18733963242682541,0.9822952011092093,1.5,1,3,1784929567.4354498,world,workspace,0.47418051624239393,-0.07498176989329002,0.0,0.0,0.18733963242682541,0.9822952011092093,1,1784929567.435601,31.900035858154297,workspace,1,321,,1,1784929599.3344543,0.00118255615234375,world,pelvis,-0.01384027042579437,-1.1041650730467967,0.7772735213535527,-0.031367937118358905,-0.03399779316787549,-0.659434164806855,0.7503377805136422,capsules,0.05,0.5,0.1,0.5,0.5
283,1784929599.435568,28.406209818087518,1,1784929599.4347606,0.0008075237274169922,17,-0.002013149671256542,1,0.019294876605272293,1,0.2269163578748703,1,-0.12910360097885132,1,0.5296578407287598,1,-0.39838966727256775,1,0.3449012339115143,1,0.027505066245794296,1,-0.38589420914649963,1,0.17136596143245697,1,-0.27602192759513855,1,-0.1251322478055954,1,-0.015200705267488956,1,0.027834728360176086,1,-0.277408242225647,1,0.03513690084218979,1,0.0252512339502573,1,0,,,,,,,,,,,,,,,,,,,,,,,,,,,,,,,,,,,,,,,,,,,,,,,,,,,,,,,,,,,,,,,,,,,,,,,,,,,,,,,,,,,,,,,,,,,,,,,,,,,,,,,,,,,,,,,,,,,,,1,1784929599.4344594,0.0011086463928222656,world,base_footprint,0.005355811832223962,-1.166630440557018,1,0,1,1784929567.4354498,32.000118255615234,world,workspace,1,0,3,0.47418051624239393,-0.07498176989329002,0.0,0.0,0.0,0.18733963242682541,0.9822952011092093,1.5,1,3,1784929567.4354498,world,workspace,0.47418051624239393,-0.07498176989329002,0.0,0.0,0.18733963242682541,0.9822952011092093,1,1784929567.435601,31.999967098236084,workspace,1,321,,1,1784929599.4344597,0.001108407974243164,world,pelvis,-0.016427755102546068,-1.1009348042435507,0.7758748107916991,-0.0218539248477027,-0.038387927300610004,-0.6685144285228004,0.7423861743480596,capsules,0.05,0.5,0.1,0.5,0.5
284,1784929599.5355856,28.50622732564807,1,1784929599.5346692,0.0009164810180664062,17,-0.023908058181405067,1,-0.05047432705760002,1,0.21301284432411194,1,-0.22806106507778168,1,0.526880145072937,1,-0.4681391417980194,1,0.4696912467479706,1,-0.1388731300830841,1,-0.6176470518112183,1,0.008030423894524574,1,-0.3389977812767029,1,-0.153669536113739,1,-0.03214121609926224,1,0.030928049236536026,1,-0.27174103260040283,1,-0.008854176849126816,1,0.03719107806682587,1,0,,,,,,,,,,,,,,,,,,,,,,,,,,,,,,,,,,,,,,,,,,,,,,,,,,,,,,,,,,,,,,,,,,,,,,,,,,,,,,,,,,,,,,,,,,,,,,,,,,,,,,,,,,,,,,,,,,,,,1,1784929599.5344563,0.0011293888092041016,world,base_footprint,0.01738957138063013,-1.1612379820929948,1,0,1,1784929567.4354498,32.100135803222656,world,workspace,1,0,3,0.47418051624239393,-0.07498176989329002,0.0,0.0,0.0,0.18733963242682541,0.9822952011092093,1.5,1,3,1784929567.4354498,world,workspace,0.47418051624239393,-0.07498176989329002,0.0,0.0,0.18733963242682541,0.9822952011092093,1,1784929567.435601,32.099984645843506,workspace,1,321,,1,1784929599.5344565,0.001129150390625,world,pelvis,-0.018126746308232453,-1.1040632810429936,0.7710142411810935,-0.012198411096604935,-0.041186071563415194,-0.664014066630029,0.7464852480748316,capsules,0.05,0.5,0.1,0.5,0.5
285,1784929599.635556,28.606198094785213,1,1784929599.6348429,0.0007131099700927734,17,-0.0811833068728447,1,0.024787791073322296,1,0.2079586386680603,1,-0.2466880977153778,1,0.38713186979293823,1,-0.6166014671325684,1,0.5585603713989258,1,-0.3954468369483948,1,-0.869064450263977,1,-0.1923510879278183,1,-0.2773694694042206,1,-0.25232943892478943,1,-0.004131119232624769,1,0.03329651057720184,1,-0.21159832179546356,1,-0.0016570594161748886,1,0.007638986222445965,1,0,,,,,,,,,,,,,,,,,,,,,,,,,,,,,,,,,,,,,,,,,,,,,,,,,,,,,,,,,,,,,,,,,,,,,,,,,,,,,,,,,,,,,,,,,,,,,,,,,,,,,,,,,,,,,,,,,,,,,1,1784929599.6344543,0.0011017322540283203,world,base_footprint,-0.0018650286146774083,-1.1635988151910759,1,0,1,1784929567.4354498,32.200106143951416,world,workspace,1,0,3,0.47418051624239393,-0.07498176989329002,0.0,0.0,0.0,0.18733963242682541,0.9822952011092093,1.5,1,3,1784929567.4354498,world,workspace,0.47418051624239393,-0.07498176989329002,0.0,0.0,0.18733963242682541,0.9822952011092093,1,1784929567.435601,32.199954986572266,workspace,1,321,,1,1784929599.6344545,0.0011014938354492188,world,pelvis,-0.008286634911611128,-1.107179863250281,0.7719538735978486,-0.024518052597476546,-0.026671165883064188,-0.6545098495265875,0.755184991164383,capsules,0.05,0.5,0.1,0.5,0.5
286,1784929599.7362413,28.70688466913998,1,1784929599.735001,0.0012402534484863281,17,-0.12031708657741547,1,0.14579716324806213,1,0.18213723599910736,1,-0.23440763354301453,1,0.21782976388931274,1,-0.7270832657814026,1,0.6048433184623718,1,-0.6459707617759705,1,-0.9284173250198364,1,-0.30109572410583496,1,-0.2536269426345825,1,-0.35002657771110535,1,0.013393639586865902,1,0.010238532908260822,1,-0.16098140180110931,1,-0.017546355724334717,1,-0.011501755565404892,1,0,,,,,,,,,,,,,,,,,,,,,,,,,,,,,,,,,,,,,,,,,,,,,,,,,,,,,,,,,,,,,,,,,,,,,,,,,,,,,,,,,,,,,,,,,,,,,,,,,,,,,,,,,,,,,,,,,,,,,1,1784929599.734455,0.0017862319946289062,world,base_footprint,0.0017704315736741354,-1.1667238027063822,1,0,1,1784929567.4354498,32.3007915019989,world,workspace,1,0,3,0.47418051624239393,-0.07498176989329002,0.0,0.0,0.0,0.18733963242682541,0.9822952011092093,1.5,1,3,1784929567.4354498,world,workspace,0.47418051624239393,-0.07498176989329002,0.0,0.0,0.18733963242682541,0.9822952011092093,1,1784929567.435601,32.30064034461975,workspace,1,321,,1,1784929599.7334595,0.0027818679809570312,world,pelvis,0.020772999757405677,-1.1103267588651677,0.7737675293290155,-0.03530370198049912,-0.013982725321055474,-0.6453635103768433,0.7629312364120021,capsules,0.05,0.5,0.1,0.5,0.5
287,1784929599.8362396,28.806881999596953,1,1784929599.8348749,0.0013647079467773438,17,-0.11340884119272232,1,0.23116391897201538,1,0.1381576657295227,1,-0.23145149648189545,1,0.16436433792114258,1,-0.7512471079826355,1,0.6197200417518616,1,-0.7541242241859436,1,-0.9907500743865967,1,-0.30400797724723816,1,-0.27063605189323425,1,-0.3126509189605713,1,0.05387965217232704,1,-0.10247426480054855,1,-0.10007378458976746,1,-0.049090608954429626,1,-0.034944187849760056,1,0,,,,,,,,,,,,,,,,,,,,,,,,,,,,,,,,,,,,,,,,,,,,,,,,,,,,,,,,,,,,,,,,,,,,,,,,,,,,,,,,,,,,,,,,,,,,,,,,,,,,,,,,,,,,,,,,,,,,,1,1784929599.835456,0.0007836818695068359,world,base_footprint,0.017587154145998853,-1.1802812715164186,1,0,1,1784929567.4354498,32.400789737701416,world,workspace,1,0,3,0.47418051624239393,-0.07498176989329002,0.0,0.0,0.0,0.18733963242682541,0.9822952011092093,1.5,1,3,1784929567.4354498,world,workspace,0.47418051624239393,-0.07498176989329002,0.0,0.0,0.18733963242682541,0.9822952011092093,1,1784929567.435601,32.400638580322266,workspace,1,321,,1,1784929599.8354561,0.0007834434509277344,world,pelvis,0.05508953634936432,-1.1128714206466537,0.7722634689616936,-0.04842573571789985,-0.00893557692196352,-0.6358896183792855,0.7702074375275134,capsules,0.05,0.5,0.1,0.5,0.5
288,1784929599.9355977,28.9062427431345,1,1784929599.9346406,0.0009570121765136719,17,-0.06056607887148857,1,0.18159280717372894,1,0.07401537150144577,1,-0.20514334738254547,1,0.264781653881073,1,-0.6901155114173889,1,0.6186001300811768,1,-0.761584997177124,1,-1.0778344869613647,1,-0.33873894810676575,1,-0.33716651797294617,1,-0.20785337686538696,1,0.014448430389165878,1,-0.04906614497303963,1,-0.17967042326927185,1,-0.0993853509426117,1,0.08318038284778595,1,0,,,,,,,,,,,,,,,,,,,,,,,,,,,,,,,,,,,,,,,,,,,,,,,,,,,,,,,,,,,,,,,,,,,,,,,,,,,,,,,,,,,,,,,,,,,,,,,,,,,,,,,,,,,,,,,,,,,,,1,1784929599.9334567,0.0021409988403320312,world,base_footprint,0.08000482275290755,-1.1607389179241898,1,0,1,1784929567.4354498,32.50014781951904,world,workspace,1,0,3,0.47418051624239393,-0.07498176989329002,0.0,0.0,0.0,0.18733963242682541,0.9822952011092093,1.5,1,3,1784929567.4354498,world,workspace,0.47418051624239393,-0.07498176989329002,0.0,0.0,0.18733963242682541,0.9822952011092093,1,1784929567.435601,32.49999666213989,workspace,1,321,,1,1784929599.933457,0.0021407604217529297,world,pelvis,0.08753088482573863,-1.1145178399105486,0.7723410418714921,-0.025521392431825336,-0.015523198238734503,-0.649926181105132,0.7594100657476703,capsules,0.05,0.5,0.1,0.5,0.5
289,1784929600.0357375,29.006383600644767,1,1784929600.033946,0.0017914772033691406,17,-0.02032868005335331,1,0.014490867964923382,1,0.09976430237293243,1,-0.14658643305301666,1,0.4966219961643219,1,-0.5014813542366028,1,0.5537132024765015,1,-0.7496997714042664,1,-1.2253868579864502,1,-0.47785094380378723,1,-0.3936229944229126,1,-0.16689036786556244,1,-0.01023504976183176,1,0.007943402044475079,1,-0.2771807312965393,1,-0.04343831166625023,1,0.060315750539302826,1,0,,,,,,,,,,,,,,,,,,,,,,,,,,,,,,,,,,,,,,,,,,,,,,,,,,,,,,,,,,,,,,,,,,,,,,,,,,,,,,,,,,,,,,,,,,,,,,,,,,,,,,,,,,,,,,,,,,,,,1,1784929600.0334575,0.002279996871948242,world,base_footprint,0.11117348160236065,-1.1593173778649803,1,0,1,1784929567.4354498,32.600287675857544,world,workspace,1,0,3,0.47418051624239393,-0.07498176989329002,0.0,0.0,0.0,0.18733963242682541,0.9822952011092093,1.5,1,3,1784929567.4354498,world,workspace,0.47418051624239393,-0.07498176989329002,0.0,0.0,0.18733963242682541,0.9822952011092093,1,1784929567.435601,32.600136518478394,workspace,1,321,,1,1784929600.0344565,0.0012810230255126953,world,pelvis,0.08378474078294425,-1.1134247990575101,0.7721597754323375,-0.010219786889816077,-0.032527601789843194,-0.6652224985010489,0.7458663007307345,capsules,0.05,0.5,0.1,0.5,0.5
290,1784929600.135615,29.106260856613517,1,1784929600.135248,0.00036716461181640625,17,0.0002255626895930618,1,-0.13573922216892242,1,0.07973482459783554,1,0.004352212883532047,1,0.6001388430595398,1,-0.29783323407173157,1,0.4173717498779297,1,-0.7638010382652283,1,-1.4140681028366089,1,-0.6865358948707581,1,-0.4085646867752075,1,-0.1717786341905594,1,-0.009070239961147308,1,0.03964909538626671,1,-0.24928857386112213,1,-0.04688579589128494,1,0.05783596634864807,1,0,,,,,,,,,,,,,,,,,,,,,,,,,,,,,,,,,,,,,,,,,,,,,,,,,,,,,,,,,,,,,,,,,,,,,,,,,,,,,,,,,,,,,,,,,,,,,,,,,,,,,,,,,,,,,,,,,,,,,1,1784929600.13346,0.0021550655364990234,world,base_footprint,0.11977576717855284,-1.1522635973824058,1,0,1,1784929567.4354498,32.70016527175903,world,workspace,1,0,3,0.47418051624239393,-0.07498176989329002,0.0,0.0,0.0,0.18733963242682541,0.9822952011092093,1.5,1,3,1784929567.4354498,world,workspace,0.47418051624239393,-0.07498176989329002,0.0,0.0,0.18733963242682541,0.9822952011092093,1,1784929567.435601,32.70001411437988,workspace,1,321,,1,1784929600.134458,0.0011570453643798828,world,pelvis,0.06780807631326195,-1.1206308621591488,0.7677176309500825,0.007457542378577865,-0.038095985475306404,-0.6738565151255183,0.7378417702835949,capsules,0.05,0.5,0.1,0.5,0.5
291,1784929600.2355938,29.206239311024547,1,1784929600.2350633,0.0005304813385009766,17,-0.03783544898033142,1,-0.10240459442138672,1,0.04564370587468147,1,0.1754121035337448,1,0.4066707491874695,1,-0.22594134509563446,1,0.27620330452919006,1,-0.7648848295211792,1,-1.547662377357483,1,-0.7929605841636658,1,-0.33981260657310486,1,-0.23019301891326904,1,0.03440854325890541,1,0.008724321611225605,1,-0.162784606218338,1,-0.006455722264945507,1,0.013071323744952679,1,0,,,,,,,,,,,,,,,,,,,,,,,,,,,,,,,,,,,,,,,,,,,,,,,,,,,,,,,,,,,,,,,,,,,,,,,,,,,,,,,,,,,,,,,,,,,,,,,,,,,,,,,,,,,,,,,,,,,,,1,1784929600.2344565,0.0011372566223144531,world,base_footprint,0.08002355585261552,-1.1672194927314894,1,0,1,1784929567.4354498,32.80014395713806,world,workspace,1,0,3,0.47418051624239393,-0.07498176989329002,0.0,0.0,0.0,0.18733963242682541,0.9822952011092093,1.5,1,3,1784929567.4354498,world,workspace,0.47418051624239393,-0.07498176989329002,0.0,0.0,0.18733963242682541,0.9822952011092093,1,1784929567.435601,32.79999279975891,workspace,1,321,,1,1784929600.2344568,0.0011370182037353516,world,pelvis,0.07227237112729971,-1.130339628803891,0.7730583893466633,-0.0142937662840777,-0.019322699411831946,-0.6642415419112129,0.747131511537474,capsules,0.05,0.5,0.1,0.5,0.5
292,1784929600.3356342,29.306279350072145,1,1784929600.3346887,0.0009455680847167969,17,-0.062099356204271317,1,0.003473686520010233,1,0.027643799781799316,1,0.3029392659664154,1,0.16394257545471191,1,-0.24610699713230133,1,0.13501165807247162,1,-0.6854814291000366,1,-1.648522138595581,1,-0.7296682000160217,1,-0.20362921059131622,1,-0.31312626600265503,1,0.06009727343916893,1,-0.014711777679622173,1,-0.0539529025554657,1,0.0016203572740778327,1,-0.000461443851236254,1,0,,,,,,,,,,,,,,,,,,,,,,,,,,,,,,,,,,,,,,,,,,,,,,,,,,,,,,,,,,,,,,,,,,,,,,,,,,,,,,,,,,,,,,,,,,,,,,,,,,,,,,,,,,,,,,,,,,,,,1,1784929600.334457,0.0011773109436035156,world,base_footprint,0.07233438341137213,-1.1886924664050327,1,0,1,1784929567.4354498,32.90018439292908,world,workspace,1,0,3,0.47418051624239393,-0.07498176989329002,0.0,0.0,0.0,0.18733963242682541,0.9822952011092093,1.5,1,3,1784929567.4354498,world,workspace,0.47418051624239393,-0.07498176989329002,0.0,0.0,0.18733963242682541,0.9822952011092093,1,1784929567.435601,32.90003323554993,workspace,1,321,,1,1784929600.334457,0.0011773109436035156,world,pelvis,0.10712963653449695,-1.1345272148535468,0.7756489475851566,-0.040611578147403675,-0.006197819649121187,-0.6606671299369177,0.7495540208503256,capsules,0.05,0.5,0.1,0.5,0.5
293,1784929600.4356022,29.406248317100108,1,1784929600.4352615,0.0003407001495361328,17,-0.05706487596035004,1,0.1089666560292244,1,0.013976825401186943,1,0.3331555426120758,1,0.14751730859279633,1,-0.25480175018310547,1,0.026927025988698006,1,-0.554111897945404,1,-1.6999468803405762,1,-0.608366847038269,1,-0.1565927267074585,1,-0.27245527505874634,1,0.12088532745838165,1,-0.11404434591531754,1,0.0017986419843509793,1,-0.01161967497318983,1,0.0022287981119006872,1,0,,,,,,,,,,,,,,,,,,,,,,,,,,,,,,,,,,,,,,,,,,,,,,,,,,,,,,,,,,,,,,,,,,,,,,,,,,,,,,,,,,,,,,,,,,,,,,,,,,,,,,,,,,,,,,,,,,,,,1,1784929600.4334576,0.0021445751190185547,world,base_footprint,0.08110084535238316,-1.2086868618531885,1,0,1,1784929567.4354498,33.000152349472046,world,workspace,1,0,3,0.47418051624239393,-0.07498176989329002,0.0,0.0,0.0,0.18733963242682541,0.9822952011092093,1.5,1,3,1784929567.4354498,world,workspace,0.47418051624239393,-0.07498176989329002,0.0,0.0,0.18733963242682541,0.9822952011092093,1,1784929567.435601,33.000001192092896,workspace,1,321,,1,1784929600.4344547,0.0011475086212158203,world,pelvis,0.15314039926809703,-1.1349458245305968,0.7697020843073742,-0.0655528976887832,0.002537497582112194,-0.6651273518701855,0.7438427148966233,capsules,0.05,0.5,0.1,0.5,0.5
294,1784929600.535642,29.506287014111876,1,1784929600.535254,0.0003879070281982422,17,-0.06711649149656296,1,0.02342236042022705,1,-0.01254833210259676,1,0.32872474193573,1,0.3794703781604767,1,-0.19537584483623505,1,-0.006843581795692444,1,-0.49107813835144043,1,-1.6042377948760986,1,-0.5843412280082703,1,-0.20641689002513885,1,-0.22587180137634277,1,0.0245373472571373,1,-0.04773635044693947,1,-0.16619959473609924,1,-0.059558093547821045,1,0.07900819927453995,1,0,,,,,,,,,,,,,,,,,,,,,,,,,,,,,,,,,,,,,,,,,,,,,,,,,,,,,,,,,,,,,,,,,,,,,,,,,,,,,,,,,,,,,,,,,,,,,,,,,,,,,,,,,,,,,,,,,,,,,1,1784929600.5344543,0.0011875629425048828,world,base_footprint,0.15983397148547535,-1.1935773450315186,1,0,1,1784929567.4354498,33.100192070007324,world,workspace,1,0,3,0.47418051624239393,-0.07498176989329002,0.0,0.0,0.0,0.18733963242682541,0.9822952011092093,1.5,1,3,1784929567.4354498,world,workspace,0.47418051624239393,-0.07498176989329002,0.0,0.0,0.18733963242682541,0.9822952011092093,1,1784929567.435601,33.100040912628174,workspace,1,321,,1,1784929600.5344546,0.0011873245239257812,world,pelvis,0.1824496567314264,-1.1329708513588077,0.7668290086611048,-0.038358973768526004,-0.015252269616250954,-0.670464269057006,0.7407925629491926,capsules,0.05,0.5,0.1,0.5,0.5
295,1784929600.635723,29.60636878106743,1,1784929600.6353686,0.00035452842712402344,17,-0.04671282693743706,1,-0.06339225172996521,1,-0.0022131355945020914,1,0.3308181166648865,1,0.5868518352508545,1,-0.1380048245191574,1,-0.001619346672669053,1,-0.5690969824790955,1,-1.568410038948059,1,-0.669079601764679,1,-0.26535317301750183,1,-0.19909903407096863,1,0.014219011180102825,1,-0.033345870673656464,1,-0.2697957754135132,1,0.01629132218658924,1,0.022019771859049797,1,0,,,,,,,,,,,,,,,,,,,,,,,,,,,,,,,,,,,,,,,,,,,,,,,,,,,,,,,,,,,,,,,,,,,,,,,,,,,,,,,,,,,,,,,,,,,,,,,,,,,,,,,,,,,,,,,,,,,,,1,1784929600.6334548,0.0022683143615722656,world,base_footprint,0.1711900733257262,-1.1904333009352586,1,0,1,1784929567.4354498,33.200273275375366,world,workspace,1,0,3,0.47418051624239393,-0.07498176989329002,0.0,0.0,0.0,0.18733963242682541,0.9822952011092093,1.5,1,3,1784929567.4354498,world,workspace,0.47418051624239393,-0.07498176989329002,0.0,0.0,0.18733963242682541,0.9822952011092093,1,1784929567.435601,33.200122117996216,workspace,1,321,,1,1784929600.6344547,0.0012683868408203125,world,pelvis,0.18083940765633003,-1.1331769211213158,0.770715223388642,-0.031147024301690248,-0.020057318191245815,-0.6731417146637845,0.7385849977109104,capsules,0.05,0.5,0.1,0.5,0.5
296,1784929600.7355518,29.706197507679462,1,1784929600.7352502,0.00030159950256347656,17,-0.04137406125664711,1,-0.1374099999666214,1,-0.03177425637841225,1,0.3553711473941803,1,0.6275020837783813,1,-0.18908192217350006,1,-0.0009353646892122924,1,-0.791438639163971,1,-1.5428342819213867,1,-0.7641995549201965,1,-0.3495157063007355,1,-0.20275495946407318,1,0.009210003539919853,1,-0.03247363865375519,1,-0.2646419107913971,1,0.024852074682712555,1,-0.00286139827221632,1,0,,,,,,,,,,,,,,,,,,,,,,,,,,,,,,,,,,,,,,,,,,,,,,,,,,,,,,,,,,,,,,,,,,,,,,,,,,,,,,,,,,,,,,,,,,,,,,,,,,,,,,,,,,,,,,,,,,,,,1,1784929600.734455,0.0010967254638671875,world,base_footprint,0.17388860454440888,-1.1674311337138326,1,0,1,1784929567.4354498,33.30010199546814,world,workspace,1,0,3,0.47418051624239393,-0.07498176989329002,0.0,0.0,0.0,0.18733963242682541,0.9822952011092093,1.5,1,3,1784929567.4354498,world,workspace,0.47418051624239393,-0.07498176989329002,0.0,0.0,0.18733963242682541,0.9822952011092093,1,1784929567.435601,33.29995083808899,workspace,1,321,,1,1784929600.7344553,0.001096487045288086,world,pelvis,0.16997287255235816,-1.1389584496690779,0.7734006178273921,-0.011757806522284657,-0.014059334798832009,-0.6724316292536698,0.7399322895171248,capsules,0.05,0.5,0.1,0.5,0.5
297,1784929600.835756,29.80640215333551,1,1784929600.8347225,0.0010335445404052734,17,-0.06369200348854065,1,-0.14082710444927216,1,-0.0435030460357666,1,0.37974223494529724,1,0.5646853446960449,1,-0.32724514603614807,1,0.008046140894293785,1,-0.890924334526062,1,-1.5689353942871094,1,-0.7165858745574951,1,-0.34344175457954407,1,-0.20521092414855957,1,0.04179604351520538,1,-0.043870702385902405,1,-0.11417429894208908,1,0.05208255350589752,1,-0.0016044315416365862,1,0,,,,,,,,,,,,,,,,,,,,,,,,,,,,,,,,,,,,,,,,,,,,,,,,,,,,,,,,,,,,,,,,,,,,,,,,,,,,,,,,,,,,,,,,,,,,,,,,,,,,,,,,,,,,,,,,,,,,,1,1784929600.834455,0.0013010501861572266,world,base_footprint,0.15101375714729148,-1.173553769124471,1,0,1,1784929567.4354498,33.400306224823,world,workspace,1,0,3,0.47418051624239393,-0.07498176989329002,0.0,0.0,0.0,0.18733963242682541,0.9822952011092093,1.5,1,3,1784929567.4354498,world,workspace,0.47418051624239393,-0.07498176989329002,0.0,0.0,0.18733963242682541,0.9822952011092093,1,1784929567.435601,33.40015506744385,workspace,1,321,,1,1784929600.8344553,0.001300811767578125,world,pelvis,0.1573914374056788,-1.1477589192876896,0.7753215995454157,-0.01492645198946793,-0.008019226225084095,-0.6707774251230478,0.741465129987278,capsules,0.05,0.5,0.1,0.5,0.5
298,1784929600.9357088,29.906351413577795,1,1784929600.9342928,0.0014159679412841797,17,-0.0921468511223793,1,-0.03662030026316643,1,-0.05120984464883804,1,0.38785073161125183,1,0.42440056800842285,1,-0.43753477931022644,1,-0.020175116136670113,1,-0.8032772541046143,1,-1.7152994871139526,1,-0.5349007844924927,1,-0.18951570987701416,1,-0.2967114746570587,1,0.045465968549251556,1,0.0028581134974956512,1,-0.0723060593008995,1,0.06628966331481934,1,-0.007588642183691263,1,0,,,,,,,,,,,,,,,,,,,,,,,,,,,,,,,,,,,,,,,,,,,,,,,,,,,,,,,,,,,,,,,,,,,,,,,,,,,,,,,,,,,,,,,,,,,,,,,,,,,,,,,,,,,,,,,,,,,,,1,1784929600.9344575,0.001251220703125,world,base_footprint,0.13932928531342165,-1.1725999224249428,1,0,1,1784929567.4354498,33.500258922576904,world,workspace,1,0,3,0.47418051624239393,-0.07498176989329002,0.0,0.0,0.0,0.18733963242682541,0.9822952011092093,1.5,1,3,1784929567.4354498,world,workspace,0.47418051624239393,-0.07498176989329002,0.0,0.0,0.18733963242682541,0.9822952011092093,1,1784929567.435601,33.500107765197754,workspace,1,321,,1,1784929600.9344575,0.001251220703125,world,pelvis,0.17195241674910416,-1.1510605770409412,0.7777711601917463,-0.024126131487610877,0.006290321634065736,-0.66830138131763,0.7434726796339798,capsules,0.05,0.5,0.1,0.5,0.5
299,1784929601.0356688,30.00631520152092,1,1784929601.0352433,0.00042557716369628906,17,-0.12572653591632843,1,0.07480432838201523,1,-0.02628204971551895,1,0.37190040946006775,1,0.40765175223350525,1,-0.44823336601257324,1,-0.07930593937635422,1,-0.6639969348907471,1,-1.7329801321029663,1,-0.4379686415195465,1,-0.10795284807682037,1,-0.25418704748153687,1,0.048378217965364456,1,-0.018453944474458694,1,-0.01884329877793789,1,0.058863334357738495,1,-0.012721957638859749,1,0,,,,,,,,,,,,,,,,,,,,,,,,,,,,,,,,,,,,,,,,,,,,,,,,,,,,,,,,,,,,,,,,,,,,,,,,,,,,,,,,,,,,,,,,,,,,,,,,,,,,,,,,,,,,,,,,,,,,,1,1784929601.0344572,0.0012116432189941406,world,base_footprint,0.1431738197965737,-1.1910643811545065,1,0,1,1784929567.4354498,33.60021901130676,world,workspace,1,0,3,0.47418051624239393,-0.07498176989329002,0.0,0.0,0.0,0.18733963242682541,0.9822952011092093,1.5,1,3,1784929567.4354498,world,workspace,0.47418051624239393,-0.07498176989329002,0.0,0.0,0.18733963242682541,0.9822952011092093,1,1784929567.435601,33.60006785392761,workspace,1,321,,1,1784929601.0344572,0.0012116432189941406,world,pelvis,0.1991341212122288,-1.1534422990108397,0.7755531416673781,-0.041726158946171286,0.010526315364853827,-0.6675826302865427,0.7432910305419673,capsules,0.05,0.5,0.1,0.5,0.5
300,1784929601.1356199,30.106266485527158,1,1784929601.1345565,0.0010633468627929688,17,-0.13221094012260437,1,0.04483168572187424,1,-0.025414476171135902,1,0.3570060431957245,1,0.5350035429000854,1,-0.3660425841808319,1,-0.08780301362276077,1,-0.63726806640625,1,-1.6001195907592773,1,-0.48515990376472473,1,-0.1371302604675293,1,-0.1638742834329605,1,-0.014354349114000797,1,0.019836848601698875,1,-0.13436032831668854,1,0.026963602751493454,1,0.03414812684059143,1,0,,,,,,,,,,,,,,,,,,,,,,,,,,,,,,,,,,,,,,,,,,,,,,,,,,,,,,,,,,,,,,,,,,,,,,,,,,,,,,,,,,,,,,,,,,,,,,,,,,,,,,,,,,,,,,,,,,,,,1,1784929601.1344562,0.0011637210845947266,world,base_footprint,0.19286531768221232,-1.1874784678917831,1,0,1,1784929567.4354498,33.700170040130615,world,workspace,1,0,3,0.47418051624239393,-0.07498176989329002,0.0,0.0,0.0,0.18733963242682541,0.9822952011092093,1.5,1,3,1784929567.4354498,world,workspace,0.47418051624239393,-0.07498176989329002,0.0,0.0,0.18733963242682541,0.9822952011092093,1,1784929567.435601,33.700018882751465,workspace,1,321,,1,1784929601.1344564,0.001163482666015625,world,pelvis,0.21461726496891587,-1.156550593669109,0.7787162244884136,-0.023900168733359498,-0.003211981602075625,-0.6789030057403896,0.7338318430712649,capsules,0.05,0.5,0.1,0.5,0.5
301,1784929601.2357042,30.206349314190447,1,1784929601.233215,0.0024890899658203125,17,-0.12057621031999588,1,-0.03434198349714279,1,0.0009284067782573402,1,0.3361112177371979,1,0.656807005405426,1,-0.25910240411758423,1,-0.08143933117389679,1,-0.7532402873039246,1,-1.5262409448623657,1,-0.6149707436561584,1,-0.199534609913826,1,-0.14583371579647064,1,-0.023968959227204323,1,0.04018484055995941,1,-0.2935638427734375,1,0.059906262904405594,1,-0.008707762695848942,1,0,,,,,,,,,,,,,,,,,,,,,,,,,,,,,,,,,,,,,,,,,,,,,,,,,,,,,,,,,,,,,,,,,,,,,,,,,,,,,,,,,,,,,,,,,,,,,,,,,,,,,,,,,,,,,,,,,,,,,1,1784929601.2344556,0.0012485980987548828,world,base_footprint,0.20364874704402267,-1.1777294147023407,1,0,1,1784929567.4354498,33.800254344940186,world,workspace,1,0,3,0.47418051624239393,-0.07498176989329002,0.0,0.0,0.0,0.18733963242682541,0.9822952011092093,1.5,1,3,1784929567.4354498,world,workspace,0.47418051624239393,-0.07498176989329002,0.0,0.0,0.18733963242682541,0.9822952011092093,1,1784929567.435601,33.800103187561035,workspace,1,321,,1,1784929601.2344556,0.0012485980987548828,world,pelvis,0.20269484247328587,-1.1560671904377426,0.7797887440690442,-0.009647115928889796,-0.009904588885512097,-0.684902150699968,0.7285038615133225,capsules,0.05,0.5,0.1,0.5,0.5
302,1784929601.3355465,30.306190073490143,1,1784929601.3343856,0.0011608600616455078,17,-0.09760312736034393,1,-0.1168268620967865,1,-0.025517022237181664,1,0.35660141706466675,1,0.6284083127975464,1,-0.23154589533805847,1,-0.07663211971521378,1,-0.8816688656806946,1,-1.5337101221084595,1,-0.6757715344429016,1,-0.1961566060781479,1,-0.1518150120973587,1,-0.019749818369746208,1,0.054423220455646515,1,-0.28454768657684326,1,-0.011547649279236794,1,0.04481864720582962,1,0,,,,,,,,,,,,,,,,,,,,,,,,,,,,,,,,,,,,,,,,,,,,,,,,,,,,,,,,,,,,,,,,,,,,,,,,,,,,,,,,,,,,,,,,,,,,,,,,,,,,,,,,,,,,,,,,,,,,,1,1784929601.3334541,0.0020923614501953125,world,base_footprint,0.20521974493570916,-1.1675831696370147,1,0,1,1784929567.4354498,33.90009665489197,world,workspace,1,0,3,0.47418051624239393,-0.07498176989329002,0.0,0.0,0.0,0.18733963242682541,0.9822952011092093,1.5,1,3,1784929567.4354498,world,workspace,0.47418051624239393,-0.07498176989329002,0.0,0.0,0.18733963242682541,0.9822952011092093,1,1784929567.435601,33.89994549751282,workspace,1,321,,1,1784929601.3344553,0.0010912418365478516,world,pelvis,0.18268528787516017,-1.1653727252125303,0.7775698675752543,0.008699805905114951,-0.011538845178783166,-0.6888707273261542,0.7247401530633505,capsules,0.05,0.5,0.1,0.5,0.5
303,1784929601.4355667,30.40621103718877,1,1784929601.4350808,0.0004858970642089844,17,-0.10093723982572556,1,-0.11123383045196533,1,-0.015636902302503586,1,0.3998752534389496,1,0.4980277121067047,1,-0.2505018711090088,1,-0.06673331558704376,1,-0.8044753074645996,1,-1.6769013404846191,1,-0.5989850759506226,1,-0.045027848333120346,1,-0.21679823100566864,1,0.03209509700536728,1,0.023077623918652534,1,-0.15735627710819244,1,0.015950534492731094,1,0.006147000007331371,1,0,,,,,,,,,,,,,,,,,,,,,,,,,,,,,,,,,,,,,,,,,,,,,,,,,,,,,,,,,,,,,,,,,,,,,,,,,,,,,,,,,,,,,,,,,,,,,,,,,,,,,,,,,,,,,,,,,,,,,1,1784929601.4334543,0.0021123886108398438,world,base_footprint,0.16079242390151316,-1.1906412851748691,1,0,1,1784929567.4354498,34.00011682510376,world,workspace,1,0,3,0.47418051624239393,-0.07498176989329002,0.0,0.0,0.0,0.18733963242682541,0.9822952011092093,1.5,1,3,1784929567.4354498,world,workspace,0.47418051624239393,-0.07498176989329002,0.0,0.0,0.18733963242682541,0.9822952011092093,1,1784929567.435601,33.99996566772461,workspace,1,321,,1,1784929601.4344544,0.001112222671508789,world,pelvis,0.16482448619552037,-1.1757331647652118,0.7782248747427862,-0.008734423504357052,-0.0045473789110165,-0.6773169828686804,0.7356254046107665,capsules,0.05,0.5,0.1,0.5,0.5
304,1784929601.535577,30.50622158218175,1,1784929601.5350826,0.0004944801330566406,17,-0.08124186098575592,1,-0.020193126052618027,1,0.005011075176298618,1,0.49177390336990356,1,0.39144366979599,1,-0.2694604694843292,1,-0.10674947500228882,1,-0.6182383298873901,1,-1.7624742984771729,1,-0.5393299460411072,1,0.00674461480230093,1,-0.3245656192302704,1,0.023785516619682312,1,0.020248277112841606,1,-0.10284901410341263,1,0.041079141199588776,1,-0.008671307004988194,1,0,,,,,,,,,,,,,,,,,,,,,,,,,,,,,,,,,,,,,,,,,,,,,,,,,,,,,,,,,,,,,,,,,,,,,,,,,,,,,,,,,,,,,,,,,,,,,,,,,,,,,,,,,,,,,,,,,,,,,1,1784929601.5334544,0.002122640609741211,world,base_footprint,0.1425520994705807,-1.2061035589631757,1,0,1,1784929567.4354498,34.10012722015381,world,workspace,1,0,3,0.47418051624239393,-0.07498176989329002,0.0,0.0,0.0,0.18733963242682541,0.9822952011092093,1.5,1,3,1784929567.4354498,world,workspace,0.47418051624239393,-0.07498176989329002,0.0,0.0,0.18733963242682541,0.9822952011092093,1,1784929567.435601,34.09997606277466,workspace,1,321,,1,1784929601.5344563,0.0011208057403564453,world,pelvis,0.17632487967734709,-1.1790322620477354,0.7777415969863426,-0.027562826509630965,0.00425318127629994,-0.6749917530978674,0.7372979955850272,capsules,0.05,0.5,0.1,0.5,0.5
305,1784929601.6356246,30.60627195984125,1,1784929601.634803,0.0008215904235839844,17,-0.054917559027671814,1,0.09736380726099014,1,0.011451519094407558,1,0.5729977488517761,1,0.4007653594017029,1,-0.22848331928253174,1,-0.13683967292308807,1,-0.5047143697738647,1,-1.6185717582702637,1,-0.6350385546684265,1,-0.11013337969779968,1,-0.29098963737487793,1,0.04287463799118996,1,-0.04247305914759636,1,-0.05550932139158249,1,0.046395447105169296,1,-0.028947509825229645,1,0,,,,,,,,,,,,,,,,,,,,,,,,,,,,,,,,,,,,,,,,,,,,,,,,,,,,,,,,,,,,,,,,,,,,,,,,,,,,,,,,,,,,,,,,,,,,,,,,,,,,,,,,,,,,,,,,,,,,,1,1784929601.6334546,0.002170085906982422,world,base_footprint,0.13415227351821812,-1.2178912233722083,1,0,1,1784929567.4354498,34.2001748085022,world,workspace,1,0,3,0.47418051624239393,-0.07498176989329002,0.0,0.0,0.0,0.18733963242682541,0.9822952011092093,1.5,1,3,1784929567.4354498,world,workspace,0.47418051624239393,-0.07498176989329002,0.0,0.0,0.18733963242682541,0.9822952011092093,1,1784929567.435601,34.20002365112305,workspace,1,321,,1,1784929601.6344545,0.0011701583862304688,world,pelvis,0.20313612227454747,-1.1806990323958662,0.7740964020824131,-0.04717473532620369,0.016663760487638922,-0.6710597093045353,0.7397132755206073,capsules,0.05,0.5,0.1,0.5,0.5
306,1784929601.735547,30.706191696226597,1,1784929601.7343488,0.0011982917785644531,17,-0.012540418654680252,1,0.09546840190887451,1,-0.007480364292860031,1,0.6113553643226624,1,0.5064241886138916,1,-0.14321649074554443,1,-0.13762667775154114,1,-0.41777101159095764,1,-1.3426681756973267,1,-0.8253797292709351,1,-0.27160656452178955,1,-0.2317844182252884,1,-0.02107713744044304,1,-0.01616709679365158,1,-0.16505935788154602,1,0.016393333673477173,1,0.02331312745809555,1,0,,,,,,,,,,,,,,,,,,,,,,,,,,,,,,,,,,,,,,,,,,,,,,,,,,,,,,,,,,,,,,,,,,,,,,,,,,,,,,,,,,,,,,,,,,,,,,,,,,,,,,,,,,,,,,,,,,,,,1,1784929601.734455,0.0010919570922851562,world,base_footprint,0.18098308693234294,-1.1982375904537432,1,0,1,1784929567.4354498,34.30009722709656,world,workspace,1,0,3,0.47418051624239393,-0.07498176989329002,0.0,0.0,0.0,0.18733963242682541,0.9822952011092093,1.5,1,3,1784929567.4354498,world,workspace,0.47418051624239393,-0.07498176989329002,0.0,0.0,0.18733963242682541,0.9822952011092093,1,1784929567.435601,34.29994606971741,workspace,1,321,,1,1784929601.734455,0.0010919570922851562,world,pelvis,0.22632123677596566,-1.1799422083254285,0.7777026698876927,-0.028140159608925262,0.013445239439030376,-0.6750828186174201,0.7370824546556313,capsules,0.05,0.5,0.1,0.5,0.5
307,1784929601.8362162,30.80686376336962,1,1784929601.8353255,0.0008907318115234375,17,0.02692355401813984,1,0.03920596092939377,1,0.013749800622463226,1,0.5783736705780029,1,0.6112968921661377,1,-0.07476159185171127,1,-0.13022615015506744,1,-0.27912649512290955,1,-1.2505333423614502,1,-1.0213032960891724,1,-0.22669193148612976,1,-0.23173028230667114,1,-0.04611138626933098,1,-0.008950979448854923,1,-0.3084714710712433,1,0.07371757179498672,1,0.010189848020672798,1,0,,,,,,,,,,,,,,,,,,,,,,,,,,,,,,,,,,,,,,,,,,,,,,,,,,,,,,,,,,,,,,,,,,,,,,,,,,,,,,,,,,,,,,,,,,,,,,,,,,,,,,,,,,,,,,,,,,,,,1,1784929601.8344562,0.0017600059509277344,world,base_footprint,0.1970521649097195,-1.180406882749645,1,0,1,1784929567.4354498,34.400766372680664,world,workspace,1,0,3,0.47418051624239393,-0.07498176989329002,0.0,0.0,0.0,0.18733963242682541,0.9822952011092093,1.5,1,3,1784929567.4354498,world,workspace,0.47418051624239393,-0.07498176989329002,0.0,0.0,0.18733963242682541,0.9822952011092093,1,1784929567.435601,34.400615215301514,workspace,1,321,,1,1784929601.8344562,0.0017600059509277344,world,pelvis,0.22509142837417284,-1.1754851980118521,0.77889838302068,-0.014349213626936098,0.011120414564162769,-0.672504824135941,0.7398700547813087,capsules,0.05,0.5,0.1,0.5,0.5
308,1784929601.93565,30.90629407763481,1,1784929601.9353368,0.0003132820129394531,17,0.03746652975678444,1,-0.033912818878889084,1,0.011384730227291584,1,0.5580468773841858,1,0.5540884137153625,1,-0.046998489648103714,1,-0.12574203312397003,1,-0.09326107054948807,1,-1.2308417558670044,1,-1.2119419574737549,1,-0.14351405203342438,1,-0.24789872765541077,1,-0.05876132845878601,1,-0.011283245868980885,1,-0.2927771508693695,1,0.047928065061569214,1,0.008061299100518227,1,0,,,,,,,,,,,,,,,,,,,,,,,,,,,,,,,,,,,,,,,,,,,,,,,,,,,,,,,,,,,,,,,,,,,,,,,,,,,,,,,,,,,,,,,,,,,,,,,,,,,,,,,,,,,,,,,,,,,,,1,1784929601.9344542,0.0011959075927734375,world,base_footprint,0.20342124679552068,-1.161023701646304,1,0,1,1784929567.4354498,34.500200271606445,world,workspace,1,0,3,0.47418051624239393,-0.07498176989329002,0.0,0.0,0.0,0.18733963242682541,0.9822952011092093,1.5,1,3,1784929567.4354498,world,workspace,0.47418051624239393,-0.07498176989329002,0.0,0.0,0.18733963242682541,0.9822952011092093,1,1784929567.435601,34.500049114227295,workspace,1,321,,1,1784929601.9344542,0.0011959075927734375,world,pelvis,0.21426874232488735,-1.177987684862797,0.7784286165915036,0.0034306989191254687,0.012372540985179876,-0.6678503643529748,0.7441848166739867,capsules,0.05,0.5,0.1,0.5,0.5
309,1784929602.035542,31.00618376582861,1,1784929602.0352643,0.0002777576446533203,17,0.014502674341201782,1,-0.07028809189796448,1,-0.007349700666964054,1,0.5609274506568909,1,0.4222697913646698,1,-0.06701946258544922,1,-0.11553575843572617,1,0.08628565818071365,1,-1.1739883422851562,1,-1.3781601190567017,1,-0.23819831013679504,1,-0.3136362135410309,1,-0.03988800197839737,1,-0.0147405369207263,1,-0.1596381664276123,1,0.05092731490731239,1,0.02014285884797573,1,0,,,,,,,,,,,,,,,,,,,,,,,,,,,,,,,,,,,,,,,,,,,,,,,,,,,,,,,,,,,,,,,,,,,,,,,,,,,,,,,,,,,,,,,,,,,,,,,,,,,,,,,,,,,,,,,,,,,,,1,1784929602.0344572,0.0010848045349121094,world,base_footprint,0.18665514279787895,-1.14760754459981,1,0,1,1784929567.4354498,34.60009217262268,world,workspace,1,0,3,0.47418051624239393,-0.07498176989329002,0.0,0.0,0.0,0.18733963242682541,0.9822952011092093,1.5,1,3,1784929567.4354498,world,workspace,0.47418051624239393,-0.07498176989329002,0.0,0.0,0.18733963242682541,0.9822952011092093,1,1784929567.435601,34.59994101524353,workspace,1,321,,1,1784929602.0344572,0.0010848045349121094,world,pelvis,0.19873891146535463,-1.1858227689565013,0.7793813281910627,0.013264533240050516,0.02185233837188577,-0.6584062624412278,0.7522285032114758,capsules,0.05,0.5,0.1,0.5,0.5
310,1784929602.1356323,31.106279059313238,1,1784929602.134351,0.0012812614440917969,17,-0.0020318333990871906,1,-0.0020457736682146788,1,-0.01592259667813778,1,0.574893057346344,1,0.3292903006076813,1,-0.16106316447257996,1,-0.1574467420578003,1,0.14745153486728668,1,-1.1591155529022217,1,-1.4509921073913574,1,-0.42358431220054626,1,-0.4639892876148224,1,-0.019526993855834007,1,0.038933414965867996,1,-0.15209850668907166,1,0.06105821207165718,1,0.0016626636497676373,1,0,,,,,,,,,,,,,,,,,,,,,,,,,,,,,,,,,,,,,,,,,,,,,,,,,,,,,,,,,,,,,,,,,,,,,,,,,,,,,,,,,,,,,,,,,,,,,,,,,,,,,,,,,,,,,,,,,,,,,1,1784929602.133456,0.0021762847900390625,world,base_footprint,0.17375309131174355,-1.1402763672012934,1,0,1,1784929567.4354498,34.70018243789673,world,workspace,1,0,3,0.47418051624239393,-0.07498176989329002,0.0,0.0,0.0,0.18733963242682541,0.9822952011092093,1.5,1,3,1784929567.4354498,world,workspace,0.47418051624239393,-0.07498176989329002,0.0,0.0,0.18733963242682541,0.9822952011092093,1,1784929567.435601,34.70003128051758,workspace,1,321,,1,1784929602.133456,0.0021762847900390625,world,pelvis,0.2056235266665445,-1.1868954851471722,0.7796533273268702,0.009232183784542823,0.03482639635103263,-0.6529305278871199,0.7565603840096414,capsules,0.05,0.5,0.1,0.5,0.5
311,1784929602.235623,31.206268715672195,1,1784929602.234457,0.0011658668518066406,17,0.022932663559913635,1,0.062038615345954895,1,-0.03769628331065178,1,0.5677874684333801,1,0.3439212441444397,1,-0.20502784848213196,1,-0.2100418210029602,1,0.0929107591509819,1,-1.0986578464508057,1,-1.4662939310073853,1,-0.5062771439552307,1,-0.40245476365089417,1,-0.011151994578540325,1,0.005698460154235363,1,-0.11149163544178009,1,0.044866930693387985,1,-0.0073499432764947414,1,0,,,,,,,,,,,,,,,,,,,,,,,,,,,,,,,,,,,,,,,,,,,,,,,,,,,,,,,,,,,,,,,,,,,,,,,,,,,,,,,,,,,,,,,,,,,,,,,,,,,,,,,,,,,,,,,,,,,,,1,1784929602.2334547,0.0021681785583496094,world,base_footprint,0.18300404362330255,-1.1546677830791574,1,0,1,1784929567.4354498,34.80017304420471,world,workspace,1,0,3,0.47418051624239393,-0.07498176989329002,0.0,0.0,0.0,0.18733963242682541,0.9822952011092093,1.5,1,3,1784929567.4354498,world,workspace,0.47418051624239393,-0.07498176989329002,0.0,0.0,0.18733963242682541,0.9822952011092093,1,1784929567.435601,34.80002188682556,workspace,1,321,,1,1784929602.2344556,0.00116729736328125,world,pelvis,0.22633074329708847,-1.1916020817529256,0.7789313476857448,-0.0003277337868164073,0.035914984873995304,-0.6516194364571574,0.7576952662405398,capsules,0.05,0.5,0.1,0.5,0.5
312,1784929602.335587,31.306230127811432,1,1784929602.3353236,0.00026345252990722656,17,0.06552304327487946,1,0.050265464931726456,1,-0.055616218596696854,1,0.5217350721359253,1,0.42301619052886963,1,-0.17959070205688477,1,-0.22734275460243225,1,0.10772979259490967,1,-1.0437724590301514,1,-1.47657310962677,1,-0.3544827699661255,1,-0.2708595395088196,1,-0.05361884832382202,1,0.005326349753886461,1,-0.17108045518398285,1,0.01118167769163847,1,0.020328175276517868,1,0,,,,,,,,,,,,,,,,,,,,,,,,,,,,,,,,,,,,,,,,,,,,,,,,,,,,,,,,,,,,,,,,,,,,,,,,,,,,,,,,,,,,,,,,,,,,,,,,,,,,,,,,,,,,,,,,,,,,,1,1784929602.3344538,0.0011332035064697266,world,base_footprint,0.2231171470464851,-1.1673499829360965,1,0,1,1784929567.4354498,34.900137186050415,world,workspace,1,0,3,0.47418051624239393,-0.07498176989329002,0.0,0.0,0.0,0.18733963242682541,0.9822952011092093,1.5,1,3,1784929567.4354498,world,workspace,0.47418051624239393,-0.07498176989329002,0.0,0.0,0.18733963242682541,0.9822952011092093,1,1784929567.435601,34.899986028671265,workspace,1,321,,1,1784929602.3344538,0.0011332035064697266,world,pelvis,0.24802212591146675,-1.1943947374430899,0.7790688365066573,0.0027234409496192298,0.02328887161125814,-0.651769226502764,0.7580548045573334,capsules,0.05,0.5,0.1,0.5,0.5
313,1784929602.435696,31.406343214213848,1,1784929602.4352372,0.00045871734619140625,17,0.08266274631023407,1,-0.022910822182893753,1,-0.052847567945718765,1,0.4944605827331543,1,0.5056386590003967,1,-0.11561335623264313,1,-0.22706060111522675,1,0.2759134769439697,1,-0.9906934499740601,1,-1.4492191076278687,1,-0.23753239214420319,1,-0.2738195061683655,1,-0.055397018790245056,1,-0.0004101304803043604,1,-0.3312709629535675,1,0.07561754435300827,1,-0.0007275718962773681,1,0,,,,,,,,,,,,,,,,,,,,,,,,,,,,,,,,,,,,,,,,,,,,,,,,,,,,,,,,,,,,,,,,,,,,,,,,,,,,,,,,,,,,,,,,,,,,,,,,,,,,,,,,,,,,,,,,,,,,,1,1784929602.4344547,0.0012412071228027344,world,base_footprint,0.22150491002518352,-1.157799786004847,1,0,1,1784929567.4354498,35.00024604797363,world,workspace,1,0,3,0.47418051624239393,-0.07498176989329002,0.0,0.0,0.0,0.18733963242682541,0.9822952011092093,1.5,1,3,1784929567.4354498,world,workspace,0.47418051624239393,-0.07498176989329002,0.0,0.0,0.18733963242682541,0.9822952011092093,1,1784929567.435601,35.00009489059448,workspace,1,321,,1,1784929602.4344547,0.0012412071228027344,world,pelvis,0.24319613316766328,-1.1918424588932581,0.7802969910391232,0.00754114429518285,0.024616309865419916,-0.6487459898108859,0.7605693979747166,capsules,0.05,0.5,0.1,0.5,0.5
314,1784929602.5359225,31.50657112430781,1,1784929602.5350616,0.0008609294891357422,17,0.057743292301893234,1,-0.11081727594137192,1,-0.05026141554117203,1,0.4971511960029602,1,0.5116875767707825,1,-0.13659349083900452,1,-0.21066680550575256,1,0.48250091075897217,1,-0.962927520275116,1,-1.4408674240112305,1,-0.37580573558807373,1,-0.2859785854816437,1,-0.06140093505382538,1,-0.02320724166929722,1,-0.2817266881465912,1,0.04456034675240517,1,0.014241236262023449,1,0,,,,,,,,,,,,,,,,,,,,,,,,,,,,,,,,,,,,,,,,,,,,,,,,,,,,,,,,,,,,,,,,,,,,,,,,,,,,,,,,,,,,,,,,,,,,,,,,,,,,,,,,,,,,,,,,,,,,,1,1784929602.533455,0.002467632293701172,world,base_footprint,0.2180003149537359,-1.1507084431956593,1,0,1,1784929567.4354498,35.10047268867493,world,workspace,1,0,3,0.47418051624239393,-0.07498176989329002,0.0,0.0,0.0,0.18733963242682541,0.9822952011092093,1.5,1,3,1784929567.4354498,world,workspace,0.47418051624239393,-0.07498176989329002,0.0,0.0,0.18733963242682541,0.9822952011092093,1,1784929567.435601,35.100321531295776,workspace,1,321,,1,1784929602.535457,0.00046563148498535156,world,pelvis,0.22713143211719578,-1.1937673308666394,0.7789709155538442,0.017389863637779886,0.0219083648905685,-0.6375603532514449,0.769892467915081,capsules,0.05,0.5,0.1,0.5,0.5
315,1784929602.635637,31.606280096806586,1,1784929602.6352348,0.00040221214294433594,17,0.019887078553438187,1,-0.15545162558555603,1,-0.049727797508239746,1,0.45820266008377075,1,0.4550623297691345,1,-0.2530648112297058,1,-0.14761221408843994,1,0.4765408933162689,1,-0.9759368896484375,1,-1.4421520233154297,1,-0.572515070438385,1,-0.3572981655597687,1,-0.040969543159008026,1,-0.021921701729297638,1,-0.1680772304534912,1,0.046325091272592545,1,0.025591764599084854,1,0,,,,,,,,,,,,,,,,,,,,,,,,,,,,,,,,,,,,,,,,,,,,,,,,,,,,,,,,,,,,,,,,,,,,,,,,,,,,,,,,,,,,,,,,,,,,,,,,,,,,,,,,,,,,,,,,,,,,,1,1784929602.633458,0.0021791458129882812,world,base_footprint,0.19877383921429598,-1.1526730269567023,1,0,1,1784929567.4354498,35.20018720626831,world,workspace,1,0,3,0.47418051624239393,-0.07498176989329002,0.0,0.0,0.0,0.18733963242682541,0.9822952011092093,1.5,1,3,1784929567.4354498,world,workspace,0.47418051624239393,-0.07498176989329002,0.0,0.0,0.18733963242682541,0.9822952011092093,1,1784929567.435601,35.20003604888916,workspace,1,321,,1,1784929602.6334581,0.0021789073944091797,world,pelvis,0.2109823043654281,-1.1952240287745544,0.7789517623553344,0.016381771260993095,0.022997995864302345,-0.6226530943514909,0.7819883975169271,capsules,0.05,0.5,0.1,0.5,0.5
316,1784929602.7356663,31.7063077846542,1,1784929602.7343156,0.0013506412506103516,17,0.04555688053369522,1,-0.10573109984397888,1,-0.04454829916357994,1,0.39209824800491333,1,0.3496549427509308,1,-0.39043429493904114,1,-0.11279601603746414,1,0.28739434480667114,1,-1.0538960695266724,1,-1.3920081853866577,1,-0.5855565667152405,1,-0.4346020817756653,1,-0.014485189691185951,1,0.01864955760538578,1,-0.12953633069992065,1,0.04793603718280792,1,0.022093331441283226,1,0,,,,,,,,,,,,,,,,,,,,,,,,,,,,,,,,,,,,,,,,,,,,,,,,,,,,,,,,,,,,,,,,,,,,,,,,,,,,,,,,,,,,,,,,,,,,,,,,,,,,,,,,,,,,,,,,,,,,,1,1784929602.7344584,0.0012078285217285156,world,base_footprint,0.19678390056955752,-1.1582453246460978,1,0,1,1784929567.4354498,35.30021643638611,world,workspace,1,0,3,0.47418051624239393,-0.07498176989329002,0.0,0.0,0.0,0.18733963242682541,0.9822952011092093,1.5,1,3,1784929567.4354498,world,workspace,0.47418051624239393,-0.07498176989329002,0.0,0.0,0.18733963242682541,0.9822952011092093,1,1784929567.435601,35.30006527900696,workspace,1,321,,1,1784929602.7344584,0.0012078285217285156,world,pelvis,0.22229308326666905,-1.1895517908468194,0.7811783847651524,0.0055062522030658945,0.02516113751614602,-0.6220640308767914,0.7825426121527748,capsules,0.05,0.5,0.1,0.5,0.5
317,1784929602.836141,31.806787052191794,1,1784929602.8350232,0.0011179447174072266,17,0.08424162119626999,1,-0.05370897054672241,1,-0.0334734246134758,1,0.30102625489234924,1,0.31929388642311096,1,-0.4065679609775543,1,-0.0834493488073349,1,0.06628323346376419,1,-1.044683814048767,1,-1.2177984714508057,1,-0.40620842576026917,1,-0.30828624963760376,1,0.028442295268177986,1,-0.03825429826974869,1,-0.06555839627981186,1,0.02526288665831089,1,0.01421066839247942,1,0,,,,,,,,,,,,,,,,,,,,,,,,,,,,,,,,,,,,,,,,,,,,,,,,,,,,,,,,,,,,,,,,,,,,,,,,,,,,,,,,,,,,,,,,,,,,,,,,,,,,,,,,,,,,,,,,,,,,,1,1784929602.8344538,0.0016872882843017578,world,base_footprint,0.21425470190730928,-1.1860661119649665,1,0,1,1784929567.4354498,35.40069127082825,world,workspace,1,0,3,0.47418051624239393,-0.07498176989329002,0.0,0.0,0.0,0.18733963242682541,0.9822952011092093,1.5,1,3,1784929567.4354498,world,workspace,0.47418051624239393,-0.07498176989329002,0.0,0.0,0.18733963242682541,0.9822952011092093,1,1784929567.435601,35.4005401134491,workspace,1,321,,1,1784929602.835455,0.0006861686706542969,world,pelvis,0.2479554499963374,-1.1854893857657016,0.7800545050359803,-0.013918793741601265,0.0158515821623592,-0.6212193640731741,0.7833527278463067,capsules,0.05,0.5,0.1,0.5,0.5
318,1784929602.9355972,31.906240197829902,1,1784929602.9349153,0.0006818771362304688,17,0.0992964506149292,1,-0.07925201952457428,1,-0.006312486249953508,1,0.22484278678894043,1,0.37235745787620544,1,-0.3026528060436249,1,-0.05791042000055313,1,-0.11593383550643921,1,-1.0414719581604004,1,-0.9966306686401367,1,-0.18100573122501373,1,-0.18525350093841553,1,-0.014790025539696217,1,-0.0024574757553637028,1,-0.1281369924545288,1,-0.009826081804931164,1,0.04789695143699646,1,0,,,,,,,,,,,,,,,,,,,,,,,,,,,,,,,,,,,,,,,,,,,,,,,,,,,,,,,,,,,,,,,,,,,,,,,,,,,,,,,,,,,,,,,,,,,,,,,,,,,,,,,,,,,,,,,,,,,,,1,1784929602.933454,0.0021431446075439453,world,base_footprint,0.26703137869126914,-1.2039092678938355,1,0,1,1784929567.4354498,35.500147342681885,world,workspace,1,0,3,0.47418051624239393,-0.07498176989329002,0.0,0.0,0.0,0.18733963242682541,0.9822952011092093,1.5,1,3,1784929567.4354498,world,workspace,0.47418051624239393,-0.07498176989329002,0.0,0.0,0.18733963242682541,0.9822952011092093,1,1784929567.435601,35.499996185302734,workspace,1,321,,1,1784929602.9334543,0.0021429061889648438,world,pelvis,0.27071180931021693,-1.1808979205898436,0.779025792509316,-0.012927194663369414,-0.007328396019738838,-0.6242976597284785,0.781045206314883,capsules,0.05,0.5,0.1,0.5,0.5
319,1784929603.0355887,32.006231057457626,1,1784929603.034679,0.0009098052978515625,17,0.10602466762065887,1,-0.17182298004627228,1,0.029827801510691643,1,0.20076121389865875,1,0.4766944348812103,1,-0.16306672990322113,1,-0.051455967128276825,1,-0.2444182187318802,1,-1.0731159448623657,1,-0.7807406187057495,1,-0.1177399680018425,1,-0.16677291691303253,1,-0.02300146408379078,1,0.025509316474199295,1,-0.27925243973731995,1,0.04934036359190941,1,-0.008109127171337605,1,0,,,,,,,,,,,,,,,,,,,,,,,,,,,,,,,,,,,,,,,,,,,,,,,,,,,,,,,,,,,,,,,,,,,,,,,,,,,,,,,,,,,,,,,,,,,,,,,,,,,,,,,,,,,,,,,,,,,,,1,1784929603.033456,0.0021326541900634766,world,base_footprint,0.2804111015365496,-1.2050039925886498,1,0,1,1784929567.4354498,35.600138902664185,world,workspace,1,0,3,0.47418051624239393,-0.07498176989329002,0.0,0.0,0.0,0.18733963242682541,0.9822952011092093,1.5,1,3,1784929567.4354498,world,workspace,0.47418051624239393,-0.07498176989329002,0.0,0.0,0.18733963242682541,0.9822952011092093,1,1784929567.435601,35.599987745285034,workspace,1,321,,1,1784929603.0334563,0.002132415771484375,world,pelvis,0.26454984722752756,-1.1793745647482872,0.777806257591979,-0.006233826374914524,-0.01818184875490244,-0.6335763034162255,0.7734414182948909,capsules,0.05,0.5,0.1,0.5,0.5
320,1784929603.135603,32.10624820459634,1,1784929603.1345537,0.0010492801666259766,17,0.11194223910570145,1,-0.27432486414909363,1,0.03152073547244072,1,0.21014909446239471,1,0.46107175946235657,1,-0.12165737897157669,1,-0.017263850197196007,1,-0.2668841481208801,1,-1.0686230659484863,1,-0.6236722469329834,1,-0.15231303870677948,1,-0.16450397670269012,1,-0.022891461849212646,1,0.02677088975906372,1,-0.27243223786354065,1,0.024996237829327583,1,0.03271208703517914,1,0,,,,,,,,,,,,,,,,,,,,,,,,,,,,,,,,,,,,,,,,,,,,,,,,,,,,,,,,,,,,,,,,,,,,,,,,,,,,,,,,,,,,,,,,,,,,,,,,,,,,,,,,,,,,,,,,,,,,,1,1784929603.1344564,0.001146554946899414,world,base_footprint,0.2816009845094904,-1.2026823049115904,1,0,1,1784929567.4354498,35.7001531124115,world,workspace,1,0,3,0.47418051624239393,-0.07498176989329002,0.0,0.0,0.0,0.18733963242682541,0.9822952011092093,1.5,1,3,1784929567.4354498,world,workspace,0.47418051624239393,-0.07498176989329002,0.0,0.0,0.18733963242682541,0.9822952011092093,1,1784929567.435601,35.70000195503235,workspace,1,321,,1,1784929603.1344564,0.001146554946899414,world,pelvis,0.25054711278752834,-1.1868313958705592,0.7761095403190538,0.004713623418922106,-0.021729981154572444,-0.6329558594698896,0.7738685092675757,capsules,0.05,0.5,0.1,0.5,0.5
321,1784929603.2355964,32.20624146703631,1,1784929603.2346559,0.0009405612945556641,17,0.12234022468328476,1,-0.30236509442329407,1,0.05710357055068016,1,0.2454102635383606,1,0.31792715191841125,1,-0.11875935643911362,1,-0.00010280724382027984,1,-0.17555998265743256,1,-0.9603160619735718,1,-0.4574374258518219,1,-0.10514748841524124,1,-0.19908295571804047,1,0.022044265642762184,1,-0.005978023633360863,1,-0.1442449688911438,1,0.036658529192209244,1,-0.013515853323042393,1,0,,,,,,,,,,,,,,,,,,,,,,,,,,,,,,,,,,,,,,,,,,,,,,,,,,,,,,,,,,,,,,,,,,,,,,,,,,,,,,,,,,,,,,,,,,,,,,,,,,,,,,,,,,,,,,,,,,,,,1,1784929603.233456,0.002140522003173828,world,base_footprint,0.24819426348594312,-1.2320313884919671,1,0,1,1784929567.4354498,35.80014657974243,world,workspace,1,0,3,0.47418051624239393,-0.07498176989329002,0.0,0.0,0.0,0.18733963242682541,0.9822952011092093,1.5,1,3,1784929567.4354498,world,workspace,0.47418051624239393,-0.07498176989329002,0.0,0.0,0.18733963242682541,0.9822952011092093,1,1784929567.435601,35.79999542236328,workspace,1,321,,1,1784929603.234456,0.0011403560638427734,world,pelvis,0.23799150443052058,-1.196952847475338,0.776235424186298,-0.01377707278247832,-0.01900513838757385,-0.6175026780739808,0.786218442642932,capsules,0.05,0.5,0.1,0.5,0.5
322,1784929603.3355975,32.306241252459586,1,1784929603.334224,0.0013735294342041016,17,0.1519935429096222,1,-0.22290629148483276,1,0.06600884348154068,1,0.3511880934238434,1,0.1337345987558365,1,-0.11345134675502777,1,-0.07453961670398712,1,-0.005598840769380331,1,-0.7875037789344788,1,-0.2832515239715576,1,0.026981251314282417,1,-0.29498353600502014,1,0.03444821015000343,1,0.034004971385002136,1,-0.08273539692163467,1,0.038042232394218445,1,-0.043930940330028534,1,0,,,,,,,,,,,,,,,,,,,,,,,,,,,,,,,,,,,,,,,,,,,,,,,,,,,,,,,,,,,,,,,,,,,,,,,,,,,,,,,,,,,,,,,,,,,,,,,,,,,,,,,,,,,,,,,,,,,,,1,1784929603.3334572,0.0021402835845947266,world,base_footprint,0.24355138659620504,-1.2472988510082703,1,0,1,1784929567.4354498,35.900147676467896,world,workspace,1,0,3,0.47418051624239393,-0.07498176989329002,0.0,0.0,0.0,0.18733963242682541,0.9822952011092093,1.5,1,3,1784929567.4354498,world,workspace,0.47418051624239393,-0.07498176989329002,0.0,0.0,0.18733963242682541,0.9822952011092093,1,1784929567.435601,35.899996519088745,workspace,1,321,,1,1784929603.3334572,0.0021402835845947266,world,pelvis,0.2564372453683023,-1.1996970566530842,0.7775335866719965,-0.029161857662842374,-0.011799042121611992,-0.603959758986632,0.7963937331417632,capsules,0.05,0.5,0.1,0.5,0.5
323,1784929603.435574,32.40621835552156,1,1784929603.4347715,0.0008025169372558594,17,0.17136511206626892,1,-0.02291164919734001,1,0.08476389944553375,1,0.42374980449676514,1,0.1269122064113617,1,-0.011159894056618214,1,-0.24901773035526276,1,0.21898263692855835,1,-0.5458541512489319,1,-0.14500850439071655,1,0.05412953719496727,1,-0.2116200476884842,1,0.07850700616836548,1,-0.068793885409832,1,-0.03377737104892731,1,0.03242795914411545,1,-0.050321441143751144,1,0,,,,,,,,,,,,,,,,,,,,,,,,,,,,,,,,,,,,,,,,,,,,,,,,,,,,,,,,,,,,,,,,,,,,,,,,,,,,,,,,,,,,,,,,,,,,,,,,,,,,,,,,,,,,,,,,,,,,,1,1784929603.4334562,0.0021178722381591797,world,base_footprint,0.24926685591677078,-1.2685310770930447,1,0,1,1784929567.4354498,36.00012421607971,world,workspace,1,0,3,0.47418051624239393,-0.07498176989329002,0.0,0.0,0.0,0.18733963242682541,0.9822952011092093,1.5,1,3,1784929567.4354498,world,workspace,0.47418051624239393,-0.07498176989329002,0.0,0.0,0.18733963242682541,0.9822952011092093,1,1784929567.435601,35.99997305870056,workspace,1,321,,1,1784929603.4344556,0.0011184215545654297,world,pelvis,0.29620030935685954,-1.1980418428839088,0.7722323922339139,-0.053982016137060405,-0.0031395089656067426,-0.6007275436506376,0.797623033592125,capsules,0.05,0.5,0.1,0.5,0.5
324,1784929603.5355673,32.50621146708727,1,1784929603.534885,0.0006823539733886719,17,0.129991352558136,1,0.05774402990937233,1,0.17363786697387695,1,0.4174879491329193,1,0.37245556712150574,1,0.2444288283586502,1,-0.42742154002189636,1,0.4166053831577301,1,-0.25233152508735657,1,-0.031539592891931534,1,0.004190570209175348,1,-0.17708125710487366,1,0.013077923096716404,1,-0.034846577793359756,1,-0.19109654426574707,1,0.04410610720515251,1,0.05852001532912254,1,0,,,,,,,,,,,,,,,,,,,,,,,,,,,,,,,,,,,,,,,,,,,,,,,,,,,,,,,,,,,,,,,,,,,,,,,,,,,,,,,,,,,,,,,,,,,,,,,,,,,,,,,,,,,,,,,,,,,,,1,1784929603.533457,0.0021102428436279297,world,base_footprint,0.2973167050220757,-1.2548209799498857,1,0,1,1784929567.4354498,36.100117444992065,world,workspace,1,0,3,0.47418051624239393,-0.07498176989329002,0.0,0.0,0.0,0.18733963242682541,0.9822952011092093,1.5,1,3,1784929567.4354498,world,workspace,0.47418051624239393,-0.07498176989329002,0.0,0.0,0.18733963242682541,0.9822952011092093,1,1784929567.435601,36.099966287612915,workspace,1,321,,1,1784929603.5344563,0.0011110305786132812,world,pelvis,0.3178590408487403,-1.1916952948665007,0.7741613646047107,-0.03998292542551125,-0.014002291267838491,-0.6058119469201166,0.794479191975804,capsules,0.05,0.5,0.1,0.5,0.5
325,1784929603.6360502,32.60669594537467,1,1784929603.6354403,0.0006098747253417969,17,0.04712584614753723,1,0.11133618652820587,1,0.2021155208349228,1,0.45546817779541016,1,0.6312441229820251,1,0.47611504793167114,1,-0.5177509784698486,1,0.6383350491523743,1,-0.24027271568775177,1,0.03161967545747757,1,-0.09748900681734085,1,-0.18558019399642944,1,-0.01596727780997753,1,-0.03000479005277157,1,-0.35812845826148987,1,0.07933644950389862,1,0.022143427282571793,1,0,,,,,,,,,,,,,,,,,,,,,,,,,,,,,,,,,,,,,,,,,,,,,,,,,,,,,,,,,,,,,,,,,,,,,,,,,,,,,,,,,,,,,,,,,,,,,,,,,,,,,,,,,,,,,,,,,,,,,1,1784929603.6344602,0.0015900135040283203,world,base_footprint,0.30985270775225177,-1.2269336208810164,1,0,1,1784929567.4354498,36.200600385665894,world,workspace,1,0,3,0.47418051624239393,-0.07498176989329002,0.0,0.0,0.0,0.18733963242682541,0.9822952011092093,1.5,1,3,1784929567.4354498,world,workspace,0.47418051624239393,-0.07498176989329002,0.0,0.0,0.18733963242682541,0.9822952011092093,1,1784929567.435601,36.20044922828674,workspace,1,321,,1,1784929603.6344604,0.0015897750854492188,world,pelvis,0.3243985751781028,-1.1926768772241214,0.7772438476030537,-0.023019142081500646,-0.0057890377154405336,-0.6033605273116666,0.7971152239308622,capsules,0.05,0.5,0.1,0.5,0.5
326,1784929603.7355874,32.70623096451163,1,1784929603.7352269,0.0003604888916015625,17,-0.054806891828775406,1,0.1342947781085968,1,0.17313240468502045,1,0.5793761610984802,1,0.8325090408325195,1,0.6302621960639954,1,-0.4301970601081848,1,0.7625465989112854,1,-0.4782659709453583,1,-0.06146864593029022,1,-0.17690934240818024,1,-0.2085389941930771,1,-0.04731414094567299,1,-0.027965905144810677,1,-0.329329252243042,1,0.03170685097575188,1,0.026681678369641304,1,0,,,,,,,,,,,,,,,,,,,,,,,,,,,,,,,,,,,,,,,,,,,,,,,,,,,,,,,,,,,,,,,,,,,,,,,,,,,,,,,,,,,,,,,,,,,,,,,,,,,,,,,,,,,,,,,,,,,,,1,1784929603.7344553,0.0011320114135742188,world,base_footprint,0.3225944173280209,-1.197642315712359,1,0,1,1784929567.4354498,36.300137519836426,world,workspace,1,0,3,0.47418051624239393,-0.07498176989329002,0.0,0.0,0.0,0.18733963242682541,0.9822952011092093,1.5,1,3,1784929567.4354498,world,workspace,0.47418051624239393,-0.07498176989329002,0.0,0.0,0.18733963242682541,0.9822952011092093,1,1784929567.435601,36.299986362457275,workspace,1,321,,1,1784929603.7344553,0.0011320114135742188,world,pelvis,0.3251867876532952,-1.2022042121508725,0.7764496558852233,0.0013407439215928046,0.0030650619710290037,-0.5985448572509899,0.8010823064200349,capsules,0.05,0.5,0.1,0.5,0.5
327,1784929603.8355927,32.80623785313219,1,1784929603.8345842,0.0010085105895996094,17,-0.11517000198364258,1,0.19722206890583038,1,0.19389863312244415,1,0.6405562162399292,1,0.9856260418891907,1,0.6998149156570435,1,-0.22836311161518097,1,0.8129347562789917,1,-0.6736425161361694,1,-0.2783941924571991,1,-0.2014479637145996,1,-0.3050094544887543,1,-0.015987247228622437,1,0.007699456997215748,1,-0.24322883784770966,1,0.03866489231586456,1,0.010446127504110336,1,0,,,,,,,,,,,,,,,,,,,,,,,,,,,,,,,,,,,,,,,,,,,,,,,,,,,,,,,,,,,,,,,,,,,,,,,,,,,,,,,,,,,,,,,,,,,,,,,,,,,,,,,,,,,,,,,,,,,,,1,1784929603.8344543,0.001138448715209961,world,base_footprint,0.3080910765658573,-1.1992454460033388,1,0,1,1784929567.4354498,36.40014290809631,world,workspace,1,0,3,0.47418051624239393,-0.07498176989329002,0.0,0.0,0.0,0.18733963242682541,0.9822952011092093,1.5,1,3,1784929567.4354498,world,workspace,0.47418051624239393,-0.07498176989329002,0.0,0.0,0.18733963242682541,0.9822952011092093,1,1784929567.435601,36.39999175071716,workspace,1,321,,1,1784929603.8344543,0.001138448715209961,world,pelvis,0.31925334976985537,-1.2075426524900768,0.774566272105409,6.663598257663762e-05,0.008867883797379725,-0.5904957871105108,0.8069919959958342,capsules,0.05,0.5,0.1,0.5,0.5
328,1784929603.93566,32.906303309835494,1,1784929603.934655,0.001004934310913086,17,-0.11426190286874771,1,0.2912946939468384,1,0.18573002517223358,1,0.5639652013778687,1,1.1097086668014526,1,0.7942184209823608,1,-0.01391116064041853,1,0.82193922996521,1,-0.6511268019676208,1,-0.4675666391849518,1,-0.23459522426128387,1,-0.4758013188838959,1,0.021768303588032722,1,0.03963823989033699,1,-0.2726329565048218,1,0.035115282982587814,1,-0.00487931165844202,1,0,,,,,,,,,,,,,,,,,,,,,,,,,,,,,,,,,,,,,,,,,,,,,,,,,,,,,,,,,,,,,,,,,,,,,,,,,,,,,,,,,,,,,,,,,,,,,,,,,,,,,,,,,,,,,,,,,,,,,1,1784929603.9344556,0.0012042522430419922,world,base_footprint,0.29687905328339304,-1.1767680187685436,1,0,1,1784929567.4354498,36.50021004676819,world,workspace,1,0,3,0.47418051624239393,-0.07498176989329002,0.0,0.0,0.0,0.18733963242682541,0.9822952011092093,1.5,1,3,1784929567.4354498,world,workspace,0.47418051624239393,-0.07498176989329002,0.0,0.0,0.18733963242682541,0.9822952011092093,1,1784929567.435601,36.50005888938904,workspace,1,321,,1,1784929603.9344559,0.0012040138244628906,world,pelvis,0.3254889234218483,-1.2046943863149269,0.7745814510218014,0.0037875642491377423,0.025216357866897375,-0.5842752828134324,0.8111548456036435,capsules,0.05,0.5,0.1,0.5,0.5
329,1784929604.0356557,33.006300861015916,1,1784929604.0345633,0.0010924339294433594,17,-0.1241048127412796,1,0.3920651078224182,1,0.14494013786315918,1,0.36241787672042847,1,1.1682835817337036,1,0.8600985407829285,1,0.10960184782743454,1,0.7813950181007385,1,-0.4428064525127411,1,-0.572808027267456,1,-0.2611484229564667,1,-0.448159396648407,1,0.03511136397719383,1,0.003829252440482378,1,-0.2650330662727356,1,0.0235638115555048,1,-0.0386994406580925,1,0,,,,,,,,,,,,,,,,,,,,,,,,,,,,,,,,,,,,,,,,,,,,,,,,,,,,,,,,,,,,,,,,,,,,,,,,,,,,,,,,,,,,,,,,,,,,,,,,,,,,,,,,,,,,,,,,,,,,,1,1784929604.0334587,0.0021970272064208984,world,base_footprint,0.28719929528545934,-1.164467106081368,1,0,1,1784929567.4354498,36.60020589828491,world,workspace,1,0,3,0.47418051624239393,-0.07498176989329002,0.0,0.0,0.0,0.18733963242682541,0.9822952011092093,1.5,1,3,1784929567.4354498,world,workspace,0.47418051624239393,-0.07498176989329002,0.0,0.0,0.18733963242682541,0.9822952011092093,1,1784929567.435601,36.60005474090576,workspace,1,321,,1,1784929604.0344565,0.0011992454528808594,world,pelvis,0.3431449783861258,-1.2041642286916792,0.7745414975599703,0.00044925829174500057,0.04377756966008729,-0.5697400269308432,0.8206580434471386,capsules,0.05,0.5,0.1,0.5,0.5
330,1784929604.1355836,33.106225196272135,1,1784929604.134644,0.0009396076202392578,17,-0.13482129573822021,1,0.41343408823013306,1,0.11134793609380722,1,0.2816316783428192,1,1.1845369338989258,1,0.8528971672058105,1,-0.01648290827870369,1,0.7325524091720581,1,-0.1982847899198532,1,-0.648161768913269,1,-0.24918754398822784,1,-0.301367849111557,1,-0.005181914195418358,1,0.05151931568980217,1,-0.26197120547294617,1,-0.04174073785543442,1,-0.018385712057352066,1,0,,,,,,,,,,,,,,,,,,,,,,,,,,,,,,,,,,,,,,,,,,,,,,,,,,,,,,,,,,,,,,,,,,,,,,,,,,,,,,,,,,,,,,,,,,,,,,,,,,,,,,,,,,,,,,,,,,,,,1,1784929604.1344562,0.001127481460571289,world,base_footprint,0.3282714379089554,-1.152386388269758,1,0,1,1784929567.4354498,36.70013380050659,world,workspace,1,0,3,0.47418051624239393,-0.07498176989329002,0.0,0.0,0.0,0.18733963242682541,0.9822952011092093,1.5,1,3,1784929567.4354498,world,workspace,0.47418051624239393,-0.07498176989329002,0.0,0.0,0.18733963242682541,0.9822952011092093,1,1784929567.435601,36.69998264312744,workspace,1,321,,1,1784929604.1344562,0.001127481460571289,world,pelvis,0.36946388181346945,-1.2017396987704083,0.7763112690305538,0.011075575288754348,0.03949864567914847,-0.565734480807484,0.823566442885468,capsules,0.05,0.5,0.1,0.5,0.5
331,1784929604.2355273,33.206169698387384,1,1784929604.2346659,0.0008614063262939453,17,-0.1583368182182312,1,0.31281179189682007,1,0.06689228117465973,1,0.3409629464149475,1,1.1918370723724365,1,0.8814297318458557,1,-0.2211686223745346,1,0.7147326469421387,1,-0.0011400585062801838,1,-0.6010138392448425,1,-0.1920972764492035,1,-0.26615405082702637,1,-0.041682153940200806,1,0.09674963355064392,1,-0.4046279788017273,1,0.02620900236070156,1,0.03523346036672592,1,0,,,,,,,,,,,,,,,,,,,,,,,,,,,,,,,,,,,,,,,,,,,,,,,,,,,,,,,,,,,,,,,,,,,,,,,,,,,,,,,,,,,,,,,,,,,,,,,,,,,,,,,,,,,,,,,,,,,,,1,1784929604.2334547,0.002072572708129883,world,base_footprint,0.3589900159770613,-1.1365652642673365,1,0,1,1784929567.4354498,36.80007743835449,world,workspace,1,0,3,0.47418051624239393,-0.07498176989329002,0.0,0.0,0.0,0.18733963242682541,0.9822952011092093,1.5,1,3,1784929567.4354498,world,workspace,0.47418051624239393,-0.07498176989329002,0.0,0.0,0.18733963242682541,0.9822952011092093,1,1784929567.435601,36.79992628097534,workspace,1,321,,1,1784929604.2344573,0.0010700225830078125,world,pelvis,0.3709957232742152,-1.2052983926337677,0.7767291479760203,0.031627714615673985,0.03169425716742364,-0.5785709546501681,0.8144021194508202,capsules,0.05,0.5,0.1,0.5,0.5
332,1784929604.335586,33.30622989591211,1,1784929604.3346288,0.0009572505950927734,17,-0.21848173439502716,1,0.16164247691631317,1,0.03410440683364868,1,0.38733774423599243,1,1.1292866468429565,1,0.9090428352355957,1,-0.3869794011116028,1,0.7548801302909851,1,0.025088194757699966,1,-0.5059455037117004,1,-0.17858685553073883,1,-0.2417803704738617,1,-0.047351762652397156,1,0.10155763477087021,1,-0.3438335359096527,1,0.033934760838747025,1,0.03530100733041763,1,0,,,,,,,,,,,,,,,,,,,,,,,,,,,,,,,,,,,,,,,,,,,,,,,,,,,,,,,,,,,,,,,,,,,,,,,,,,,,,,,,,,,,,,,,,,,,,,,,,,,,,,,,,,,,,,,,,,,,,1,1784929604.3334537,0.002132415771484375,world,base_footprint,0.3720770607728789,-1.1513140874959809,1,0,1,1784929567.4354498,36.9001362323761,world,workspace,1,0,3,0.47418051624239393,-0.07498176989329002,0.0,0.0,0.0,0.18733963242682541,0.9822952011092093,1.5,1,3,1784929567.4354498,world,workspace,0.47418051624239393,-0.07498176989329002,0.0,0.0,0.18733963242682541,0.9822952011092093,1,1784929567.435601,36.89998507499695,workspace,1,321,,1,1784929604.333454,0.0021321773529052734,world,pelvis,0.35325512778500007,-1.2177697772517586,0.7729080011546867,0.04151076421347478,0.014832265015430253,-0.5797955793730523,0.8135686489217686,capsules,0.05,0.5,0.1,0.5,0.5
333,1784929604.4357703,33.40641441568732,1,1784929604.435309,0.00046133995056152344,17,-0.21500849723815918,1,0.09343856573104858,1,0.08832722157239914,1,0.29615911841392517,1,1.0603032112121582,1,0.8866744637489319,1,-0.3439866900444031,1,0.7254080772399902,1,-0.16907243430614471,1,-0.409776896238327,1,-0.26943331956863403,1,-0.35437729954719543,1,-0.029190722852945328,1,0.06236840412020683,1,-0.27222973108291626,1,0.03236233815550804,1,0.0015322047984227538,1,0,,,,,,,,,,,,,,,,,,,,,,,,,,,,,,,,,,,,,,,,,,,,,,,,,,,,,,,,,,,,,,,,,,,,,,,,,,,,,,,,,,,,,,,,,,,,,,,,,,,,,,,,,,,,,,,,,,,,,1,1784929604.433458,0.002312183380126953,world,base_footprint,0.37203516161575584,-1.1853952307461846,1,0,1,1784929567.4354498,37.00032043457031,world,workspace,1,0,3,0.47418051624239393,-0.07498176989329002,0.0,0.0,0.0,0.18733963242682541,0.9822952011092093,1.5,1,3,1784929567.4354498,world,workspace,0.47418051624239393,-0.07498176989329002,0.0,0.0,0.18733963242682541,0.9822952011092093,1,1784929567.435601,37.00016927719116,workspace,1,321,,1,1784929604.4344583,0.0013120174407958984,world,pelvis,0.3433665326838308,-1.2171800074775565,0.7766942782319259,0.02735788357984861,-0.003466870317740719,-0.5714533141462569,0.8201711021289954,capsules,0.05,0.5,0.1,0.5,0.5
334,1784929604.5356226,33.50626417156309,1,1784929604.5352588,0.0003638267517089844,17,-0.14748632907867432,1,0.12256146222352982,1,0.1181768923997879,1,0.13810846209526062,1,1.0796090364456177,1,0.8584274053573608,1,-0.1332174837589264,1,0.537112832069397,1,-0.46742552518844604,1,-0.3301473557949066,1,-0.3799644410610199,1,-0.48221856355667114,1,1.7578480765223503e-05,1,-0.006554487161338329,1,-0.24488617479801178,1,0.0351373516023159,1,-0.011666959151625633,1,0,,,,,,,,,,,,,,,,,,,,,,,,,,,,,,,,,,,,,,,,,,,,,,,,,,,,,,,,,,,,,,,,,,,,,,,,,,,,,,,,,,,,,,,,,,,,,,,,,,,,,,,,,,,,,,,,,,,,,1,1784929604.5344555,0.0011670589447021484,world,base_footprint,0.3672499615528184,-1.1884838733268503,1,0,1,1784929567.4354498,37.10017275810242,world,workspace,1,0,3,0.47418051624239393,-0.07498176989329002,0.0,0.0,0.0,0.18733963242682541,0.9822952011092093,1.5,1,3,1784929567.4354498,world,workspace,0.47418051624239393,-0.07498176989329002,0.0,0.0,0.18733963242682541,0.9822952011092093,1,1784929567.435601,37.10002160072327,workspace,1,321,,1,1784929604.5344558,0.0011668205261230469,world,pelvis,0.3535275120361422,-1.2068569959567779,0.778517062360674,0.014614938528969766,-0.00047958195938963374,-0.5717371773343417,0.8203065119982275,capsules,0.05,0.5,0.1,0.5,0.5
335,1784929604.6356292,33.60627075843513,1,1784929604.6352515,0.000377655029296875,17,-0.07512439042329788,1,0.15955211222171783,1,0.14819872379302979,1,-0.012152413837611675,1,1.1995905637741089,1,0.8035485148429871,1,-0.04102198779582977,1,0.24187670648097992,1,-0.6560556292533875,1,-0.3204365372657776,1,-0.3330550789833069,1,-0.3792991638183594,1,0.04749885946512222,1,-0.020351406186819077,1,-0.18308591842651367,1,0.03367864713072777,1,-0.04072624817490578,1,0,,,,,,,,,,,,,,,,,,,,,,,,,,,,,,,,,,,,,,,,,,,,,,,,,,,,,,,,,,,,,,,,,,,,,,,,,,,,,,,,,,,,,,,,,,,,,,,,,,,,,,,,,,,,,,,,,,,,,1,1784929604.6344585,0.0011706352233886719,world,base_footprint,0.36663057244376085,-1.2104355477502053,1,0,1,1784929567.4354498,37.2001793384552,world,workspace,1,0,3,0.47418051624239393,-0.07498176989329002,0.0,0.0,0.0,0.18733963242682541,0.9822952011092093,1.5,1,3,1784929567.4354498,world,workspace,0.47418051624239393,-0.07498176989329002,0.0,0.0,0.18733963242682541,0.9822952011092093,1,1784929567.435601,37.20002818107605,workspace,1,321,,1,1784929604.6344588,0.0011703968048095703,world,pelvis,0.3729887528264086,-1.1974538905434098,0.7786752427426094,-0.00912411578301603,-0.0013040183889814461,-0.5624694561803849,0.8267666907364867,capsules,0.05,0.5,0.1,0.5,0.5
336,1784929604.7355733,33.706214730627835,1,1784929604.7349951,0.0005781650543212891,17,0.0253156628459692,1,0.12742067873477936,1,0.172591894865036,1,-0.030058514326810837,1,1.3797273635864258,1,0.9208823442459106,1,-0.1688842624425888,1,0.07919791340827942,1,-0.8207283616065979,1,-0.3489343225955963,1,-0.19107064604759216,1,-0.18675431609153748,1,0.024943882599473,1,0.02422926388680935,1,-0.16912753880023956,1,-0.008348723873496056,1,-0.010395834222435951,1,0,,,,,,,,,,,,,,,,,,,,,,,,,,,,,,,,,,,,,,,,,,,,,,,,,,,,,,,,,,,,,,,,,,,,,,,,,,,,,,,,,,,,,,,,,,,,,,,,,,,,,,,,,,,,,,,,,,,,,1,1784929604.7334647,0.0021085739135742188,world,base_footprint,0.4047558919167231,-1.2214056429752105,1,0,1,1784929567.4354498,37.30012345314026,world,workspace,1,0,3,0.47418051624239393,-0.07498176989329002,0.0,0.0,0.0,0.18733963242682541,0.9822952011092093,1.5,1,3,1784929567.4354498,world,workspace,0.47418051624239393,-0.07498176989329002,0.0,0.0,0.18733963242682541,0.9822952011092093,1,1784929567.435601,37.29997229576111,workspace,1,321,,1,1784929604.7344606,0.0011126995086669922,world,pelvis,0.4013251926109388,-1.1918099879746358,0.7774948791214885,-0.013747301715972392,-0.012774425345631753,-0.5576549977729165,0.829860668553166,capsules,0.05,0.5,0.1,0.5,0.5
337,1784929604.8357258,33.80636719893664,1,1784929604.8345654,0.0011603832244873047,17,0.1551581770181656,1,-0.007427378557622433,1,0.19308610260486603,1,0.05444719269871712,1,1.4658186435699463,1,1.1890087127685547,1,-0.30559489130973816,1,0.10326533764600754,1,-0.9546067714691162,1,-0.3253002464771271,1,-0.0939052551984787,1,-0.14980337023735046,1,-0.01784699037671089,1,0.07203902304172516,1,-0.28984811902046204,1,0.02223384380340576,1,-0.0054323687218129635,1,0,,,,,,,,,,,,,,,,,,,,,,,,,,,,,,,,,,,,,,,,,,,,,,,,,,,,,,,,,,,,,,,,,,,,,,,,,,,,,,,,,,,,,,,,,,,,,,,,,,,,,,,,,,,,,,,,,,,,,1,1784929604.8334696,0.002256155014038086,world,base_footprint,0.4441337026217223,-1.2150167522141333,1,0,1,1784929567.4354498,37.40027594566345,world,workspace,1,0,3,0.47418051624239393,-0.07498176989329002,0.0,0.0,0.0,0.18733963242682541,0.9822952011092093,1.5,1,3,1784929567.4354498,world,workspace,0.47418051624239393,-0.07498176989329002,0.0,0.0,0.18733963242682541,0.9822952011092093,1,1784929567.435601,37.4001247882843,workspace,1,321,,1,1784929604.8344588,0.0012669563293457031,world,pelvis,0.40861648472422096,-1.197197078326287,0.7761093937221387,0.0035595729513165676,-0.025092744958081996,-0.569350845086762,0.8217038997046703,capsules,0.05,0.5,0.1,0.5,0.5
338,1784929604.9356563,33.90629729535431,1,1784929604.9343233,0.001332998275756836,17,0.1939704418182373,1,-0.15561264753341675,1,0.18240922689437866,1,0.21133096516132355,1,1.4208372831344604,1,1.3415263891220093,1,-0.2024429887533188,1,0.26148849725723267,1,-1.0360510349273682,1,-0.3179571330547333,1,-0.08802832663059235,1,-0.15416863560676575,1,-0.05166679993271828,1,0.0655936747789383,1,-0.3005628287792206,1,-0.0007245221640914679,1,0.05381931737065315,1,0,,,,,,,,,,,,,,,,,,,,,,,,,,,,,,,,,,,,,,,,,,,,,,,,,,,,,,,,,,,,,,,,,,,,,,,,,,,,,,,,,,,,,,,,,,,,,,,,,,,,,,,,,,,,,,,,,,,,,1,1784929604.9344556,0.0012006759643554688,world,base_footprint,0.46684475295176,-1.2156008765030837,1,0,1,1784929567.4354498,37.5002064704895,world,workspace,1,0,3,0.47418051624239393,-0.07498176989329002,0.0,0.0,0.0,0.18733963242682541,0.9822952011092093,1.5,1,3,1784929567.4354498,world,workspace,0.47418051624239393,-0.07498176989329002,0.0,0.0,0.18733963242682541,0.9822952011092093,1,1784929567.435601,37.50005531311035,workspace,1,321,,1,1784929604.9344556,0.0012006759643554688,world,pelvis,0.40295183563055864,-1.216119566006908,0.7691737112433464,0.023054482749460814,-0.033629017619780585,-0.5582592573969518,0.8286640945097641,capsules,0.05,0.5,0.1,0.5,0.5
339,1784929605.0360632,34.00670799519867,1,1784929605.0347211,0.0013420581817626953,17,0.19006510078907013,1,-0.1951315701007843,1,0.18321232497692108,1,0.27754008769989014,1,1.3559285402297974,1,1.391430377960205,1,0.009554719552397728,1,0.4036349952220917,1,-1.0361809730529785,1,-0.2959643602371216,1,-0.08867736905813217,1,-0.2692975103855133,1,-0.023492198437452316,1,0.03736138716340065,1,-0.22900445759296417,1,0.0056412192061543465,1,0.00939518865197897,1,0,,,,,,,,,,,,,,,,,,,,,,,,,,,,,,,,,,,,,,,,,,,,,,,,,,,,,,,,,,,,,,,,,,,,,,,,,,,,,,,,,,,,,,,,,,,,,,,,,,,,,,,,,,,,,,,,,,,,,1,1784929605.0344563,0.0016069412231445312,world,base_footprint,0.4536777561805666,-1.2457373535750733,1,0,1,1784929567.4354498,37.6006133556366,world,workspace,1,0,3,0.47418051624239393,-0.07498176989329002,0.0,0.0,0.0,0.18733963242682541,0.9822952011092093,1.5,1,3,1784929567.4354498,world,workspace,0.47418051624239393,-0.07498176989329002,0.0,0.0,0.18733963242682541,0.9822952011092093,1,1784929567.435601,37.600462198257446,workspace,1,321,,1,1784929605.0354562,0.0006070137023925781,world,pelvis,0.4045884021539421,-1.2306616332809153,0.7696669177703376,0.008813736385757533,-0.03167099799327285,-0.5388016179334574,0.841790996892531,capsules,0.05,0.5,0.1,0.5,0.5
340,1784929605.1355605,34.10620699822903,1,1784929605.134463,0.0010974407196044922,17,0.19256794452667236,1,-0.1707562506198883,1,0.1383422613143921,1,0.31650710105895996,1,1.3176922798156738,1,1.4302479028701782,1,0.03195644170045853,1,0.3969826400279999,1,-1.0183680057525635,1,-0.17717933654785156,1,-0.08956810086965561,1,-0.38528722524642944,1,0.02816537395119667,1,-0.028736332431435585,1,-0.15677215158939362,1,0.011102928780019283,1,0.000811547099146992,1,0,,,,,,,,,,,,,,,,,,,,,,,,,,,,,,,,,,,,,,,,,,,,,,,,,,,,,,,,,,,,,,,,,,,,,,,,,,,,,,,,,,,,,,,,,,,,,,,,,,,,,,,,,,,,,,,,,,,,,1,1784929605.1334584,0.0021021366119384766,world,base_footprint,0.4535244939224462,-1.2633862814884966,1,0,1,1784929567.4354498,37.70011067390442,world,workspace,1,0,3,0.47418051624239393,-0.07498176989329002,0.0,0.0,0.0,0.18733963242682541,0.9822952011092093,1.5,1,3,1784929567.4354498,world,workspace,0.47418051624239393,-0.07498176989329002,0.0,0.0,0.18733963242682541,0.9822952011092093,1,1784929567.435601,37.69995951652527,workspace,1,321,,1,1784929605.1344569,0.0011036396026611328,world,pelvis,0.43211627044721135,-1.2332798935848173,0.7740499240385068,-0.009092717283344282,-0.02201584741411885,-0.5366298819370403,0.8434814726876232,capsules,0.05,0.5,0.1,0.5,0.5
341,1784929605.235658,34.206302251666784,1,1784929605.2353966,0.0002613067626953125,17,0.18454813957214355,1,-0.09941084682941437,1,0.08116248995065689,1,0.29212072491645813,1,1.3506768941879272,1,1.4465581178665161,1,-0.16866306960582733,1,0.26820552349090576,1,-0.996225893497467,1,0.005473195109516382,1,-0.090650275349617,1,-0.29353541135787964,1,0.1585417240858078,1,-0.0959583967924118,1,-0.05433419346809387,1,0.006699832621961832,1,-0.027420774102211,1,0,,,,,,,,,,,,,,,,,,,,,,,,,,,,,,,,,,,,,,,,,,,,,,,,,,,,,,,,,,,,,,,,,,,,,,,,,,,,,,,,,,,,,,,,,,,,,,,,,,,,,,,,,,,,,,,,,,,,,1,1784929605.2344558,0.0012021064758300781,world,base_footprint,0.4635999675250635,-1.2990144723349368,1,0,1,1784929567.4354498,37.80020809173584,world,workspace,1,0,3,0.47418051624239393,-0.07498176989329002,0.0,0.0,0.0,0.18733963242682541,0.9822952011092093,1.5,1,3,1784929567.4354498,world,workspace,0.47418051624239393,-0.07498176989329002,0.0,0.0,0.18733963242682541,0.9822952011092093,1,1784929567.435601,37.80005693435669,workspace,1,321,,1,1784929605.2344558,0.0012021064758300781,world,pelvis,0.47856075093594425,-1.2304224165370803,0.7710926315255361,-0.04220816638648171,-0.015037442379889902,-0.5281090259880118,0.8479936336358641,capsules,0.05,0.5,0.1,0.5,0.5
342,1784929605.3356376,34.306281959638,1,1784929605.3349519,0.0006856918334960938,17,0.22211240231990814,1,-0.1466161608695984,1,0.09159079939126968,1,0.2076028287410736,1,1.4528048038482666,1,1.480786681175232,1,-0.35501742362976074,1,0.09115425497293472,1,-0.8913275003433228,1,0.1250896453857422,1,-0.11352270096540451,1,-0.1873803436756134,1,0.08021054416894913,1,-0.0225930605083704,1,-0.14061212539672852,1,-0.040851693600416183,1,0.061692267656326294,1,0,,,,,,,,,,,,,,,,,,,,,,,,,,,,,,,,,,,,,,,,,,,,,,,,,,,,,,,,,,,,,,,,,,,,,,,,,,,,,,,,,,,,,,,,,,,,,,,,,,,,,,,,,,,,,,,,,,,,,1,1784929605.3344553,0.0011823177337646484,world,base_footprint,0.5435331225042738,-1.293026832822832,1,0,1,1784929567.4354498,37.900187730789185,world,workspace,1,0,3,0.47418051624239393,-0.07498176989329002,0.0,0.0,0.0,0.18733963242682541,0.9822952011092093,1.5,1,3,1784929567.4354498,world,workspace,0.47418051624239393,-0.07498176989329002,0.0,0.0,0.18733963242682541,0.9822952011092093,1,1784929567.435601,37.900036573410034,workspace,1,321,,1,1784929605.3344555,0.0011820793151855469,world,pelvis,0.523271827907332,-1.2212660555114336,0.7667890340882824,-0.03199830597612167,-0.035235718385078,-0.5291705701016266,0.8471794734900424,capsules,0.05,0.5,0.1,0.5,0.5
343,1784929605.4360445,34.406715743243694,1,1784929605.43536,0.0006844997406005859,17,0.2744462192058563,1,-0.2169560343027115,1,0.09066921472549438,1,0.24180541932582855,1,1.4948900938034058,1,1.499602198600769,1,-0.31437772512435913,1,0.037144117057323456,1,-0.8231654763221741,1,0.14450398087501526,1,-0.1916632056236267,1,-0.19139423966407776,1,0.04307097941637039,1,-0.01830778457224369,1,-0.3232460618019104,1,0.042659685015678406,1,-0.01458471454679966,1,0,,,,,,,,,,,,,,,,,,,,,,,,,,,,,,,,,,,,,,,,,,,,,,,,,,,,,,,,,,,,,,,,,,,,,,,,,,,,,,,,,,,,,,,,,,,,,,,,,,,,,,,,,,,,,,,,,,,,,1,1784929605.434455,0.0015895366668701172,world,base_footprint,0.5587677203389565,-1.2720520011934384,1,0,1,1784929567.4354498,38.00059461593628,world,workspace,1,0,3,0.47418051624239393,-0.07498176989329002,0.0,0.0,0.0,0.18733963242682541,0.9822952011092093,1.5,1,3,1784929567.4354498,world,workspace,0.47418051624239393,-0.07498176989329002,0.0,0.0,0.18733963242682541,0.9822952011092093,1,1784929567.435601,38.00044345855713,workspace,1,321,,1,1784929605.434455,0.0015895366668701172,world,pelvis,0.5380626145080798,-1.2239259758585934,0.7697952545727323,-0.019206109909237,-0.027353269315707363,-0.5243868235916456,0.8508239437412192,capsules,0.05,0.5,0.1,0.5,0.5
344,1784929605.5355506,34.506195640191436,1,1784929605.535239,0.0003116130828857422,17,0.297294944524765,1,-0.2699722945690155,1,0.09126259386539459,1,0.3954610228538513,1,1.492944359779358,1,1.493821620941162,1,-0.08743197470903397,1,0.04061756283044815,1,-0.8127208352088928,1,0.11754123866558075,1,-0.21004606783390045,1,-0.1986980140209198,1,0.0011924967402592301,1,-0.02712780050933361,1,-0.32527047395706177,1,0.0683038979768753,1,-0.03714149072766304,1,0,,,,,,,,,,,,,,,,,,,,,,,,,,,,,,,,,,,,,,,,,,,,,,,,,,,,,,,,,,,,,,,,,,,,,,,,,,,,,,,,,,,,,,,,,,,,,,,,,,,,,,,,,,,,,,,,,,,,,1,1784929605.533455,0.0020956993103027344,world,base_footprint,0.5763745726855105,-1.2561151813145768,1,0,1,1784929567.4354498,38.10010075569153,world,workspace,1,0,3,0.47418051624239393,-0.07498176989329002,0.0,0.0,0.0,0.18733963242682541,0.9822952011092093,1.5,1,3,1784929567.4354498,world,workspace,0.47418051624239393,-0.07498176989329002,0.0,0.0,0.18733963242682541,0.9822952011092093,1,1784929567.435601,38.09994959831238,workspace,1,321,,1,1784929605.5334551,0.002095460891723633,world,pelvis,0.5465526788991774,-1.2333155517190775,0.7686937484681052,-0.0027909891436188787,-0.023778077866849188,-0.5104614303775187,0.8595672989879827,capsules,0.05,0.5,0.1,0.5,0.5
345,1784929605.6356034,34.60624958667904,1,1784929605.635012,0.0005915164947509766,17,0.2882858216762543,1,-0.23697717487812042,1,0.10322525352239609,1,0.42999574542045593,1,1.4887155294418335,1,1.4659984111785889,1,0.10590367019176483,1,0.07777824997901917,1,-0.7713541388511658,1,0.062449101358652115,1,-0.20763389766216278,1,-0.1853809505701065,1,0.019216246902942657,1,-0.04365222901105881,1,-0.16234369575977325,1,0.09605269134044647,1,-0.018491903319954872,1,0,,,,,,,,,,,,,,,,,,,,,,,,,,,,,,,,,,,,,,,,,,,,,,,,,,,,,,,,,,,,,,,,,,,,,,,,,,,,,,,,,,,,,,,,,,,,,,,,,,,,,,,,,,,,,,,,,,,,,1,1784929605.6334624,0.0021409988403320312,world,base_footprint,0.571843575934834,-1.2798548430521661,1,0,1,1784929567.4354498,38.20015358924866,world,workspace,1,0,3,0.47418051624239393,-0.07498176989329002,0.0,0.0,0.0,0.18733963242682541,0.9822952011092093,1.5,1,3,1784929567.4354498,world,workspace,0.47418051624239393,-0.07498176989329002,0.0,0.0,0.18733963242682541,0.9822952011092093,1,1784929567.435601,38.20000243186951,workspace,1,321,,1,1784929605.6334624,0.0021409988403320312,world,pelvis,0.5521475323164691,-1.242962892835338,0.770602905192176,-0.014090375044999647,-0.022648495775264354,-0.5000611879851392,0.8655791790709273,capsules,0.05,0.5,0.1,0.5,0.5
346,1784929605.7355843,34.70622874330729,1,1784929605.7348187,0.0007655620574951172,17,0.23744742572307587,1,-0.10297072678804398,1,0.11395247280597687,1,0.38174858689308167,1,1.487859845161438,1,1.4493993520736694,1,0.06353095173835754,1,0.16551648080348969,1,-0.7459807991981506,1,-0.06187239661812782,1,-0.18526358902454376,1,-0.28590095043182373,1,0.050861846655607224,1,0.0013886878732591867,1,-0.0953078418970108,1,0.09354948252439499,1,-0.041756801307201385,1,0,,,,,,,,,,,,,,,,,,,,,,,,,,,,,,,,,,,,,,,,,,,,,,,,,,,,,,,,,,,,,,,,,,,,,,,,,,,,,,,,,,,,,,,,,,,,,,,,,,,,,,,,,,,,,,,,,,,,,1,1784929605.7334566,0.0021276473999023438,world,base_footprint,0.5819783042547902,-1.3066174809668287,1,0,1,1784929567.4354498,38.3001344203949,world,workspace,1,0,3,0.47418051624239393,-0.07498176989329002,0.0,0.0,0.0,0.18733963242682541,0.9822952011092093,1.5,1,3,1784929567.4354498,world,workspace,0.47418051624239393,-0.07498176989329002,0.0,0.0,0.18733963242682541,0.9822952011092093,1,1784929567.435601,38.29998326301575,workspace,1,321,,1,1784929605.7344575,0.0011267662048339844,world,pelvis,0.5758547188463485,-1.2336071677296447,0.7699787937114284,-0.03880788426651148,-0.026094887726135753,-0.4861539108255941,0.8726209829830462,capsules,0.05,0.5,0.1,0.5,0.5
347,1784929605.8357084,34.806352159008384,1,1784929605.835373,0.00033545494079589844,17,0.1543038785457611,1,0.06197790428996086,1,0.022344864904880524,1,0.3061022162437439,1,1.6165179014205933,1,1.454694151878357,1,-0.08637350052595139,1,0.3162010908126831,1,-0.6518002152442932,1,-0.1636858880519867,1,-0.18435266613960266,1,-0.24809487164020538,1,0.15079829096794128,1,-0.07342372089624405,1,-0.02557886578142643,1,0.07724867016077042,1,-0.048011645674705505,1,0,,,,,,,,,,,,,,,,,,,,,,,,,,,,,,,,,,,,,,,,,,,,,,,,,,,,,,,,,,,,,,,,,,,,,,,,,,,,,,,,,,,,,,,,,,,,,,,,,,,,,,,,,,,,,,,,,,,,,1,1784929605.833457,0.0022513866424560547,world,base_footprint,0.5972837780403405,-1.3208169121594242,1,0,1,1784929567.4354498,38.40025854110718,world,workspace,1,0,3,0.47418051624239393,-0.07498176989329002,0.0,0.0,0.0,0.18733963242682541,0.9822952011092093,1.5,1,3,1784929567.4354498,world,workspace,0.47418051624239393,-0.07498176989329002,0.0,0.0,0.18733963242682541,0.9822952011092093,1,1784929567.435601,38.40010738372803,workspace,1,321,,1,1784929605.8344567,0.0012516975402832031,world,pelvis,0.6255385526450168,-1.2256089248547128,0.7682836106794956,-0.06189040928455118,-0.013653000087246412,-0.4777574348980972,0.876202605695052,capsules,0.05,0.5,0.1,0.5,0.5
348,1784929605.935601,34.906247599981725,1,1784929605.9344797,0.0011212825775146484,17,0.06793548911809921,1,0.12031345814466476,1,0.035905737429857254,1,0.2945718467235565,1,1.81103515625,1,1.44710111618042,1,-0.0898224413394928,1,0.41404736042022705,1,-0.4597174823284149,1,-0.1921166330575943,1,-0.19228948652744293,1,-0.13978281617164612,1,0.07530363649129868,1,-0.013963127508759499,1,-0.10822315514087677,1,0.03241894394159317,1,0.052588753402233124,1,0,,,,,,,,,,,,,,,,,,,,,,,,,,,,,,,,,,,,,,,,,,,,,,,,,,,,,,,,,,,,,,,,,,,,,,,,,,,,,,,,,,,,,,,,,,,,,,,,,,,,,,,,,,,,,,,,,,,,,1,1784929605.9344578,0.0011432170867919922,world,base_footprint,0.6831974375560663,-1.3084199068457005,1,0,1,1784929567.4354498,38.50015115737915,world,workspace,1,0,3,0.47418051624239393,-0.07498176989329002,0.0,0.0,0.0,0.18733963242682541,0.9822952011092093,1.5,1,3,1784929567.4354498,world,workspace,0.47418051624239393,-0.07498176989329002,0.0,0.0,0.18733963242682541,0.9822952011092093,1,1784929567.435601,38.5,workspace,1,321,,1,1784929605.934458,0.0011429786682128906,world,pelvis,0.6688314864291178,-1.215320783415008,0.767567885417757,-0.04761254715729149,-0.03679076035201607,-0.4827369792017321,0.8736958819961907,capsules,0.05,0.5,0.1,0.5,0.5
349,1784929606.0356438,35.006288322620094,1,1784929606.0340881,0.0015556812286376953,17,-0.024462725967168808,1,0.1555672138929367,1,0.017378659918904305,1,0.40148985385894775,1,1.8854610919952393,1,1.3599754571914673,1,0.05559074506163597,1,0.578867495059967,1,-0.28225943446159363,1,-0.1484658420085907,1,-0.1969948261976242,1,-0.10932985693216324,1,0.016940556466579437,1,-0.00538558280095458,1,-0.3213731348514557,1,0.09019815921783447,1,0.006799676921218634,1,0,,,,,,,,,,,,,,,,,,,,,,,,,,,,,,,,,,,,,,,,,,,,,,,,,,,,,,,,,,,,,,,,,,,,,,,,,,,,,,,,,,,,,,,,,,,,,,,,,,,,,,,,,,,,,,,,,,,,,1,1784929606.033457,0.0021867752075195312,world,base_footprint,0.7067090991698175,-1.2782136855746158,1,0,1,1784929567.4354498,38.60019397735596,world,workspace,1,0,3,0.47418051624239393,-0.07498176989329002,0.0,0.0,0.0,0.18733963242682541,0.9822952011092093,1.5,1,3,1784929567.4354498,world,workspace,0.47418051624239393,-0.07498176989329002,0.0,0.0,0.18733963242682541,0.9822952011092093,1,1784929567.435601,38.60004281997681,workspace,1,321,,1,1784929606.0344558,0.001188039779663086,world,pelvis,0.6831197231172932,-1.220031216570358,0.7739545294563062,-0.02492739014221869,-0.031070877818634685,-0.47684142571511023,0.878086260280992,capsules,0.05,0.5,0.1,0.5,0.5
350,1784929606.1355877,35.10623082984239,1,1784929606.1348572,0.0007305145263671875,17,-0.10296325385570526,1,0.1709001362323761,1,0.039255235344171524,1,0.510091245174408,1,1.8753855228424072,1,1.2683982849121094,1,0.2593342661857605,1,0.7494310736656189,1,-0.23563207685947418,1,-0.13877862691879272,1,-0.2182433307170868,1,-0.10235203802585602,1,-0.03387250751256943,1,-0.01655547134578228,1,-0.3016919493675232,1,0.040390219539403915,1,0.060451630502939224,1,0,,,,,,,,,,,,,,,,,,,,,,,,,,,,,,,,,,,,,,,,,,,,,,,,,,,,,,,,,,,,,,,,,,,,,,,,,,,,,,,,,,,,,,,,,,,,,,,,,,,,,,,,,,,,,,,,,,,,,1,1784929606.1344564,0.001131296157836914,world,base_footprint,0.7288369524252897,-1.2560624553213051,1,0,1,1784929567.4354498,38.70013785362244,world,workspace,1,0,3,0.47418051624239393,-0.07498176989329002,0.0,0.0,0.0,0.18733963242682541,0.9822952011092093,1.5,1,3,1784929567.4354498,world,workspace,0.47418051624239393,-0.07498176989329002,0.0,0.0,0.18733963242682541,0.9822952011092093,1,1784929567.435601,38.699986696243286,workspace,1,321,,1,1784929606.1344564,0.001131296157836914,world,pelvis,0.6846350128210998,-1.2328019557614451,0.7720785152788007,-0.00014394344974719684,-0.031862620270767944,-0.4614517490749356,0.8865929370265967,capsules,0.05,0.5,0.1,0.5,0.5
351,1784929606.2356822,35.20632585417479,1,1784929606.2351418,0.0005404949188232422,17,-0.1332344263792038,1,0.21503472328186035,1,0.12955884635448456,1,0.5039255619049072,1,1.7999353408813477,1,1.2451348304748535,1,0.28343456983566284,1,0.8670280575752258,1,-0.20518523454666138,1,-0.2312358170747757,1,-0.2793225944042206,1,-0.22468416392803192,1,-0.012942240573465824,1,0.031071143224835396,1,-0.21266551315784454,1,0.01707151159644127,1,0.05007629096508026,1,0,,,,,,,,,,,,,,,,,,,,,,,,,,,,,,,,,,,,,,,,,,,,,,,,,,,,,,,,,,,,,,,,,,,,,,,,,,,,,,,,,,,,,,,,,,,,,,,,,,,,,,,,,,,,,,,,,,,,,1,1784929606.2344577,0.001224517822265625,world,base_footprint,0.7254619175106776,-1.2581467422232058,1,0,1,1784929567.4354498,38.80023241043091,world,workspace,1,0,3,0.47418051624239393,-0.07498176989329002,0.0,0.0,0.0,0.18733963242682541,0.9822952011092093,1.5,1,3,1784929567.4354498,world,workspace,0.47418051624239393,-0.07498176989329002,0.0,0.0,0.18733963242682541,0.9822952011092093,1,1784929567.435601,38.80008125305176,workspace,1,321,,1,1784929606.234458,0.0012242794036865234,world,pelvis,0.6784269260250467,-1.24058782119414,0.7738804394226271,0.0031330502033874367,-0.03187347053218415,-0.4394840254882349,0.8976792618821678,capsules,0.05,0.5,0.1,0.5,0.5
352,1784929606.3355906,35.30623601190746,1,1784929606.3347142,0.0008764266967773438,17,-0.08891258388757706,1,0.2762156128883362,1,0.12936800718307495,1,0.4524190425872803,1,1.7225432395935059,1,1.2369798421859741,1,0.13939955830574036,1,0.9475880861282349,1,-0.18416357040405273,1,-0.3617950975894928,1,-0.34672290086746216,1,-0.42937448620796204,1,0.023981662467122078,1,0.0202435664832592,1,-0.2679688334465027,1,0.003368131583556533,1,0.040852341800928116,1,0,,,,,,,,,,,,,,,,,,,,,,,,,,,,,,,,,,,,,,,,,,,,,,,,,,,,,,,,,,,,,,,,,,,,,,,,,,,,,,,,,,,,,,,,,,,,,,,,,,,,,,,,,,,,,,,,,,,,,1,1784929606.3334606,0.0021300315856933594,world,base_footprint,0.6996055800223722,-1.2182304083776012,1,0,1,1784929567.4354498,38.9001407623291,world,workspace,1,0,3,0.47418051624239393,-0.07498176989329002,0.0,0.0,0.0,0.18733963242682541,0.9822952011092093,1.5,1,3,1784929567.4354498,world,workspace,0.47418051624239393,-0.07498176989329002,0.0,0.0,0.18733963242682541,0.9822952011092093,1,1784929567.435601,38.89998960494995,workspace,1,321,,1,1784929606.334459,0.0011315345764160156,world,pelvis,0.6828481769811134,-1.2380781219391772,0.7766558116229652,0.01603852622409251,-0.004139877147865876,-0.4336160824467087,0.9009454590247563,capsules,0.05,0.5,0.1,0.5,0.5
353,1784929606.4358199,35.406467038206756,1,1784929606.4344518,0.0013680458068847656,17,-0.08961103111505508,1,0.3259693384170532,1,0.12333150953054428,1,0.3828714191913605,1,1.5925520658493042,1,1.18709135055542,1,-0.07519976794719696,1,0.8810919523239136,1,-0.1428394615650177,1,-0.4525519907474518,1,-0.3543495237827301,1,-0.41684067249298096,1,0.05984950438141823,1,0.015185472555458546,1,-0.26467740535736084,1,-0.0014965289738029242,1,0.024314967915415764,1,0,,,,,,,,,,,,,,,,,,,,,,,,,,,,,,,,,,,,,,,,,,,,,,,,,,,,,,,,,,,,,,,,,,,,,,,,,,,,,,,,,,,,,,,,,,,,,,,,,,,,,,,,,,,,,,,,,,,,,1,1784929606.4344592,0.0013606548309326172,world,base_footprint,0.6864603764498268,-1.207817135095066,1,0,1,1784929567.4354498,39.000370025634766,world,workspace,1,0,3,0.47418051624239393,-0.07498176989329002,0.0,0.0,0.0,0.18733963242682541,0.9822952011092093,1.5,1,3,1784929567.4354498,world,workspace,0.47418051624239393,-0.07498176989329002,0.0,0.0,0.18733963242682541,0.9822952011092093,1,1784929567.435601,39.000218868255615,workspace,1,321,,1,1784929606.4344594,0.0013604164123535156,world,pelvis,0.6961967119569251,-1.2352454905202468,0.7782101629777299,0.013152312772583802,0.013095976975326277,-0.42781302455237363,0.9036766723110341,capsules,0.05,0.5,0.1,0.5,0.5
354,1784929606.5355885,35.50623290799558,1,1784929606.5343666,0.0012218952178955078,17,-0.09750647097826004,1,0.35372939705848694,1,0.10709287971258163,1,0.3375653028488159,1,1.4443696737289429,1,1.028843641281128,1,-0.12791673839092255,1,0.7198823690414429,1,-0.10399742424488068,1,-0.517460823059082,1,-0.30146321654319763,1,-0.25778695940971375,1,0.011687668971717358,1,0.047829415649175644,1,-0.22325658798217773,1,-0.033474139869213104,1,0.018967056646943092,1,0,,,,,,,,,,,,,,,,,,,,,,,,,,,,,,,,,,,,,,,,,,,,,,,,,,,,,,,,,,,,,,,,,,,,,,,,,,,,,,,,,,,,,,,,,,,,,,,,,,,,,,,,,,,,,,,,,,,,,1,1784929606.5334594,0.002129077911376953,world,base_footprint,0.699826812968842,-1.1992312040448376,1,0,1,1784929567.4354498,39.100138664245605,world,workspace,1,0,3,0.47418051624239393,-0.07498176989329002,0.0,0.0,0.0,0.18733963242682541,0.9822952011092093,1.5,1,3,1784929567.4354498,world,workspace,0.47418051624239393,-0.07498176989329002,0.0,0.0,0.18733963242682541,0.9822952011092093,1,1784929567.435601,39.099987506866455,workspace,1,321,,1,1784929606.53446,0.0011284351348876953,world,pelvis,0.7197838205619795,-1.2271832168419905,0.7816135481796388,0.011218427242445358,0.01870362165418083,-0.4219022272842749,0.9063789671212541,capsules,0.05,0.5,0.1,0.5,0.5
355,1784929606.635616,35.606261648237705,1,1784929606.6347995,0.0008165836334228516,17,-0.08642169833183289,1,0.280239075422287,1,0.1088114082813263,1,0.3289737105369568,1,1.3107765913009644,1,0.8514012694358826,1,0.0432770736515522,1,0.5081488490104675,1,-0.11134196817874908,1,-0.4325042963027954,1,-0.1715071052312851,1,-0.21403509378433228,1,-0.037684086710214615,1,0.06129293888807297,1,-0.2770909368991852,1,-0.04157906770706177,1,0.07371526211500168,1,0,,,,,,,,,,,,,,,,,,,,,,,,,,,,,,,,,,,,,,,,,,,,,,,,,,,,,,,,,,,,,,,,,,,,,,,,,,,,,,,,,,,,,,,,,,,,,,,,,,,,,,,,,,,,,,,,,,,,,1,1784929606.6344602,0.001155853271484375,world,base_footprint,0.7289548102662358,-1.1827468159144472,1,0,1,1784929567.4354498,39.20016622543335,world,workspace,1,0,3,0.47418051624239393,-0.07498176989329002,0.0,0.0,0.0,0.18733963242682541,0.9822952011092093,1.5,1,3,1784929567.4354498,world,workspace,0.47418051624239393,-0.07498176989329002,0.0,0.0,0.18733963242682541,0.9822952011092093,1,1784929567.435601,39.2000150680542,workspace,1,321,,1,1784929606.6344602,0.001155853271484375,world,pelvis,0.7310463216091397,-1.2177787918959728,0.7801158449253199,0.01965507824718013,0.01070546552490696,-0.4250249916687649,0.9049048719970286,capsules,0.05,0.5,0.1,0.5,0.5
356,1784929606.7356033,35.706248208880424,1,1784929606.7346303,0.0009729862213134766,17,-0.08082280308008194,1,0.1359405517578125,1,0.11119712144136429,1,0.33222755789756775,1,1.1655988693237305,1,0.6664355993270874,1,0.22406309843063354,1,0.331196129322052,1,-0.23341916501522064,1,-0.21841448545455933,1,-0.12214700877666473,1,-0.23043230175971985,1,-0.028750089928507805,1,0.04824652895331383,1,-0.25793617963790894,1,0.03840484097599983,1,0.0585198849439621,1,0,,,,,,,,,,,,,,,,,,,,,,,,,,,,,,,,,,,,,,,,,,,,,,,,,,,,,,,,,,,,,,,,,,,,,,,,,,,,,,,,,,,,,,,,,,,,,,,,,,,,,,,,,,,,,,,,,,,,,1,1784929606.7334583,0.002145051956176758,world,base_footprint,0.7318955212425051,-1.1971652990045731,1,0,1,1784929567.4354498,39.300153493881226,world,workspace,1,0,3,0.47418051624239393,-0.07498176989329002,0.0,0.0,0.0,0.18733963242682541,0.9822952011092093,1.5,1,3,1784929567.4354498,world,workspace,0.47418051624239393,-0.07498176989329002,0.0,0.0,0.18733963242682541,0.9822952011092093,1,1784929567.435601,39.300002336502075,workspace,1,321,,1,1784929606.7334583,0.002145051956176758,world,pelvis,0.7207945497998417,-1.2245562847977214,0.7761560704836992,0.018825284038598154,0.0009115567479348876,-0.4199137299357968,0.9073683029269692,capsules,0.05,0.5,0.1,0.5,0.5
357,1784929606.835584,35.806226284243166,1,1784929606.8350625,0.0005214214324951172,17,-0.06330928206443787,1,0.055973123759031296,1,0.12192566692829132,1,0.43230846524238586,1,0.8839136362075806,1,0.4165073335170746,1,0.22611616551876068,1,0.13839256763458252,1,-0.5546486973762512,1,-0.09096816182136536,1,-0.1682346910238266,1,-0.35747668147087097,1,-0.03669100999832153,1,0.017066415399312973,1,-0.2344275414943695,1,0.01151795033365488,1,0.03554864600300789,1,0,,,,,,,,,,,,,,,,,,,,,,,,,,,,,,,,,,,,,,,,,,,,,,,,,,,,,,,,,,,,,,,,,,,,,,,,,,,,,,,,,,,,,,,,,,,,,,,,,,,,,,,,,,,,,,,,,,,,,1,1784929606.834459,0.0011248588562011719,world,base_footprint,0.7370913567720706,-1.1924448437454052,1,0,1,1784929567.4354498,39.40013408660889,world,workspace,1,0,3,0.47418051624239393,-0.07498176989329002,0.0,0.0,0.0,0.18733963242682541,0.9822952011092093,1.5,1,3,1784929567.4354498,world,workspace,0.47418051624239393,-0.07498176989329002,0.0,0.0,0.18733963242682541,0.9822952011092093,1,1784929567.435601,39.399982929229736,workspace,1,321,,1,1784929606.8344593,0.0011246204376220703,world,pelvis,0.7249768022641635,-1.2172615377126474,0.7794613469344908,0.017598523361202552,-0.0006437133310948834,-0.40547814451039554,0.9139350917505353,capsules,0.05,0.5,0.1,0.5,0.5
358,1784929606.9359355,35.90657955780625,1,1784929606.9340272,0.0019083023071289062,17,0.0028999883215874434,1,0.03137042745947838,1,0.1337740570306778,1,0.5910969376564026,1,0.6301929354667664,1,0.22666652500629425,1,0.15445317327976227,1,-0.06648869812488556,1,-0.7287101149559021,1,-0.03839845955371857,1,-0.23350046575069427,1,-0.4501090347766876,1,0.030316239222884178,1,-0.05236716940999031,1,-0.20054268836975098,1,0.008570069447159767,1,0.015502170659601688,1,0,,,,,,,,,,,,,,,,,,,,,,,,,,,,,,,,,,,,,,,,,,,,,,,,,,,,,,,,,,,,,,,,,,,,,,,,,,,,,,,,,,,,,,,,,,,,,,,,,,,,,,,,,,,,,,,,,,,,,1,1784929606.9334574,0.0024781227111816406,world,base_footprint,0.7325813219931588,-1.1958094474835674,1,0,1,1784929567.4354498,39.50048565864563,world,workspace,1,0,3,0.47418051624239393,-0.07498176989329002,0.0,0.0,0.0,0.18733963242682541,0.9822952011092093,1.5,1,3,1784929567.4354498,world,workspace,0.47418051624239393,-0.07498176989329002,0.0,0.0,0.18733963242682541,0.9822952011092093,1,1784929567.435601,39.50033450126648,workspace,1,321,,1,1784929606.9344566,0.0014789104461669922,world,pelvis,0.7432192102692674,-1.2003617564831839,0.7796992396546569,-4.693812044896543e-05,0.0073776188593327,-0.399253997249511,0.9168106752307517,capsules,0.05,0.5,0.1,0.5,0.5
359,1784929607.0358133,36.00645961146802,1,1784929607.0352752,0.0005381107330322266,17,0.117806576192379,1,0.015832848846912384,1,0.10707497596740723,1,0.7318143248558044,1,0.47398194670677185,1,0.18653470277786255,1,0.06292560696601868,1,-0.1966395229101181,1,-0.6147487163543701,1,-0.03770929574966431,1,-0.2539351284503937,1,-0.3298283517360687,1,0.104889877140522,1,-0.12910939753055573,1,-0.1328444629907608,1,-0.0004258871194906533,1,-0.02232244238257408,1,0,,,,,,,,,,,,,,,,,,,,,,,,,,,,,,,,,,,,,,,,,,,,,,,,,,,,,,,,,,,,,,,,,,,,,,,,,,,,,,,,,,,,,,,,,,,,,,,,,,,,,,,,,,,,,,,,,,,,,1,1784929607.034458,0.0013554096221923828,world,base_footprint,0.7430051172133721,-1.2151046578060882,1,0,1,1784929567.4354498,39.6003634929657,world,workspace,1,0,3,0.47418051624239393,-0.07498176989329002,0.0,0.0,0.0,0.18733963242682541,0.9822952011092093,1.5,1,3,1784929567.4354498,world,workspace,0.47418051624239393,-0.07498176989329002,0.0,0.0,0.18733963242682541,0.9822952011092093,1,1784929567.435601,39.60021233558655,workspace,1,321,,1,1784929607.034458,0.0013554096221923828,world,pelvis,0.7755914147849146,-1.183294788313958,0.7760319453369641,-0.026722374384301018,0.011386195351993733,-0.3843314116876034,0.922738118456632,capsules,0.05,0.5,0.1,0.5,0.5
360,1784929607.1355903,36.10623416677117,1,1784929607.1345472,0.001043081283569336,17,0.24912503361701965,1,-0.09130492806434631,1,0.08350623399019241,1,0.8190053701400757,1,0.4289983808994293,1,0.24319496750831604,1,4.159821037319489e-05,1,-0.350113183259964,1,-0.33011019229888916,1,-0.015719439834356308,1,-0.19309714436531067,1,-0.24866421520709991,1,0.06704741716384888,1,-0.07764285057783127,1,-0.23544342815876007,1,-0.023338990285992622,1,0.048103563487529755,1,0,,,,,,,,,,,,,,,,,,,,,,,,,,,,,,,,,,,,,,,,,,,,,,,,,,,,,,,,,,,,,,,,,,,,,,,,,,,,,,,,,,,,,,,,,,,,,,,,,,,,,,,,,,,,,,,,,,,,,1,1784929607.1334584,0.002131938934326172,world,base_footprint,0.7833910017358605,-1.1865764721322107,1,0,1,1784929567.4354498,39.70014047622681,world,workspace,1,0,3,0.47418051624239393,-0.07498176989329002,0.0,0.0,0.0,0.18733963242682541,0.9822952011092093,1.5,1,3,1784929567.4354498,world,workspace,0.47418051624239393,-0.07498176989329002,0.0,0.0,0.18733963242682541,0.9822952011092093,1,1784929567.435601,39.699989318847656,workspace,1,321,,1,1784929607.1344562,0.0011341571807861328,world,pelvis,0.8061085127143183,-1.1664565382840504,0.7721922827479905,-0.017080193242114978,0.008173991997977276,-0.38889462339837627,0.9210876314148747,capsules,0.05,0.5,0.1,0.5,0.5
361,1784929607.2356448,36.206287352368236,1,1784929607.2352471,0.00039768218994140625,17,0.3110010027885437,1,-0.2097799926996231,1,0.07674693316221237,1,0.8744924664497375,1,0.38034704327583313,1,0.30693742632865906,1,-0.048741601407527924,1,-0.5287384986877441,1,-0.19741606712341309,1,0.17362883687019348,1,-0.12660720944404602,1,-0.24032153189182281,1,0.05181819573044777,1,-0.04345448687672615,1,-0.4046202301979065,1,0.03773510828614235,1,-0.0019978529307991266,1,0,,,,,,,,,,,,,,,,,,,,,,,,,,,,,,,,,,,,,,,,,,,,,,,,,,,,,,,,,,,,,,,,,,,,,,,,,,,,,,,,,,,,,,,,,,,,,,,,,,,,,,,,,,,,,,,,,,,,,1,1784929607.2344584,0.001186370849609375,world,base_footprint,0.7947113228195651,-1.1712102111462446,1,0,1,1784929567.4354498,39.80019497871399,world,workspace,1,0,3,0.47418051624239393,-0.07498176989329002,0.0,0.0,0.0,0.18733963242682541,0.9822952011092093,1.5,1,3,1784929567.4354498,world,workspace,0.47418051624239393,-0.07498176989329002,0.0,0.0,0.18733963242682541,0.9822952011092093,1,1784929567.435601,39.80004382133484,workspace,1,321,,1,1784929607.2344587,0.0011861324310302734,world,pelvis,0.8191947917169182,-1.1630556914467474,0.7736737670650375,-0.010984200304746582,0.012253102675929863,-0.39794959009801495,0.9172596865442743,capsules,0.05,0.5,0.1,0.5,0.5
362,1784929607.335654,36.30629755742848,1,1784929607.3349712,0.000682830810546875,17,0.31257376074790955,1,-0.25258567929267883,1,0.03270686790347099,1,0.9110790491104126,1,0.2315128594636917,1,0.3090556859970093,1,-0.10195999592542648,1,-0.6348154544830322,1,-0.26070353388786316,1,0.3699718117713928,1,-0.1445479393005371,1,-0.23403167724609375,1,0.031522635370492935,1,-0.028681382536888123,1,-0.4333284795284271,1,0.07236628234386444,1,-0.046670034527778625,1,0,,,,,,,,,,,,,,,,,,,,,,,,,,,,,,,,,,,,,,,,,,,,,,,,,,,,,,,,,,,,,,,,,,,,,,,,,,,,,,,,,,,,,,,,,,,,,,,,,,,,,,,,,,,,,,,,,,,,,1,1784929607.3344548,0.0011992454528808594,world,base_footprint,0.8087557256678104,-1.1634050564934626,1,0,1,1784929567.4354498,39.90020418167114,world,workspace,1,0,3,0.47418051624239393,-0.07498176989329002,0.0,0.0,0.0,0.18733963242682541,0.9822952011092093,1.5,1,3,1784929567.4354498,world,workspace,0.47418051624239393,-0.07498176989329002,0.0,0.0,0.18733963242682541,0.9822952011092093,1,1784929567.435601,39.90005302429199,workspace,1,321,,1,1784929607.334455,0.0011990070343017578,world,pelvis,0.8358478824638641,-1.1618143580768705,0.7733836925361098,-0.007800386366306086,0.0154484103301839,-0.39757544722378985,0.9174062700655637,capsules,0.05,0.5,0.1,0.5,0.5
363,1784929607.4356863,36.406331156380475,1,1784929607.434466,0.0012204647064208984,17,0.31012269854545593,1,-0.2076912224292755,1,0.01993001252412796,1,0.9231891632080078,1,0.09270995855331421,1,0.29389533400535583,1,-0.17194008827209473,1,-0.6270845532417297,1,-0.32317090034484863,1,0.45796528458595276,1,-0.17423783242702484,1,-0.15586911141872406,1,0.01544248964637518,1,-0.02995770424604416,1,-0.23431022465229034,1,0.11143387109041214,1,-0.0074218218214809895,1,0,,,,,,,,,,,,,,,,,,,,,,,,,,,,,,,,,,,,,,,,,,,,,,,,,,,,,,,,,,,,,,,,,,,,,,,,,,,,,,,,,,,,,,,,,,,,,,,,,,,,,,,,,,,,,,,,,,,,,1,1784929607.4344592,0.0012271404266357422,world,base_footprint,0.8511080448542412,-1.193653947899776,1,0,1,1784929567.4354498,40.00023651123047,world,workspace,1,0,3,0.47418051624239393,-0.07498176989329002,0.0,0.0,0.0,0.18733963242682541,0.9822952011092093,1.5,1,3,1784929567.4354498,world,workspace,0.47418051624239393,-0.07498176989329002,0.0,0.0,0.18733963242682541,0.9822952011092093,1,1784929567.435601,40.00008535385132,workspace,1,321,,1,1784929607.4344592,0.0012271404266357422,world,pelvis,0.8532381151044942,-1.1629199152912122,0.7744532208481654,-0.018586595042909885,-0.006365913777692126,-0.38858230414528544,0.921204541093685,capsules,0.05,0.5,0.1,0.5,0.5
364,1784929607.5356412,36.5062861982733,1,1784929607.5343106,0.0013306140899658203,17,0.2988526225090027,1,-0.0063540819101035595,1,-0.009517310187220573,1,0.8643193244934082,1,0.00028231905889697373,1,0.25438639521598816,1,-0.23115141689777374,1,-0.5187276601791382,1,-0.3577638566493988,1,0.3805786967277527,1,-0.14109914004802704,1,-0.23777921497821808,1,0.02828083001077175,1,0.010703128762543201,1,-0.1585753858089447,1,0.09118010848760605,1,-0.00372874247841537,1,0,,,,,,,,,,,,,,,,,,,,,,,,,,,,,,,,,,,,,,,,,,,,,,,,,,,,,,,,,,,,,,,,,,,,,,,,,,,,,,,,,,,,,,,,,,,,,,,,,,,,,,,,,,,,,,,,,,,,,1,1784929607.5334716,0.0021696090698242188,world,base_footprint,0.879696092989355,-1.209521302008991,1,0,1,1784929567.4354498,40.10019135475159,world,workspace,1,0,3,0.47418051624239393,-0.07498176989329002,0.0,0.0,0.0,0.18733963242682541,0.9822952011092093,1.5,1,3,1784929567.4354498,world,workspace,0.47418051624239393,-0.07498176989329002,0.0,0.0,0.18733963242682541,0.9822952011092093,1,1784929567.435601,40.10004019737244,workspace,1,321,,1,1784929607.5344567,0.0011844635009765625,world,pelvis,0.8730003071862146,-1.1379190718588257,0.7723245569924554,-0.0408217969210301,-0.020986546074874136,-0.37203426336140866,0.9270834119242558,capsules,0.05,0.5,0.1,0.5,0.5
365,1784929607.6357715,36.60641836095601,1,1784929607.6350446,0.0007269382476806641,17,0.2666283845901489,1,0.19238883256912231,1,-0.08791543543338776,1,0.8397141695022583,1,0.05069762468338013,1,0.2848338484764099,1,-0.30703264474868774,1,-0.34835878014564514,1,-0.33671897649765015,1,0.2766248285770416,1,-0.041198015213012695,1,-0.178521528840065,1,0.09619681537151337,1,-0.07593485713005066,1,-0.13679692149162292,1,0.045502156019210815,1,0.029934287071228027,1,0,,,,,,,,,,,,,,,,,,,,,,,,,,,,,,,,,,,,,,,,,,,,,,,,,,,,,,,,,,,,,,,,,,,,,,,,,,,,,,,,,,,,,,,,,,,,,,,,,,,,,,,,,,,,,,,,,,,,,1,1784929607.634458,0.0013134479522705078,world,base_footprint,0.9121554474640475,-1.1955462817338802,1,0,1,1784929567.4354498,40.200321674346924,world,workspace,1,0,3,0.47418051624239393,-0.07498176989329002,0.0,0.0,0.0,0.18733963242682541,0.9822952011092093,1.5,1,3,1784929567.4354498,world,workspace,0.47418051624239393,-0.07498176989329002,0.0,0.0,0.18733963242682541,0.9822952011092093,1,1784929567.435601,40.20017051696777,workspace,1,321,,1,1784929607.634458,0.0013134479522705078,world,pelvis,0.9050415963793164,-1.106068606942416,0.770228322056909,-0.05119379255888503,-0.02579313452214328,-0.37713542718133464,0.9243823772550582,capsules,0.05,0.5,0.1,0.5,0.5
366,1784929607.7355947,36.7062401548028,1,1784929607.7349396,0.0006551742553710938,17,0.18447653949260712,1,0.21937519311904907,1,-0.08620677888393402,1,0.7381227016448975,1,0.2355014532804489,1,0.3268304169178009,1,-0.41238147020339966,1,-0.1362232118844986,1,-0.3145207464694977,1,0.2492610365152359,1,-0.006978711113333702,1,-0.11813297122716904,1,-5.655322820530273e-05,1,-0.05569034442305565,1,-0.24736982583999634,1,-0.0202740840613842,1,0.10366678237915039,1,0,,,,,,,,,,,,,,,,,,,,,,,,,,,,,,,,,,,,,,,,,,,,,,,,,,,,,,,,,,,,,,,,,,,,,,,,,,,,,,,,,,,,,,,,,,,,,,,,,,,,,,,,,,,,,,,,,,,,,1,1784929607.7344542,0.001140594482421875,world,base_footprint,0.9621699773701496,-1.1319401843146086,1,0,1,1784929567.4354498,40.30014491081238,world,workspace,1,0,3,0.47418051624239393,-0.07498176989329002,0.0,0.0,0.0,0.18733963242682541,0.9822952011092093,1.5,1,3,1784929567.4354498,world,workspace,0.47418051624239393,-0.07498176989329002,0.0,0.0,0.18733963242682541,0.9822952011092093,1,1784929567.435601,40.29999375343323,workspace,1,321,,1,1784929607.7344544,0.0011403560638427734,world,pelvis,0.9268385274108607,-1.0820472491682203,0.7714212554942975,-0.02120911779481991,-0.032740074886269545,-0.3704482654674384,0.9280335896027543,capsules,0.05,0.5,0.1,0.5,0.5
367,1784929607.8355923,36.80623545218259,1,1784929607.8346868,0.0009055137634277344,17,0.12832999229431152,1,0.12454768270254135,1,0.009284612722694874,1,0.5435613393783569,1,0.415390282869339,1,0.3499305844306946,1,-0.5938668251037598,1,0.08885341137647629,1,-0.292492538690567,1,0.2496677041053772,1,-0.08766917139291763,1,-0.08389580994844437,1,-0.04186258465051651,1,-0.043787069618701935,1,-0.38910797238349915,1,0.02422347292304039,1,0.03937993571162224,1,0,,,,,,,,,,,,,,,,,,,,,,,,,,,,,,,,,,,,,,,,,,,,,,,,,,,,,,,,,,,,,,,,,,,,,,,,,,,,,,,,,,,,,,,,,,,,,,,,,,,,,,,,,,,,,,,,,,,,,1,1784929607.8344576,0.001134634017944336,world,base_footprint,0.9803517158300264,-1.1063891208913383,1,0,1,1784929567.4354498,40.400142431259155,world,workspace,1,0,3,0.47418051624239393,-0.07498176989329002,0.0,0.0,0.0,0.18733963242682541,0.9822952011092093,1.5,1,3,1784929567.4354498,world,workspace,0.47418051624239393,-0.07498176989329002,0.0,0.0,0.18733963242682541,0.9822952011092093,1,1784929567.435601,40.399991273880005,workspace,1,321,,1,1784929607.8344576,0.001134634017944336,world,pelvis,0.9182775973877133,-1.083386261980517,0.7731588695252374,0.0009542611075385112,-0.04223490755133928,-0.36824279199787197,0.9287693729400645,capsules,0.05,0.5,0.1,0.5,0.5
368,1784929607.9356468,36.906288757920265,1,1784929607.935274,0.00037288665771484375,17,0.027231719344854355,1,0.03554415702819824,1,0.06071360781788826,1,0.31778421998023987,1,0.5377180576324463,1,0.3735073506832123,1,-0.7193747758865356,1,0.2138964980840683,1,-0.37478652596473694,1,0.12293197214603424,1,-0.25982049107551575,1,-0.10664622485637665,1,-0.05739710107445717,1,-0.07047365605831146,1,-0.3247832953929901,1,-0.001257565338164568,1,0.10726592689752579,1,0,,,,,,,,,,,,,,,,,,,,,,,,,,,,,,,,,,,,,,,,,,,,,,,,,,,,,,,,,,,,,,,,,,,,,,,,,,,,,,,,,,,,,,,,,,,,,,,,,,,,,,,,,,,,,,,,,,,,,1,1784929607.934457,0.0011897087097167969,world,base_footprint,0.9761590929659889,-1.0932931863787507,1,0,1,1784929567.4354498,40.50019693374634,world,workspace,1,0,3,0.47418051624239393,-0.07498176989329002,0.0,0.0,0.0,0.18733963242682541,0.9822952011092093,1.5,1,3,1784929567.4354498,world,workspace,0.47418051624239393,-0.07498176989329002,0.0,0.0,0.18733963242682541,0.9822952011092093,1,1784929567.435601,40.50004577636719,workspace,1,321,,1,1784929607.9344573,0.0011894702911376953,world,pelvis,0.905577571514165,-1.0961062876896583,0.7697926097861738,0.017328703620795544,-0.04162037992946446,-0.3469441949949396,0.9368015721403669,capsules,0.05,0.5,0.1,0.5,0.5
369,1784929608.035651,37.00629487540573,1,1784929608.0353975,0.00025343894958496094,17,-0.06953255087137222,1,0.07248840481042862,1,0.06949253380298615,1,0.11499912291765213,1,0.6348655223846436,1,0.388318806886673,1,-0.7254648804664612,1,0.12802082300186157,1,-0.5911109447479248,1,-0.1400500386953354,1,-0.4192289113998413,1,-0.21484807133674622,1,-0.0012711971066892147,1,-0.01066974550485611,1,-0.22460097074508667,1,0.002385728759691119,1,0.07743872702121735,1,0,,,,,,,,,,,,,,,,,,,,,,,,,,,,,,,,,,,,,,,,,,,,,,,,,,,,,,,,,,,,,,,,,,,,,,,,,,,,,,,,,,,,,,,,,,,,,,,,,,,,,,,,,,,,,,,,,,,,,1,1784929608.0344548,0.001196146011352539,world,base_footprint,0.948989763002739,-1.1102434604360039,1,0,1,1784929567.4354498,40.60020112991333,world,workspace,1,0,3,0.47418051624239393,-0.07498176989329002,0.0,0.0,0.0,0.18733963242682541,0.9822952011092093,1.5,1,3,1784929567.4354498,world,workspace,0.47418051624239393,-0.07498176989329002,0.0,0.0,0.18733963242682541,0.9822952011092093,1,1784929567.435601,40.60004997253418,workspace,1,321,,1,1784929608.0344548,0.001196146011352539,world,pelvis,0.900752942153477,-1.1060071593932974,0.770777417043195,0.007757598972251128,-0.02989845028444648,-0.33470809859342554,0.941815476122976,capsules,0.05,0.5,0.1,0.5,0.5
370,1784929608.1356003,37.10624535009265,1,1784929608.1348617,0.0007386207580566406,17,-0.11364361643791199,1,0.20305997133255005,1,0.013418339192867279,1,-0.09262964874505997,1,0.8346974849700928,1,0.2920700013637543,1,-0.6119920611381531,1,-0.130790576338768,1,-0.8540858626365662,1,-0.3952213227748871,1,-0.4610958993434906,1,-0.3675239384174347,1,0.014208166860044003,1,-0.010449947789311409,1,-0.20281361043453217,1,0.008722755126655102,1,0.06054941564798355,1,0,,,,,,,,,,,,,,,,,,,,,,,,,,,,,,,,,,,,,,,,,,,,,,,,,,,,,,,,,,,,,,,,,,,,,,,,,,,,,,,,,,,,,,,,,,,,,,,,,,,,,,,,,,,,,,,,,,,,,1,1784929608.1334553,0.002145051956176758,world,base_footprint,0.927000711411277,-1.1072963261473525,1,0,1,1784929567.4354498,40.70015048980713,world,workspace,1,0,3,0.47418051624239393,-0.07498176989329002,0.0,0.0,0.0,0.18733963242682541,0.9822952011092093,1.5,1,3,1784929567.4354498,world,workspace,0.47418051624239393,-0.07498176989329002,0.0,0.0,0.18733963242682541,0.9822952011092093,1,1784929567.435601,40.69999933242798,workspace,1,321,,1,1784929608.1334555,0.0021448135375976562,world,pelvis,0.9179852586542274,-1.0997518665132964,0.775638909297419,-0.002646208992397933,-0.0070129144568325434,-0.3296919317456111,0.9440588153026469,capsules,0.05,0.5,0.1,0.5,0.5
371,1784929608.2356524,37.20629567001015,1,1784929608.2349355,0.0007169246673583984,17,-0.1153796836733818,1,0.2851618826389313,1,-0.05537652224302292,1,-0.34328117966651917,1,1.0016943216323853,1,0.13112342357635498,1,-0.4468804895877838,1,-0.34278401732444763,1,-1.046648383140564,1,-0.521674633026123,1,-0.35541945695877075,1,-0.34460029006004333,1,0.05055637285113335,1,0.022995293140411377,1,-0.13363520801067352,1,-0.01682864874601364,1,0.027869315817952156,1,0,,,,,,,,,,,,,,,,,,,,,,,,,,,,,,,,,,,,,,,,,,,,,,,,,,,,,,,,,,,,,,,,,,,,,,,,,,,,,,,,,,,,,,,,,,,,,,,,,,,,,,,,,,,,,,,,,,,,,1,1784929608.23446,0.001192331314086914,world,base_footprint,0.9344944339670757,-1.1075940164665135,1,0,1,1784929567.4354498,40.80020260810852,world,workspace,1,0,3,0.47418051624239393,-0.07498176989329002,0.0,0.0,0.0,0.18733963242682541,0.9822952011092093,1.5,1,3,1784929567.4354498,world,workspace,0.47418051624239393,-0.07498176989329002,0.0,0.0,0.18733963242682541,0.9822952011092093,1,1784929567.435601,40.80005145072937,workspace,1,321,,1,1784929608.2344604,0.0011920928955078125,world,pelvis,0.9449082281343218,-1.0920563311965672,0.7789642754748445,-0.011491335826447867,0.0031934302385155725,-0.313979237537502,0.9493549334151082,capsules,0.05,0.5,0.1,0.5,0.5
372,1784929608.3356054,37.30625149421394,1,1784929608.3345492,0.0010561943054199219,17,-0.0820888802409172,1,0.25902289152145386,1,-0.15375107526779175,1,-0.5415399074554443,1,1.032631754875183,1,-0.03652139753103256,1,-0.2619675099849701,1,-0.3721804916858673,1,-1.2126774787902832,1,-0.476140558719635,1,-0.17709596455097198,1,-0.19344495236873627,1,-0.013122700154781342,1,0.05969082936644554,1,-0.09667953848838806,1,-0.07437620311975479,1,0.062286052852869034,1,0,,,,,,,,,,,,,,,,,,,,,,,,,,,,,,,,,,,,,,,,,,,,,,,,,,,,,,,,,,,,,,,,,,,,,,,,,,,,,,,,,,,,,,,,,,,,,,,,,,,,,,,,,,,,,,,,,,,,,1,1784929608.3334582,0.002147197723388672,world,base_footprint,0.9801285234217597,-1.0863480075604708,1,0,1,1784929567.4354498,40.900155544281006,world,workspace,1,0,3,0.47418051624239393,-0.07498176989329002,0.0,0.0,0.0,0.18733963242682541,0.9822952011092093,1.5,1,3,1784929567.4354498,world,workspace,0.47418051624239393,-0.07498176989329002,0.0,0.0,0.18733963242682541,0.9822952011092093,1,1784929567.435601,40.900004386901855,workspace,1,321,,1,1784929608.3334582,0.002147197723388672,world,pelvis,0.978881370542792,-1.0873017925540345,0.779766315573097,0.0008253511714803411,-0.0005664913057253344,-0.3111412105706751,0.9503631647784225,capsules,0.05,0.5,0.1,0.5,0.5
373,1784929608.4355443,37.406187891960144,1,1784929608.4352758,0.0002684593200683594,17,-0.05810455605387688,1,0.10711359232664108,1,-0.15982945263385773,1,-0.7368264198303223,1,1.067620038986206,1,-0.19869638979434967,1,-0.10888213664293289,1,-0.34159186482429504,1,-1.3054193258285522,1,-0.3888746500015259,1,-0.11357267946004868,1,-0.1496894359588623,1,-0.03920204937458038,1,0.08715035766363144,1,-0.2512071132659912,1,0.0025812520179897547,1,0.05393281951546669,1,0,,,,,,,,,,,,,,,,,,,,,,,,,,,,,,,,,,,,,,,,,,,,,,,,,,,,,,,,,,,,,,,,,,,,,,,,,,,,,,,,,,,,,,,,,,,,,,,,,,,,,,,,,,,,,,,,,,,,,1,1784929608.4344544,0.0010898113250732422,world,base_footprint,1.0060377015125845,-1.0773581097437308,1,0,1,1784929567.4354498,41.000094413757324,world,workspace,1,0,3,0.47418051624239393,-0.07498176989329002,0.0,0.0,0.0,0.18733963242682541,0.9822952011092093,1.5,1,3,1784929567.4354498,world,workspace,0.47418051624239393,-0.07498176989329002,0.0,0.0,0.18733963242682541,0.9822952011092093,1,1784929567.435601,40.999943256378174,workspace,1,321,,1,1784929608.4344544,0.0010898113250732422,world,pelvis,0.9812795859742569,-1.0978154481335056,0.7779853594734569,0.01741123950778718,-0.01078604615766739,-0.31981475630806777,0.9472586930689517,capsules,0.05,0.5,0.1,0.5,0.5
374,1784929608.535617,37.50626220647246,1,1784929608.5350914,0.0005257129669189453,17,-0.06034126877784729,1,-0.048559948801994324,1,-0.12672629952430725,1,-0.8465903997421265,1,1.1170034408569336,1,-0.2974492311477661,1,-0.1255766600370407,1,-0.4321710765361786,1,-1.45867121219635,1,-0.3971540629863739,1,-0.16363099217414856,1,-0.1833408772945404,1,-0.022771773859858513,1,0.0879582092165947,1,-0.25813817977905273,1,-0.002106352476403117,1,0.10261043906211853,1,0,,,,,,,,,,,,,,,,,,,,,,,,,,,,,,,,,,,,,,,,,,,,,,,,,,,,,,,,,,,,,,,,,,,,,,,,,,,,,,,,,,,,,,,,,,,,,,,,,,,,,,,,,,,,,,,,,,,,,1,1784929608.5344565,0.0011606216430664062,world,base_footprint,1.0018420998527569,-1.0815774724501281,1,0,1,1784929567.4354498,41.1001672744751,world,workspace,1,0,3,0.47418051624239393,-0.07498176989329002,0.0,0.0,0.0,0.18733963242682541,0.9822952011092093,1.5,1,3,1784929567.4354498,world,workspace,0.47418051624239393,-0.07498176989329002,0.0,0.0,0.18733963242682541,0.9822952011092093,1,1784929567.435601,41.10001611709595,workspace,1,321,,1,1784929608.5344567,0.0011603832244873047,world,pelvis,0.9674371675811279,-1.119045309453076,0.771346655487982,0.029644401767609636,-0.013198848503582161,-0.3181180111290746,0.9474956099303585,capsules,0.05,0.5,0.1,0.5,0.5
375,1784929608.6355834,37.60622670687735,1,1784929608.6352656,0.0003178119659423828,17,-0.050138868391513824,1,-0.07302144914865494,1,-0.11464682966470718,1,-0.907741367816925,1,1.0641452074050903,1,-0.3494866192340851,1,-0.19502490758895874,1,-0.6787272691726685,1,-1.4989161491394043,1,-0.5033271908760071,1,-0.2750822603702545,1,-0.2919531464576721,1,0.0027411109767854214,1,0.034089095890522,1,-0.20124322175979614,1,0.020440373569726944,1,0.049866970628499985,1,0,,,,,,,,,,,,,,,,,,,,,,,,,,,,,,,,,,,,,,,,,,,,,,,,,,,,,,,,,,,,,,,,,,,,,,,,,,,,,,,,,,,,,,,,,,,,,,,,,,,,,,,,,,,,,,,,,,,,,1,1784929608.634455,0.0011284351348876953,world,base_footprint,0.9824272778981771,-1.108977941630224,1,0,1,1784929567.4354498,41.20013356208801,world,workspace,1,0,3,0.47418051624239393,-0.07498176989329002,0.0,0.0,0.0,0.18733963242682541,0.9822952011092093,1.5,1,3,1784929567.4354498,world,workspace,0.47418051624239393,-0.07498176989329002,0.0,0.0,0.18733963242682541,0.9822952011092093,1,1784929567.435601,41.19998240470886,workspace,1,321,,1,1784929608.6344552,0.0011281967163085938,world,pelvis,0.9692100925895445,-1.1307745408476677,0.7780957751518722,0.015781373680493822,-0.003894905573671154,-0.2984738938312858,0.9542793682441841,capsules,0.05,0.5,0.1,0.5,0.5
376,1784929608.7362523,37.706900778226554,1,1784929608.7339678,0.002284526824951172,17,-0.039643894881010056,1,-0.04323562607169151,1,-0.1132066398859024,1,-1.1119694709777832,1,0.9903107285499573,1,-0.35010823607444763,1,-0.17227281630039215,1,-0.9235899448394775,1,-1.3835198879241943,1,-0.5596907138824463,1,-0.2710725665092468,1,-0.40441688895225525,1,0.028672587126493454,1,0.019655747339129448,1,-0.1392790526151657,1,0.026513924822211266,1,0.021734707057476044,1,0,,,,,,,,,,,,,,,,,,,,,,,,,,,,,,,,,,,,,,,,,,,,,,,,,,,,,,,,,,,,,,,,,,,,,,,,,,,,,,,,,,,,,,,,,,,,,,,,,,,,,,,,,,,,,,,,,,,,,1,1784929608.7334578,0.002794504165649414,world,base_footprint,0.9811598663786611,-1.1241327102263716,1,0,1,1784929567.4354498,41.30080246925354,world,workspace,1,0,3,0.47418051624239393,-0.07498176989329002,0.0,0.0,0.0,0.18733963242682541,0.9822952011092093,1.5,1,3,1784929567.4354498,world,workspace,0.47418051624239393,-0.07498176989329002,0.0,0.0,0.18733963242682541,0.9822952011092093,1,1784929567.435601,41.30065131187439,workspace,1,321,,1,1784929608.7344565,0.0017957687377929688,world,pelvis,0.9886978408962107,-1.1214616119367056,0.7799434393737187,-0.0032367226894934663,0.004003515003274097,-0.2869563501274627,0.9579298244732622,capsules,0.05,0.5,0.1,0.5,0.5
377,1784929608.8355937,37.8062399039045,1,1784929608.834732,0.0008616447448730469,17,-0.045304492115974426,1,0.039573851972818375,1,-0.11943782866001129,1,-1.3560986518859863,1,0.9341839551925659,1,-0.3725515305995941,1,-0.11546719819307327,1,-1.0441752672195435,1,-1.3316702842712402,1,-0.48245254158973694,1,-0.07452061027288437,1,-0.31244519352912903,1,0.08222797513008118,1,-0.045268408954143524,1,-0.041062209755182266,1,0.019354812800884247,1,-0.02016960084438324,1,0,,,,,,,,,,,,,,,,,,,,,,,,,,,,,,,,,,,,,,,,,,,,,,,,,,,,,,,,,,,,,,,,,,,,,,,,,,,,,,,,,,,,,,,,,,,,,,,,,,,,,,,,,,,,,,,,,,,,,1,1784929608.8334587,0.002135038375854492,world,base_footprint,1.0062102872678462,-1.1485111083060486,1,0,1,1784929567.4354498,41.40014386177063,world,workspace,1,0,3,0.47418051624239393,-0.07498176989329002,0.0,0.0,0.0,0.18733963242682541,0.9822952011092093,1.5,1,3,1784929567.4354498,world,workspace,0.47418051624239393,-0.07498176989329002,0.0,0.0,0.18733963242682541,0.9822952011092093,1,1784929567.435601,41.39999270439148,workspace,1,321,,1,1784929608.834457,0.00113677978515625,world,pelvis,1.0251279434768261,-1.098229165818736,0.7751459942994372,-0.03399413800211454,0.00236051363642832,-0.2714165529312666,0.961858555792781,capsules,0.05,0.5,0.1,0.5,0.5
378,1784929608.935591,37.90623451024294,1,1784929608.934795,0.0007960796356201172,17,-0.04780963063240051,1,-0.015144022181630135,1,-0.14570975303649902,1,-1.5100325345993042,1,1.0543752908706665,1,-0.4672577679157257,1,-0.1390375941991806,1,-0.9547311067581177,1,-1.4068665504455566,1,-0.2878664433956146,1,0.08051406592130661,1,-0.2184598445892334,1,-0.008110235445201397,1,-0.0064885979518294334,1,-0.16662351787090302,1,-0.02499423362314701,1,0.017361382022500038,1,0,,,,,,,,,,,,,,,,,,,,,,,,,,,,,,,,,,,,,,,,,,,,,,,,,,,,,,,,,,,,,,,,,,,,,,,,,,,,,,,,,,,,,,,,,,,,,,,,,,,,,,,,,,,,,,,,,,,,,1,1784929608.9344547,0.0011363029479980469,world,base_footprint,1.0550757631845935,-1.0951434409757637,1,0,1,1784929567.4354498,41.50014114379883,world,workspace,1,0,3,0.47418051624239393,-0.07498176989329002,0.0,0.0,0.0,0.18733963242682541,0.9822952011092093,1.5,1,3,1784929567.4354498,world,workspace,0.47418051624239393,-0.07498176989329002,0.0,0.0,0.18733963242682541,0.9822952011092093,1,1784929567.435601,41.49998998641968,workspace,1,321,,1,1784929608.934455,0.0011360645294189453,world,pelvis,1.0550460999944713,-1.0782893067085237,0.7775247273365749,-0.010327479542623058,-0.0029722495344791443,-0.2748661393823479,0.9614224432163238,capsules,0.05,0.5,0.1,0.5,0.5
379,1784929609.0355866,38.006228886544704,1,1784929609.0347376,0.0008490085601806641,17,-0.03834379091858864,1,-0.09445039927959442,1,-0.15195904672145844,1,-1.5328624248504639,1,1.2489944696426392,1,-0.5259426832199097,1,-0.20801907777786255,1,-0.8569207787513733,1,-1.5548592805862427,1,-0.15585288405418396,1,0.06707726418972015,1,-0.21122319996356964,1,-0.03363554924726486,1,0.025109780952334404,1,-0.3291529417037964,1,0.050725311040878296,1,-0.04273885861039162,1,0,,,,,,,,,,,,,,,,,,,,,,,,,,,,,,,,,,,,,,,,,,,,,,,,,,,,,,,,,,,,,,,,,,,,,,,,,,,,,,,,,,,,,,,,,,,,,,,,,,,,,,,,,,,,,,,,,,,,,1,1784929609.0334554,0.002131223678588867,world,base_footprint,1.0606484188765815,-1.070092286619875,1,0,1,1784929567.4354498,41.60013675689697,world,workspace,1,0,3,0.47418051624239393,-0.07498176989329002,0.0,0.0,0.0,0.18733963242682541,0.9822952011092093,1.5,1,3,1784929567.4354498,world,workspace,0.47418051624239393,-0.07498176989329002,0.0,0.0,0.18733963242682541,0.9822952011092093,1,1784929567.435601,41.59998559951782,workspace,1,321,,1,1784929609.0334554,0.002131223678588867,world,pelvis,1.0614411752396897,-1.0784831587089965,0.7769124160300601,0.004988349246089375,0.0019986446372817976,-0.28295567502235797,0.9591179321460186,capsules,0.05,0.5,0.1,0.5,0.5
380,1784929609.1356347,38.10627935733646,1,1784929609.134745,0.0008897781372070312,17,-0.03434466943144798,1,-0.1783473640680313,1,-0.17483824491500854,1,-1.3861802816390991,1,1.3551169633865356,1,-0.5699442625045776,1,-0.2770690321922302,1,-0.7768741846084595,1,-1.5702359676361084,1,-0.28158459067344666,1,-0.05026831477880478,1,-0.20386745035648346,1,-0.03755982220172882,1,0.03755151107907295,1,-0.31294482946395874,1,0.037675417959690094,1,-0.03656286001205444,1,0,,,,,,,,,,,,,,,,,,,,,,,,,,,,,,,,,,,,,,,,,,,,,,,,,,,,,,,,,,,,,,,,,,,,,,,,,,,,,,,,,,,,,,,,,,,,,,,,,,,,,,,,,,,,,,,,,,,,,1,1784929609.1344547,0.0011799335479736328,world,base_footprint,1.0622174602356689,-1.0630735223371883,1,0,1,1784929567.4354498,41.70018482208252,world,workspace,1,0,3,0.47418051624239393,-0.07498176989329002,0.0,0.0,0.0,0.18733963242682541,0.9822952011092093,1.5,1,3,1784929567.4354498,world,workspace,0.47418051624239393,-0.07498176989329002,0.0,0.0,0.18733963242682541,0.9822952011092093,1,1784929567.435601,41.70003366470337,workspace,1,321,,1,1784929609.134455,0.0011796951293945312,world,pelvis,1.0636027788592972,-1.0906428602254503,0.7760360239262327,0.01659865166985002,0.005860503753011945,-0.28514309307892344,0.9583233043852625,capsules,0.05,0.5,0.1,0.5,0.5
381,1784929609.2356567,38.20629939157516,1,1784929609.2354014,0.00025534629821777344,17,-0.04056648164987564,1,-0.22430285811424255,1,-0.1578805297613144,1,-1.2047929763793945,1,1.2814126014709473,1,-0.6355801820755005,1,-0.33246171474456787,1,-0.6638047695159912,1,-1.4771175384521484,1,-0.5118921399116516,1,-0.20473581552505493,1,-0.22426053881645203,1,-0.0043911682441830635,1,0.009372888132929802,1,-0.16617520153522491,1,0.06103065237402916,1,-0.021545765921473503,1,0,,,,,,,,,,,,,,,,,,,,,,,,,,,,,,,,,,,,,,,,,,,,,,,,,,,,,,,,,,,,,,,,,,,,,,,,,,,,,,,,,,,,,,,,,,,,,,,,,,,,,,,,,,,,,,,,,,,,,1,1784929609.234457,0.0011997222900390625,world,base_footprint,1.0619044859416973,-1.097168249598843,1,0,1,1784929567.4354498,41.800206899642944,world,workspace,1,0,3,0.47418051624239393,-0.07498176989329002,0.0,0.0,0.0,0.18733963242682541,0.9822952011092093,1.5,1,3,1784929567.4354498,world,workspace,0.47418051624239393,-0.07498176989329002,0.0,0.0,0.18733963242682541,0.9822952011092093,1,1784929567.435601,41.800055742263794,workspace,1,321,,1,1784929609.234457,0.0011997222900390625,world,pelvis,1.0614313045936328,-1.105115618166239,0.7770296214090254,0.004960674346849298,0.0010768468084570335,-0.26983898816228724,0.9628920773267006,capsules,0.05,0.5,0.1,0.5,0.5
382,1784929609.3355958,38.30623822286725,1,1784929609.3349402,0.0006556510925292969,17,-0.023622313514351845,1,-0.1891956627368927,1,-0.12290868163108826,1,-1.0163261890411377,1,1.0546212196350098,1,-0.7482360601425171,1,-0.3580116033554077,1,-0.49570444226264954,1,-1.3091996908187866,1,-0.7051977515220642,1,-0.28952404856681824,1,-0.30003613233566284,1,0.013426975347101688,1,0.023589665070176125,1,-0.08379457890987396,1,0.06261110305786133,1,-0.027493905276060104,1,0,,,,,,,,,,,,,,,,,,,,,,,,,,,,,,,,,,,,,,,,,,,,,,,,,,,,,,,,,,,,,,,,,,,,,,,,,,,,,,,,,,,,,,,,,,,,,,,,,,,,,,,,,,,,,,,,,,,,,1,1784929609.3334556,0.0021402835845947266,world,base_footprint,1.081611263545124,-1.1134161381393255,1,0,1,1784929567.4354498,41.90014600753784,world,workspace,1,0,3,0.47418051624239393,-0.07498176989329002,0.0,0.0,0.0,0.18733963242682541,0.9822952011092093,1.5,1,3,1784929567.4354498,world,workspace,0.47418051624239393,-0.07498176989329002,0.0,0.0,0.18733963242682541,0.9822952011092093,1,1784929567.435601,41.89999485015869,workspace,1,321,,1,1784929609.3334558,0.002140045166015625,world,pelvis,1.0728644406406513,-1.0919764284919795,0.780037876841752,-0.011711172227303477,-0.008992225454620369,-0.2642501468456139,0.9643411472184038,capsules,0.05,0.5,0.1,0.5,0.5
383,1784929609.4359417,38.40658912342042,1,1784929609.4346042,0.0013375282287597656,17,-0.0478438064455986,1,-0.09206192195415497,1,-0.10230869799852371,1,-0.8698636889457703,1,0.8063647150993347,1,-0.808287501335144,1,-0.3153170943260193,1,-0.2865728735923767,1,-1.1004160642623901,1,-0.8742207288742065,1,-0.18607068061828613,1,-0.23029839992523193,1,0.07157208770513535,1,-0.049513090401887894,1,-0.010753283277153969,1,0.052270449697971344,1,-0.04305047541856766,1,0,,,,,,,,,,,,,,,,,,,,,,,,,,,,,,,,,,,,,,,,,,,,,,,,,,,,,,,,,,,,,,,,,,,,,,,,,,,,,,,,,,,,,,,,,,,,,,,,,,,,,,,,,,,,,,,,,,,,,1,1784929609.4344609,0.0014808177947998047,world,base_footprint,1.1040455324585983,-1.1245531292217747,1,0,1,1784929567.4354498,42.00049185752869,world,workspace,1,0,3,0.47418051624239393,-0.07498176989329002,0.0,0.0,0.0,0.18733963242682541,0.9822952011092093,1.5,1,3,1784929567.4354498,world,workspace,0.47418051624239393,-0.07498176989329002,0.0,0.0,0.18733963242682541,0.9822952011092093,1,1784929567.435601,42.000340700149536,workspace,1,321,,1,1784929609.434461,0.0014805793762207031,world,pelvis,1.1005247040714647,-1.0623084509687302,0.7772192140909973,-0.03781037503050225,-0.012367233971070675,-0.2565034195363153,0.9657242995959741,capsules,0.05,0.5,0.1,0.5,0.5
384,1784929609.5360417,38.506687383167446,1,1784929609.53452,0.0015218257904052734,17,-0.07133184373378754,1,-0.1335734874010086,1,-0.07969565689563751,1,-0.7426443696022034,1,0.6486596465110779,1,-0.8028029799461365,1,-0.19630475342273712,1,-0.058975305408239365,1,-0.8020875453948975,1,-0.9066706895828247,1,-0.04356209933757782,1,-0.13563546538352966,1,-0.0008580501307733357,1,-0.016085822135210037,1,-0.12480419129133224,1,0.011491983197629452,1,-0.0010587637079879642,1,0,,,,,,,,,,,,,,,,,,,,,,,,,,,,,,,,,,,,,,,,,,,,,,,,,,,,,,,,,,,,,,,,,,,,,,,,,,,,,,,,,,,,,,,,,,,,,,,,,,,,,,,,,,,,,,,,,,,,,1,1784929609.5334568,0.0025849342346191406,world,base_footprint,1.1441134701038629,-1.0814503060081282,1,0,1,1784929567.4354498,42.10059189796448,world,workspace,1,0,3,0.47418051624239393,-0.07498176989329002,0.0,0.0,0.0,0.18733963242682541,0.9822952011092093,1.5,1,3,1784929567.4354498,world,workspace,0.47418051624239393,-0.07498176989329002,0.0,0.0,0.18733963242682541,0.9822952011092093,1,1784929567.435601,42.10044074058533,workspace,1,321,,1,1784929609.5344617,0.0015799999237060547,world,pelvis,1.1219046975376301,-1.0395096638474852,0.78130319768952,-0.02170268082071527,-0.020735247629811115,-0.2638247223855371,0.9641035001539611,capsules,0.05,0.5,0.1,0.5,0.5
385,1784929609.6359432,38.60659034922719,1,1784929609.6335614,0.0023818016052246094,17,-0.07490348815917969,1,-0.20147502422332764,1,-0.05465337261557579,1,-0.5795320868492126,1,0.49686333537101746,1,-0.6978881359100342,1,-0.06435342133045197,1,0.20857669413089752,1,-0.5727694034576416,1,-0.7209210395812988,1,-0.07467365264892578,1,-0.12296093255281448,1,-0.03233572095632553,1,-0.0019115826580673456,1,-0.27381667494773865,1,0.05981150269508362,1,-0.041714489459991455,1,0,,,,,,,,,,,,,,,,,,,,,,,,,,,,,,,,,,,,,,,,,,,,,,,,,,,,,,,,,,,,,,,,,,,,,,,,,,,,,,,,,,,,,,,,,,,,,,,,,,,,,,,,,,,,,,,,,,,,,1,1784929609.6344552,0.0014879703521728516,world,base_footprint,1.1498730304730638,-1.0573319986524985,1,0,1,1784929567.4354498,42.20049333572388,world,workspace,1,0,3,0.47418051624239393,-0.07498176989329002,0.0,0.0,0.0,0.18733963242682541,0.9822952011092093,1.5,1,3,1784929567.4354498,world,workspace,0.47418051624239393,-0.07498176989329002,0.0,0.0,0.18733963242682541,0.9822952011092093,1,1784929567.435601,42.20034217834473,workspace,1,321,,1,1784929609.6344554,0.00148773193359375,world,pelvis,1.1281223669306082,-1.038462212264843,0.7811793504119426,-0.00790374420557977,-0.01657457194940047,-0.266330239858079,0.9637069148498235,capsules,0.05,0.5,0.1,0.5,0.5
386,1784929609.735583,38.7062287023291,1,1784929609.7345507,0.0010323524475097656,17,-0.07616479694843292,1,-0.26024749875068665,1,-0.014190595597028732,1,-0.3424283564090729,1,0.33127039670944214,1,-0.5329424142837524,1,-0.017346050590276718,1,0.388314813375473,1,-0.49743568897247314,1,-0.4890497326850891,1,-0.2545146346092224,1,-0.10424096882343292,1,-0.05882043391466141,1,0.005151522345840931,1,-0.27620041370391846,1,0.05831330642104149,1,-0.039572104811668396,1,0,,,,,,,,,,,,,,,,,,,,,,,,,,,,,,,,,,,,,,,,,,,,,,,,,,,,,,,,,,,,,,,,,,,,,,,,,,,,,,,,,,,,,,,,,,,,,,,,,,,,,,,,,,,,,,,,,,,,,1,1784929609.7334573,0.0021257400512695312,world,base_footprint,1.1655495090977357,-1.0450055217229288,1,0,1,1784929567.4354498,42.300133228302,world,workspace,1,0,3,0.47418051624239393,-0.07498176989329002,0.0,0.0,0.0,0.18733963242682541,0.9822952011092093,1.5,1,3,1784929567.4354498,world,workspace,0.47418051624239393,-0.07498176989329002,0.0,0.0,0.18733963242682541,0.9822952011092093,1,1784929567.435601,42.29998207092285,workspace,1,321,,1,1784929609.7344594,0.001123666763305664,world,pelvis,1.133410705695419,-1.0501267150312061,0.7781179935904613,0.008598290142434708,-0.018889530820576508,-0.265847495760036,0.9637916600749992,capsules,0.05,0.5,0.1,0.5,0.5
387,1784929609.8356185,38.80626388452947,1,1784929609.8350828,0.0005357265472412109,17,-0.08673425763845444,1,-0.27102094888687134,1,0.09148117899894714,1,-0.16668638586997986,1,0.21707910299301147,1,-0.3770548105239868,1,-0.03218797594308853,1,0.3210250735282898,1,-0.5131965279579163,1,-0.3349423408508301,1,-0.4582742750644684,1,-0.14150719344615936,1,-0.04553794115781784,1,0.0012933372054249048,1,-0.151039257645607,1,0.056341201066970825,1,-0.026948224753141403,1,0,,,,,,,,,,,,,,,,,,,,,,,,,,,,,,,,,,,,,,,,,,,,,,,,,,,,,,,,,,,,,,,,,,,,,,,,,,,,,,,,,,,,,,,,,,,,,,,,,,,,,,,,,,,,,,,,,,,,,1,1784929609.8334584,0.0021600723266601562,world,base_footprint,1.1875641384116855,-1.068181413739557,1,0,1,1784929567.4354498,42.400168657302856,world,workspace,1,0,3,0.47418051624239393,-0.07498176989329002,0.0,0.0,0.0,0.18733963242682541,0.9822952011092093,1.5,1,3,1784929567.4354498,world,workspace,0.47418051624239393,-0.07498176989329002,0.0,0.0,0.18733963242682541,0.9822952011092093,1,1784929567.435601,42.400017499923706,workspace,1,321,,1,1784929609.8334587,0.0021598339080810547,world,pelvis,1.1337215551731403,-1.0638479801340763,0.7782018812225241,0.006046586727326555,-0.033926392965529746,-0.2537247486785044,0.9666623974052819,capsules,0.05,0.5,0.1,0.5,0.5
388,1784929609.935595,38.90623849350959,1,1784929609.9344444,0.0011506080627441406,17,-0.047567255795001984,1,-0.19743144512176514,1,0.14323844015598297,1,-0.02599467895925045,1,0.16035102307796478,1,-0.23715603351593018,1,-0.10298946499824524,1,0.18558727204799652,1,-0.6034533381462097,1,-0.3330309987068176,1,-0.6156041026115417,1,-0.3272724151611328,1,-0.023442434147000313,1,0.03127983957529068,1,-0.14697016775608063,1,0.04971291869878769,1,-0.038185544312000275,1,0,,,,,,,,,,,,,,,,,,,,,,,,,,,,,,,,,,,,,,,,,,,,,,,,,,,,,,,,,,,,,,,,,,,,,,,,,,,,,,,,,,,,,,,,,,,,,,,,,,,,,,,,,,,,,,,,,,,,,1,1784929609.93446,0.001135110855102539,world,base_footprint,1.181710112649093,-1.0636515230230323,1,0,1,1784929567.4354498,42.50014519691467,world,workspace,1,0,3,0.47418051624239393,-0.07498176989329002,0.0,0.0,0.0,0.18733963242682541,0.9822952011092093,1.5,1,3,1784929567.4354498,world,workspace,0.47418051624239393,-0.07498176989329002,0.0,0.0,0.18733963242682541,0.9822952011092093,1,1784929567.435601,42.49999403953552,workspace,1,321,,1,1784929609.93446,0.001135110855102539,world,pelvis,1.1410152458136653,-1.0596682871284628,0.7801705727078403,0.003948618824563947,-0.025778883357137593,-0.24689461600461415,0.9686913368922897,capsules,0.05,0.5,0.1,0.5,0.5
389,1784929610.035597,39.006242397241294,1,1784929610.0350652,0.0005319118499755859,17,0.027879882603883743,1,-0.12197475135326385,1,0.12111479043960571,1,0.1320914775133133,1,0.2262643724679947,1,-0.032806385308504105,1,-0.18191857635974884,1,0.19285675883293152,1,-0.6577941179275513,1,-0.500156819820404,1,-0.5940196514129639,1,-0.282727986574173,1,-0.0010098796337842941,1,0.012696266174316406,1,-0.12521544098854065,1,0.043395739048719406,1,-0.047510527074337006,1,0,,,,,,,,,,,,,,,,,,,,,,,,,,,,,,,,,,,,,,,,,,,,,,,,,,,,,,,,,,,,,,,,,,,,,,,,,,,,,,,,,,,,,,,,,,,,,,,,,,,,,,,,,,,,,,,,,,,,,1,1784929610.0344543,0.001142740249633789,world,base_footprint,1.1803881830981546,-1.061903776899427,1,0,1,1784929567.4354498,42.60014724731445,world,workspace,1,0,3,0.47418051624239393,-0.07498176989329002,0.0,0.0,0.0,0.18733963242682541,0.9822952011092093,1.5,1,3,1784929567.4354498,world,workspace,0.47418051624239393,-0.07498176989329002,0.0,0.0,0.18733963242682541,0.9822952011092093,1,1784929567.435601,42.5999960899353,workspace,1,321,,1,1784929610.0344543,0.001142740249633789,world,pelvis,1.162191653368973,-1.0539698810515716,0.7818239106342119,-0.002092275609613417,-0.012483681256326208,-0.24263671222068584,0.9700346416328646,capsules,0.05,0.5,0.1,0.5,0.5
390,1784929610.1356,39.106242613866925,1,1784929610.134811,0.0007891654968261719,17,0.08664140105247498,1,-0.13212737441062927,1,0.11717431247234344,1,0.28931504487991333,1,0.36309316754341125,1,0.1619187295436859,1,-0.2533065974712372,1,0.27747002243995667,1,-0.6596812605857849,1,-0.6836085319519043,1,-0.4078001379966736,1,-0.15809513628482819,1,-0.024504803121089935,1,0.03284640237689018,1,-0.16861562430858612,1,0.01583300530910492,1,-0.006678357254713774,1,0,,,,,,,,,,,,,,,,,,,,,,,,,,,,,,,,,,,,,,,,,,,,,,,,,,,,,,,,,,,,,,,,,,,,,,,,,,,,,,,,,,,,,,,,,,,,,,,,,,,,,,,,,,,,,,,,,,,,,1,1784929610.1334546,0.002145528793334961,world,base_footprint,1.2017877852341805,-1.0433280773648204,1,0,1,1784929567.4354498,42.70015025138855,world,workspace,1,0,3,0.47418051624239393,-0.07498176989329002,0.0,0.0,0.0,0.18733963242682541,0.9822952011092093,1.5,1,3,1784929567.4354498,world,workspace,0.47418051624239393,-0.07498176989329002,0.0,0.0,0.18733963242682541,0.9822952011092093,1,1784929567.435601,42.6999990940094,workspace,1,321,,1,1784929610.1344597,0.0011403560638427734,world,pelvis,1.184139156043297,-1.0442738366423159,0.7809727032177489,0.0036289878684453267,-0.010763058384848746,-0.25018392399100137,0.968131701370077,capsules,0.05,0.5,0.1,0.5,0.5
391,1784929610.2355354,39.20617750938982,1,1784929610.2348154,0.0007200241088867188,17,0.09427013993263245,1,-0.20479252934455872,1,0.13703405857086182,1,0.44675350189208984,1,0.4317552447319031,1,0.2565079629421234,1,-0.3325809836387634,1,0.41346052289009094,1,-0.611314058303833,1,-0.8413566946983337,1,-0.19934992492198944,1,-0.1809970587491989,1,-0.02880103513598442,1,0.03924168273806572,1,-0.3436109721660614,1,0.05257047712802887,1,0.0010297679109498858,1,0,,,,,,,,,,,,,,,,,,,,,,,,,,,,,,,,,,,,,,,,,,,,,,,,,,,,,,,,,,,,,,,,,,,,,,,,,,,,,,,,,,,,,,,,,,,,,,,,,,,,,,,,,,,,,,,,,,,,,1,1784929610.2344575,0.001077890396118164,world,base_footprint,1.1942382376755527,-1.0337537867035105,1,0,1,1784929567.4354498,42.80008554458618,world,workspace,1,0,3,0.47418051624239393,-0.07498176989329002,0.0,0.0,0.0,0.18733963242682541,0.9822952011092093,1.5,1,3,1784929567.4354498,world,workspace,0.47418051624239393,-0.07498176989329002,0.0,0.0,0.18733963242682541,0.9822952011092093,1,1784929567.435601,42.79993438720703,workspace,1,321,,1,1784929610.2344575,0.001077890396118164,world,pelvis,1.1893941802211765,-1.0453185583505253,0.7803675017094477,0.007913128749409493,-0.0011381291883714605,-0.2510885394165178,0.9679311093404456,capsules,0.05,0.5,0.1,0.5,0.5
392,1784929610.33559,39.30623201839626,1,1784929610.3346026,0.0009872913360595703,17,0.07840600609779358,1,-0.3030248284339905,1,0.14478281140327454,1,0.5315505266189575,1,0.35205334424972534,1,0.1982014775276184,1,-0.36061933636665344,1,0.6190024018287659,1,-0.5742030739784241,1,-0.8613102436065674,1,0.006412226241081953,1,-0.19979874789714813,1,-0.056022875010967255,1,0.027112748473882675,1,-0.33761125802993774,1,0.02724783681333065,1,0.028149522840976715,1,0,,,,,,,,,,,,,,,,,,,,,,,,,,,,,,,,,,,,,,,,,,,,,,,,,,,,,,,,,,,,,,,,,,,,,,,,,,,,,,,,,,,,,,,,,,,,,,,,,,,,,,,,,,,,,,,,,,,,,1,1784929610.3344553,0.001134634017944336,world,base_footprint,1.201009293193042,-1.0212649220108863,1,0,1,1784929567.4354498,42.900140047073364,world,workspace,1,0,3,0.47418051624239393,-0.07498176989329002,0.0,0.0,0.0,0.18733963242682541,0.9822952011092093,1.5,1,3,1784929567.4354498,world,workspace,0.47418051624239393,-0.07498176989329002,0.0,0.0,0.18733963242682541,0.9822952011092093,1,1784929567.435601,42.899988889694214,workspace,1,321,,1,1784929610.3344555,0.0011343955993652344,world,pelvis,1.1943591396933717,-1.0563344827337937,0.7754188491222208,0.022732261604483057,0.001209145110756201,-0.2381683327632467,0.9709570678043504,capsules,0.05,0.5,0.1,0.5,0.5
393,1784929610.4362211,39.406865775585175,1,1784929610.4356205,0.0006005764007568359,17,0.061791375279426575,1,-0.3198094367980957,1,0.1950659453868866,1,0.4834054708480835,1,0.22157183289527893,1,0.04474808648228645,1,-0.3175591230392456,1,0.6648064851760864,1,-0.4987964332103729,1,-0.7468088865280151,1,0.23048382997512817,1,-0.2424718588590622,1,-0.028274180367588997,1,0.032172560691833496,1,-0.1917518675327301,1,0.02795751951634884,1,-0.011113950051367283,1,0,,,,,,,,,,,,,,,,,,,,,,,,,,,,,,,,,,,,,,,,,,,,,,,,,,,,,,,,,,,,,,,,,,,,,,,,,,,,,,,,,,,,,,,,,,,,,,,,,,,,,,,,,,,,,,,,,,,,,1,1784929610.4344556,0.0017654895782470703,world,base_footprint,1.223546881079665,-1.0577489959959963,1,0,1,1784929567.4354498,43.000771284103394,world,workspace,1,0,3,0.47418051624239393,-0.07498176989329002,0.0,0.0,0.0,0.18733963242682541,0.9822952011092093,1.5,1,3,1784929567.4354498,world,workspace,0.47418051624239393,-0.07498176989329002,0.0,0.0,0.18733963242682541,0.9822952011092093,1,1784929567.435601,43.00062012672424,workspace,1,321,,1,1784929610.4344556,0.0017654895782470703,world,pelvis,1.1985326136995318,-1.0653356081973167,0.7765131288935162,0.008140942853781342,-0.0145453318236854,-0.2140816815817794,0.9766735339829313,capsules,0.05,0.5,0.1,0.5,0.5
394,1784929610.5363607,39.50700352806598,1,1784929610.5352836,0.0010771751403808594,17,0.06636222451925278,1,-0.2520190477371216,1,0.18826033174991608,1,0.3806785047054291,1,0.15462973713874817,1,-0.11590741574764252,1,-0.25198107957839966,1,0.5759735703468323,1,-0.4355788230895996,1,-0.584279477596283,1,0.4398103356361389,1,-0.3306356966495514,1,0.009074274450540543,1,0.05816146731376648,1,-0.12972478568553925,1,0.016538454219698906,1,-0.03256329149007797,1,0,,,,,,,,,,,,,,,,,,,,,,,,,,,,,,,,,,,,,,,,,,,,,,,,,,,,,,,,,,,,,,,,,,,,,,,,,,,,,,,,,,,,,,,,,,,,,,,,,,,,,,,,,,,,,,,,,,,,,1,1784929610.535455,0.0009057521820068359,world,base_footprint,1.2361146791868605,-1.0627284339179666,1,0,1,1784929567.4354498,43.100910902023315,world,workspace,1,0,3,0.47418051624239393,-0.07498176989329002,0.0,0.0,0.0,0.18733963242682541,0.9822952011092093,1.5,1,3,1784929567.4354498,world,workspace,0.47418051624239393,-0.07498176989329002,0.0,0.0,0.18733963242682541,0.9822952011092093,1,1784929567.435601,43.100759744644165,workspace,1,321,,1,1784929610.5344548,0.0019059181213378906,world,pelvis,1.2103678334625487,-1.0501889255651515,0.7802113347365704,-0.0044907061618876115,-0.01770168135271456,-0.20330978462189947,0.9789441329884211,capsules,0.05,0.5,0.1,0.5,0.5
395,1784929610.636215,39.6068573128432,1,1784929610.635043,0.0011720657348632812,17,0.0672307163476944,1,-0.12607982754707336,1,0.1586204320192337,1,0.23586250841617584,1,0.21804854273796082,1,-0.17889492213726044,1,-0.16300354897975922,1,0.4018792510032654,1,-0.3519092798233032,1,-0.3985881805419922,1,0.5379295945167542,1,-0.23889614641666412,1,0.09679166972637177,1,-0.041487157344818115,1,-0.08354413509368896,1,0.0011526263551786542,1,-0.04797371104359627,1,0,,,,,,,,,,,,,,,,,,,,,,,,,,,,,,,,,,,,,,,,,,,,,,,,,,,,,,,,,,,,,,,,,,,,,,,,,,,,,,,,,,,,,,,,,,,,,,,,,,,,,,,,,,,,,,,,,,,,,1,1784929610.6334584,0.0027565956115722656,world,base_footprint,1.25670064348557,-1.0667482017599381,1,0,1,1784929567.4354498,43.20076513290405,world,workspace,1,0,3,0.47418051624239393,-0.07498176989329002,0.0,0.0,0.0,0.18733963242682541,0.9822952011092093,1.5,1,3,1784929567.4354498,world,workspace,0.47418051624239393,-0.07498176989329002,0.0,0.0,0.18733963242682541,0.9822952011092093,1,1784929567.435601,43.2006139755249,workspace,1,321,,1,1784929610.6354604,0.0007545948028564453,world,pelvis,1.2269975445305663,-1.021183074046337,0.7772954032098036,-0.024716954838795525,-0.02435568242567427,-0.19888172107308585,0.9794089717273801,capsules,0.05,0.5,0.1,0.5,0.5
396,1784929610.7356086,39.70625370554626,1,1784929610.7350297,0.0005788803100585938,17,0.059120360761880875,1,-0.11038252711296082,1,0.14166292548179626,1,0.10040140151977539,1,0.3969876170158386,1,-0.18991132080554962,1,-0.0829223170876503,1,0.18429350852966309,1,-0.20237109065055847,1,-0.1703653484582901,1,0.47463077306747437,1,-0.15430964529514313,1,0.020868241786956787,1,-0.018792416900396347,1,-0.16845886409282684,1,-0.029927397146821022,1,0.03745802119374275,1,0,,,,,,,,,,,,,,,,,,,,,,,,,,,,,,,,,,,,,,,,,,,,,,,,,,,,,,,,,,,,,,,,,,,,,,,,,,,,,,,,,,,,,,,,,,,,,,,,,,,,,,,,,,,,,,,,,,,,,1,1784929610.733457,0.0021514892578125,world,base_footprint,1.2863394102140107,-1.0162305341206002,1,0,1,1784929567.4354498,43.300158739089966,world,workspace,1,0,3,0.47418051624239393,-0.07498176989329002,0.0,0.0,0.0,0.18733963242682541,0.9822952011092093,1.5,1,3,1784929567.4354498,world,workspace,0.47418051624239393,-0.07498176989329002,0.0,0.0,0.18733963242682541,0.9822952011092093,1,1784929567.435601,43.300007581710815,workspace,1,321,,1,1784929610.733457,0.0021514892578125,world,pelvis,1.2362779559959838,-0.9937762121686466,0.7761153726436856,-0.00781268468337694,-0.03412089121201698,-0.1951618553604544,0.9801462018256261,capsules,0.05,0.5,0.1,0.5,0.5
397,1784929610.8357456,39.80638956557959,1,1784929610.8351183,0.0006272792816162109,17,0.09903665632009506,1,-0.1604793667793274,1,0.12639059126377106,1,0.056080956012010574,1,0.5276494026184082,1,-0.17858155071735382,1,-0.07703877985477448,1,-0.037257902324199677,1,-0.12666693329811096,1,0.07576435059309006,1,0.2716735601425171,1,-0.1646454930305481,1,-0.007136051077395678,1,0.002934727817773819,1,-0.3195081651210785,1,0.03785136714577675,1,-0.012306482531130314,1,0,,,,,,,,,,,,,,,,,,,,,,,,,,,,,,,,,,,,,,,,,,,,,,,,,,,,,,,,,,,,,,,,,,,,,,,,,,,,,,,,,,,,,,,,,,,,,,,,,,,,,,,,,,,,,,,,,,,,,1,1784929610.834458,0.0012874603271484375,world,base_footprint,1.283993523212879,-0.9897498077833663,1,0,1,1784929567.4354498,43.40029573440552,world,workspace,1,0,3,0.47418051624239393,-0.07498176989329002,0.0,0.0,0.0,0.18733963242682541,0.9822952011092093,1.5,1,3,1784929567.4354498,world,workspace,0.47418051624239393,-0.07498176989329002,0.0,0.0,0.18733963242682541,0.9822952011092093,1,1784929567.435601,43.40014457702637,workspace,1,321,,1,1784929610.834458,0.0012874603271484375,world,pelvis,1.2316536637223903,-0.9914754395496157,0.7739102637874737,0.007779948511671432,-0.03248968952087604,-0.20059106893956083,0.9791052627463899,capsules,0.05,0.5,0.1,0.5,0.5
398,1784929610.9356623,39.90630682744086,1,1784929610.935012,0.0006501674652099609,17,0.12559986114501953,1,-0.20747125148773193,1,0.11593590676784515,1,0.09005258232355118,1,0.4885987639427185,1,-0.22339947521686554,1,-0.07099156826734543,1,-0.2779393196105957,1,-0.3065084218978882,1,0.1928802728652954,1,0.04478507116436958,1,-0.1811952292919159,1,-0.03395972400903702,1,0.00502683175727725,1,-0.32625332474708557,1,0.018501384183764458,1,0.02469722181558609,1,0,,,,,,,,,,,,,,,,,,,,,,,,,,,,,,,,,,,,,,,,,,,,,,,,,,,,,,,,,,,,,,,,,,,,,,,,,,,,,,,,,,,,,,,,,,,,,,,,,,,,,,,,,,,,,,,,,,,,,1,1784929610.9334574,0.00220489501953125,world,base_footprint,1.2863468885283484,-0.9720346362421597,1,0,1,1784929567.4354498,43.50021243095398,world,workspace,1,0,3,0.47418051624239393,-0.07498176989329002,0.0,0.0,0.0,0.18733963242682541,0.9822952011092093,1.5,1,3,1784929567.4354498,world,workspace,0.47418051624239393,-0.07498176989329002,0.0,0.0,0.18733963242682541,0.9822952011092093,1,1784929567.435601,43.50006127357483,workspace,1,321,,1,1784929610.9344583,0.0012040138244628906,world,pelvis,1.2280655085644705,-0.9962698271937478,0.7692005745465883,0.022638354926685395,-0.03368283702689158,-0.1939393079779375,0.9801737173568122,capsules,0.05,0.5,0.1,0.5,0.5
399,1784929611.0355875,40.00623419880867,1,1784929611.0341837,0.00140380859375,17,0.11120806634426117,1,-0.1795400232076645,1,0.10600191354751587,1,0.1670653223991394,1,0.3921237587928772,1,-0.3658790588378906,1,-0.016229087486863136,1,-0.4607379734516144,1,-0.6157681345939636,1,0.21512776613235474,1,-0.1303323209285736,1,-0.2452355921268463,1,-0.019664958119392395,1,-0.00528373196721077,1,-0.2467012107372284,1,0.011021645739674568,1,0.02247050404548645,1,0,,,,,,,,,,,,,,,,,,,,,,,,,,,,,,,,,,,,,,,,,,,,,,,,,,,,,,,,,,,,,,,,,,,,,,,,,,,,,,,,,,,,,,,,,,,,,,,,,,,,,,,,,,,,,,,,,,,,,1,1784929611.033455,0.0021326541900634766,world,base_footprint,1.293432562991556,-0.9890806970708202,1,0,1,1784929567.4354498,43.60013771057129,world,workspace,1,0,3,0.47418051624239393,-0.07498176989329002,0.0,0.0,0.0,0.18733963242682541,0.9822952011092093,1.5,1,3,1784929567.4354498,world,workspace,0.47418051624239393,-0.07498176989329002,0.0,0.0,0.18733963242682541,0.9822952011092093,1,1784929567.435601,43.59998655319214,workspace,1,321,,1,1784929611.0344584,0.001129150390625,world,pelvis,1.229080034879876,-0.9987540186019136,0.7681269019740207,0.01343577296616917,-0.0392684951256494,-0.17427604092944893,0.9838217962890056,capsules,0.05,0.5,0.1,0.5,0.5
400,1784929611.1358175,40.1064607584849,1,1784929611.1353347,0.00048279762268066406,17,0.0640341192483902,1,-0.08091730624437332,1,0.07389906048774719,1,0.24169301986694336,1,0.316832959651947,1,-0.5587475299835205,1,0.0111596854403615,1,-0.608216404914856,1,-0.7613651752471924,1,0.15907374024391174,1,-0.29148170351982117,1,-0.3131410479545593,1,0.0021138451993465424,1,0.007975656539201736,1,-0.16805966198444366,1,-0.00033273661392740905,1,0.01013567391782999,1,0,,,,,,,,,,,,,,,,,,,,,,,,,,,,,,,,,,,,,,,,,,,,,,,,,,,,,,,,,,,,,,,,,,,,,,,,,,,,,,,,,,,,,,,,,,,,,,,,,,,,,,,,,,,,,,,,,,,,,1,1784929611.1344593,0.0013582706451416016,world,base_footprint,1.3078994454120945,-0.9932505714663521,1,0,1,1784929567.4354498,43.70036768913269,world,workspace,1,0,3,0.47418051624239393,-0.07498176989329002,0.0,0.0,0.0,0.18733963242682541,0.9822952011092093,1.5,1,3,1784929567.4354498,world,workspace,0.47418051624239393,-0.07498176989329002,0.0,0.0,0.18733963242682541,0.9822952011092093,1,1784929567.435601,43.70021653175354,workspace,1,321,,1,1784929611.1344595,0.0013580322265625,world,pelvis,1.2415885233213513,-0.9799457841470651,0.7749553728531197,-0.001433079587291181,-0.04313829092704089,-0.16390695296196153,0.9855310978906326,capsules,0.05,0.5,0.1,0.5,0.5
401,1784929611.235538,40.2061827275902,1,1784929611.2343757,0.0011622905731201172,17,0.021125005558133125,1,0.013029188849031925,1,0.020251130685210228,1,0.21889716386795044,1,0.3319316804409027,1,-0.596261739730835,1,-0.0002293073630426079,1,-0.6082376837730408,1,-0.6509666442871094,1,0.07929366827011108,1,-0.3493099510669708,1,-0.2287987768650055,1,0.05555560812354088,1,-0.045599617063999176,1,-0.0714913085103035,1,-0.009939650073647499,1,-0.02608487196266651,1,0,,,,,,,,,,,,,,,,,,,,,,,,,,,,,,,,,,,,,,,,,,,,,,,,,,,,,,,,,,,,,,,,,,,,,,,,,,,,,,,,,,,,,,,,,,,,,,,,,,,,,,,,,,,,,,,,,,,,,1,1784929611.2334573,0.002080678939819336,world,base_footprint,1.3235655478267698,-1.0022697881544926,1,0,1,1784929567.4354498,43.80008816719055,world,workspace,1,0,3,0.47418051624239393,-0.07498176989329002,0.0,0.0,0.0,0.18733963242682541,0.9822952011092093,1.5,1,3,1784929567.4354498,world,workspace,0.47418051624239393,-0.07498176989329002,0.0,0.0,0.18733963242682541,0.9822952011092093,1,1784929567.435601,43.7999370098114,workspace,1,321,,1,1784929611.234456,0.0010819435119628906,world,pelvis,1.2595698322172122,-0.9547538531898212,0.7778562933943959,-0.023988345311841228,-0.0451786459067236,-0.1466203062110937,0.9878693916959873,capsules,0.05,0.5,0.1,0.5,0.5
402,1784929611.3356013,40.30624693352729,1,1784929611.3349366,0.0006647109985351562,17,0.011348608881235123,1,-0.005499921273440123,1,-0.028121868148446083,1,0.1313508152961731,1,0.41463997960090637,1,-0.48462536931037903,1,-0.007046861108392477,1,-0.43877097964286804,1,-0.4012083411216736,1,0.04879444092512131,1,-0.22012121975421906,1,-0.09393037855625153,1,0.01355673186480999,1,-0.021570509299635887,1,-0.09094204008579254,1,-0.04672448709607124,1,0.03473871573805809,1,0,,,,,,,,,,,,,,,,,,,,,,,,,,,,,,,,,,,,,,,,,,,,,,,,,,,,,,,,,,,,,,,,,,,,,,,,,,,,,,,,,,,,,,,,,,,,,,,,,,,,,,,,,,,,,,,,,,,,,1,1784929611.3334548,0.002146482467651367,world,base_footprint,1.3447680909488502,-0.9630291772128385,1,0,1,1784929567.4354498,43.90015149116516,world,workspace,1,0,3,0.47418051624239393,-0.07498176989329002,0.0,0.0,0.0,0.18733963242682541,0.9822952011092093,1.5,1,3,1784929567.4354498,world,workspace,0.47418051624239393,-0.07498176989329002,0.0,0.0,0.18733963242682541,0.9822952011092093,1,1784929567.435601,43.90000033378601,workspace,1,321,,1,1784929611.3344545,0.0011467933654785156,world,pelvis,1.2754413638323794,-0.9277260005989751,0.7775739038510595,-0.01631245311449061,-0.04690912897569536,-0.13574854636077194,0.989497736052522,capsules,0.05,0.5,0.1,0.5,0.5
403,1784929611.4358833,40.40652979724109,1,1784929611.4352202,0.0006630420684814453,17,0.03855123743414879,1,-0.12459611892700195,1,-0.0032050686422735453,1,0.027799148112535477,1,0.5101855397224426,1,-0.2990783154964447,1,0.015994058921933174,1,-0.23070569336414337,1,-0.17755326628684998,1,0.06846563518047333,1,0.01968255266547203,1,-0.08523733913898468,1,-0.018955860286951065,1,-0.028951454907655716,1,-0.24957755208015442,1,0.038404714316129684,1,-0.010704348795115948,1,0,,,,,,,,,,,,,,,,,,,,,,,,,,,,,,,,,,,,,,,,,,,,,,,,,,,,,,,,,,,,,,,,,,,,,,,,,,,,,,,,,,,,,,,,,,,,,,,,,,,,,,,,,,,,,,,,,,,,,1,1784929611.4344597,0.0014235973358154297,world,base_footprint,1.3468075404454283,-0.9433488770640261,1,0,1,1784929567.4354498,44.00043344497681,world,workspace,1,0,3,0.47418051624239393,-0.07498176989329002,0.0,0.0,0.0,0.18733963242682541,0.9822952011092093,1.5,1,3,1784929567.4354498,world,workspace,0.47418051624239393,-0.07498176989329002,0.0,0.0,0.18733963242682541,0.9822952011092093,1,1784929567.435601,44.000282287597656,workspace,1,321,,1,1784929611.4344597,0.0014235973358154297,world,pelvis,1.2755231245960206,-0.925281404444558,0.7783011824169493,-0.005586414927543943,-0.04660555436538415,-0.12843351052832339,0.9906066563696833,capsules,0.05,0.5,0.1,0.5,0.5
404,1784929611.535779,40.50643379520625,1,1784929611.5348814,0.0008976459503173828,17,0.030120037496089935,1,-0.20736679434776306,1,0.021969925612211227,1,-0.01942216046154499,1,0.44023922085762024,1,-0.18548621237277985,1,0.05802489072084427,1,-0.006458152551203966,1,-0.1276586502790451,1,0.03718864917755127,1,0.17278006672859192,1,-0.10370321571826935,1,-0.05544104054570198,1,-0.07903650403022766,1,-0.2680361866950989,1,0.09170228987932205,1,0.019683999940752983,1,0,,,,,,,,,,,,,,,,,,,,,,,,,,,,,,,,,,,,,,,,,,,,,,,,,,,,,,,,,,,,,,,,,,,,,,,,,,,,,,,,,,,,,,,,,,,,,,,,,,,,,,,,,,,,,,,,,,,,,1,1784929611.5344586,0.0013203620910644531,world,base_footprint,1.3444298839918505,-0.9288368846730448,1,0,1,1784929567.4354498,44.10032916069031,world,workspace,1,0,3,0.47418051624239393,-0.07498176989329002,0.0,0.0,0.0,0.18733963242682541,0.9822952011092093,1.5,1,3,1784929567.4354498,world,workspace,0.47418051624239393,-0.07498176989329002,0.0,0.0,0.18733963242682541,0.9822952011092093,1,1784929567.435601,44.10017800331116,workspace,1,321,,1,1784929611.5344586,0.0013203620910644531,world,pelvis,1.281863839016349,-0.9278446458113995,0.7769925772696353,0.0031329841560051525,-0.03980528892867733,-0.09418821218566671,0.9947533885686696,capsules,0.05,0.5,0.1,0.5,0.5
405,1784929611.6355948,40.606239350512624,1,1784929611.6345575,0.0010373592376708984,17,-0.02661079727113247,1,-0.17023546993732452,1,0.08598152548074722,1,-0.018911847844719887,1,0.3026939332485199,1,-0.13130071759223938,1,0.013322343118488789,1,0.20310941338539124,1,-0.2325230985879898,1,-0.1265874207019806,1,0.12700869143009186,1,-0.14415042102336884,1,-0.04685288667678833,1,-0.06530176848173141,1,-0.12831658124923706,1,0.07144388556480408,1,0.02578260935842991,1,0,,,,,,,,,,,,,,,,,,,,,,,,,,,,,,,,,,,,,,,,,,,,,,,,,,,,,,,,,,,,,,,,,,,,,,,,,,,,,,,,,,,,,,,,,,,,,,,,,,,,,,,,,,,,,,,,,,,,,1,1784929611.6344562,0.0011386871337890625,world,base_footprint,1.3590874669568778,-0.931513247339646,1,0,1,1784929567.4354498,44.20014500617981,world,workspace,1,0,3,0.47418051624239393,-0.07498176989329002,0.0,0.0,0.0,0.18733963242682541,0.9822952011092093,1.5,1,3,1784929567.4354498,world,workspace,0.47418051624239393,-0.07498176989329002,0.0,0.0,0.18733963242682541,0.9822952011092093,1,1784929567.435601,44.19999384880066,workspace,1,321,,1,1784929611.6344562,0.0011386871337890625,world,pelvis,1.2931854905191023,-0.9208982667794057,0.7766038912253462,-0.004329055247357126,-0.04237820462904125,-0.05781596026115655,0.997417997527699,capsules,0.05,0.5,0.1,0.5,0.5
406,1784929611.7368293,40.70747186336666,1,1784929611.735458,0.0013713836669921875,17,-0.14300237596035004,1,-0.0424073189496994,1,0.11315838992595673,1,-0.06212189793586731,1,0.3062513470649719,1,-0.09911488741636276,1,-0.13909529149532318,1,0.37122857570648193,1,-0.5190153121948242,1,-0.3973110318183899,1,-0.03961123898625374,1,-0.2514694631099701,1,0.0005219544982537627,1,0.02595108561217785,1,-0.11364670097827911,1,0.024197321385145187,1,0.01101269293576479,1,0,,,,,,,,,,,,,,,,,,,,,,,,,,,,,,,,,,,,,,,,,,,,,,,,,,,,,,,,,,,,,,,,,,,,,,,,,,,,,,,,,,,,,,,,,,,,,,,,,,,,,,,,,,,,,,,,,,,,,1,1784929611.7334669,0.003362417221069336,world,base_footprint,1.3603597046271634,-0.9077419024357806,1,0,1,1784929567.4354498,44.301379442214966,world,workspace,1,0,3,0.47418051624239393,-0.07498176989329002,0.0,0.0,0.0,0.18733963242682541,0.9822952011092093,1.5,1,3,1784929567.4354498,world,workspace,0.47418051624239393,-0.07498176989329002,0.0,0.0,0.18733963242682541,0.9822952011092093,1,1784929567.435601,44.301228284835815,workspace,1,321,,1,1784929611.7344599,0.002369403839111328,world,pelvis,1.3063471465893535,-0.8889075881949041,0.7776001725707486,-0.01064146079057272,-0.034910016945819765,-0.03960378094626111,0.9985487422073326,capsules,0.05,0.5,0.1,0.5,0.5
407,1784929611.835598,40.80624086689204,1,1784929611.8353207,0.0002772808074951172,17,-0.2551044821739197,1,0.07076170295476913,1,0.07316666841506958,1,-0.2754400372505188,1,0.5347170829772949,1,0.015360456891357899,1,-0.319083571434021,1,0.5027531981468201,1,-0.7722582817077637,1,-0.6725571751594543,1,-0.21540120244026184,1,-0.21170870959758759,1,0.08661612868309021,1,-0.028796445578336716,1,-0.0872671827673912,1,-0.028928112238645554,1,-0.013551512733101845,1,0,,,,,,,,,,,,,,,,,,,,,,,,,,,,,,,,,,,,,,,,,,,,,,,,,,,,,,,,,,,,,,,,,,,,,,,,,,,,,,,,,,,,,,,,,,,,,,,,,,,,,,,,,,,,,,,,,,,,,1,1784929611.834456,0.0011420249938964844,world,base_footprint,1.3539633783102987,-0.8820525885284124,1,0,1,1784929567.4354498,44.400148153305054,world,workspace,1,0,3,0.47418051624239393,-0.07498176989329002,0.0,0.0,0.0,0.18733963242682541,0.9822952011092093,1.5,1,3,1784929567.4354498,world,workspace,0.47418051624239393,-0.07498176989329002,0.0,0.0,0.18733963242682541,0.9822952011092093,1,1784929567.435601,44.3999969959259,workspace,1,321,,1,1784929611.834456,0.0011420249938964844,world,pelvis,1.3278376804371415,-0.8519389595396067,0.7776525593845971,-0.018848506668639554,-0.017066662009988555,-0.021211114331061237,0.9994516253791546,capsules,0.05,0.5,0.1,0.5,0.5
408,1784929611.9355917,40.90623719710857,1,1784929611.9349134,0.0006783008575439453,17,-0.29369232058525085,1,0.03018450178205967,1,-0.040157392621040344,1,-0.637933075428009,1,0.8210952877998352,1,0.0923924520611763,1,-0.5021601915359497,1,0.5464975833892822,1,-0.8983668684959412,1,-0.8290696740150452,1,-0.43542683124542236,1,-0.14862467348575592,1,-0.013447302393615246,1,-0.0030212257988750935,1,-0.1624879539012909,1,-0.10100479423999786,1,0.07151489704847336,1,0,,,,,,,,,,,,,,,,,,,,,,,,,,,,,,,,,,,,,,,,,,,,,,,,,,,,,,,,,,,,,,,,,,,,,,,,,,,,,,,,,,,,,,,,,,,,,,,,,,,,,,,,,,,,,,,,,,,,,1,1784929611.9334562,0.0021355152130126953,world,base_footprint,1.3490655094564852,-0.803718498396687,1,0,1,1784929567.4354498,44.500141859054565,world,workspace,1,0,3,0.47418051624239393,-0.07498176989329002,0.0,0.0,0.0,0.18733963242682541,0.9822952011092093,1.5,1,3,1784929567.4354498,world,workspace,0.47418051624239393,-0.07498176989329002,0.0,0.0,0.18733963242682541,0.9822952011092093,1,1784929567.435601,44.499990701675415,workspace,1,321,,1,1784929611.9334564,0.0021352767944335938,world,pelvis,1.3539388413290363,-0.8200378506352555,0.7787189004500815,0.010359329048967489,0.0032585758329500185,-0.014561414689519669,0.999835001981545,capsules,0.05,0.5,0.1,0.5,0.5
409,1784929612.0355551,41.00620050635189,1,1784929612.0336373,0.0019178390502929688,17,-0.2590859532356262,1,-0.08246902376413345,1,-0.18209335207939148,1,-0.9379853010177612,1,1.0665411949157715,1,0.09899421781301498,1,-0.623220682144165,1,0.557917058467865,1,-1.0745275020599365,1,-0.9987375140190125,1,-0.6550638675689697,1,-0.12522301077842712,1,-0.042221371084451675,1,0.05450894683599472,1,-0.3959733843803406,1,0.006711388938128948,1,0.011145680211484432,1,0,,,,,,,,,,,,,,,,,,,,,,,,,,,,,,,,,,,,,,,,,,,,,,,,,,,,,,,,,,,,,,,,,,,,,,,,,,,,,,,,,,,,,,,,,,,,,,,,,,,,,,,,,,,,,,,,,,,,,1,1784929612.0334582,0.002096891403198242,world,base_footprint,1.3428782265218235,-0.7715848056351964,1,0,1,1784929567.4354498,44.60010528564453,world,workspace,1,0,3,0.47418051624239393,-0.07498176989329002,0.0,0.0,0.0,0.18733963242682541,0.9822952011092093,1.5,1,3,1784929567.4354498,world,workspace,0.47418051624239393,-0.07498176989329002,0.0,0.0,0.18733963242682541,0.9822952011092093,1,1784929567.435601,44.59995412826538,workspace,1,321,,1,1784929612.03446,0.0010950565338134766,world,pelvis,1.3780029746405928,-0.8232974212479565,0.775017674069737,0.0320376805526031,0.023765180092054746,-0.04153010442064537,0.9983406501123812,capsules,0.05,0.5,0.1,0.5,0.5
410,1784929612.1357605,41.106406055390835,1,1784929612.1349607,0.0007998943328857422,17,-0.23899690806865692,1,-0.15106149017810822,1,-0.29541486501693726,1,-0.9637771844863892,1,1.1968088150024414,1,0.008140310645103455,1,-0.6040606498718262,1,0.570574164390564,1,-1.3127866983413696,1,-1.2421948909759521,1,-0.7483959197998047,1,-0.10016708076000214,1,-0.039443664252758026,1,0.031878698617219925,1,-0.39491480588912964,1,-0.015233210287988186,1,0.042426470667123795,1,0,,,,,,,,,,,,,,,,,,,,,,,,,,,,,,,,,,,,,,,,,,,,,,,,,,,,,,,,,,,,,,,,,,,,,,,,,,,,,,,,,,,,,,,,,,,,,,,,,,,,,,,,,,,,,,,,,,,,,1,1784929612.133454,0.0023064613342285156,world,base_footprint,1.3600125238452163,-0.7779519602138146,1,0,1,1784929567.4354498,44.700310707092285,world,workspace,1,0,3,0.47418051624239393,-0.07498176989329002,0.0,0.0,0.0,0.18733963242682541,0.9822952011092093,1.5,1,3,1784929567.4354498,world,workspace,0.47418051624239393,-0.07498176989329002,0.0,0.0,0.18733963242682541,0.9822952011092093,1,1784929567.435601,44.700159549713135,workspace,1,321,,1,1784929612.1344552,0.0013053417205810547,world,pelvis,1.4053612021658746,-0.8363321552797905,0.771503389163299,0.03641045285838781,0.03001295661651288,-0.028921798264171756,0.9984673409495921,capsules,0.05,0.5,0.1,0.5,0.5
411,1784929612.2355938,41.20623704791069,1,1784929612.2350454,0.0005483627319335938,17,-0.18503841757774353,1,-0.14202135801315308,1,-0.24187707901000977,1,-0.9263716340065002,1,1.3102550506591797,1,-0.15284080803394318,1,-0.5076197385787964,1,0.5724546909332275,1,-1.4678634405136108,1,-1.379732370376587,1,-0.7415727972984314,1,-0.21627281606197357,1,-0.0028577211778610945,1,-0.00014237915456760675,1,-0.244284525513649,1,-0.002806244883686304,1,-0.02163824625313282,1,0,,,,,,,,,,,,,,,,,,,,,,,,,,,,,,,,,,,,,,,,,,,,,,,,,,,,,,,,,,,,,,,,,,,,,,,,,,,,,,,,,,,,,,,,,,,,,,,,,,,,,,,,,,,,,,,,,,,,,1,1784929612.2344563,0.0011374950408935547,world,base_footprint,1.4144390129156423,-0.82179828193672,1,0,1,1784929567.4354498,44.80014395713806,world,workspace,1,0,3,0.47418051624239393,-0.07498176989329002,0.0,0.0,0.0,0.18733963242682541,0.9822952011092093,1.5,1,3,1784929567.4354498,world,workspace,0.47418051624239393,-0.07498176989329002,0.0,0.0,0.18733963242682541,0.9822952011092093,1,1784929567.435601,44.79999279975891,workspace,1,321,,1,1784929612.2344565,0.0011372566223144531,world,pelvis,1.4224930380628085,-0.8381433727609139,0.7723574618911708,0.01048057311207602,0.0050152818608675195,0.011503289439334825,0.9998663304998191,capsules,0.05,0.5,0.1,0.5,0.5
412,1784929612.3355606,41.30620628781617,1,1784929612.3348286,0.0007319450378417969,17,-0.09368401020765305,1,-0.011778179556131363,1,-0.21443477272987366,1,-0.9309147596359253,1,1.5090433359146118,1,-0.3217654526233673,1,-0.4473364055156708,1,0.5680043697357178,1,-1.626682996749878,1,-1.4108165502548218,1,-0.6149234771728516,1,-0.39246800541877747,1,0.0038560719694942236,1,-0.029563644900918007,1,-0.1506461650133133,1,0.010653247125446796,1,-0.039653293788433075,1,0,,,,,,,,,,,,,,,,,,,,,,,,,,,,,,,,,,,,,,,,,,,,,,,,,,,,,,,,,,,,,,,,,,,,,,,,,,,,,,,,,,,,,,,,,,,,,,,,,,,,,,,,,,,,,,,,,,,,,1,1784929612.3344586,0.0011019706726074219,world,base_footprint,1.430593714891761,-0.8355007490982886,1,0,1,1784929567.4354498,44.900110721588135,world,workspace,1,0,3,0.47418051624239393,-0.07498176989329002,0.0,0.0,0.0,0.18733963242682541,0.9822952011092093,1.5,1,3,1784929567.4354498,world,workspace,0.47418051624239393,-0.07498176989329002,0.0,0.0,0.18733963242682541,0.9822952011092093,1,1784929567.435601,44.899959564208984,workspace,1,321,,1,1784929612.3344588,0.0011017322540283203,world,pelvis,1.436391376632437,-0.803454267398427,0.7751409004915141,-0.020366549160570895,0.004067297367540507,0.01812853034333534,0.9996199363533147,capsules,0.05,0.5,0.1,0.5,0.5
413,1784929612.4357476,41.406396058388054,1,1784929612.4338636,0.0018839836120605469,17,-0.05293155834078789,1,0.12421634048223495,1,-0.21310067176818848,1,-1.0955910682678223,1,1.6535131931304932,1,-0.36519914865493774,1,-0.39190515875816345,1,0.47539833188056946,1,-1.7047815322875977,1,-1.426008701324463,1,-0.42801737785339355,1,-0.37388038635253906,1,0.09770986437797546,1,-0.09587303549051285,1,-0.038042016327381134,1,-0.009736737236380577,1,-0.07345238327980042,1,0,,,,,,,,,,,,,,,,,,,,,,,,,,,,,,,,,,,,,,,,,,,,,,,,,,,,,,,,,,,,,,,,,,,,,,,,,,,,,,,,,,,,,,,,,,,,,,,,,,,,,,,,,,,,,,,,,,,,,1,1784929612.4334576,0.002290010452270508,world,base_footprint,1.443473146069965,-0.8285544995469858,1,0,1,1784929567.4354498,45.0002977848053,world,workspace,1,0,3,0.47418051624239393,-0.07498176989329002,0.0,0.0,0.0,0.18733963242682541,0.9822952011092093,1.5,1,3,1784929567.4354498,world,workspace,0.47418051624239393,-0.07498176989329002,0.0,0.0,0.18733963242682541,0.9822952011092093,1,1784929567.435601,45.00014662742615,workspace,1,321,,1,1784929612.4344575,0.0012900829315185547,world,pelvis,1.456234699577625,-0.7514029431107858,0.7725741004009342,-0.048945494521875264,0.009824527205022476,0.0341175663557071,0.9981702304202279,capsules,0.05,0.5,0.1,0.5,0.5
414,1784929612.5358088,41.506453743204474,1,1784929612.5352914,0.0005173683166503906,17,-0.04450831189751625,1,0.11481613665819168,1,-0.19285954535007477,1,-1.3188250064849854,1,1.559479832649231,1,-0.24243509769439697,1,-0.22641868889331818,1,0.29084765911102295,1,-1.672071099281311,1,-1.436631202697754,1,-0.24813121557235718,1,-0.2763148844242096,1,-0.018904900178313255,1,-0.053471025079488754,1,-0.11394213140010834,1,-0.06230004504323006,1,0.017916016280651093,1,0,,,,,,,,,,,,,,,,,,,,,,,,,,,,,,,,,,,,,,,,,,,,,,,,,,,,,,,,,,,,,,,,,,,,,,,,,,,,,,,,,,,,,,,,,,,,,,,,,,,,,,,,,,,,,,,,,,,,,1,1784929612.5334587,0.0023500919342041016,world,base_footprint,1.4628493997024874,-0.737318231142044,1,0,1,1784929567.4354498,45.100358963012695,world,workspace,1,0,3,0.47418051624239393,-0.07498176989329002,0.0,0.0,0.0,0.18733963242682541,0.9822952011092093,1.5,1,3,1784929567.4354498,world,workspace,0.47418051624239393,-0.07498176989329002,0.0,0.0,0.18733963242682541,0.9822952011092093,1,1784929567.435601,45.100207805633545,workspace,1,321,,1,1784929612.534458,0.0013508796691894531,world,pelvis,1.4724653443622744,-0.6985750355334229,0.7751660380475606,-0.02422029575633294,0.007847993784051741,0.06998924308141391,0.9972227896111941,capsules,0.05,0.5,0.1,0.5,0.5
415,1784929612.6355636,41.60620923433453,1,1784929612.6343799,0.0011837482452392578,17,-0.05202940106391907,1,0.04874342679977417,1,-0.19808222353458405,1,-1.479694128036499,1,1.4771426916122437,1,-0.09052785485982895,1,-0.07146860659122467,1,0.1516011357307434,1,-1.6946821212768555,1,-1.4449288845062256,1,-0.02476821094751358,1,-0.24695035815238953,1,-0.0823570117354393,1,-0.06079164519906044,1,-0.3432946801185608,1,0.07413300126791,1,-0.014558812603354454,1,0,,,,,,,,,,,,,,,,,,,,,,,,,,,,,,,,,,,,,,,,,,,,,,,,,,,,,,,,,,,,,,,,,,,,,,,,,,,,,,,,,,,,,,,,,,,,,,,,,,,,,,,,,,,,,,,,,,,,,1,1784929612.6334584,0.002105236053466797,world,base_footprint,1.4510833288762546,-0.7022291877081751,1,0,1,1784929567.4354498,45.20011377334595,world,workspace,1,0,3,0.47418051624239393,-0.07498176989329002,0.0,0.0,0.0,0.18733963242682541,0.9822952011092093,1.5,1,3,1784929567.4354498,world,workspace,0.47418051624239393,-0.07498176989329002,0.0,0.0,0.18733963242682541,0.9822952011092093,1,1784929567.435601,45.1999626159668,workspace,1,321,,1,1784929612.6344566,0.0011069774627685547,world,pelvis,1.4859666841178738,-0.6821116393695972,0.7777772816543979,-0.010800093013724154,0.02330224753411091,0.08896449214702416,0.9957036117177521,capsules,0.05,0.5,0.1,0.5,0.5
416,1784929612.7356699,41.70632574800402,1,1784929612.7343495,0.0013203620910644531,17,-0.0879327654838562,1,-0.002841286128386855,1,-0.21543695032596588,1,-1.5095220804214478,1,1.5083022117614746,1,-0.10301274061203003,1,0.03359568864107132,1,0.0707007348537445,1,-1.7567671537399292,1,-1.4639253616333008,1,0.16930505633354187,1,-0.23168788850307465,1,-0.10968901216983795,1,-0.09447859972715378,1,-0.3356728255748749,1,0.0702281966805458,1,0.04001984745264053,1,0,,,,,,,,,,,,,,,,,,,,,,,,,,,,,,,,,,,,,,,,,,,,,,,,,,,,,,,,,,,,,,,,,,,,,,,,,,,,,,,,,,,,,,,,,,,,,,,,,,,,,,,,,,,,,,,,,,,,,1,1784929612.7334588,0.0022110939025878906,world,base_footprint,1.455710795354139,-0.6938471685253553,1,0,1,1784929567.4354498,45.300220012664795,world,workspace,1,0,3,0.47418051624239393,-0.07498176989329002,0.0,0.0,0.0,0.18733963242682541,0.9822952011092093,1.5,1,3,1784929567.4354498,world,workspace,0.47418051624239393,-0.07498176989329002,0.0,0.0,0.18733963242682541,0.9822952011092093,1,1784929567.435601,45.300068855285645,workspace,1,321,,1,1784929612.734461,0.0012087821960449219,world,pelvis,1.5066348442748627,-0.6758058763450381,0.7778070073425605,-0.007720183428639557,0.03359084725843337,0.11425591248680059,0.9928532823182373,capsules,0.05,0.5,0.1,0.5,0.5
417,1784929612.8356583,41.8063017912209,1,1784929612.835356,0.00030231475830078125,17,-0.11424203217029572,1,-0.014635463245213032,1,-0.1640968769788742,1,-1.4941922426223755,1,1.4971057176589966,1,-0.15178783237934113,1,0.1460731327533722,1,0.006587489042431116,1,-1.8103785514831543,1,-1.5020986795425415,1,0.35308822989463806,1,-0.29780903458595276,1,-0.07859921455383301,1,-0.056444596499204636,1,-0.1665363758802414,1,0.06310270726680756,1,0.032971836626529694,1,0,,,,,,,,,,,,,,,,,,,,,,,,,,,,,,,,,,,,,,,,,,,,,,,,,,,,,,,,,,,,,,,,,,,,,,,,,,,,,,,,,,,,,,,,,,,,,,,,,,,,,,,,,,,,,,,,,,,,,1,1784929612.834456,0.0012023448944091797,world,base_footprint,1.4938722954141428,-0.7087587231156355,1,0,1,1784929567.4354498,45.400208473205566,world,workspace,1,0,3,0.47418051624239393,-0.07498176989329002,0.0,0.0,0.0,0.18733963242682541,0.9822952011092093,1.5,1,3,1784929567.4354498,world,workspace,0.47418051624239393,-0.07498176989329002,0.0,0.0,0.18733963242682541,0.9822952011092093,1,1784929567.435601,45.400057315826416,workspace,1,321,,1,1784929612.834456,0.0012023448944091797,world,pelvis,1.522739508460105,-0.673020380404655,0.7780610173738526,-0.01972113246415801,0.021674812307147844,0.1524536489027638,0.9878760875646367,capsules,0.05,0.5,0.1,0.5,0.5
418,1784929612.9357722,41.90641707368195,1,1784929612.9349828,0.0007894039154052734,17,-0.09023364633321762,1,0.03834935277700424,1,-0.1252167820930481,1,-1.4657877683639526,1,1.438760757446289,1,-0.2542334794998169,1,0.23248380422592163,1,-0.00019870925461873412,1,-1.8523383140563965,1,-1.4986026287078857,1,0.49959370493888855,1,-0.47123023867607117,1,-0.01331517193466425,1,0.03704288229346275,1,-0.11052313446998596,1,0.03510262072086334,1,-0.026052849367260933,1,0,,,,,,,,,,,,,,,,,,,,,,,,,,,,,,,,,,,,,,,,,,,,,,,,,,,,,,,,,,,,,,,,,,,,,,,,,,,,,,,,,,,,,,,,,,,,,,,,,,,,,,,,,,,,,,,,,,,,,1,1784929612.9344552,0.0013170242309570312,world,base_footprint,1.5076426776900764,-0.7022364900740224,1,0,1,1784929567.4354498,45.500322341918945,world,workspace,1,0,3,0.47418051624239393,-0.07498176989329002,0.0,0.0,0.0,0.18733963242682541,0.9822952011092093,1.5,1,3,1784929567.4354498,world,workspace,0.47418051624239393,-0.07498176989329002,0.0,0.0,0.18733963242682541,0.9822952011092093,1,1784929567.435601,45.500171184539795,workspace,1,321,,1,1784929612.9344554,0.0013167858123779297,world,pelvis,1.5245960505960345,-0.6471386192073362,0.7768049815016392,-0.03257590321911777,0.017076050342165524,0.18314619661000772,0.9823974194293564,capsules,0.05,0.5,0.1,0.5,0.5
419,1784929613.0356326,42.00627925340086,1,1784929613.0351357,0.0004968643188476562,17,-0.06933093816041946,1,0.12000276893377304,1,-0.1188075989484787,1,-1.4554277658462524,1,1.3895882368087769,1,-0.3253418803215027,1,0.25609976053237915,1,0.0025978314224630594,1,-1.8310587406158447,1,-1.4857536554336548,1,0.5616658329963684,1,-0.421081006526947,1,0.0777118131518364,1,-0.010553663596510887,1,-0.012337103486061096,1,-0.01909240521490574,1,-0.08530408143997192,1,0,,,,,,,,,,,,,,,,,,,,,,,,,,,,,,,,,,,,,,,,,,,,,,,,,,,,,,,,,,,,,,,,,,,,,,,,,,,,,,,,,,,,,,,,,,,,,,,,,,,,,,,,,,,,,,,,,,,,,1,1784929613.033459,0.0021736621856689453,world,base_footprint,1.528086709498777,-0.6699813744198132,1,0,1,1784929567.4354498,45.60018277168274,world,workspace,1,0,3,0.47418051624239393,-0.07498176989329002,0.0,0.0,0.0,0.18733963242682541,0.9822952011092093,1.5,1,3,1784929567.4354498,world,workspace,0.47418051624239393,-0.07498176989329002,0.0,0.0,0.18733963242682541,0.9822952011092093,1,1784929567.435601,45.60003161430359,workspace,1,321,,1,1784929613.033459,0.0021736621856689453,world,pelvis,1.5298466459988769,-0.5994847769839394,0.7725721317543285,-0.04374125142671766,0.010601259807066494,0.2110015150367785,0.9764490139614622,capsules,0.05,0.5,0.1,0.5,0.5
420,1784929613.1355424,42.10618725884706,1,1784929613.1341488,0.0013935565948486328,17,-0.06388989090919495,1,0.1272725760936737,1,-0.09313534945249557,1,-1.4677631855010986,1,1.3751418590545654,1,-0.3337733745574951,1,0.25786811113357544,1,-0.009465943090617657,1,-1.7251888513565063,1,-1.4844334125518799,1,0.5654857754707336,1,-0.28993475437164307,1,-0.024661628529429436,1,-0.011239184997975826,1,-0.13446804881095886,1,-0.07150457799434662,1,0.0015279499348253012,1,0,,,,,,,,,,,,,,,,,,,,,,,,,,,,,,,,,,,,,,,,,,,,,,,,,,,,,,,,,,,,,,,,,,,,,,,,,,,,,,,,,,,,,,,,,,,,,,,,,,,,,,,,,,,,,,,,,,,,,1,1784929613.1344585,0.0010838508605957031,world,base_footprint,1.5341879411835015,-0.5905890497700947,1,0,1,1784929567.4354498,45.70009255409241,world,workspace,1,0,3,0.47418051624239393,-0.07498176989329002,0.0,0.0,0.0,0.18733963242682541,0.9822952011092093,1.5,1,3,1784929567.4354498,world,workspace,0.47418051624239393,-0.07498176989329002,0.0,0.0,0.18733963242682541,0.9822952011092093,1,1784929567.435601,45.69994139671326,workspace,1,321,,1,1784929613.1344588,0.0010836124420166016,world,pelvis,1.5303305259308815,-0.5497483895005135,0.7770896875676565,-0.025889319916924097,0.0037845759721147534,0.2369665151648027,0.9711654291569485,capsules,0.05,0.5,0.1,0.5,0.5
421,1784929613.2356071,42.2062511658296,1,1784929613.2341957,0.00141143798828125,17,-0.05906657874584198,1,0.06942825019359589,1,-0.14372384548187256,1,-1.4882102012634277,1,1.4187438488006592,1,-0.3202289938926697,1,0.26938730478286743,1,-0.023051006719470024,1,-1.655600666999817,1,-1.4822897911071777,1,0.5907527208328247,1,-0.27834632992744446,1,-0.08709203451871872,1,-0.031804583966732025,1,-0.36033692955970764,1,0.05498304218053818,1,0.04102639481425285,1,0,,,,,,,,,,,,,,,,,,,,,,,,,,,,,,,,,,,,,,,,,,,,,,,,,,,,,,,,,,,,,,,,,,,,,,,,,,,,,,,,,,,,,,,,,,,,,,,,,,,,,,,,,,,,,,,,,,,,,1,1784929613.2334578,0.002149343490600586,world,base_footprint,1.5058573503628445,-0.5725305792201963,1,0,1,1784929567.4354498,45.80015730857849,world,workspace,1,0,3,0.47418051624239393,-0.07498176989329002,0.0,0.0,0.0,0.18733963242682541,0.9822952011092093,1.5,1,3,1784929567.4354498,world,workspace,0.47418051624239393,-0.07498176989329002,0.0,0.0,0.18733963242682541,0.9822952011092093,1,1784929567.435601,45.80000615119934,workspace,1,321,,1,1784929613.2344565,0.0011506080627441406,world,pelvis,1.5412503929771908,-0.5315107703842235,0.7791459182929529,-0.01942912541512791,0.028586664550457906,0.2588192864143277,0.9653071473243431,capsules,0.05,0.5,0.1,0.5,0.5
422,1784929613.3357267,42.30637012422085,1,1784929613.3352647,0.0004620552062988281,17,-0.05443061515688896,1,0.008119424805045128,1,-0.1843755543231964,1,-1.4877492189407349,1,1.498923897743225,1,-0.29172396659851074,1,0.2870645523071289,1,-0.04491345211863518,1,-1.6901381015777588,1,-1.4821877479553223,1,0.5834636688232422,1,-0.29321083426475525,1,-0.11733052879571915,1,-0.05117820203304291,1,-0.3422554135322571,1,0.03854631632566452,1,0.08839431405067444,1,0,,,,,,,,,,,,,,,,,,,,,,,,,,,,,,,,,,,,,,,,,,,,,,,,,,,,,,,,,,,,,,,,,,,,,,,,,,,,,,,,,,,,,,,,,,,,,,,,,,,,,,,,,,,,,,,,,,,,,1,1784929613.3344557,0.0012710094451904297,world,base_footprint,1.494085048752523,-0.5661479072430817,1,0,1,1784929567.4354498,45.90027689933777,world,workspace,1,0,3,0.47418051624239393,-0.07498176989329002,0.0,0.0,0.0,0.18733963242682541,0.9822952011092093,1.5,1,3,1784929567.4354498,world,workspace,0.47418051624239393,-0.07498176989329002,0.0,0.0,0.18733963242682541,0.9822952011092093,1,1784929567.435601,45.90012574195862,workspace,1,321,,1,1784929613.3344557,0.0012710094451904297,world,pelvis,1.5598585928713327,-0.5224260359826831,0.7765775337901931,-0.015239853713783088,0.048062432327606805,0.27562684654545233,0.9599414518193005,capsules,0.05,0.5,0.1,0.5,0.5
423,1784929613.4357684,42.406413172371686,1,1784929613.434454,0.001314401626586914,17,-0.06013369560241699,1,-0.0173678919672966,1,-0.164582759141922,1,-1.4804425239562988,1,1.5496565103530884,1,-0.27074214816093445,1,0.29394301772117615,1,-0.0710701197385788,1,-1.7521860599517822,1,-1.4831225872039795,1,0.5704869627952576,1,-0.3656206727027893,1,-0.08620944619178772,1,-0.02003471553325653,1,-0.23806433379650116,1,0.03108740784227848,1,0.04228484258055687,1,0,,,,,,,,,,,,,,,,,,,,,,,,,,,,,,,,,,,,,,,,,,,,,,,,,,,,,,,,,,,,,,,,,,,,,,,,,,,,,,,,,,,,,,,,,,,,,,,,,,,,,,,,,,,,,,,,,,,,,1,1784929613.4334564,0.0023119449615478516,world,base_footprint,1.5201371831170076,-0.5753875168524294,1,0,1,1784929567.4354498,46.00031852722168,world,workspace,1,0,3,0.47418051624239393,-0.07498176989329002,0.0,0.0,0.0,0.18733963242682541,0.9822952011092093,1.5,1,3,1784929567.4354498,world,workspace,0.47418051624239393,-0.07498176989329002,0.0,0.0,0.18733963242682541,0.9822952011092093,1,1784929567.435601,46.00016736984253,workspace,1,321,,1,1784929613.4344544,0.001313924789428711,world,pelvis,1.575357714425423,-0.5189468504215136,0.7782281749292286,-0.023445947705220717,0.04443105562754204,0.30353702924849923,0.9514943198501092,capsules,0.05,0.5,0.1,0.5,0.5
424,1784929613.535596,42.5062408586964,1,1784929613.5351276,0.00046825408935546875,17,-0.04327262565493584,1,0.008862225338816643,1,-0.15742899477481842,1,-1.470314621925354,1,1.5595510005950928,1,-0.2795813977718353,1,0.2959432005882263,1,-0.07828812301158905,1,-1.8415448665618896,1,-1.48017156124115,1,0.5575013160705566,1,-0.5143294930458069,1,-0.02167241834104061,1,0.04478464648127556,1,-0.1734212189912796,1,-0.0043723974376916885,1,-0.0124336127191782,1,0,,,,,,,,,,,,,,,,,,,,,,,,,,,,,,,,,,,,,,,,,,,,,,,,,,,,,,,,,,,,,,,,,,,,,,,,,,,,,,,,,,,,,,,,,,,,,,,,,,,,,,,,,,,,,,,,,,,,,1,1784929613.5344584,0.0011374950408935547,world,base_footprint,1.5290788446587893,-0.5632985082864433,1,0,1,1784929567.4354498,46.10014605522156,world,workspace,1,0,3,0.47418051624239393,-0.07498176989329002,0.0,0.0,0.0,0.18733963242682541,0.9822952011092093,1.5,1,3,1784929567.4354498,world,workspace,0.47418051624239393,-0.07498176989329002,0.0,0.0,0.18733963242682541,0.9822952011092093,1,1784929567.435601,46.09999489784241,workspace,1,321,,1,1784929613.5344584,0.0011374950408935547,world,pelvis,1.5753651402845201,-0.49552613654006294,0.7793119703948276,-0.030987104138422726,0.04225486663727476,0.331938186432757,0.9418446612952228,capsules,0.05,0.5,0.1,0.5,0.5
425,1784929613.635598,42.60624258965254,1,1784929613.6347616,0.0008363723754882812,17,-0.03392045199871063,1,0.06256131082773209,1,-0.1799003630876541,1,-1.4708211421966553,1,1.5777363777160645,1,-0.2818794846534729,1,0.2952834963798523,1,-0.09575007855892181,1,-1.8580375909805298,1,-1.4761124849319458,1,0.550339937210083,1,-0.46058595180511475,1,0.06771019101142883,1,0.015603813342750072,1,-0.06236398592591286,1,-0.05423055589199066,1,-0.07071783393621445,1,0,,,,,,,,,,,,,,,,,,,,,,,,,,,,,,,,,,,,,,,,,,,,,,,,,,,,,,,,,,,,,,,,,,,,,,,,,,,,,,,,,,,,,,,,,,,,,,,,,,,,,,,,,,,,,,,,,,,,,1,1784929613.6334615,0.0021364688873291016,world,base_footprint,1.5461871282475947,-0.5259160551594961,1,0,1,1784929567.4354498,46.20014810562134,world,workspace,1,0,3,0.47418051624239393,-0.07498176989329002,0.0,0.0,0.0,0.18733963242682541,0.9822952011092093,1.5,1,3,1784929567.4354498,world,workspace,0.47418051624239393,-0.07498176989329002,0.0,0.0,0.18733963242682541,0.9822952011092093,1,1784929567.435601,46.19999694824219,workspace,1,321,,1,1784929613.6334617,0.00213623046875,world,pelvis,1.5725092771824072,-0.44903124595922594,0.7752990721855264,-0.03978396102761905,0.033304766092038536,0.3584547798591018,0.93210417861775,capsules,0.05,0.5,0.1,0.5,0.5
426,1784929613.7356699,42.70631426014006,1,1784929613.7343194,0.00135040283203125,17,-0.05339178442955017,1,0.047347333282232285,1,-0.17718249559402466,1,-1.4897921085357666,1,1.6055824756622314,1,-0.28088828921318054,1,0.28933730721473694,1,-0.1425376981496811,1,-1.7717403173446655,1,-1.4811837673187256,1,0.555721640586853,1,-0.3252122104167938,1,-0.02667047455906868,1,-0.016114763915538788,1,-0.14409185945987701,1,-0.09989939630031586,1,0.017448613420128822,1,0,,,,,,,,,,,,,,,,,,,,,,,,,,,,,,,,,,,,,,,,,,,,,,,,,,,,,,,,,,,,,,,,,,,,,,,,,,,,,,,,,,,,,,,,,,,,,,,,,,,,,,,,,,,,,,,,,,,,,1,1784929613.734458,0.0012118816375732422,world,base_footprint,1.5445503424060274,-0.4442755094579983,1,0,1,1784929567.4354498,46.300220012664795,world,workspace,1,0,3,0.47418051624239393,-0.07498176989329002,0.0,0.0,0.0,0.18733963242682541,0.9822952011092093,1.5,1,3,1784929567.4354498,world,workspace,0.47418051624239393,-0.07498176989329002,0.0,0.0,0.18733963242682541,0.9822952011092093,1,1784929567.435601,46.300068855285645,workspace,1,321,,1,1784929613.734458,0.0012118816375732422,world,pelvis,1.5636172359670697,-0.3991331213214592,0.7761049370990527,-0.021839869299098612,0.022364918482062752,0.3870473184048741,0.9215298171225308,capsules,0.05,0.5,0.1,0.5,0.5
427,1784929613.835657,42.80630280636251,1,1784929613.8350189,0.0006380081176757812,17,-0.05940385162830353,1,-0.022048061713576317,1,-0.21916945278644562,1,-1.4979848861694336,1,1.6280344724655151,1,-0.28018245100975037,1,0.2939564287662506,1,-0.17451626062393188,1,-1.7049623727798462,1,-1.4865896701812744,1,0.6082864999771118,1,-0.290070503950119,1,-0.07816384732723236,1,-0.04467085748910904,1,-0.33498141169548035,1,0.03977299854159355,1,0.03656671568751335,1,0,,,,,,,,,,,,,,,,,,,,,,,,,,,,,,,,,,,,,,,,,,,,,,,,,,,,,,,,,,,,,,,,,,,,,,,,,,,,,,,,,,,,,,,,,,,,,,,,,,,,,,,,,,,,,,,,,,,,,1,1784929613.8344612,0.001195669174194336,world,base_footprint,1.5354528478870189,-0.424601445551765,1,0,1,1784929567.4354498,46.40020704269409,world,workspace,1,0,3,0.47418051624239393,-0.07498176989329002,0.0,0.0,0.0,0.18733963242682541,0.9822952011092093,1.5,1,3,1784929567.4354498,world,workspace,0.47418051624239393,-0.07498176989329002,0.0,0.0,0.18733963242682541,0.9822952011092093,1,1784929567.435601,46.40005588531494,workspace,1,321,,1,1784929613.8344612,0.001195669174194336,world,pelvis,1.5692838150177186,-0.37648907654319896,0.7785875414435863,-0.019167852685525805,0.032262554372465516,0.40917295397338677,0.9116848220440452,capsules,0.05,0.5,0.1,0.5,0.5
428,1784929613.9355977,42.906241768971086,1,1784929613.934633,0.0009646415710449219,17,-0.054997947067022324,1,-0.08785229921340942,1,-0.23669756948947906,1,-1.4928455352783203,1,1.6528387069702148,1,-0.27361947298049927,1,0.3013465702533722,1,-0.1845904439687729,1,-1.7231342792510986,1,-1.486889123916626,1,0.6075207591056824,1,-0.2809574007987976,1,-0.10517972707748413,1,-0.07895874232053757,1,-0.32506540417671204,1,0.0606716126203537,1,0.058523524552583694,1,0,,,,,,,,,,,,,,,,,,,,,,,,,,,,,,,,,,,,,,,,,,,,,,,,,,,,,,,,,,,,,,,,,,,,,,,,,,,,,,,,,,,,,,,,,,,,,,,,,,,,,,,,,,,,,,,,,,,,,1,1784929613.9344606,0.0011370182037353516,world,base_footprint,1.5404958711051577,-0.411568651916149,1,0,1,1784929567.4354498,46.50014781951904,world,workspace,1,0,3,0.47418051624239393,-0.07498176989329002,0.0,0.0,0.0,0.18733963242682541,0.9822952011092093,1.5,1,3,1784929567.4354498,world,workspace,0.47418051624239393,-0.07498176989329002,0.0,0.0,0.18733963242682541,0.9822952011092093,1,1784929567.435601,46.49999666213989,workspace,1,321,,1,1784929613.9344609,0.00113677978515625,world,pelvis,1.5816265310316837,-0.3615315297762281,0.7768731294681649,-0.017522771064178745,0.03743544018762936,0.43008579853478085,0.9018413087738278,capsules,0.05,0.5,0.1,0.5,0.5
429,1784929614.0355818,43.006223051808774,1,1784929614.0347323,0.0008494853973388672,17,-0.054952412843704224,1,-0.09979112446308136,1,-0.19000662863254547,1,-1.4690943956375122,1,1.63116455078125,1,-0.19786235690116882,1,0.2869934141635895,1,-0.19575324654579163,1,-1.773874282836914,1,-1.4919031858444214,1,0.5557897090911865,1,-0.33533817529678345,1,-0.07594358175992966,1,-0.057802870869636536,1,-0.17307019233703613,1,0.06380803883075714,1,0.04453776031732559,1,0,,,,,,,,,,,,,,,,,,,,,,,,,,,,,,,,,,,,,,,,,,,,,,,,,,,,,,,,,,,,,,,,,,,,,,,,,,,,,,,,,,,,,,,,,,,,,,,,,,,,,,,,,,,,,,,,,,,,,1,1784929614.033465,0.0021169185638427734,world,base_footprint,1.5822802834176892,-0.4019965370137747,1,0,1,1784929567.4354498,46.60013198852539,world,workspace,1,0,3,0.47418051624239393,-0.07498176989329002,0.0,0.0,0.0,0.18733963242682541,0.9822952011092093,1.5,1,3,1784929567.4354498,world,workspace,0.47418051624239393,-0.07498176989329002,0.0,0.0,0.18733963242682541,0.9822952011092093,1,1784929567.435601,46.59998083114624,workspace,1,321,,1,1784929614.033465,0.0021169185638427734,world,pelvis,1.591834134462717,-0.35048505154839876,0.7764626069578134,-0.026221176136612814,0.02072396013080364,0.4663402737671583,0.8839738211402426,capsules,0.05,0.5,0.1,0.5,0.5
430,1784929614.1356595,43.10630186647177,1,1784929614.1342978,0.0013616085052490234,17,-0.003510142443701625,1,-0.04270976036787033,1,-0.15848354995250702,1,-1.4556005001068115,1,1.5461164712905884,1,-0.09013408422470093,1,0.20224788784980774,1,-0.18333154916763306,1,-1.8296557664871216,1,-1.484352469444275,1,0.45960792899131775,1,-0.4849913716316223,1,-0.009553851559758186,1,0.03661840409040451,1,-0.10129321366548538,1,0.0388186052441597,1,-0.009182807989418507,1,0,,,,,,,,,,,,,,,,,,,,,,,,,,,,,,,,,,,,,,,,,,,,,,,,,,,,,,,,,,,,,,,,,,,,,,,,,,,,,,,,,,,,,,,,,,,,,,,,,,,,,,,,,,,,,,,,,,,,,1,1784929614.1334596,0.002199888229370117,world,base_footprint,1.591650435453159,-0.3872902585858156,1,0,1,1784929567.4354498,46.700209617614746,world,workspace,1,0,3,0.47418051624239393,-0.07498176989329002,0.0,0.0,0.0,0.18733963242682541,0.9822952011092093,1.5,1,3,1784929567.4354498,world,workspace,0.47418051624239393,-0.07498176989329002,0.0,0.0,0.18733963242682541,0.9822952011092093,1,1784929567.435601,46.700058460235596,workspace,1,321,,1,1784929614.13446,0.001199483871459961,world,pelvis,1.5766644056363721,-0.3260355443445278,0.775804361073378,-0.03873202570626288,0.010912240866397862,0.4917503426613163,0.8698059287429818,capsules,0.05,0.5,0.1,0.5,0.5
431,1784929614.2356377,43.20628078468144,1,1784929614.2349072,0.0007305145263671875,17,0.02416120283305645,1,0.05113416910171509,1,-0.14294444024562836,1,-1.4679415225982666,1,1.5574417114257812,1,-0.03739183396100998,1,0.03398516774177551,1,-0.13031749427318573,1,-1.795322060585022,1,-1.4798877239227295,1,0.33868324756622314,1,-0.41515541076660156,1,0.09198498725891113,1,-0.04062587767839432,1,0.020801670849323273,1,-0.008548369631171227,1,-0.05785069242119789,1,0,,,,,,,,,,,,,,,,,,,,,,,,,,,,,,,,,,,,,,,,,,,,,,,,,,,,,,,,,,,,,,,,,,,,,,,,,,,,,,,,,,,,,,,,,,,,,,,,,,,,,,,,,,,,,,,,,,,,,1,1784929614.233455,0.0021827220916748047,world,base_footprint,1.5964675949335363,-0.33969743122223783,1,0,1,1784929567.4354498,46.800187826156616,world,workspace,1,0,3,0.47418051624239393,-0.07498176989329002,0.0,0.0,0.0,0.18733963242682541,0.9822952011092093,1.5,1,3,1784929567.4354498,world,workspace,0.47418051624239393,-0.07498176989329002,0.0,0.0,0.18733963242682541,0.9822952011092093,1,1784929567.435601,46.800036668777466,workspace,1,321,,1,1784929614.2344553,0.0011823177337646484,world,pelvis,1.5480671906053052,-0.2810744340096822,0.7700321715297312,-0.047949286629456425,-0.007470360045577417,0.509768793425402,0.8589416958572483,capsules,0.05,0.5,0.1,0.5,0.5
432,1784929614.3356307,43.30627490114421,1,1784929614.3347366,0.0008940696716308594,17,0.014170526526868343,1,0.03302522003650665,1,-0.09700406342744827,1,-1.4550217390060425,1,1.6173858642578125,1,-0.025007613003253937,1,-0.14207319915294647,1,-0.05783025920391083,1,-1.5722911357879639,1,-1.477429986000061,1,0.24233758449554443,1,-0.2867446541786194,1,-0.015916941687464714,1,-0.03560822457075119,1,-0.11968261748552322,1,-0.046038661152124405,1,0.0306460652500391,1,0,,,,,,,,,,,,,,,,,,,,,,,,,,,,,,,,,,,,,,,,,,,,,,,,,,,,,,,,,,,,,,,,,,,,,,,,,,,,,,,,,,,,,,,,,,,,,,,,,,,,,,,,,,,,,,,,,,,,,1,1784929614.3344543,0.0011763572692871094,world,base_footprint,1.5565607166367497,-0.2574213571365686,1,0,1,1784929567.4354498,46.90018081665039,world,workspace,1,0,3,0.47418051624239393,-0.07498176989329002,0.0,0.0,0.0,0.18733963242682541,0.9822952011092093,1.5,1,3,1784929567.4354498,world,workspace,0.47418051624239393,-0.07498176989329002,0.0,0.0,0.18733963242682541,0.9822952011092093,1,1784929567.435601,46.90002965927124,workspace,1,321,,1,1784929614.3344543,0.0011763572692871094,world,pelvis,1.5173023865900142,-0.24285843161444357,0.7739999146048061,-0.021273428536845666,-0.016146305733066364,0.5363645344689401,0.8435637641656849,capsules,0.05,0.5,0.1,0.5,0.5
433,1784929614.4357092,43.4063562490046,1,1784929614.434462,0.0012471675872802734,17,0.03586391359567642,1,-0.03136603906750679,1,-0.132894828915596,1,-1.343932867050171,1,1.6988438367843628,1,-0.04197726771235466,1,-0.21047045290470123,1,0.03408849239349365,1,-1.370194673538208,1,-1.3667867183685303,1,0.2881842255592346,1,-0.25367680191993713,1,-0.06836967170238495,1,-0.04384272173047066,1,-0.3040643036365509,1,0.07030362635850906,1,-0.015468636527657509,1,0,,,,,,,,,,,,,,,,,,,,,,,,,,,,,,,,,,,,,,,,,,,,,,,,,,,,,,,,,,,,,,,,,,,,,,,,,,,,,,,,,,,,,,,,,,,,,,,,,,,,,,,,,,,,,,,,,,,,,1,1784929614.43447,0.0012392997741699219,world,base_footprint,1.5325188719485092,-0.24134399318229013,1,0,1,1784929567.4354498,47.00025939941406,world,workspace,1,0,3,0.47418051624239393,-0.07498176989329002,0.0,0.0,0.0,0.18733963242682541,0.9822952011092093,1.5,1,3,1784929567.4354498,world,workspace,0.47418051624239393,-0.07498176989329002,0.0,0.0,0.18733963242682541,0.9822952011092093,1,1784929567.435601,47.00010824203491,workspace,1,321,,1,1784929614.43447,0.0012392997741699219,world,pelvis,1.5123390536587127,-0.21974754317226078,0.7765284844479173,-0.018587808562443454,-0.0031257256006817394,0.552017844456419,0.8336192311925176,capsules,0.05,0.5,0.1,0.5,0.5
434,1784929614.5355356,43.50618002936244,1,1784929614.5343292,0.0012063980102539062,17,0.05384136736392975,1,-0.08518398553133011,1,-0.1594567447900772,1,-1.1673418283462524,1,1.774526834487915,1,-0.1470363438129425,1,-0.27664482593536377,1,0.13248401880264282,1,-1.2944424152374268,1,-1.1669213771820068,1,0.3295038044452667,1,-0.24045132100582123,1,-0.10622881352901459,1,-0.055725909769535065,1,-0.29230430722236633,1,0.08368580043315887,1,-0.02530236542224884,1,0,,,,,,,,,,,,,,,,,,,,,,,,,,,,,,,,,,,,,,,,,,,,,,,,,,,,,,,,,,,,,,,,,,,,,,,,,,,,,,,,,,,,,,,,,,,,,,,,,,,,,,,,,,,,,,,,,,,,,1,1784929614.5344555,0.0010800361633300781,world,base_footprint,1.517713410229726,-0.22519736988983946,1,0,1,1784929567.4354498,47.100085735321045,world,workspace,1,0,3,0.47418051624239393,-0.07498176989329002,0.0,0.0,0.0,0.18733963242682541,0.9822952011092093,1.5,1,3,1784929567.4354498,world,workspace,0.47418051624239393,-0.07498176989329002,0.0,0.0,0.18733963242682541,0.9822952011092093,1,1784929567.435601,47.099934577941895,workspace,1,321,,1,1784929614.5344558,0.0010797977447509766,world,pelvis,1.5156614088258384,-0.1991981926421234,0.7744273196224989,-0.01438998714442496,0.008337147787518791,0.567758441246009,0.823027200419679,capsules,0.05,0.5,0.1,0.5,0.5
435,1784929614.635602,43.60624581947923,1,1784929614.6353314,0.00027060508728027344,17,0.04723351076245308,1,-0.06247228384017944,1,-0.14647750556468964,1,-0.9360166788101196,1,1.7910975217819214,1,-0.3251362442970276,1,-0.38743841648101807,1,0.10302849113941193,1,-1.2703510522842407,1,-0.9611073732376099,1,0.32089972496032715,1,-0.24847248196601868,1,-0.09345298260450363,1,-0.05203778296709061,1,-0.10202425718307495,1,0.09261626750230789,1,0.0016536006005480886,1,0,,,,,,,,,,,,,,,,,,,,,,,,,,,,,,,,,,,,,,,,,,,,,,,,,,,,,,,,,,,,,,,,,,,,,,,,,,,,,,,,,,,,,,,,,,,,,,,,,,,,,,,,,,,,,,,,,,,,,1,1784929614.6344547,0.0011472702026367188,world,base_footprint,1.5367590114096292,-0.20261074648608698,1,0,1,1784929567.4354498,47.20015215873718,world,workspace,1,0,3,0.47418051624239393,-0.07498176989329002,0.0,0.0,0.0,0.18733963242682541,0.9822952011092093,1.5,1,3,1784929567.4354498,world,workspace,0.47418051624239393,-0.07498176989329002,0.0,0.0,0.18733963242682541,0.9822952011092093,1,1784929567.435601,47.20000100135803,workspace,1,321,,1,1784929614.634455,0.0011470317840576172,world,pelvis,1.5196277060132826,-0.17939205263415314,0.7767183938971868,-0.018400464818530072,-5.896189455259488e-05,0.5910293029823422,0.8064401914799161,capsules,0.05,0.5,0.1,0.5,0.5
436,1784929614.735855,43.70649740565568,1,1784929614.7348938,0.0009613037109375,17,0.022111859172582626,1,0.03719410300254822,1,-0.08230818063020706,1,-0.7022213935852051,1,1.7729064226150513,1,-0.48188886046409607,1,-0.36513131856918335,1,-0.015500683337450027,1,-1.2258350849151611,1,-0.7943679094314575,1,0.29263073205947876,1,-0.4101022481918335,1,-0.024637458845973015,1,0.062482915818691254,1,-0.035240065306425095,1,0.059957899153232574,1,-0.0343058742582798,1,0,,,,,,,,,,,,,,,,,,,,,,,,,,,,,,,,,,,,,,,,,,,,,,,,,,,,,,,,,,,,,,,,,,,,,,,,,,,,,,,,,,,,,,,,,,,,,,,,,,,,,,,,,,,,,,,,,,,,,1,1784929614.7344565,0.0013985633850097656,world,base_footprint,1.5310056856486514,-0.17912700680908422,1,0,1,1784929567.4354498,47.30040526390076,world,workspace,1,0,3,0.47418051624239393,-0.07498176989329002,0.0,0.0,0.0,0.18733963242682541,0.9822952011092093,1.5,1,3,1784929567.4354498,world,workspace,0.47418051624239393,-0.07498176989329002,0.0,0.0,0.18733963242682541,0.9822952011092093,1,1784929567.435601,47.300254106521606,workspace,1,321,,1,1784929614.7344565,0.0013985633850097656,world,pelvis,1.5005456431462396,-0.16249132573654676,0.7774810256154113,-0.020254716203530896,-0.008925622438620249,0.6096825032171354,0.792336623542346,capsules,0.05,0.5,0.1,0.5,0.5
437,1784929614.8365986,43.80724971462041,1,1784929614.8346477,0.001950979232788086,17,-0.025703663006424904,1,0.13579624891281128,1,-0.07560857385396957,1,-0.493407666683197,1,1.7446532249450684,1,-0.54105144739151,1,-0.19927754998207092,1,0.026475347578525543,1,-1.0386922359466553,1,-0.6699773669242859,1,0.289241224527359,1,-0.38187992572784424,1,0.06675472855567932,1,0.011254995130002499,1,0.04852994903922081,1,0.009537934325635433,1,-0.07099571824073792,1,0,,,,,,,,,,,,,,,,,,,,,,,,,,,,,,,,,,,,,,,,,,,,,,,,,,,,,,,,,,,,,,,,,,,,,,,,,,,,,,,,,,,,,,,,,,,,,,,,,,,,,,,,,,,,,,,,,,,,,1,1784929614.8344579,0.0021407604217529297,world,base_footprint,1.5100845942175687,-0.15491418075155755,1,0,1,1784929567.4354498,47.40114879608154,world,workspace,1,0,3,0.47418051624239393,-0.07498176989329002,0.0,0.0,0.0,0.18733963242682541,0.9822952011092093,1.5,1,3,1784929567.4354498,world,workspace,0.47418051624239393,-0.07498176989329002,0.0,0.0,0.18733963242682541,0.9822952011092093,1,1784929567.435601,47.40099763870239,workspace,1,321,,1,1784929614.8354576,0.0011410713195800781,world,pelvis,1.4751021281460932,-0.12644619031439877,0.7759761923256099,-0.02723777132710605,-0.006110381160855555,0.6265167404215859,0.7789079156272021,capsules,0.05,0.5,0.1,0.5,0.5
438,1784929614.935597,43.90624111238867,1,1784929614.9345458,0.001051187515258789,17,-0.05188645049929619,1,0.19408467411994934,1,0.05469358339905739,1,-0.3384716510772705,1,1.6714967489242554,1,-0.522598147392273,1,0.031174691393971443,1,0.1438700556755066,1,-0.7227852940559387,1,-0.6880106925964355,1,0.2739628255367279,1,-0.20950831472873688,1,0.022567125037312508,1,0.054087668657302856,1,-0.054068673402071,1,-0.03847004473209381,1,0.01275964081287384,1,0,,,,,,,,,,,,,,,,,,,,,,,,,,,,,,,,,,,,,,,,,,,,,,,,,,,,,,,,,,,,,,,,,,,,,,,,,,,,,,,,,,,,,,,,,,,,,,,,,,,,,,,,,,,,,,,,,,,,,1,1784929614.9334586,0.002138376235961914,world,base_footprint,1.469013658799148,-0.07920860602793006,1,0,1,1784929567.4354498,47.500147104263306,world,workspace,1,0,3,0.47418051624239393,-0.07498176989329002,0.0,0.0,0.0,0.18733963242682541,0.9822952011092093,1.5,1,3,1784929567.4354498,world,workspace,0.47418051624239393,-0.07498176989329002,0.0,0.0,0.18733963242682541,0.9822952011092093,1,1784929567.435601,47.499995946884155,workspace,1,321,,1,1784929614.9334586,0.002138376235961914,world,pelvis,1.4476541278257042,-0.09520962937362445,0.777191313472432,-0.0006950670273831138,-0.017004443885957544,0.6316484129023302,0.7750681571629195,capsules,0.05,0.5,0.1,0.5,0.5
439,1784929615.0357318,44.00637700315565,1,1784929615.034895,0.0008368492126464844,17,-0.10378696769475937,1,0.22631266713142395,1,0.06995976716279984,1,-0.13586680591106415,1,1.5992933511734009,1,-0.522418200969696,1,0.2659166753292084,1,0.34906449913978577,1,-0.31348687410354614,1,-0.7639194130897522,1,0.18404309451580048,1,-0.19442220032215118,1,0.004937790334224701,1,0.03802817687392235,1,-0.3284304440021515,1,0.07521400600671768,1,0.017536886036396027,1,0,,,,,,,,,,,,,,,,,,,,,,,,,,,,,,,,,,,,,,,,,,,,,,,,,,,,,,,,,,,,,,,,,,,,,,,,,,,,,,,,,,,,,,,,,,,,,,,,,,,,,,,,,,,,,,,,,,,,,1,1784929615.0334575,0.0022742748260498047,world,base_footprint,1.4630494533287195,-0.08179056407318924,1,0,1,1784929567.4354498,47.600281953811646,world,workspace,1,0,3,0.47418051624239393,-0.07498176989329002,0.0,0.0,0.0,0.18733963242682541,0.9822952011092093,1.5,1,3,1784929567.4354498,world,workspace,0.47418051624239393,-0.07498176989329002,0.0,0.0,0.18733963242682541,0.9822952011092093,1,1784929567.435601,47.600130796432495,workspace,1,321,,1,1784929615.0344605,0.0012712478637695312,world,pelvis,1.4510549113747517,-0.06492650245030791,0.7806154730532235,-0.013155077956754984,0.0010361773607156087,0.6417414281138019,0.766807544109268,capsules,0.05,0.5,0.1,0.5,0.5
440,1784929615.135834,44.10648308787495,1,1784929615.1354573,0.00037670135498046875,17,-0.2298007309436798,1,0.24697741866111755,1,0.07182953506708145,1,0.09772247821092606,1,1.5133379697799683,1,-0.5898745656013489,1,0.4445481300354004,1,0.5867953300476074,1,-0.12750546634197235,1,-0.9612366557121277,1,0.018360013142228127,1,-0.1694488376379013,1,-0.01971105858683586,1,0.02030295506119728,1,-0.3227786123752594,1,0.03897641599178314,1,0.06849273294210434,1,0,,,,,,,,,,,,,,,,,,,,,,,,,,,,,,,,,,,,,,,,,,,,,,,,,,,,,,,,,,,,,,,,,,,,,,,,,,,,,,,,,,,,,,,,,,,,,,,,,,,,,,,,,,,,,,,,,,,,,1,1784929615.1314583,0.0043756961822509766,world,base_footprint,1.4551805530546889,-0.06792356135929044,1,0,1,1784929567.4354498,47.70038414001465,world,workspace,1,0,3,0.47418051624239393,-0.07498176989329002,0.0,0.0,0.0,0.18733963242682541,0.9822952011092093,1.5,1,3,1784929567.4354498,world,workspace,0.47418051624239393,-0.07498176989329002,0.0,0.0,0.18733963242682541,0.9822952011092093,1,1784929567.435601,47.7002329826355,workspace,1,321,,1,1784929615.1334596,0.002374410629272461,world,pelvis,1.4646237999211469,-0.026555262532538343,0.7774489857795502,-0.015346438997305055,0.021518051304392005,0.6542175502496479,0.7558444662915202,capsules,0.05,0.5,0.1,0.5,0.5
441,1784929615.2356489,44.20629516616464,1,1784929615.234839,0.0008099079132080078,17,-0.3784404993057251,1,0.3291392922401428,1,0.2050236463546753,1,0.2473396360874176,1,1.421127200126648,1,-0.6119477152824402,1,0.47358933091163635,1,0.8220002055168152,1,-0.15575090050697327,1,-1.2651875019073486,1,-0.16925157606601715,1,-0.2762916684150696,1,-0.00010833748820004985,1,0.032315678894519806,1,-0.20881058275699615,1,0.034230366349220276,1,0.023323774337768555,1,0,,,,,,,,,,,,,,,,,,,,,,,,,,,,,,,,,,,,,,,,,,,,,,,,,,,,,,,,,,,,,,,,,,,,,,,,,,,,,,,,,,,,,,,,,,,,,,,,,,,,,,,,,,,,,,,,,,,,,1,1784929615.2334578,0.0021910667419433594,world,base_footprint,1.484435266302289,-0.010436753441455643,1,0,1,1784929567.4354498,47.800199031829834,world,workspace,1,0,3,0.47418051624239393,-0.07498176989329002,0.0,0.0,0.0,0.18733963242682541,0.9822952011092093,1.5,1,3,1784929567.4354498,world,workspace,0.47418051624239393,-0.07498176989329002,0.0,0.0,0.18733963242682541,0.9822952011092093,1,1784929567.435601,47.800047874450684,workspace,1,321,,1,1784929615.2334578,0.0021910667419433594,world,pelvis,1.4686577546491293,0.006032516209973117,0.7734109965861476,-0.014539594174205955,-0.000322769867011418,0.6755104968166823,0.7372069347960187,capsules,0.05,0.5,0.1,0.5,0.5
442,1784929615.336353,44.306997111067176,1,1784929615.3359725,0.00038051605224609375,17,-0.4522162973880768,1,0.3910689651966095,1,0.24225185811519623,1,0.3726506233215332,1,1.376881718635559,1,-0.5550634860992432,1,0.4497951865196228,1,0.9511622786521912,1,-0.28319841623306274,1,-1.4988640546798706,1,-0.3730742931365967,1,-0.4576340317726135,1,-0.01571284793317318,1,0.023903099820017815,1,-0.13458719849586487,1,0.01789858005940914,1,-0.006348810624331236,1,0,,,,,,,,,,,,,,,,,,,,,,,,,,,,,,,,,,,,,,,,,,,,,,,,,,,,,,,,,,,,,,,,,,,,,,,,,,,,,,,,,,,,,,,,,,,,,,,,,,,,,,,,,,,,,,,,,,,,,1,1784929615.3344576,0.0018954277038574219,world,base_footprint,1.4854712839917972,0.018678247375751772,1,0,1,1784929567.4354498,47.90090322494507,world,workspace,1,0,3,0.47418051624239393,-0.07498176989329002,0.0,0.0,0.0,0.18733963242682541,0.9822952011092093,1.5,1,3,1784929567.4354498,world,workspace,0.47418051624239393,-0.07498176989329002,0.0,0.0,0.18733963242682541,0.9822952011092093,1,1784929567.435601,47.90075206756592,workspace,1,321,,1,1784929615.3344576,0.0018954277038574219,world,pelvis,1.457569869348833,0.03754683018548832,0.773691066580069,-0.02096067243574129,-0.004697596932379103,0.6856476970857157,0.7276165324366656,capsules,0.05,0.5,0.1,0.5,0.5
443,1784929615.436312,44.40695771481842,1,1784929615.4349673,0.0013446807861328125,17,-0.43507757782936096,1,0.4068921208381653,1,0.157590851187706,1,0.337586909532547,1,1.3096463680267334,1,-0.46267157793045044,1,0.39512091875076294,1,0.7963470816612244,1,-0.5089953541755676,1,-1.517881989479065,1,-0.601926326751709,1,-0.4557519257068634,1,0.025120791047811508,1,0.013934662565588951,1,-0.012871872633695602,1,0.003587653860449791,1,-0.03206051513552666,1,0,,,,,,,,,,,,,,,,,,,,,,,,,,,,,,,,,,,,,,,,,,,,,,,,,,,,,,,,,,,,,,,,,,,,,,,,,,,,,,,,,,,,,,,,,,,,,,,,,,,,,,,,,,,,,,,,,,,,,1,1784929615.4344573,0.0018546581268310547,world,base_footprint,1.4841195739586386,0.05730169990086886,1,0,1,1784929567.4354498,48.00086212158203,world,workspace,1,0,3,0.47418051624239393,-0.07498176989329002,0.0,0.0,0.0,0.18733963242682541,0.9822952011092093,1.5,1,3,1784929567.4354498,world,workspace,0.47418051624239393,-0.07498176989329002,0.0,0.0,0.18733963242682541,0.9822952011092093,1,1784929567.435601,48.00071096420288,workspace,1,321,,1,1784929615.4354622,0.0008497238159179688,world,pelvis,1.4434290945204893,0.07822780979949741,0.7734912515610816,-0.027053083849145693,-0.009920746385159968,0.6928422901911361,0.7205131993017991,capsules,0.05,0.5,0.1,0.5,0.5
444,1784929615.5355928,44.50623616948724,1,1784929615.53505,0.0005428791046142578,17,-0.3235631585121155,1,0.35584306716918945,1,0.08978580683469772,1,0.1400734782218933,1,1.125429391860962,1,-0.4363974928855896,1,0.3041127920150757,1,0.4697904586791992,1,-0.732261598110199,1,-1.444480538368225,1,-0.7208322882652283,1,-0.2727484405040741,1,-0.02236129529774189,1,0.10233199596405029,1,0.02309868112206459,1,-0.06886709481477737,1,-0.0034664866980165243,1,0,,,,,,,,,,,,,,,,,,,,,,,,,,,,,,,,,,,,,,,,,,,,,,,,,,,,,,,,,,,,,,,,,,,,,,,,,,,,,,,,,,,,,,,,,,,,,,,,,,,,,,,,,,,,,,,,,,,,,1,1784929615.5344572,0.0011355876922607422,world,base_footprint,1.4399039403700262,0.13778075639982787,1,0,1,1784929567.4354498,48.10014295578003,world,workspace,1,0,3,0.47418051624239393,-0.07498176989329002,0.0,0.0,0.0,0.18733963242682541,0.9822952011092093,1.5,1,3,1784929567.4354498,world,workspace,0.47418051624239393,-0.07498176989329002,0.0,0.0,0.18733963242682541,0.9822952011092093,1,1784929567.435601,48.09999179840088,workspace,1,321,,1,1784929615.5344574,0.0011353492736816406,world,pelvis,1.4193844359219234,0.11615578975263921,0.7725264848374396,0.0008708615643722582,-0.01899062912119931,0.6929865492417432,0.7206998266794143,capsules,0.05,0.5,0.1,0.5,0.5
445,1784929615.6357276,44.60637091845274,1,1784929615.6352978,0.0004298686981201172,17,-0.22849367558956146,1,0.2570517659187317,1,0.05076446384191513,1,0.04566683992743492,1,0.9525843858718872,1,-0.4157523214817047,1,0.2263537496328354,1,0.3017975687980652,1,-0.8826968669891357,1,-1.436732530593872,1,-0.6112719178199768,1,-0.2399359494447708,1,-0.06368932873010635,1,0.06504660099744797,1,-0.2777407467365265,1,0.006658919155597687,1,0.0857936218380928,1,0,,,,,,,,,,,,,,,,,,,,,,,,,,,,,,,,,,,,,,,,,,,,,,,,,,,,,,,,,,,,,,,,,,,,,,,,,,,,,,,,,,,,,,,,,,,,,,,,,,,,,,,,,,,,,,,,,,,,,1,1784929615.6334608,0.0022668838500976562,world,base_footprint,1.428770745746781,0.14104703952388856,1,0,1,1784929567.4354498,48.20027780532837,world,workspace,1,0,3,0.47418051624239393,-0.07498176989329002,0.0,0.0,0.0,0.18733963242682541,0.9822952011092093,1.5,1,3,1784929567.4354498,world,workspace,0.47418051624239393,-0.07498176989329002,0.0,0.0,0.18733963242682541,0.9822952011092093,1,1784929567.435601,48.20012664794922,workspace,1,321,,1,1784929615.6334608,0.0022668838500976562,world,pelvis,1.4146275060333091,0.13126316839784657,0.7770330832503408,-0.002015466087900372,-0.010778842013585891,0.7103318066445766,0.7037815562590047,capsules,0.05,0.5,0.1,0.5,0.5
446,1784929615.7355719,44.70621580723673,1,1784929615.735273,0.0002989768981933594,17,-0.20086108148097992,1,0.055763084441423416,1,0.06298069655895233,1,0.0892476737499237,1,0.7948855757713318,1,-0.3352140784263611,1,0.15291230380535126,1,0.2890717089176178,1,-1.1013797521591187,1,-1.4647319316864014,1,-0.37877658009529114,1,-0.2525918483734131,1,-0.10971587896347046,1,0.01773214340209961,1,-0.2670884132385254,1,-0.019122416153550148,1,0.14465241134166718,1,0,,,,,,,,,,,,,,,,,,,,,,,,,,,,,,,,,,,,,,,,,,,,,,,,,,,,,,,,,,,,,,,,,,,,,,,,,,,,,,,,,,,,,,,,,,,,,,,,,,,,,,,,,,,,,,,,,,,,,1,1784929615.7344558,0.001116037368774414,world,base_footprint,1.4144093012792505,0.14852201456324204,1,0,1,1784929567.4354498,48.300122022628784,world,workspace,1,0,3,0.47418051624239393,-0.07498176989329002,0.0,0.0,0.0,0.18733963242682541,0.9822952011092093,1.5,1,3,1784929567.4354498,world,workspace,0.47418051624239393,-0.07498176989329002,0.0,0.0,0.18733963242682541,0.9822952011092093,1,1784929567.435601,48.299970865249634,workspace,1,321,,1,1784929615.7344558,0.001116037368774414,world,pelvis,1.4311259553247742,0.14378164497130103,0.7717029582509125,0.009885972149767509,0.005001879436740811,0.7352327849192595,0.677724133211017,capsules,0.05,0.5,0.1,0.5,0.5
447,1784929615.8355923,44.80623477883637,1,1784929615.83494,0.000652313232421875,17,-0.17419572174549103,1,-0.02823627181351185,1,0.11917243897914886,1,0.15277038514614105,1,0.4793289601802826,1,-0.30653461813926697,1,0.09893529117107391,1,0.25403472781181335,1,-1.355486273765564,1,-1.484075665473938,1,-0.1591251790523529,1,-0.3949683904647827,1,-0.07579171657562256,1,0.05008222162723541,1,-0.21025289595127106,1,-0.043715979903936386,1,0.06240023672580719,1,0,,,,,,,,,,,,,,,,,,,,,,,,,,,,,,,,,,,,,,,,,,,,,,,,,,,,,,,,,,,,,,,,,,,,,,,,,,,,,,,,,,,,,,,,,,,,,,,,,,,,,,,,,,,,,,,,,,,,,1,1784929615.8334563,0.0021359920501708984,world,base_footprint,1.428709419326824,0.1561115768725654,1,0,1,1784929567.4354498,48.400142431259155,world,workspace,1,0,3,0.47418051624239393,-0.07498176989329002,0.0,0.0,0.0,0.18733963242682541,0.9822952011092093,1.5,1,3,1784929567.4354498,world,workspace,0.47418051624239393,-0.07498176989329002,0.0,0.0,0.18733963242682541,0.9822952011092093,1,1784929567.435601,48.399991273880005,workspace,1,321,,1,1784929615.8344567,0.0011355876922607422,world,pelvis,1.4329267547094964,0.15172158411872871,0.7765354867035037,0.0039104558233927465,-0.0001794181249373447,0.7624388155697672,0.6470484747350543,capsules,0.05,0.5,0.1,0.5,0.5
448,1784929615.9356248,44.906267158687115,1,1784929615.9351246,0.0005002021789550781,17,-0.12035582214593887,1,-0.04374955967068672,1,0.15285788476467133,1,0.23697733879089355,1,0.2490079700946808,1,-0.33745887875556946,1,0.054461490362882614,1,0.19998732209205627,1,-1.5924557447433472,1,-1.479872465133667,1,0.016131190583109856,1,-0.5170984268188477,1,-0.03325962647795677,1,0.030369482934474945,1,-0.13014622032642365,1,-0.07871897518634796,1,0.0069742752239108086,1,0,,,,,,,,,,,,,,,,,,,,,,,,,,,,,,,,,,,,,,,,,,,,,,,,,,,,,,,,,,,,,,,,,,,,,,,,,,,,,,,,,,,,,,,,,,,,,,,,,,,,,,,,,,,,,,,,,,,,,1,1784929615.9334588,0.0021660327911376953,world,base_footprint,1.4220968325401044,0.15993749540288865,1,0,1,1784929567.4354498,48.50017499923706,world,workspace,1,0,3,0.47418051624239393,-0.07498176989329002,0.0,0.0,0.0,0.18733963242682541,0.9822952011092093,1.5,1,3,1784929567.4354498,world,workspace,0.47418051624239393,-0.07498176989329002,0.0,0.0,0.18733963242682541,0.9822952011092093,1,1784929567.435601,48.50002384185791,workspace,1,321,,1,1784929615.934456,0.0011687278747558594,world,pelvis,1.4094517523639394,0.15918251429663938,0.7799186478763697,-0.005992296108561866,-0.0054157589708803515,0.7805135700760433,0.6250866570878523,capsules,0.05,0.5,0.1,0.5,0.5
449,1784929616.0355754,45.00621697213501,1,1784929616.0350404,0.0005350112915039062,17,-0.08525659888982773,1,-0.041905276477336884,1,0.15612970292568207,1,0.2595444917678833,1,0.22257913649082184,1,-0.311782568693161,1,0.014465582557022572,1,0.15740373730659485,1,-1.746299147605896,1,-1.4705883264541626,1,0.18574079871177673,1,-0.41897672414779663,1,0.05253557488322258,1,-0.07109104841947556,1,-0.04271407052874565,1,-0.114364854991436,1,-0.07732609659433365,1,0,,,,,,,,,,,,,,,,,,,,,,,,,,,,,,,,,,,,,,,,,,,,,,,,,,,,,,,,,,,,,,,,,,,,,,,,,,,,,,,,,,,,,,,,,,,,,,,,,,,,,,,,,,,,,,,,,,,,,1,1784929616.034457,0.0011184215545654297,world,base_footprint,1.411764684555311,0.1773403707354103,1,0,1,1784929567.4354498,48.600125551223755,world,workspace,1,0,3,0.47418051624239393,-0.07498176989329002,0.0,0.0,0.0,0.18733963242682541,0.9822952011092093,1.5,1,3,1784929567.4354498,world,workspace,0.47418051624239393,-0.07498176989329002,0.0,0.0,0.18733963242682541,0.9822952011092093,1,1784929567.435601,48.599974393844604,workspace,1,321,,1,1784929616.0344572,0.0011181831359863281,world,pelvis,1.3728430583572802,0.1696888751311563,0.7754880282212883,-0.017027901216945723,-0.018710896505215128,0.8028271520315087,0.595674841581457,capsules,0.05,0.5,0.1,0.5,0.5
450,1784929616.135562,45.10620470717549,1,1784929616.1352656,0.0002963542938232422,17,-0.05645466595888138,1,-0.12477654963731766,1,0.19847534596920013,1,0.21644707024097443,1,0.32191112637519836,1,-0.19636555016040802,1,-0.0267189908772707,1,0.15548785030841827,1,-1.7782750129699707,1,-1.4617748260498047,1,0.3044886589050293,1,-0.29605191946029663,1,-0.009351924061775208,1,-0.04066130146384239,1,-0.18424876034259796,1,-0.18466393649578094,1,0.03044239617884159,1,0,,,,,,,,,,,,,,,,,,,,,,,,,,,,,,,,,,,,,,,,,,,,,,,,,,,,,,,,,,,,,,,,,,,,,,,,,,,,,,,,,,,,,,,,,,,,,,,,,,,,,,,,,,,,,,,,,,,,,1,1784929616.1334567,0.002105236053466797,world,base_footprint,1.3418519905411213,0.17831193464455017,1,0,1,1784929567.4354498,48.700112104415894,world,workspace,1,0,3,0.47418051624239393,-0.07498176989329002,0.0,0.0,0.0,0.18733963242682541,0.9822952011092093,1.5,1,3,1784929567.4354498,world,workspace,0.47418051624239393,-0.07498176989329002,0.0,0.0,0.18733963242682541,0.9822952011092093,1,1784929567.435601,48.69996094703674,workspace,1,321,,1,1784929616.1334567,0.002105236053466797,world,pelvis,1.3260484320003598,0.1668966875930395,0.7721608480615102,-0.0038537313840236688,-0.01181844068753342,0.8079416697721673,0.5891313363418188,capsules,0.05,0.5,0.1,0.5,0.5
451,1784929616.2355654,45.206209984607995,1,1784929616.2339315,0.0016338825225830078,17,-0.09011100232601166,1,-0.2532353699207306,1,0.16261373460292816,1,0.20323151350021362,1,0.4981400668621063,1,-0.07190242409706116,1,-0.029795916751027107,1,0.26911041140556335,1,-1.7426732778549194,1,-1.4091936349868774,1,0.278950572013855,1,-0.31656020879745483,1,-0.04982069879770279,1,-0.05476784333586693,1,-0.3999180495738983,1,-0.03484230116009712,1,0.06746501475572586,1,0,,,,,,,,,,,,,,,,,,,,,,,,,,,,,,,,,,,,,,,,,,,,,,,,,,,,,,,,,,,,,,,,,,,,,,,,,,,,,,,,,,,,,,,,,,,,,,,,,,,,,,,,,,,,,,,,,,,,,1,1784929616.234459,0.0011065006256103516,world,base_footprint,1.3288864587258313,0.15932991238094166,1,0,1,1784929567.4354498,48.80011558532715,world,workspace,1,0,3,0.47418051624239393,-0.07498176989329002,0.0,0.0,0.0,0.18733963242682541,0.9822952011092093,1.5,1,3,1784929567.4354498,world,workspace,0.47418051624239393,-0.07498176989329002,0.0,0.0,0.18733963242682541,0.9822952011092093,1,1784929567.435601,48.799964427948,workspace,1,321,,1,1784929616.234459,0.0011065006256103516,world,pelvis,1.3067729668262442,0.16834614178127918,0.7732347134655524,-0.014841324816583781,-0.003409976878681114,0.8178361146708272,0.5752496820299001,capsules,0.05,0.5,0.1,0.5,0.5
452,1784929616.3356204,45.30626782029867,1,1784929616.3350625,0.0005578994750976562,17,-0.10258509963750839,1,-0.36402568221092224,1,0.09315848350524902,1,0.20401322841644287,1,0.4675195515155792,1,0.013200459070503712,1,-0.027208564803004265,1,0.3961043953895569,1,-1.7676944732666016,1,-1.390320062637329,1,0.09273256361484528,1,-0.30769091844558716,1,-0.09476175159215927,1,-0.06786930561065674,1,-0.411371111869812,1,0.058430422097444534,1,-0.007419999688863754,1,0,,,,,,,,,,,,,,,,,,,,,,,,,,,,,,,,,,,,,,,,,,,,,,,,,,,,,,,,,,,,,,,,,,,,,,,,,,,,,,,,,,,,,,,,,,,,,,,,,,,,,,,,,,,,,,,,,,,,,1,1784929616.3334582,0.0021622180938720703,world,base_footprint,1.3071174027543302,0.15745803235268724,1,0,1,1784929567.4354498,48.90017056465149,world,workspace,1,0,3,0.47418051624239393,-0.07498176989329002,0.0,0.0,0.0,0.18733963242682541,0.9822952011092093,1.5,1,3,1784929567.4354498,world,workspace,0.47418051624239393,-0.07498176989329002,0.0,0.0,0.18733963242682541,0.9822952011092093,1,1784929567.435601,48.90001940727234,workspace,1,321,,1,1784929616.3334582,0.0021622180938720703,world,pelvis,1.2904862729665916,0.1779950358889264,0.772347430746171,-0.016131884553628833,0.004872669483638828,0.8270420734611229,0.5618873802800508,capsules,0.05,0.5,0.1,0.5,0.5
453,1784929616.4355736,45.406215771101415,1,1784929616.435291,0.00028252601623535156,17,-0.08039408922195435,1,-0.4085260033607483,1,0.07096458971500397,1,0.2269812524318695,1,0.3076842725276947,1,0.03125622123479843,1,-0.04270368814468384,1,0.436308354139328,1,-1.7661281824111938,1,-1.3925844430923462,1,-0.1501033455133438,1,-0.3024273216724396,1,-0.11993006616830826,1,-0.10203293710947037,1,-0.25266849994659424,1,0.10157271474599838,1,0.003667321288958192,1,0,,,,,,,,,,,,,,,,,,,,,,,,,,,,,,,,,,,,,,,,,,,,,,,,,,,,,,,,,,,,,,,,,,,,,,,,,,,,,,,,,,,,,,,,,,,,,,,,,,,,,,,,,,,,,,,,,,,,,1,1784929616.4344597,0.0011138916015625,world,base_footprint,1.295546697160763,0.1766492331154171,1,0,1,1784929567.4354498,49.000123739242554,world,workspace,1,0,3,0.47418051624239393,-0.07498176989329002,0.0,0.0,0.0,0.18733963242682541,0.9822952011092093,1.5,1,3,1784929567.4354498,world,workspace,0.47418051624239393,-0.07498176989329002,0.0,0.0,0.18733963242682541,0.9822952011092093,1,1784929567.435601,48.9999725818634,workspace,1,321,,1,1784929616.43446,0.0011136531829833984,world,pelvis,1.2714945735021974,0.18726390014152897,0.7728228463059845,-0.016566359751739368,-0.002571562009594399,0.8419927153320995,0.5392283469190811,capsules,0.05,0.5,0.1,0.5,0.5
454,1784929616.5356996,45.50634363759309,1,1784929616.5343845,0.0013151168823242188,17,-0.05765856057405472,1,-0.3792153298854828,1,0.11883863061666489,1,0.31582188606262207,1,0.16571107506752014,1,-0.02143755368888378,1,-0.11741715669631958,1,0.3411685526371002,1,-1.6438778638839722,1,-1.4096157550811768,1,-0.34534579515457153,1,-0.41986843943595886,1,-0.01209611538797617,1,0.02146114408969879,1,-0.17890574038028717,1,0.05538119375705719,1,-0.06282226741313934,1,0,,,,,,,,,,,,,,,,,,,,,,,,,,,,,,,,,,,,,,,,,,,,,,,,,,,,,,,,,,,,,,,,,,,,,,,,,,,,,,,,,,,,,,,,,,,,,,,,,,,,,,,,,,,,,,,,,,,,,1,1784929616.5334673,0.0022323131561279297,world,base_footprint,1.2824259496261736,0.1877641256862626,1,0,1,1784929567.4354498,49.10024976730347,world,workspace,1,0,3,0.47418051624239393,-0.07498176989329002,0.0,0.0,0.0,0.18733963242682541,0.9822952011092093,1.5,1,3,1784929567.4354498,world,workspace,0.47418051624239393,-0.07498176989329002,0.0,0.0,0.18733963242682541,0.9822952011092093,1,1784929567.435601,49.100098609924316,workspace,1,321,,1,1784929616.5344734,0.001226186752319336,world,pelvis,1.2387185956314104,0.17627479587418474,0.776443003572239,-0.020366740833267588,-0.0203995486015892,0.8628782555479628,0.504589110452442,capsules,0.05,0.5,0.1,0.5,0.5
455,1784929616.6356921,45.60633656196296,1,1784929616.6348524,0.0008397102355957031,17,0.004699316341429949,1,-0.26132357120513916,1,0.09316663444042206,1,0.4920273721218109,1,0.13881459832191467,1,-0.07138920575380325,1,-0.23569022119045258,1,0.19155943393707275,1,-1.462156891822815,1,-1.4526857137680054,1,-0.311541885137558,1,-0.3614620268344879,1,0.12822188436985016,1,-0.19644580781459808,1,-0.11831002682447433,1,0.016447756439447403,1,-0.08806005120277405,1,0,,,,,,,,,,,,,,,,,,,,,,,,,,,,,,,,,,,,,,,,,,,,,,,,,,,,,,,,,,,,,,,,,,,,,,,,,,,,,,,,,,,,,,,,,,,,,,,,,,,,,,,,,,,,,,,,,,,,,1,1784929616.633464,0.0022280216217041016,world,base_footprint,1.2578206586118426,0.20163653135798737,1,0,1,1784929567.4354498,49.20024228096008,world,workspace,1,0,3,0.47418051624239393,-0.07498176989329002,0.0,0.0,0.0,0.18733963242682541,0.9822952011092093,1.5,1,3,1784929567.4354498,world,workspace,0.47418051624239393,-0.07498176989329002,0.0,0.0,0.18733963242682541,0.9822952011092093,1,1784929567.435601,49.20009112358093,workspace,1,321,,1,1784929616.6344578,0.001234292984008789,world,pelvis,1.1791380938136682,0.1601017267490815,0.7701802409224582,-0.030154385596266618,-0.04772489950351503,0.8697415662406954,0.4902679419968974,capsules,0.05,0.5,0.1,0.5,0.5
456,1784929616.7355902,45.70623335707933,1,1784929616.7348652,0.0007250308990478516,17,0.048560403287410736,1,-0.31474432349205017,1,0.04573146998882294,1,0.6234703660011292,1,0.29007378220558167,1,0.05109616741538048,1,-0.4098738431930542,1,0.25050365924835205,1,-1.1581557989120483,1,-1.4300522804260254,1,-0.10461042821407318,1,-0.2790111303329468,1,0.05221414938569069,1,-0.15329626202583313,1,-0.24720698595046997,1,-0.01698768511414528,1,0.04489203914999962,1,0,,,,,,,,,,,,,,,,,,,,,,,,,,,,,,,,,,,,,,,,,,,,,,,,,,,,,,,,,,,,,,,,,,,,,,,,,,,,,,,,,,,,,,,,,,,,,,,,,,,,,,,,,,,,,,,,,,,,,1,1784929616.7334583,0.002131938934326172,world,base_footprint,1.1714675695751788,0.18408831034073683,1,0,1,1784929567.4354498,49.300140380859375,world,workspace,1,0,3,0.47418051624239393,-0.07498176989329002,0.0,0.0,0.0,0.18733963242682541,0.9822952011092093,1.5,1,3,1784929567.4354498,world,workspace,0.47418051624239393,-0.07498176989329002,0.0,0.0,0.18733963242682541,0.9822952011092093,1,1784929567.435601,49.299989223480225,workspace,1,321,,1,1784929616.7334585,0.0021317005157470703,world,pelvis,1.1285641926669656,0.14373581350124903,0.7726210270517022,-0.011514722880253719,-0.035772059335712814,0.8747448682751245,0.4831244004955745,capsules,0.05,0.5,0.1,0.5,0.5
457,1784929616.835807,45.80645326524973,1,1784929616.8337743,0.002032756805419922,17,0.06129441782832146,1,-0.35487815737724304,1,-0.05164053291082382,1,0.7494295239448547,1,0.4194716513156891,1,0.24993479251861572,1,-0.588618814945221,1,0.4796619415283203,1,-0.998367965221405,1,-1.243531584739685,1,0.007825284264981747,1,-0.25290408730506897,1,-0.009102538228034973,1,-0.13602814078330994,1,-0.32200753688812256,1,0.04719093441963196,1,-0.010483738966286182,1,0,,,,,,,,,,,,,,,,,,,,,,,,,,,,,,,,,,,,,,,,,,,,,,,,,,,,,,,,,,,,,,,,,,,,,,,,,,,,,,,,,,,,,,,,,,,,,,,,,,,,,,,,,,,,,,,,,,,,,1,1784929616.8344543,0.0013527870178222656,world,base_footprint,1.1301422627849937,0.17062075065287377,1,0,1,1784929567.4354498,49.400357246398926,world,workspace,1,0,3,0.47418051624239393,-0.07498176989329002,0.0,0.0,0.0,0.18733963242682541,0.9822952011092093,1.5,1,3,1784929567.4354498,world,workspace,0.47418051624239393,-0.07498176989329002,0.0,0.0,0.18733963242682541,0.9822952011092093,1,1784929567.435601,49.400206089019775,workspace,1,321,,1,1784929616.8344543,0.0013527870178222656,world,pelvis,1.0946117757043163,0.13838318876912695,0.774921553558445,-0.01015657248747965,-0.02886872373115138,0.8792446461845999,0.47538646697309217,capsules,0.05,0.5,0.1,0.5,0.5
458,1784929616.9355423,45.9061874486506,1,1784929616.935016,0.00052642822265625,17,0.07616293430328369,1,-0.38173824548721313,1,-0.10960691422224045,1,0.8192001581192017,1,0.4535330832004547,1,0.44131675362586975,1,-0.7345165610313416,1,0.626808226108551,1,-0.8374354839324951,1,-1.036072015762329,1,-0.14727336168289185,1,-0.22958071529865265,1,-0.07735695689916611,1,-0.12098674476146698,1,-0.27946922183036804,1,0.09489112347364426,1,-0.07488501816987991,1,0,,,,,,,,,,,,,,,,,,,,,,,,,,,,,,,,,,,,,,,,,,,,,,,,,,,,,,,,,,,,,,,,,,,,,,,,,,,,,,,,,,,,,,,,,,,,,,,,,,,,,,,,,,,,,,,,,,,,,1,1784929616.9344554,0.0010869503021240234,world,base_footprint,1.0880913107230072,0.1522736770248891,1,0,1,1784929567.4354498,49.50009250640869,world,workspace,1,0,3,0.47418051624239393,-0.07498176989329002,0.0,0.0,0.0,0.18733963242682541,0.9822952011092093,1.5,1,3,1784929567.4354498,world,workspace,0.47418051624239393,-0.07498176989329002,0.0,0.0,0.18733963242682541,0.9822952011092093,1,1784929567.435601,49.49994134902954,workspace,1,321,,1,1784929616.9344556,0.0010867118835449219,world,pelvis,1.0714419987712958,0.13426244022353512,0.7734604808032775,-0.003974741281768778,-0.015127017814466176,0.8826125296355781,0.4698409276489967,capsules,0.05,0.5,0.1,0.5,0.5
459,1784929617.035679,46.00632835831493,1,1784929617.034539,0.0011401176452636719,17,0.09034671634435654,1,-0.3516465425491333,1,-0.1269112378358841,1,0.7310775518417358,1,0.4327847361564636,1,0.5918688178062439,1,-0.7999151349067688,1,0.5515152215957642,1,-0.6479598879814148,1,-0.8452497720718384,1,-0.2351880967617035,1,-0.17380189895629883,1,-0.08936893194913864,1,-0.08344916254281998,1,-0.09103212505578995,1,0.10642605274915695,1,0.003829041263088584,1,0,,,,,,,,,,,,,,,,,,,,,,,,,,,,,,,,,,,,,,,,,,,,,,,,,,,,,,,,,,,,,,,,,,,,,,,,,,,,,,,,,,,,,,,,,,,,,,,,,,,,,,,,,,,,,,,,,,,,,1,1784929617.033455,0.0022242069244384766,world,base_footprint,1.0496975938355522,0.16179122733124188,1,0,1,1784929567.4354498,49.600229263305664,world,workspace,1,0,3,0.47418051624239393,-0.07498176989329002,0.0,0.0,0.0,0.18733963242682541,0.9822952011092093,1.5,1,3,1784929567.4354498,world,workspace,0.47418051624239393,-0.07498176989329002,0.0,0.0,0.18733963242682541,0.9822952011092093,1,1784929567.435601,49.600078105926514,workspace,1,321,,1,1784929617.0344548,0.0012242794036865234,world,pelvis,1.0509826778640108,0.13215053825267686,0.7776986360507366,0.009632504945935282,-0.016481775524554154,0.8890102446130426,0.4574891811803675,capsules,0.05,0.5,0.1,0.5,0.5
460,1784929617.1356955,46.10634109005332,1,1784929617.1346657,0.0010297298431396484,17,0.10161151736974716,1,-0.19983334839344025,1,-0.122285395860672,1,0.49494901299476624,1,0.378207802772522,1,0.6769593358039856,1,-0.8439100980758667,1,0.35806459188461304,1,-0.5243496298789978,1,-0.689814567565918,1,-0.12613840401172638,1,-0.2916279435157776,1,0.03975445032119751,1,0.01764397695660591,1,-0.03142890706658363,1,0.056529510766267776,1,-0.0421145036816597,1,0,,,,,,,,,,,,,,,,,,,,,,,,,,,,,,,,,,,,,,,,,,,,,,,,,,,,,,,,,,,,,,,,,,,,,,,,,,,,,,,,,,,,,,,,,,,,,,,,,,,,,,,,,,,,,,,,,,,,,1,1784929617.1344693,0.001226186752319336,world,base_footprint,1.0275469238388393,0.15655550798287587,1,0,1,1784929567.4354498,49.70024561882019,world,workspace,1,0,3,0.47418051624239393,-0.07498176989329002,0.0,0.0,0.0,0.18733963242682541,0.9822952011092093,1.5,1,3,1784929567.4354498,world,workspace,0.47418051624239393,-0.07498176989329002,0.0,0.0,0.18733963242682541,0.9822952011092093,1,1784929567.435601,49.70009446144104,workspace,1,321,,1,1784929617.1344693,0.001226186752319336,world,pelvis,1.0247850786978114,0.10997246657767865,0.7803628089283635,0.011292621564972996,-0.027541010314362607,0.9007678729532075,0.43327959622443424,capsules,0.05,0.5,0.1,0.5,0.5
461,1784929617.235589,46.206232676282525,1,1784929617.2348218,0.0007672309875488281,17,0.12442994117736816,1,0.058285363018512726,1,-0.1484135091304779,1,0.3086830675601959,1,0.4468926787376404,1,0.7667924165725708,1,-0.8789752721786499,1,0.19691647589206696,1,-0.46446409821510315,1,-0.5015425682067871,1,0.002453391905874014,1,-0.2398138791322708,1,0.18497353792190552,1,-0.10123983770608902,1,-0.0012677788035944104,1,0.024387236684560776,1,-0.0770145058631897,1,0,,,,,,,,,,,,,,,,,,,,,,,,,,,,,,,,,,,,,,,,,,,,,,,,,,,,,,,,,,,,,,,,,,,,,,,,,,,,,,,,,,,,,,,,,,,,,,,,,,,,,,,,,,,,,,,,,,,,,1,1784929617.2334569,0.0021321773529052734,world,base_footprint,1.014499090076002,0.15243134862739488,1,0,1,1784929567.4354498,49.80013918876648,world,workspace,1,0,3,0.47418051624239393,-0.07498176989329002,0.0,0.0,0.0,0.18733963242682541,0.9822952011092093,1.5,1,3,1784929567.4354498,world,workspace,0.47418051624239393,-0.07498176989329002,0.0,0.0,0.18733963242682541,0.9822952011092093,1,1784929567.435601,49.79998803138733,workspace,1,321,,1,1784929617.233457,0.002131938934326172,world,pelvis,0.9810750525078863,0.07693571609917296,0.7738603670810189,0.0006009064847596908,-0.05271169824983125,0.9084541010799271,0.4146471536259197,capsules,0.05,0.5,0.1,0.5,0.5
462,1784929617.3355541,46.3061968581751,1,1784929617.3348064,0.0007476806640625,17,0.11063556373119354,1,0.13789795339107513,1,-0.1151803657412529,1,0.10436985641717911,1,0.6963489651679993,1,0.8531700968742371,1,-0.8032000064849854,1,0.14857162535190582,1,-0.28295376896858215,1,-0.24002006649971008,1,0.004920947831124067,1,-0.15563195943832397,1,0.051897455006837845,1,-0.06621956080198288,1,-0.11714743822813034,1,-0.018338318914175034,1,0.07408857345581055,1,0,,,,,,,,,,,,,,,,,,,,,,,,,,,,,,,,,,,,,,,,,,,,,,,,,,,,,,,,,,,,,,,,,,,,,,,,,,,,,,,,,,,,,,,,,,,,,,,,,,,,,,,,,,,,,,,,,,,,,1,1784929617.333458,0.0020961761474609375,world,base_footprint,0.929382971821832,0.10473696132528397,1,0,1,1784929567.4354498,49.9001042842865,world,workspace,1,0,3,0.47418051624239393,-0.07498176989329002,0.0,0.0,0.0,0.18733963242682541,0.9822952011092093,1.5,1,3,1784929567.4354498,world,workspace,0.47418051624239393,-0.07498176989329002,0.0,0.0,0.18733963242682541,0.9822952011092093,1,1784929567.435601,49.89995312690735,workspace,1,321,,1,1784929617.3344579,0.0010962486267089844,world,pelvis,0.9440541952926715,0.05145349646232196,0.7731372046807465,0.021757196249795833,-0.0277459864847998,0.9219140637725001,0.3857865260267756,capsules,0.05,0.5,0.1,0.5,0.5
463,1784929617.435668,46.406311680562794,1,1784929617.434646,0.0010221004486083984,17,0.07560979574918747,1,0.13468267023563385,1,-0.060363173484802246,1,-0.05372823402285576,1,0.9619291424751282,1,0.8483515381813049,1,-0.6411747336387634,1,0.193082794547081,1,-0.11856918781995773,1,0.04047396406531334,1,-0.1177988201379776,1,-0.1436600685119629,1,-0.019818725064396858,1,-0.09180020540952682,1,-0.3526258170604706,1,0.07666004449129105,1,0.06340265274047852,1,0,,,,,,,,,,,,,,,,,,,,,,,,,,,,,,,,,,,,,,,,,,,,,,,,,,,,,,,,,,,,,,,,,,,,,,,,,,,,,,,,,,,,,,,,,,,,,,,,,,,,,,,,,,,,,,,,,,,,,1,1784929617.4344568,0.0012111663818359375,world,base_footprint,0.9065358066497756,0.07253355622954749,1,0,1,1784929567.4354498,50.00021815299988,world,workspace,1,0,3,0.47418051624239393,-0.07498176989329002,0.0,0.0,0.0,0.18733963242682541,0.9822952011092093,1.5,1,3,1784929567.4354498,world,workspace,0.47418051624239393,-0.07498176989329002,0.0,0.0,0.18733963242682541,0.9822952011092093,1,1784929567.435601,50.00006699562073,workspace,1,321,,1,1784929617.4344568,0.0012111663818359375,world,pelvis,0.9369930409171772,0.05030328139199418,0.7747816087632408,0.023228161391384453,-0.006228285377731443,0.9325881841483228,0.3601401668330866,capsules,0.05,0.5,0.1,0.5,0.5
464,1784929617.5355718,46.50621652137488,1,1784929617.534323,0.0012488365173339844,17,-0.012147080153226852,1,0.15213024616241455,1,-0.021972423419356346,1,0.00123806472402066,1,1.1492321491241455,1,0.703621506690979,1,-0.4622328281402588,1,0.2966749966144562,1,-0.15404608845710754,1,0.14064422249794006,1,-0.26164886355400085,1,-0.15097463130950928,1,-0.06854785233736038,1,-0.16513320803642273,1,-0.2895423471927643,1,0.047091107815504074,1,0.16241374611854553,1,0,,,,,,,,,,,,,,,,,,,,,,,,,,,,,,,,,,,,,,,,,,,,,,,,,,,,,,,,,,,,,,,,,,,,,,,,,,,,,,,,,,,,,,,,,,,,,,,,,,,,,,,,,,,,,,,,,,,,,1,1784929617.5344553,0.0011165142059326172,world,base_footprint,0.8938747682145545,0.06397194899022945,1,0,1,1784929567.4354498,50.10012197494507,world,workspace,1,0,3,0.47418051624239393,-0.07498176989329002,0.0,0.0,0.0,0.18733963242682541,0.9822952011092093,1.5,1,3,1784929567.4354498,world,workspace,0.47418051624239393,-0.07498176989329002,0.0,0.0,0.18733963242682541,0.9822952011092093,1,1784929567.435601,50.09997081756592,workspace,1,321,,1,1784929617.5344553,0.0011165142059326172,world,pelvis,0.9296392267427773,0.059771544393595194,0.7733130199024899,0.022518602882213,0.004510441281341723,0.9506715048104702,0.30934811844437776,capsules,0.05,0.5,0.1,0.5,0.5
465,1784929617.6356444,46.606287591159344,1,1784929617.634679,0.0009653568267822266,17,-0.0689832791686058,1,0.2598126530647278,1,0.0394347608089447,1,0.1962520033121109,1,1.2861933708190918,1,0.471609890460968,1,-0.26678764820098877,1,0.36291664838790894,1,-0.34711146354675293,1,0.06229458004236221,1,-0.2885935604572296,1,-0.26414239406585693,1,-0.006455801893025637,1,-0.013178667984902859,1,-0.20587001740932465,1,0.016556212678551674,1,0.10914681106805801,1,0,,,,,,,,,,,,,,,,,,,,,,,,,,,,,,,,,,,,,,,,,,,,,,,,,,,,,,,,,,,,,,,,,,,,,,,,,,,,,,,,,,,,,,,,,,,,,,,,,,,,,,,,,,,,,,,,,,,,,1,1784929617.634463,0.0011813640594482422,world,base_footprint,0.895164802791554,0.07752889326384438,1,0,1,1784929567.4354498,50.20019459724426,world,workspace,1,0,3,0.47418051624239393,-0.07498176989329002,0.0,0.0,0.0,0.18733963242682541,0.9822952011092093,1.5,1,3,1784929567.4354498,world,workspace,0.47418051624239393,-0.07498176989329002,0.0,0.0,0.18733963242682541,0.9822952011092093,1,1784929567.435601,50.20004343986511,workspace,1,321,,1,1784929617.634463,0.0011813640594482422,world,pelvis,0.92086188442241,0.0600169392036935,0.7745348991336998,0.018859651741071227,-0.006130130249636638,0.9597765327171903,0.28006381823558757,capsules,0.05,0.5,0.1,0.5,0.5
466,1784929617.735617,46.70625970698893,1,1784929617.7350311,0.0005857944488525391,17,-0.11611318588256836,1,0.40140777826309204,1,0.06559924781322479,1,0.3358154892921448,1,1.4148576259613037,1,0.2539921700954437,1,-0.07670430094003677,1,0.4280812740325928,1,-0.5067837834358215,1,-0.0031431731767952442,1,-0.2640889883041382,1,-0.3906479775905609,1,0.0384843535721302,1,-0.0075018517673015594,1,-0.18073491752147675,1,-0.010786062106490135,1,0.06881624460220337,1,0,,,,,,,,,,,,,,,,,,,,,,,,,,,,,,,,,,,,,,,,,,,,,,,,,,,,,,,,,,,,,,,,,,,,,,,,,,,,,,,,,,,,,,,,,,,,,,,,,,,,,,,,,,,,,,,,,,,,,1,1784929617.7334619,0.0021550655364990234,world,base_footprint,0.9001995723856322,0.07141182388575522,1,0,1,1784929567.4354498,50.300167083740234,world,workspace,1,0,3,0.47418051624239393,-0.07498176989329002,0.0,0.0,0.0,0.18733963242682541,0.9822952011092093,1.5,1,3,1784929567.4354498,world,workspace,0.47418051624239393,-0.07498176989329002,0.0,0.0,0.18733963242682541,0.9822952011092093,1,1784929567.435601,50.300015926361084,workspace,1,321,,1,1784929617.7344608,0.0011560916900634766,world,pelvis,0.8999480688492791,0.04481032415240745,0.774583988527502,0.004137090568016528,-0.01637078217715265,0.9660240122158762,0.2579001547011576,capsules,0.05,0.5,0.1,0.5,0.5
467,1784929617.8356845,46.80633006710559,1,1784929617.8347607,0.0009238719940185547,17,-0.16151931881904602,1,0.512706995010376,1,0.05330825224518776,1,0.3390965759754181,1,1.3869539499282837,1,0.20876635611057281,1,0.11407846212387085,1,0.4635539650917053,1,-0.47776883840560913,1,0.01751108653843403,1,-0.2704370319843292,1,-0.3911690413951874,1,0.10381503403186798,1,-0.0367850698530674,1,-0.1309906244277954,1,-0.047700487077236176,1,0.007087813690304756,1,0,,,,,,,,,,,,,,,,,,,,,,,,,,,,,,,,,,,,,,,,,,,,,,,,,,,,,,,,,,,,,,,,,,,,,,,,,,,,,,,,,,,,,,,,,,,,,,,,,,,,,,,,,,,,,,,,,,,,,1,1784929617.8344548,0.0012297630310058594,world,base_footprint,0.9028471630555188,0.06449584791629907,1,0,1,1784929567.4354498,50.40023469924927,world,workspace,1,0,3,0.47418051624239393,-0.07498176989329002,0.0,0.0,0.0,0.18733963242682541,0.9822952011092093,1.5,1,3,1784929567.4354498,world,workspace,0.47418051624239393,-0.07498176989329002,0.0,0.0,0.18733963242682541,0.9822952011092093,1,1784929567.435601,50.40008354187012,workspace,1,321,,1,1784929617.834455,0.0012295246124267578,world,pelvis,0.8700863815977079,0.027747968654876935,0.7731334453864879,-0.015046466690151585,-0.027565450453817163,0.9735376846432461,0.22635840245258826,capsules,0.05,0.5,0.1,0.5,0.5
468,1784929617.93561,46.906258090399206,1,1784929617.93466,0.0009500980377197266,17,-0.17338606715202332,1,0.497601181268692,1,0.03408372029662132,1,0.41628962755203247,1,1.2728503942489624,1,0.21412348747253418,1,0.19040809571743011,1,0.4144609272480011,1,-0.32021602988243103,1,-0.004752700217068195,1,-0.3763279318809509,1,-0.27798792719841003,1,0.039688363671302795,1,0.034931547939777374,1,-0.048969708383083344,1,-0.14875082671642303,1,-0.011529384180903435,1,0,,,,,,,,,,,,,,,,,,,,,,,,,,,,,,,,,,,,,,,,,,,,,,,,,,,,,,,,,,,,,,,,,,,,,,,,,,,,,,,,,,,,,,,,,,,,,,,,,,,,,,,,,,,,,,,,,,,,,1,1784929617.9344559,0.001154184341430664,world,base_footprint,0.8561511777979701,0.01984707982234218,1,0,1,1784929567.4354498,50.500160217285156,world,workspace,1,0,3,0.47418051624239393,-0.07498176989329002,0.0,0.0,0.0,0.18733963242682541,0.9822952011092093,1.5,1,3,1784929567.4354498,world,workspace,0.47418051624239393,-0.07498176989329002,0.0,0.0,0.18733963242682541,0.9822952011092093,1,1784929567.435601,50.500009059906006,workspace,1,321,,1,1784929617.9344559,0.001154184341430664,world,pelvis,0.829358404768805,0.007097492361809191,0.7744526558217333,-0.015075972361484499,-0.01143447257676709,0.9789381089969285,0.20327849529097963,capsules,0.05,0.5,0.1,0.5,0.5
469,1784929618.035704,47.006349017843604,1,1784929618.0344555,0.0012483596801757812,17,-0.1330084502696991,1,0.4058046042919159,1,0.07743573933839798,1,0.5389026403427124,1,1.0974313020706177,1,0.197104349732399,1,0.2564835846424103,1,0.20567326247692108,1,-0.15258711576461792,1,-0.07665668427944183,1,-0.565731942653656,1,-0.20025090873241425,1,-0.02066970057785511,1,0.03685963526368141,1,-0.18563638627529144,1,-0.06452183425426483,1,0.06786185503005981,1,0,,,,,,,,,,,,,,,,,,,,,,,,,,,,,,,,,,,,,,,,,,,,,,,,,,,,,,,,,,,,,,,,,,,,,,,,,,,,,,,,,,,,,,,,,,,,,,,,,,,,,,,,,,,,,,,,,,,,,1,1784929618.0334554,0.002248525619506836,world,base_footprint,0.8207226242888752,-0.002743193932014137,1,0,1,1784929567.4354498,50.60025405883789,world,workspace,1,0,3,0.47418051624239393,-0.07498176989329002,0.0,0.0,0.0,0.18733963242682541,0.9822952011092093,1.5,1,3,1784929567.4354498,world,workspace,0.47418051624239393,-0.07498176989329002,0.0,0.0,0.18733963242682541,0.9822952011092093,1,1784929567.435601,50.60010290145874,workspace,1,321,,1,1784929618.034456,0.0012478828430175781,world,pelvis,0.8048852962415789,-0.001747397027846257,0.7783508189932898,-0.010025011777223232,-0.0013700311017637624,0.9802908404944909,0.19730050733906215,capsules,0.05,0.5,0.1,0.5,0.5
470,1784929618.1355634,47.106209616176784,1,1784929618.134302,0.0012614727020263672,17,-0.058961234986782074,1,0.22718298435211182,1,0.08859588950872421,1,0.6208934187889099,1,0.9242880940437317,1,0.06477808952331543,1,0.4691126346588135,1,-0.04378608241677284,1,-0.18638016283512115,1,-0.15682345628738403,1,-0.7240281105041504,1,-0.17223331332206726,1,-0.0363062284886837,1,0.03276556730270386,1,-0.23979312181472778,1,0.08529064804315567,1,0.03706708177924156,1,0,,,,,,,,,,,,,,,,,,,,,,,,,,,,,,,,,,,,,,,,,,,,,,,,,,,,,,,,,,,,,,,,,,,,,,,,,,,,,,,,,,,,,,,,,,,,,,,,,,,,,,,,,,,,,,,,,,,,,1,1784929618.1334586,0.0021047592163085938,world,base_footprint,0.8081438453391768,-0.007949229727324019,1,0,1,1784929567.4354498,50.70011353492737,world,workspace,1,0,3,0.47418051624239393,-0.07498176989329002,0.0,0.0,0.0,0.18733963242682541,0.9822952011092093,1.5,1,3,1784929567.4354498,world,workspace,0.47418051624239393,-0.07498176989329002,0.0,0.0,0.18733963242682541,0.9822952011092093,1,1784929567.435601,50.69996237754822,workspace,1,321,,1,1784929618.1334589,0.002104520797729492,world,pelvis,0.7901076228965526,0.015733076138785714,0.7770016105182922,-0.01420275657592149,0.012595789566421748,0.9809843930027665,0.19315602107062932,capsules,0.05,0.5,0.1,0.5,0.5
471,1784929618.2355878,47.206236485391855,1,1784929618.2342877,0.0013000965118408203,17,-0.008532529696822166,1,0.14735181629657745,1,0.1419707089662552,1,0.6520114541053772,1,0.6471695899963379,1,-0.15283386409282684,1,0.586652398109436,1,-0.23229160904884338,1,-0.37326234579086304,1,-0.11624214798212051,1,-0.7060338854789734,1,-0.3412800431251526,1,-0.02555142343044281,1,0.004290482960641384,1,-0.13367974758148193,1,0.08777173608541489,1,-0.02333182469010353,1,0,,,,,,,,,,,,,,,,,,,,,,,,,,,,,,,,,,,,,,,,,,,,,,,,,,,,,,,,,,,,,,,,,,,,,,,,,,,,,,,,,,,,,,,,,,,,,,,,,,,,,,,,,,,,,,,,,,,,,1,1784929618.2334578,0.0021300315856933594,world,base_footprint,0.7730818805623699,0.023109552843803775,1,0,1,1784929567.4354498,50.800137996673584,world,workspace,1,0,3,0.47418051624239393,-0.07498176989329002,0.0,0.0,0.0,0.18733963242682541,0.9822952011092093,1.5,1,3,1784929567.4354498,world,workspace,0.47418051624239393,-0.07498176989329002,0.0,0.0,0.18733963242682541,0.9822952011092093,1,1784929567.435601,50.799986839294434,workspace,1,321,,1,1784929618.233458,0.002129793167114258,world,pelvis,0.7691394921218129,0.021685148737601908,0.7775488071106095,-0.0023385343973792334,-0.0012940057140637202,0.9874309846319627,0.15802818544436004,capsules,0.05,0.5,0.1,0.5,0.5
472,1784929618.3356473,47.30629038345069,1,1784929618.3344622,0.0011851787567138672,17,0.09895815700292587,1,0.13312174379825592,1,0.10018010437488556,1,0.8174051642417908,1,0.45124855637550354,1,-0.27150899171829224,1,0.48445338010787964,1,-0.26446136832237244,1,-0.48138976097106934,1,0.06557461619377136,1,-0.577558696269989,1,-0.5269327163696289,1,-0.01756754145026207,1,0.016931992024183273,1,-0.03650252893567085,1,0.07607313990592957,1,-0.08931724727153778,1,0,,,,,,,,,,,,,,,,,,,,,,,,,,,,,,,,,,,,,,,,,,,,,,,,,,,,,,,,,,,,,,,,,,,,,,,,,,,,,,,,,,,,,,,,,,,,,,,,,,,,,,,,,,,,,,,,,,,,,1,1784929618.3344562,0.0011911392211914062,world,base_footprint,0.7382268445278056,0.04061405796036714,1,0,1,1784929567.4354498,50.90019750595093,world,workspace,1,0,3,0.47418051624239393,-0.07498176989329002,0.0,0.0,0.0,0.18733963242682541,0.9822952011092093,1.5,1,3,1784929567.4354498,world,workspace,0.47418051624239393,-0.07498176989329002,0.0,0.0,0.18733963242682541,0.9822952011092093,1,1784929567.435601,50.90004634857178,workspace,1,321,,1,1784929618.3344562,0.0011911392211914062,world,pelvis,0.7342999838009203,0.011273100605926886,0.7753945573306776,-0.00023842098780336565,-0.01887618388011653,0.9925819906293716,0.12010255915587639,capsules,0.05,0.5,0.1,0.5,0.5
473,1784929618.4356098,47.406256599351764,1,1784929618.4344742,0.0011355876922607422,17,0.26095712184906006,1,0.10044900327920914,1,0.02069803886115551,1,1.021385669708252,1,0.4754634201526642,1,-0.28969427943229675,1,0.31283292174339294,1,-0.19148997962474823,1,-0.5933203101158142,1,0.3081994950771332,1,-0.42385101318359375,1,-0.4250386655330658,1,0.024854103103280067,1,0.020849963650107384,1,0.08623401820659637,1,0.04907240346074104,1,-0.13638925552368164,1,0,,,,,,,,,,,,,,,,,,,,,,,,,,,,,,,,,,,,,,,,,,,,,,,,,,,,,,,,,,,,,,,,,,,,,,,,,,,,,,,,,,,,,,,,,,,,,,,,,,,,,,,,,,,,,,,,,,,,,1,1784929618.4344616,0.001148223876953125,world,base_footprint,0.6859078984089237,0.04015339242513177,1,0,1,1784929567.4354498,51.00015997886658,world,workspace,1,0,3,0.47418051624239393,-0.07498176989329002,0.0,0.0,0.0,0.18733963242682541,0.9822952011092093,1.5,1,3,1784929567.4354498,world,workspace,0.47418051624239393,-0.07498176989329002,0.0,0.0,0.18733963242682541,0.9822952011092093,1,1784929567.435601,51.00000882148743,workspace,1,321,,1,1784929618.4344618,0.0011479854583740234,world,pelvis,0.6859314088774798,-0.006466286412845468,0.7705357258036925,0.0028525408820300226,-0.029600304712297965,0.994996648705009,0.095380050520307,capsules,0.05,0.5,0.1,0.5,0.5
474,1784929618.5355957,47.5062399962917,1,1784929618.5351238,0.0004718303680419922,17,0.37665319442749023,1,0.03990520164370537,1,0.11048448085784912,1,1.0238337516784668,1,0.6566839218139648,1,-0.25888791680336,1,0.15839742124080658,1,-0.07787971943616867,1,-0.696912407875061,1,0.4309064745903015,1,-0.2410745918750763,1,-0.26837360858917236,1,-0.024033870548009872,1,0.013598925434052944,1,-0.05625442788004875,1,0.01830212213099003,1,-0.043254315853118896,1,0,,,,,,,,,,,,,,,,,,,,,,,,,,,,,,,,,,,,,,,,,,,,,,,,,,,,,,,,,,,,,,,,,,,,,,,,,,,,,,,,,,,,,,,,,,,,,,,,,,,,,,,,,,,,,,,,,,,,,1,1784929618.5344567,0.001138925552368164,world,base_footprint,0.6110329841876274,0.015419365121420718,1,0,1,1784929567.4354498,51.10014581680298,world,workspace,1,0,3,0.47418051624239393,-0.07498176989329002,0.0,0.0,0.0,0.18733963242682541,0.9822952011092093,1.5,1,3,1784929567.4354498,world,workspace,0.47418051624239393,-0.07498176989329002,0.0,0.0,0.18733963242682541,0.9822952011092093,1,1784929567.435601,51.09999465942383,workspace,1,321,,1,1784929618.5344567,0.001138925552368164,world,pelvis,0.6541941690086819,-0.02701574514814374,0.7703483070965528,0.029446953280124907,-0.02498893150004464,0.9965758022395345,0.07311019515520797,capsules,0.05,0.5,0.1,0.5,0.5
475,1784929618.6356394,47.60628288425505,1,1784929618.635292,0.00034737586975097656,17,0.39427027106285095,1,-0.06095142662525177,1,0.14314709603786469,1,0.957439661026001,1,0.8598410487174988,1,-0.1401991993188858,1,0.08004311472177505,1,0.14378179609775543,1,-0.7639889717102051,1,0.3767480254173279,1,-0.0513974130153656,1,-0.26952648162841797,1,-0.05716080591082573,1,-0.02725866064429283,1,-0.3097604215145111,1,0.07933858036994934,1,-0.0038789943791925907,1,0,,,,,,,,,,,,,,,,,,,,,,,,,,,,,,,,,,,,,,,,,,,,,,,,,,,,,,,,,,,,,,,,,,,,,,,,,,,,,,,,,,,,,,,,,,,,,,,,,,,,,,,,,,,,,,,,,,,,,1,1784929618.6344564,0.0011830329895019531,world,base_footprint,0.6214606056918279,0.008039578277076777,1,0,1,1784929567.4354498,51.2001895904541,world,workspace,1,0,3,0.47418051624239393,-0.07498176989329002,0.0,0.0,0.0,0.18733963242682541,0.9822952011092093,1.5,1,3,1784929567.4354498,world,workspace,0.47418051624239393,-0.07498176989329002,0.0,0.0,0.18733963242682541,0.9822952011092093,1,1784929567.435601,51.20003843307495,workspace,1,321,,1,1784929618.6344564,0.0011830329895019531,world,pelvis,0.6329920094276976,-0.03305083412374344,0.7756622665962807,0.0084290506886305,-0.02588315127056679,0.9987799411234939,0.04120246102047251,capsules,0.05,0.5,0.1,0.5,0.5
476,1784929618.7355793,47.706222229637206,1,1784929618.7348864,0.0006928443908691406,17,0.32647350430488586,1,-0.11509481072425842,1,0.12169796228408813,1,0.8317200541496277,1,0.8659811615943909,1,0.011715437285602093,1,0.0681745633482933,1,0.3737908899784088,1,-0.7585718035697937,1,0.15566876530647278,1,0.18416506052017212,1,-0.282454252243042,1,-0.08767782896757126,1,-0.06505352258682251,1,-0.3270902931690216,1,0.09847808629274368,1,-0.002471881452947855,1,0,,,,,,,,,,,,,,,,,,,,,,,,,,,,,,,,,,,,,,,,,,,,,,,,,,,,,,,,,,,,,,,,,,,,,,,,,,,,,,,,,,,,,,,,,,,,,,,,,,,,,,,,,,,,,,,,,,,,,1,1784929618.734455,0.0011241436004638672,world,base_footprint,0.6295854187243763,0.0017322158555021436,1,0,1,1784929567.4354498,51.300129413604736,world,workspace,1,0,3,0.47418051624239393,-0.07498176989329002,0.0,0.0,0.0,0.18733963242682541,0.9822952011092093,1.5,1,3,1784929567.4354498,world,workspace,0.47418051624239393,-0.07498176989329002,0.0,0.0,0.18733963242682541,0.9822952011092093,1,1784929567.435601,51.299978256225586,workspace,1,321,,1,1784929618.734455,0.0011241436004638672,world,pelvis,0.6073558210330633,-0.041905339033552744,0.7771817346611428,-0.013879994648904806,-0.027987446559145087,0.9994540534590985,0.010753771795178798,capsules,0.05,0.5,0.1,0.5,0.5
477,1784929618.8363786,47.80702611524612,1,1784929618.835387,0.0009915828704833984,17,0.25845611095428467,1,-0.13643719255924225,1,0.04733414575457573,1,0.6448040008544922,1,0.7268984913825989,1,0.12793134152889252,1,-0.007651618216186762,1,0.5318092107772827,1,-0.6817366480827332,1,-0.09444579482078552,1,0.3894858956336975,1,-0.2706376910209656,1,-0.11121140420436859,1,-0.048088204115629196,1,-0.15922486782073975,1,0.10751962661743164,1,0.007105893921107054,1,0,,,,,,,,,,,,,,,,,,,,,,,,,,,,,,,,,,,,,,,,,,,,,,,,,,,,,,,,,,,,,,,,,,,,,,,,,,,,,,,,,,,,,,,,,,,,,,,,,,,,,,,,,,,,,,,,,,,,,1,1784929618.8344545,0.0019240379333496094,world,base_footprint,0.6101855894524879,-0.019608300774244664,1,0,1,1784929567.4354498,51.40092873573303,world,workspace,1,0,3,0.47418051624239393,-0.07498176989329002,0.0,0.0,0.0,0.18733963242682541,0.9822952011092093,1.5,1,3,1784929567.4354498,world,workspace,0.47418051624239393,-0.07498176989329002,0.0,0.0,0.18733963242682541,0.9822952011092093,1,1784929567.435601,51.40077757835388,workspace,1,321,,1,1784929618.8354573,0.0009212493896484375,world,pelvis,0.5712736587793424,-0.052879871110426406,0.7767479861993656,-0.024869479516064764,-0.021170647398151842,0.999464125154973,-0.002185224370150067,capsules,0.05,0.5,0.1,0.5,0.5
478,1784929618.9356356,47.90627822000533,1,1784929618.9339943,0.0016412734985351562,17,0.177995502948761,1,-0.0858028382062912,1,-0.01923779398202896,1,0.4190036356449127,1,0.5261585116386414,1,0.14278320968151093,1,-0.20127080380916595,1,0.6897945404052734,1,-0.6502359509468079,1,-0.25069907307624817,1,0.4855470061302185,1,-0.30971768498420715,1,-0.010162896476686,1,0.034322235733270645,1,-0.11255091428756714,1,0.045757126063108444,1,-0.01718928851187229,1,0,,,,,,,,,,,,,,,,,,,,,,,,,,,,,,,,,,,,,,,,,,,,,,,,,,,,,,,,,,,,,,,,,,,,,,,,,,,,,,,,,,,,,,,,,,,,,,,,,,,,,,,,,,,,,,,,,,,,,1,1784929618.9334588,0.0021767616271972656,world,base_footprint,0.588127119572248,-0.051023132814870364,1,0,1,1784929567.4354498,51.50018572807312,world,workspace,1,0,3,0.47418051624239393,-0.07498176989329002,0.0,0.0,0.0,0.18733963242682541,0.9822952011092093,1.5,1,3,1784929567.4354498,world,workspace,0.47418051624239393,-0.07498176989329002,0.0,0.0,0.18733963242682541,0.9822952011092093,1,1784929567.435601,51.50003457069397,workspace,1,321,,1,1784929618.9344618,0.0011737346649169922,world,pelvis,0.5417429010459122,-0.08015098181927201,0.7778541030343208,-0.029993052792791484,-0.01792886846398558,0.9991484413323678,-0.021940023766394583,capsules,0.05,0.5,0.1,0.5,0.5
479,1784929619.0355818,48.00622311607003,1,1784929619.0347414,0.0008404254913330078,17,0.07615603506565094,1,-0.08796702325344086,1,0.03486490994691849,1,0.18669360876083374,1,0.4549608528614044,1,0.2171594202518463,1,-0.419312447309494,1,0.7596238255500793,1,-0.5362963080406189,1,-0.27142930030822754,1,0.46212852001190186,1,-0.18372102081775665,1,-0.04019361734390259,1,0.04422272741794586,1,-0.1452769935131073,1,0.039288610219955444,1,0.007758650463074446,1,0,,,,,,,,,,,,,,,,,,,,,,,,,,,,,,,,,,,,,,,,,,,,,,,,,,,,,,,,,,,,,,,,,,,,,,,,,,,,,,,,,,,,,,,,,,,,,,,,,,,,,,,,,,,,,,,,,,,,,1,1784929619.0344586,0.001123189926147461,world,base_footprint,0.5385638714195113,-0.09334413158345306,1,0,1,1784929567.4354498,51.60013198852539,world,workspace,1,0,3,0.47418051624239393,-0.07498176989329002,0.0,0.0,0.0,0.18733963242682541,0.9822952011092093,1.5,1,3,1784929567.4354498,world,workspace,0.47418051624239393,-0.07498176989329002,0.0,0.0,0.18733963242682541,0.9822952011092093,1,1784929567.435601,51.59998083114624,workspace,1,321,,1,1784929619.0344586,0.001123189926147461,world,pelvis,0.5234618274918823,-0.0985418757224006,0.7795621123688131,-0.009712490416026846,-0.0030622371903406623,0.9996088093911686,-0.026048386147306972,capsules,0.05,0.5,0.1,0.5,0.5
480,1784929619.135665,48.10631208028644,1,1784929619.1344519,0.00121307373046875,17,-0.05139649659395218,1,-0.12075206637382507,1,0.10277294367551804,1,-0.05471230670809746,1,0.44538185000419617,1,0.26650068163871765,1,-0.5776658058166504,1,0.8403148651123047,1,-0.3233970105648041,1,-0.3595304787158966,1,0.3370283842086792,1,-0.11868979781866074,1,-0.06807013601064682,1,0.0341080017387867,1,-0.1524076908826828,1,0.08215682953596115,1,0.011084905825555325,1,0,,,,,,,,,,,,,,,,,,,,,,,,,,,,,,,,,,,,,,,,,,,,,,,,,,,,,,,,,,,,,,,,,,,,,,,,,,,,,,,,,,,,,,,,,,,,,,,,,,,,,,,,,,,,,,,,,,,,,1,1784929619.1334584,0.002206563949584961,world,base_footprint,0.508152907188751,-0.11064779232575489,1,0,1,1784929567.4354498,51.700215101242065,world,workspace,1,0,3,0.47418051624239393,-0.07498176989329002,0.0,0.0,0.0,0.18733963242682541,0.9822952011092093,1.5,1,3,1784929567.4354498,world,workspace,0.47418051624239393,-0.07498176989329002,0.0,0.0,0.18733963242682541,0.9822952011092093,1,1784929567.435601,51.700063943862915,workspace,1,321,,1,1784929619.1334586,0.0022063255310058594,world,pelvis,0.5145509942130772,-0.09797939881423319,0.7798884023765098,0.004369323082147859,0.007924575948362713,0.9993033728484894,-0.03620606476096825,capsules,0.05,0.5,0.1,0.5,0.5
481,1784929619.2355905,48.20623262040317,1,1784929619.2348285,0.0007619857788085938,17,-0.1506686806678772,1,-0.0911773294210434,1,0.15881331264972687,1,-0.2595593333244324,1,0.38926345109939575,1,0.16363875567913055,1,-0.5812579989433289,1,0.9085649251937866,1,-0.17142200469970703,1,-0.4482831358909607,1,0.19066257774829865,1,-0.0968598946928978,1,-0.05789630115032196,1,0.016305042430758476,1,-0.11226020753383636,1,0.09211625903844833,1,0.02086399868130684,1,0,,,,,,,,,,,,,,,,,,,,,,,,,,,,,,,,,,,,,,,,,,,,,,,,,,,,,,,,,,,,,,,,,,,,,,,,,,,,,,,,,,,,,,,,,,,,,,,,,,,,,,,,,,,,,,,,,,,,,1,1784929619.2344565,0.0011339187622070312,world,base_footprint,0.49989067706557405,-0.10473905171570747,1,0,1,1784929567.4354498,51.800140619277954,world,workspace,1,0,3,0.47418051624239393,-0.07498176989329002,0.0,0.0,0.0,0.18733963242682541,0.9822952011092093,1.5,1,3,1784929567.4354498,world,workspace,0.47418051624239393,-0.07498176989329002,0.0,0.0,0.18733963242682541,0.9822952011092093,1,1784929567.435601,51.799989461898804,workspace,1,321,,1,1784929619.2344568,0.0011336803436279297,world,pelvis,0.5118565027368703,-0.09853640785035175,0.7832099568117771,0.007746275465727004,0.003721147303014528,0.9995009808232723,-0.030396342090374874,capsules,0.05,0.5,0.1,0.5,0.5
482,1784929619.3357437,48.30638821795583,1,1784929619.3353043,0.0004394054412841797,17,-0.2387629896402359,1,-0.030291171744465828,1,0.22743815183639526,1,-0.4370242655277252,1,0.4206005036830902,1,-0.036144234240055084,1,-0.4522179663181305,1,0.9587383270263672,1,-0.20190946757793427,1,-0.4195387363433838,1,0.027329713106155396,1,-0.11531758308410645,1,-0.057475388050079346,1,-0.019799508154392242,1,-0.12382081151008606,1,0.09622348099946976,1,0.02462591603398323,1,0,,,,,,,,,,,,,,,,,,,,,,,,,,,,,,,,,,,,,,,,,,,,,,,,,,,,,,,,,,,,,,,,,,,,,,,,,,,,,,,,,,,,,,,,,,,,,,,,,,,,,,,,,,,,,,,,,,,,,1,1784929619.3334548,0.002288818359375,world,base_footprint,0.5072365859696246,-0.10275478195947352,1,0,1,1784929567.4354498,51.900293827056885,world,workspace,1,0,3,0.47418051624239393,-0.07498176989329002,0.0,0.0,0.0,0.18733963242682541,0.9822952011092093,1.5,1,3,1784929567.4354498,world,workspace,0.47418051624239393,-0.07498176989329002,0.0,0.0,0.18733963242682541,0.9822952011092093,1,1784929567.435601,51.900142669677734,workspace,1,321,,1,1784929619.334455,0.0012886524200439453,world,pelvis,0.5185138762928776,-0.1018675823650036,0.7818520573887658,0.007200690282561457,0.0004160737871833216,0.9997578617422762,-0.020789295961382466,capsules,0.05,0.5,0.1,0.5,0.5
483,1784929619.435587,48.40622950159013,1,1784929619.434934,0.0006530284881591797,17,-0.30484434962272644,1,0.06123517081141472,1,0.2656839191913605,1,-0.6095309257507324,1,0.5743147134780884,1,-0.2767297029495239,1,-0.2683803141117096,1,0.9814728498458862,1,-0.3844532072544098,1,-0.30097106099128723,1,-0.11163971573114395,1,-0.14905144274234772,1,-0.060355767607688904,1,-0.006578338332474232,1,-0.1620253473520279,1,0.0863821804523468,1,0.02376934140920639,1,0,,,,,,,,,,,,,,,,,,,,,,,,,,,,,,,,,,,,,,,,,,,,,,,,,,,,,,,,,,,,,,,,,,,,,,,,,,,,,,,,,,,,,,,,,,,,,,,,,,,,,,,,,,,,,,,,,,,,,1,1784929619.4344552,0.0011317729949951172,world,base_footprint,0.5248504916988203,-0.10678059681781849,1,0,1,1784929567.4354498,52.00013709068298,world,workspace,1,0,3,0.47418051624239393,-0.07498176989329002,0.0,0.0,0.0,0.18733963242682541,0.9822952011092093,1.5,1,3,1784929567.4354498,world,workspace,0.47418051624239393,-0.07498176989329002,0.0,0.0,0.18733963242682541,0.9822952011092093,1,1784929567.435601,51.99998593330383,workspace,1,321,,1,1784929619.4344552,0.0011317729949951172,world,pelvis,0.5242666103763048,-0.10764859847391588,0.781088300949449,-0.0003813092878974145,-0.0005472463003751982,0.9998651192934139,-0.016410312156715637,capsules,0.05,0.5,0.1,0.5,0.5
484,1784929619.5356133,48.50626328215003,1,1784929619.5335207,0.002092599868774414,17,-0.3350594937801361,1,0.17840705811977386,1,0.2682122588157654,1,-0.7752894163131714,1,0.7367128133773804,1,-0.49746060371398926,1,-0.08820480108261108,1,0.9240698218345642,1,-0.5305145382881165,1,-0.2603641748428345,1,-0.21761147677898407,1,-0.1551373153924942,1,-0.06343743205070496,1,-0.008874981664121151,1,-0.16001908481121063,1,0.07332974672317505,1,0.009413188323378563,1,0,,,,,,,,,,,,,,,,,,,,,,,,,,,,,,,,,,,,,,,,,,,,,,,,,,,,,,,,,,,,,,,,,,,,,,,,,,,,,,,,,,,,,,,,,,,,,,,,,,,,,,,,,,,,,,,,,,,,,1,1784929619.5324562,0.0031571388244628906,world,base_footprint,0.5335205131096892,-0.10922483186955609,1,0,1,1784929567.4354498,52.10016345977783,world,workspace,1,0,3,0.47418051624239393,-0.07498176989329002,0.0,0.0,0.0,0.18733963242682541,0.9822952011092093,1.5,1,3,1784929567.4354498,world,workspace,0.47418051624239393,-0.07498176989329002,0.0,0.0,0.18733963242682541,0.9822952011092093,1,1784929567.435601,52.10001230239868,workspace,1,321,,1,1784929619.533457,0.0021562576293945312,world,pelvis,0.5233942968566238,-0.113513381411277,0.7826146910302901,-0.006509287356810428,-0.0026063548269047716,0.9997803656121784,-0.019749851366571054,capsules,0.05,0.5,0.1,0.5,0.5
485,1784929619.6356673,48.606311610899866,1,1784929619.6347804,0.0008869171142578125,17,-0.30880945920944214,1,0.2752866744995117,1,0.1952754706144333,1,-0.9204770922660828,1,0.8496302366256714,1,-0.6637078523635864,1,0.12174459546804428,1,0.7440865635871887,1,-0.4777531027793884,1,-0.2832258641719818,1,-0.29239219427108765,1,-0.17188356816768646,1,-0.06075252592563629,1,-0.010103448294103146,1,-0.17551317811012268,1,0.07346516102552414,1,0.0008397121564485133,1,0,,,,,,,,,,,,,,,,,,,,,,,,,,,,,,,,,,,,,,,,,,,,,,,,,,,,,,,,,,,,,,,,,,,,,,,,,,,,,,,,,,,,,,,,,,,,,,,,,,,,,,,,,,,,,,,,,,,,,1,1784929619.633461,0.0022063255310058594,world,base_footprint,0.5418516442640734,-0.10760509208631946,1,0,1,1784929567.4354498,52.200217485427856,world,workspace,1,0,3,0.47418051624239393,-0.07498176989329002,0.0,0.0,0.0,0.18733963242682541,0.9822952011092093,1.5,1,3,1784929567.4354498,world,workspace,0.47418051624239393,-0.07498176989329002,0.0,0.0,0.18733963242682541,0.9822952011092093,1,1784929567.435601,52.200066328048706,workspace,1,321,,1,1784929619.6344593,0.0012080669403076172,world,pelvis,0.5160555588521477,-0.109673425832208,0.7813294987787972,-0.016473072458808902,-0.0009830490527364785,0.999655709679241,-0.020399353029442617,capsules,0.05,0.5,0.1,0.5,0.5
486,1784929619.7355986,48.706241419538856,1,1784929619.7346523,0.0009462833404541016,17,-0.2681821882724762,1,0.3778461515903473,1,0.10693374276161194,1,-0.993817150592804,1,0.811444878578186,1,-0.7961893081665039,1,0.33388447761535645,1,0.4953644871711731,1,-0.3191329538822174,1,-0.37196624279022217,1,-0.3489571511745453,1,-0.1705174595117569,1,-0.0448044016957283,1,-0.018278878182172775,1,-0.17307117581367493,1,0.08085621148347855,1,-0.011051110923290253,1,0,,,,,,,,,,,,,,,,,,,,,,,,,,,,,,,,,,,,,,,,,,,,,,,,,,,,,,,,,,,,,,,,,,,,,,,,,,,,,,,,,,,,,,,,,,,,,,,,,,,,,,,,,,,,,,,,,,,,,1,1784929619.7344594,0.0011391639709472656,world,base_footprint,0.543889012447021,-0.09687358537384197,1,0,1,1784929567.4354498,52.300148725509644,world,workspace,1,0,3,0.47418051624239393,-0.07498176989329002,0.0,0.0,0.0,0.18733963242682541,0.9822952011092093,1.5,1,3,1784929567.4354498,world,workspace,0.47418051624239393,-0.07498176989329002,0.0,0.0,0.18733963242682541,0.9822952011092093,1,1784929567.435601,52.29999756813049,workspace,1,321,,1,1784929619.7344594,0.0011391639709472656,world,pelvis,0.5070708882642813,-0.10492656362163869,0.7829086273759422,-0.02359067942082359,-0.004609516897367668,0.9994610001776271,-0.02235936766490264,capsules,0.05,0.5,0.1,0.5,0.5
487,1784929619.8356268,48.80627220403403,1,1784929619.8343954,0.0012314319610595703,17,-0.2450258433818817,1,0.40530169010162354,1,0.05371196195483208,1,-0.9398152232170105,1,0.668736457824707,1,-0.8343488574028015,1,0.514304518699646,1,0.2989467680454254,1,-0.21877887845039368,1,-0.38015544414520264,1,-0.30075135827064514,1,-0.14411437511444092,1,-0.036041367799043655,1,-0.01631629839539528,1,-0.1591670662164688,1,0.08846431970596313,1,-0.011803613044321537,1,0,,,,,,,,,,,,,,,,,,,,,,,,,,,,,,,,,,,,,,,,,,,,,,,,,,,,,,,,,,,,,,,,,,,,,,,,,,,,,,,,,,,,,,,,,,,,,,,,,,,,,,,,,,,,,,,,,,,,,1,1784929619.8334577,0.0021691322326660156,world,base_footprint,0.5235696047806084,-0.09389381429124159,1,0,1,1784929567.4354498,52.400177001953125,world,workspace,1,0,3,0.47418051624239393,-0.07498176989329002,0.0,0.0,0.0,0.18733963242682541,0.9822952011092093,1.5,1,3,1784929567.4354498,world,workspace,0.47418051624239393,-0.07498176989329002,0.0,0.0,0.18733963242682541,0.9822952011092093,1,1784929567.435601,52.400025844573975,workspace,1,321,,1,1784929619.8334577,0.0021691322326660156,world,pelvis,0.5021448833286597,-0.09270032865163029,0.7812968088024176,-0.013644642496574867,0.0010193414930629518,0.9997274391941678,-0.01891644777257752,capsules,0.05,0.5,0.1,0.5,0.5
488,1784929619.9358027,48.90645116660744,1,1784929619.9353728,0.0004298686981201172,17,-0.26289570331573486,1,0.4003787934780121,1,0.02168126031756401,1,-0.7451215386390686,1,0.5043676495552063,1,-0.7566747665405273,1,0.6397144794464111,1,0.22274485230445862,1,-0.24395085871219635,1,-0.26538100838661194,1,-0.13164427876472473,1,-0.13199323415756226,1,-0.009287791326642036,1,-0.006528148427605629,1,-0.13371700048446655,1,0.10758212208747864,1,-0.030052609741687775,1,0,,,,,,,,,,,,,,,,,,,,,,,,,,,,,,,,,,,,,,,,,,,,,,,,,,,,,,,,,,,,,,,,,,,,,,,,,,,,,,,,,,,,,,,,,,,,,,,,,,,,,,,,,,,,,,,,,,,,,1,1784929619.933458,0.0023446083068847656,world,base_footprint,0.5143025142860889,-0.07858323862536222,1,0,1,1784929567.4354498,52.50035285949707,world,workspace,1,0,3,0.47418051624239393,-0.07498176989329002,0.0,0.0,0.0,0.18733963242682541,0.9822952011092093,1.5,1,3,1784929567.4354498,world,workspace,0.47418051624239393,-0.07498176989329002,0.0,0.0,0.18733963242682541,0.9822952011092093,1,1784929567.435601,52.50020170211792,workspace,1,321,,1,1784929619.933458,0.0023446083068847656,world,pelvis,0.49845476616730566,-0.07548927919941556,0.7812126376609342,-0.010063958266581238,0.002172076891766239,0.9997517521284822,-0.019759376053272153,capsules,0.05,0.5,0.1,0.5,0.5
489,1784929620.0356054,49.006248857825994,1,1784929620.0353358,0.0002696514129638672,17,-0.1922304481267929,1,0.28309065103530884,1,0.08012774586677551,1,-0.5372484922409058,1,0.43019187450408936,1,-0.6012731790542603,1,0.6611867547035217,1,0.17589163780212402,1,-0.28486812114715576,1,-0.07688786089420319,1,-0.012157073244452477,1,-0.10234364867210388,1,-0.005348121747374535,1,0.04037008807063103,1,-0.29758620262145996,1,0.10030883550643921,1,0.03870142623782158,1,0,,,,,,,,,,,,,,,,,,,,,,,,,,,,,,,,,,,,,,,,,,,,,,,,,,,,,,,,,,,,,,,,,,,,,,,,,,,,,,,,,,,,,,,,,,,,,,,,,,,,,,,,,,,,,,,,,,,,,1,1784929620.0344577,0.0011477470397949219,world,base_footprint,0.5088985716299466,-0.087342139039647,1,0,1,1784929567.4354498,52.60015559196472,world,workspace,1,0,3,0.47418051624239393,-0.07498176989329002,0.0,0.0,0.0,0.18733963242682541,0.9822952011092093,1.5,1,3,1784929567.4354498,world,workspace,0.47418051624239393,-0.07498176989329002,0.0,0.0,0.18733963242682541,0.9822952011092093,1,1784929567.435601,52.60000443458557,workspace,1,321,,1,1784929620.034458,0.0011475086212158203,world,pelvis,0.510573176078324,-0.05024468752883181,0.7770917136673068,0.0007656247656320285,0.023671345907524705,0.9996378944475147,0.012773456313149596,capsules,0.05,0.5,0.1,0.5,0.5
490,1784929620.1362338,49.106878659687936,1,1784929620.134376,0.001857757568359375,17,-0.1506703794002533,1,0.10348814725875854,1,0.1802675724029541,1,-0.3312259018421173,1,0.41056522727012634,1,-0.40891826152801514,1,0.6773002743721008,1,0.18255436420440674,1,-0.2990216612815857,1,0.07507769018411636,1,-0.07135730981826782,1,-0.09019338339567184,1,0.007419568952172995,1,0.01857217587530613,1,-0.2688923478126526,1,-0.18792928755283356,1,0.2192050963640213,1,0,,,,,,,,,,,,,,,,,,,,,,,,,,,,,,,,,,,,,,,,,,,,,,,,,,,,,,,,,,,,,,,,,,,,,,,,,,,,,,,,,,,,,,,,,,,,,,,,,,,,,,,,,,,,,,,,,,,,,1,1784929620.1334565,0.0027773380279541016,world,base_footprint,0.4800965047286145,-0.08051891618403784,1,0,1,1784929567.4354498,52.7007839679718,world,workspace,1,0,3,0.47418051624239393,-0.07498176989329002,0.0,0.0,0.0,0.18733963242682541,0.9822952011092093,1.5,1,3,1784929567.4354498,world,workspace,0.47418051624239393,-0.07498176989329002,0.0,0.0,0.18733963242682541,0.9822952011092093,1,1784929567.435601,52.70063281059265,workspace,1,321,,1,1784929620.1344578,0.001775979995727539,world,pelvis,0.5234909528473002,-0.006436177032210583,0.7664321672978065,0.027810091314887108,0.04724659894467437,0.9984937910918349,-0.002122936709829451,capsules,0.05,0.5,0.1,0.5,0.5
491,1784929620.2355578,49.20620002411306,1,1784929620.2346296,0.0009281635284423828,17,-0.08863925188779831,1,0.09753205627202988,1,0.2949976325035095,1,-0.08872264623641968,1,0.33150461316108704,1,-0.2191552072763443,1,0.6222493052482605,1,0.06405740231275558,1,-0.37322258949279785,1,0.08318538963794708,1,-0.1582108587026596,1,-0.10761203616857529,1,0.07826309651136398,1,-0.021933838725090027,1,-0.17459017038345337,1,-0.11441266536712646,1,0.12277428805828094,1,0,,,,,,,,,,,,,,,,,,,,,,,,,,,,,,,,,,,,,,,,,,,,,,,,,,,,,,,,,,,,,,,,,,,,,,,,,,,,,,,,,,,,,,,,,,,,,,,,,,,,,,,,,,,,,,,,,,,,,1,1784929620.2344556,0.0011022090911865234,world,base_footprint,0.4555896256598336,-0.003964239840466753,1,0,1,1784929567.4354498,52.80010795593262,world,workspace,1,0,3,0.47418051624239393,-0.07498176989329002,0.0,0.0,0.0,0.18733963242682541,0.9822952011092093,1.5,1,3,1784929567.4354498,world,workspace,0.47418051624239393,-0.07498176989329002,0.0,0.0,0.18733963242682541,0.9822952011092093,1,1784929567.435601,52.79995679855347,workspace,1,321,,1,1784929620.2344556,0.0011022090911865234,world,pelvis,0.533171568049092,0.023479620936340845,0.7733985279315528,0.04981885420355436,0.016694921286634048,0.9984802752639848,-0.016628327571807575,capsules,0.05,0.5,0.1,0.5,0.5
492,1784929620.3366857,49.307328725233674,1,1784929620.3346856,0.002000093460083008,17,-0.026296474039554596,1,0.054007306694984436,1,0.2952369153499603,1,0.14622023701667786,1,0.26796871423721313,1,-0.05186578258872032,1,0.5071565508842468,1,-0.1851152926683426,1,-0.4693923592567444,1,0.05777670443058014,1,-0.19630232453346252,1,-0.08813157677650452,1,0.04350091889500618,1,-0.02198859117925167,1,-0.16646766662597656,1,-0.10864398628473282,1,0.11651594191789627,1,0,,,,,,,,,,,,,,,,,,,,,,,,,,,,,,,,,,,,,,,,,,,,,,,,,,,,,,,,,,,,,,,,,,,,,,,,,,,,,,,,,,,,,,,,,,,,,,,,,,,,,,,,,,,,,,,,,,,,,1,1784929620.3344574,0.002228260040283203,world,base_footprint,0.47562908513586755,0.0031341380763899238,1,0,1,1784929567.4354498,52.901235818862915,world,workspace,1,0,3,0.47418051624239393,-0.07498176989329002,0.0,0.0,0.0,0.18733963242682541,0.9822952011092093,1.5,1,3,1784929567.4354498,world,workspace,0.47418051624239393,-0.07498176989329002,0.0,0.0,0.18733963242682541,0.9822952011092093,1,1784929567.435601,52.901084661483765,workspace,1,321,,1,1784929620.3354585,0.0012271404266357422,world,pelvis,0.5363024608448329,0.029336904764518768,0.7787716087388921,0.03903886648597636,0.015961069227586094,0.9989191120866394,-0.01954018118243454,capsules,0.05,0.5,0.1,0.5,0.5
493,1784929620.435597,49.406241899356246,1,1784929620.4345608,0.0010361671447753906,17,0.062037765979766846,1,-0.0387643463909626,1,0.3052973747253418,1,0.2631094753742218,1,0.28407764434814453,1,0.168487548828125,1,0.3575212359428406,1,-0.46578535437583923,1,-0.6275618672370911,1,0.15590085089206696,1,-0.198611319065094,1,-0.1065988838672638,1,0.07941409945487976,1,-0.02174570970237255,1,-0.19540593028068542,1,-0.07386191189289093,1,0.11565752327442169,1,0,,,,,,,,,,,,,,,,,,,,,,,,,,,,,,,,,,,,,,,,,,,,,,,,,,,,,,,,,,,,,,,,,,,,,,,,,,,,,,,,,,,,,,,,,,,,,,,,,,,,,,,,,,,,,,,,,,,,,1,1784929620.4334576,0.0021393299102783203,world,base_footprint,0.49020804699797793,0.024648829165833306,1,0,1,1784929567.4354498,53.000147104263306,world,workspace,1,0,3,0.47418051624239393,-0.07498176989329002,0.0,0.0,0.0,0.18733963242682541,0.9822952011092093,1.5,1,3,1784929567.4354498,world,workspace,0.47418051624239393,-0.07498176989329002,0.0,0.0,0.18733963242682541,0.9822952011092093,1,1784929567.435601,52.999995946884155,workspace,1,321,,1,1784929620.4334579,0.0021390914916992188,world,pelvis,0.5392842009249307,0.04177469669466397,0.7780946108856438,0.03145505445761442,0.010493583044548773,0.9993555067452684,-0.01374901457790803,capsules,0.05,0.5,0.1,0.5,0.5
494,1784929620.5357282,49.506395063363016,1,1784929620.5342078,0.001520395278930664,17,0.12543776631355286,1,-0.15463998913764954,1,0.275326132774353,1,0.34344127774238586,1,0.2959260046482086,1,0.3791674077510834,1,0.187730610370636,1,-0.6467421054840088,1,-0.8324815034866333,1,0.3291899859905243,1,-0.22019709646701813,1,-0.1349385678768158,1,0.10400530695915222,1,-0.047431524842977524,1,-0.20597758889198303,1,-0.047463275492191315,1,0.09301307797431946,1,0,,,,,,,,,,,,,,,,,,,,,,,,,,,,,,,,,,,,,,,,,,,,,,,,,,,,,,,,,,,,,,,,,,,,,,,,,,,,,,,,,,,,,,,,,,,,,,,,,,,,,,,,,,,,,,,,,,,,,1,1784929620.533455,0.0022733211517333984,world,base_footprint,0.5054200735331857,0.047057331294942314,1,0,1,1784929567.4354498,53.10027837753296,world,workspace,1,0,3,0.47418051624239393,-0.07498176989329002,0.0,0.0,0.0,0.18733963242682541,0.9822952011092093,1.5,1,3,1784929567.4354498,world,workspace,0.47418051624239393,-0.07498176989329002,0.0,0.0,0.18733963242682541,0.9822952011092093,1,1784929567.435601,53.10012722015381,workspace,1,321,,1,1784929620.5344553,0.0012729167938232422,world,pelvis,0.5323665097896982,0.05394076039880824,0.7792832845863307,0.017207514589812116,0.0038758981579624773,0.9996486560184688,-0.019784927990259014,capsules,0.05,0.5,0.1,0.5,0.5
495,1784929620.635691,49.606336382217705,1,1784929620.6349292,0.0007617473602294922,17,0.18170875310897827,1,-0.26752519607543945,1,0.22413858771324158,1,0.47239187359809875,1,0.25121745467185974,1,0.5758781433105469,1,-0.009882206097245216,1,-0.684143602848053,1,-0.9882851839065552,1,0.39069631695747375,1,-0.1738852709531784,1,-0.14114974439144135,1,0.12309158593416214,1,-0.0539553239941597,1,-0.20516057312488556,1,-0.03247169032692909,1,0.08338645100593567,1,0,,,,,,,,,,,,,,,,,,,,,,,,,,,,,,,,,,,,,,,,,,,,,,,,,,,,,,,,,,,,,,,,,,,,,,,,,,,,,,,,,,,,,,,,,,,,,,,,,,,,,,,,,,,,,,,,,,,,,1,1784929620.634458,0.0012328624725341797,world,base_footprint,0.5115190972312499,0.05928017384533248,1,0,1,1784929567.4354498,53.20024108886719,world,workspace,1,0,3,0.47418051624239393,-0.07498176989329002,0.0,0.0,0.0,0.18733963242682541,0.9822952011092093,1.5,1,3,1784929567.4354498,world,workspace,0.47418051624239393,-0.07498176989329002,0.0,0.0,0.18733963242682541,0.9822952011092093,1,1784929567.435601,53.20008993148804,workspace,1,321,,1,1784929620.6344583,0.0012326240539550781,world,pelvis,0.51863729547091,0.05443985751034687,0.7798589979291203,0.004472999245757211,-0.0031804742172563995,0.9997660240867992,-0.02092304813297049,capsules,0.05,0.5,0.1,0.5,0.5
496,1784929620.7355957,49.70623914990574,1,1784929620.7353187,0.0002770423889160156,17,0.22551852464675903,1,-0.3673367500305176,1,0.19347979128360748,1,0.588819682598114,1,0.1750515103340149,1,0.7768891453742981,1,-0.17801602184772491,1,-0.6398707032203674,1,-0.9647675156593323,1,0.2574148178100586,1,0.01373077929019928,1,-0.13115841150283813,1,0.12683317065238953,1,-0.050822120159864426,1,-0.1945968121290207,1,-0.03180507570505142,1,0.07997620105743408,1,0,,,,,,,,,,,,,,,,,,,,,,,,,,,,,,,,,,,,,,,,,,,,,,,,,,,,,,,,,,,,,,,,,,,,,,,,,,,,,,,,,,,,,,,,,,,,,,,,,,,,,,,,,,,,,,,,,,,,,1,1784929620.7344556,0.0011401176452636719,world,base_footprint,0.5037069018468222,0.05978025687511961,1,0,1,1784929567.4354498,53.300145864486694,world,workspace,1,0,3,0.47418051624239393,-0.07498176989329002,0.0,0.0,0.0,0.18733963242682541,0.9822952011092093,1.5,1,3,1784929567.4354498,world,workspace,0.47418051624239393,-0.07498176989329002,0.0,0.0,0.18733963242682541,0.9822952011092093,1,1784929567.435601,53.299994707107544,workspace,1,321,,1,1784929620.7344556,0.0011401176452636719,world,pelvis,0.5075712489402882,0.049898486528310526,0.7796622627814407,0.002330435953749688,-0.006351256472786024,0.9997544903667586,-0.02109951660548935,capsules,0.05,0.5,0.1,0.5,0.5
497,1784929620.8356013,49.80624888651073,1,1784929620.83462,0.0009813308715820312,17,0.2855837047100067,1,-0.41845959424972534,1,0.1426176130771637,1,0.6101428866386414,1,0.1259019672870636,1,0.9369288086891174,1,-0.349627286195755,1,-0.5835348963737488,1,-0.8241455554962158,1,0.06366555392742157,1,0.14631997048854828,1,-0.1270202100276947,1,0.1288568675518036,1,-0.04842623323202133,1,-0.1849241405725479,1,-0.03090040571987629,1,0.07386547327041626,1,0,,,,,,,,,,,,,,,,,,,,,,,,,,,,,,,,,,,,,,,,,,,,,,,,,,,,,,,,,,,,,,,,,,,,,,,,,,,,,,,,,,,,,,,,,,,,,,,,,,,,,,,,,,,,,,,,,,,,,1,1784929620.8344548,0.001146554946899414,world,base_footprint,0.49740179458301675,0.06006473935696004,1,0,1,1784929567.4354498,53.40015149116516,world,workspace,1,0,3,0.47418051624239393,-0.07498176989329002,0.0,0.0,0.0,0.18733963242682541,0.9822952011092093,1.5,1,3,1784929567.4354498,world,workspace,0.47418051624239393,-0.07498176989329002,0.0,0.0,0.18733963242682541,0.9822952011092093,1,1784929567.435601,53.40000033378601,workspace,1,321,,1,1784929620.834455,0.0011463165283203125,world,pelvis,0.49846936910145806,0.04408106873111195,0.7797665513571315,0.00046027959245879054,-0.010203905080999547,0.9997142523283908,-0.021612083547896538,capsules,0.05,0.5,0.1,0.5,0.5
498,1784929620.9355884,49.90623104199767,1,1784929620.9351978,0.0003905296325683594,17,0.3467351496219635,1,-0.4203973412513733,1,0.08801334351301193,1,0.6081871390342712,1,0.10224131494760513,1,1.0184252262115479,1,-0.5583561062812805,1,-0.480543315410614,1,-0.7807894945144653,1,0.045669008046388626,1,0.16357694566249847,1,-0.09956037253141403,1,0.1261613965034485,1,-0.03700864315032959,1,-0.16060559451580048,1,-0.03617919981479645,1,0.06961244344711304,1,0,,,,,,,,,,,,,,,,,,,,,,,,,,,,,,,,,,,,,,,,,,,,,,,,,,,,,,,,,,,,,,,,,,,,,,,,,,,,,,,,,,,,,,,,,,,,,,,,,,,,,,,,,,,,,,,,,,,,,1,1784929620.9344602,0.0011281967163085938,world,base_footprint,0.4801539114861391,0.055198963457153846,1,0,1,1784929567.4354498,53.50013852119446,world,workspace,1,0,3,0.47418051624239393,-0.07498176989329002,0.0,0.0,0.0,0.18733963242682541,0.9822952011092093,1.5,1,3,1784929567.4354498,world,workspace,0.47418051624239393,-0.07498176989329002,0.0,0.0,0.18733963242682541,0.9822952011092093,1,1784929567.435601,53.49998736381531,workspace,1,321,,1,1784929620.9344602,0.0011281967163085938,world,pelvis,0.4917744974069438,0.038570099461541496,0.7799629676326002,0.007202073334439429,-0.010745473230966598,0.9997270131717773,-0.019456723243271943,capsules,0.05,0.5,0.1,0.5,0.5
499,1784929621.0355546,50.006197216920555,1,1784929621.0352588,0.00029587745666503906,17,0.34640026092529297,1,-0.3862112760543823,1,0.00803407747298479,1,0.578528881072998,1,0.09527532756328583,1,1.1550451517105103,1,-0.7399665117263794,1,-0.3132339417934418,1,-0.7631816267967224,1,0.012553710490465164,1,0.16328756511211395,1,-0.08898696303367615,1,0.12025514245033264,1,-0.027864178642630577,1,-0.1554027497768402,1,-0.04518663510680199,1,0.055105213075876236,1,0,,,,,,,,,,,,,,,,,,,,,,,,,,,,,,,,,,,,,,,,,,,,,,,,,,,,,,,,,,,,,,,,,,,,,,,,,,,,,,,,,,,,,,,,,,,,,,,,,,,,,,,,,,,,,,,,,,,,,1,1784929621.0344577,0.001096963882446289,world,base_footprint,0.4725484319064136,0.0494555212219347,1,0,1,1784929567.4354498,53.60010480880737,world,workspace,1,0,3,0.47418051624239393,-0.07498176989329002,0.0,0.0,0.0,0.18733963242682541,0.9822952011092093,1.5,1,3,1784929567.4354498,world,workspace,0.47418051624239393,-0.07498176989329002,0.0,0.0,0.18733963242682541,0.9822952011092093,1,1784929567.435601,53.59995365142822,workspace,1,321,,1,1784929621.034458,0.0010967254638671875,world,pelvis,0.4896180495272703,0.035070977435740294,0.7794795337603533,0.010720991069926276,-0.00936301421047439,0.9997430189899825,-0.017643420761542402,capsules,0.05,0.5,0.1,0.5,0.5
500,1784929621.13557,50.10621242504567,1,1784929621.1352053,0.0003647804260253906,17,0.2844761908054352,1,-0.29646947979927063,1,-0.039926957339048386,1,0.5355213284492493,1,0.21169225871562958,1,1.2694092988967896,1,-0.8122539520263672,1,-0.10746099799871445,1,-0.6578566431999207,1,-0.1779211312532425,1,0.16401034593582153,1,-0.07635050266981125,1,0.1086091697216034,1,-0.034695640206336975,1,-0.13445882499217987,1,-0.055955007672309875,1,0.05383995175361633,1,0,,,,,,,,,,,,,,,,,,,,,,,,,,,,,,,,,,,,,,,,,,,,,,,,,,,,,,,,,,,,,,,,,,,,,,,,,,,,,,,,,,,,,,,,,,,,,,,,,,,,,,,,,,,,,,,,,,,,,1,1784929621.1334572,0.002112865447998047,world,base_footprint,0.4588941832195494,0.04320848090513309,1,0,1,1784929567.4354498,53.70012021064758,world,workspace,1,0,3,0.47418051624239393,-0.07498176989329002,0.0,0.0,0.0,0.18733963242682541,0.9822952011092093,1.5,1,3,1784929567.4354498,world,workspace,0.47418051624239393,-0.07498176989329002,0.0,0.0,0.18733963242682541,0.9822952011092093,1,1784929567.435601,53.69996905326843,workspace,1,321,,1,1784929621.1344566,0.0011134147644042969,world,pelvis,0.4922975821211973,0.03286876340834652,0.77880283291345,0.021145184067403427,-0.007083906187541561,0.9994851802027622,-0.023066729697417875,capsules,0.05,0.5,0.1,0.5,0.5
501,1784929621.2356012,50.206246136687696,1,1784929621.2348974,0.0007038116455078125,17,0.18108317255973816,1,-0.15266810357570648,1,-0.059743933379650116,1,0.5372979640960693,1,0.4218248724937439,1,1.2719234228134155,1,-0.7395208477973938,1,0.12024636566638947,1,-0.544358491897583,1,-0.3426836431026459,1,0.16413576900959015,1,-0.06169489771127701,1,0.09250212460756302,1,-0.042042315006256104,1,-0.10595821589231491,1,-0.060926347970962524,1,0.07320356369018555,1,0,,,,,,,,,,,,,,,,,,,,,,,,,,,,,,,,,,,,,,,,,,,,,,,,,,,,,,,,,,,,,,,,,,,,,,,,,,,,,,,,,,,,,,,,,,,,,,,,,,,,,,,,,,,,,,,,,,,,,1,1784929621.2334583,0.0021429061889648438,world,base_footprint,0.44757323463167087,0.03472720610286781,1,0,1,1784929567.4354498,53.800151348114014,world,workspace,1,0,3,0.47418051624239393,-0.07498176989329002,0.0,0.0,0.0,0.18733963242682541,0.9822952011092093,1.5,1,3,1784929567.4354498,world,workspace,0.47418051624239393,-0.07498176989329002,0.0,0.0,0.18733963242682541,0.9822952011092093,1,1784929567.435601,53.80000019073486,workspace,1,321,,1,1784929621.2334583,0.0021429061889648438,world,pelvis,0.4955333880671632,0.028010223342659256,0.7791572453914691,0.030460215631396042,-0.005147797401358041,0.9991233323961205,-0.028253178710982624,capsules,0.05,0.5,0.1,0.5,0.5
502,1784929621.3355875,50.30622998531908,1,1784929621.334926,0.0006616115570068359,17,0.042174097150564194,1,0.003834044560790062,1,-0.04175420477986336,1,0.5559040904045105,1,0.6624068021774292,1,1.268951654434204,1,-0.5434347987174988,1,0.3868758976459503,1,-0.43012669682502747,1,-0.3844832181930542,1,0.1402805894613266,1,-0.07302933186292648,1,0.07137909531593323,1,-0.0651906430721283,1,-0.11023972928524017,1,-0.053460028022527695,1,0.10624290257692337,1,0,,,,,,,,,,,,,,,,,,,,,,,,,,,,,,,,,,,,,,,,,,,,,,,,,,,,,,,,,,,,,,,,,,,,,,,,,,,,,,,,,,,,,,,,,,,,,,,,,,,,,,,,,,,,,,,,,,,,,1,1784929621.333455,0.002132415771484375,world,base_footprint,0.44836834792192926,0.025991851817722896,1,0,1,1784929567.4354498,53.90013766288757,world,workspace,1,0,3,0.47418051624239393,-0.07498176989329002,0.0,0.0,0.0,0.18733963242682541,0.9822952011092093,1.5,1,3,1784929567.4354498,world,workspace,0.47418051624239393,-0.07498176989329002,0.0,0.0,0.18733963242682541,0.9822952011092093,1,1784929567.435601,53.89998650550842,workspace,1,321,,1,1784929621.3334553,0.0021321773529052734,world,pelvis,0.49616371833053075,0.02469407564209869,0.7786949285157787,0.030422391272365932,-0.002164721618923864,0.9985722365375478,-0.043855222106192235,capsules,0.05,0.5,0.1,0.5,0.5
503,1784929621.4356709,50.406313167884946,1,1784929621.4344816,0.0011892318725585938,17,-0.06978903710842133,1,0.11970990151166916,1,0.01023494265973568,1,0.5548762679100037,1,0.8910090327262878,1,1.2746139764785767,1,-0.35375288128852844,1,0.6545500755310059,1,-0.23810960352420807,1,-0.33947980403900146,1,0.06513337790966034,1,-0.08374705165624619,1,0.07681463658809662,1,-0.07844644784927368,1,-0.11406362801790237,1,-0.05751616880297661,1,0.07699701935052872,1,0,,,,,,,,,,,,,,,,,,,,,,,,,,,,,,,,,,,,,,,,,,,,,,,,,,,,,,,,,,,,,,,,,,,,,,,,,,,,,,,,,,,,,,,,,,,,,,,,,,,,,,,,,,,,,,,,,,,,,1,1784929621.433456,0.0022149085998535156,world,base_footprint,0.4461850165528889,0.027748249109051243,1,0,1,1784929567.4354498,54.00022101402283,world,workspace,1,0,3,0.47418051624239393,-0.07498176989329002,0.0,0.0,0.0,0.18733963242682541,0.9822952011092093,1.5,1,3,1784929567.4354498,world,workspace,0.47418051624239393,-0.07498176989329002,0.0,0.0,0.18733963242682541,0.9822952011092093,1,1784929567.435601,54.00006985664368,workspace,1,321,,1,1784929621.4334562,0.002214670181274414,world,pelvis,0.4906164102310573,0.036443612527190666,0.7769579466808548,0.028654893433220568,0.0035867066505825248,0.9972223121946747,-0.06865633749946283,capsules,0.05,0.5,0.1,0.5,0.5
504,1784929621.5355952,50.50623673480004,1,1784929621.535295,0.0003001689910888672,17,-0.1184939444065094,1,0.30130767822265625,1,0.030331440269947052,1,0.5515970587730408,1,1.0255669355392456,1,1.328508973121643,1,-0.15439154207706451,1,0.8156883120536804,1,-0.14152605831623077,1,-0.3002488911151886,1,-0.07816285640001297,1,-0.09415802359580994,1,0.09209457784891129,1,-0.0230555422604084,1,-0.1212882548570633,1,-0.0557577982544899,1,0.0937008187174797,1,0,,,,,,,,,,,,,,,,,,,,,,,,,,,,,,,,,,,,,,,,,,,,,,,,,,,,,,,,,,,,,,,,,,,,,,,,,,,,,,,,,,,,,,,,,,,,,,,,,,,,,,,,,,,,,,,,,,,,,1,1784929621.5334551,0.002140045166015625,world,base_footprint,0.4685140779975369,0.03130682961621016,1,0,1,1784929567.4354498,54.10014533996582,world,workspace,1,0,3,0.47418051624239393,-0.07498176989329002,0.0,0.0,0.0,0.18733963242682541,0.9822952011092093,1.5,1,3,1784929567.4354498,world,workspace,0.47418051624239393,-0.07498176989329002,0.0,0.0,0.18733963242682541,0.9822952011092093,1,1784929567.435601,54.09999418258667,workspace,1,321,,1,1784929621.5334551,0.002140045166015625,world,pelvis,0.4799678279088964,0.03240928998969102,0.7806582287086379,0.007327902407415501,0.000360293867970472,0.9988768012501669,-0.0468114084264792,capsules,0.05,0.5,0.1,0.5,0.5
505,1784929621.6356812,50.606322343461215,1,1784929621.6348286,0.0008525848388671875,17,-0.17806759476661682,1,0.4081903398036957,1,0.04933846741914749,1,0.588834285736084,1,1.2957879304885864,1,1.335534691810608,1,0.027005424723029137,1,0.8257140517234802,1,-0.09628602117300034,1,-0.29752999544143677,1,-0.19905374944210052,1,-0.10856318473815918,1,0.07316913455724716,1,-0.02705462835729122,1,-0.12852346897125244,1,-0.0751047432422638,1,0.09123692661523819,1,0,,,,,,,,,,,,,,,,,,,,,,,,,,,,,,,,,,,,,,,,,,,,,,,,,,,,,,,,,,,,,,,,,,,,,,,,,,,,,,,,,,,,,,,,,,,,,,,,,,,,,,,,,,,,,,,,,,,,,1,1784929621.6344607,0.0012204647064208984,world,base_footprint,0.48533238562487657,0.02267520337819389,1,0,1,1784929567.4354498,54.200231313705444,world,workspace,1,0,3,0.47418051624239393,-0.07498176989329002,0.0,0.0,0.0,0.18733963242682541,0.9822952011092093,1.5,1,3,1784929567.4354498,world,workspace,0.47418051624239393,-0.07498176989329002,0.0,0.0,0.18733963242682541,0.9822952011092093,1,1784929567.435601,54.200080156326294,workspace,1,321,,1,1784929621.6344607,0.0012204647064208984,world,pelvis,0.467360692653629,0.023244970420878877,0.7813235548826654,-0.011425391538282122,0.0009533538573359386,0.9986056517760787,-0.05152963987350004,capsules,0.05,0.5,0.1,0.5,0.5
506,1784929621.7355828,50.70622433908284,1,1784929621.735058,0.0005247592926025391,17,-0.18544131517410278,1,0.44476625323295593,1,0.053457215428352356,1,0.7122014760971069,1,1.5932871103286743,1,1.2777234315872192,1,0.1866184026002884,1,0.7369976043701172,1,-0.08546121418476105,1,-0.3139301538467407,1,-0.33633682131767273,1,-0.13701824843883514,1,0.05894045904278755,1,-0.030895788222551346,1,-0.16259948909282684,1,-0.09108524769544601,1,0.08790098875761032,1,0,,,,,,,,,,,,,,,,,,,,,,,,,,,,,,,,,,,,,,,,,,,,,,,,,,,,,,,,,,,,,,,,,,,,,,,,,,,,,,,,,,,,,,,,,,,,,,,,,,,,,,,,,,,,,,,,,,,,,1,1784929621.7344608,0.0011219978332519531,world,base_footprint,0.5057546521241514,0.015752791139820452,1,0,1,1784929567.4354498,54.30013298988342,world,workspace,1,0,3,0.47418051624239393,-0.07498176989329002,0.0,0.0,0.0,0.18733963242682541,0.9822952011092093,1.5,1,3,1784929567.4354498,world,workspace,0.47418051624239393,-0.07498176989329002,0.0,0.0,0.18733963242682541,0.9822952011092093,1,1784929567.435601,54.29998183250427,workspace,1,321,,1,1784929621.7344608,0.0011219978332519531,world,pelvis,0.45800569582573136,0.01543875180945919,0.7800273896636374,-0.030421360504580944,0.0015155305622202543,0.997949306324881,-0.05629765534952723,capsules,0.05,0.5,0.1,0.5,0.5
507,1784929621.8356712,50.806313153356314,1,1784929621.835025,0.0006461143493652344,17,-0.17500446736812592,1,0.41524961590766907,1,0.08375691622495651,1,0.8720157742500305,1,1.798790454864502,1,1.1119939088821411,1,0.270961731672287,1,0.5836384296417236,1,-0.11379751563072205,1,-0.30595505237579346,1,-0.4603675901889801,1,-0.15303294360637665,1,0.0605279766023159,1,-0.01952957548201084,1,-0.1900826096534729,1,-0.09077795594930649,1,0.08374278247356415,1,0,,,,,,,,,,,,,,,,,,,,,,,,,,,,,,,,,,,,,,,,,,,,,,,,,,,,,,,,,,,,,,,,,,,,,,,,,,,,,,,,,,,,,,,,,,,,,,,,,,,,,,,,,,,,,,,,,,,,,1,1784929621.8334618,0.0022094249725341797,world,base_footprint,0.5155639909410894,0.01665221309065422,1,0,1,1784929567.4354498,54.40022134780884,world,workspace,1,0,3,0.47418051624239393,-0.07498176989329002,0.0,0.0,0.0,0.18733963242682541,0.9822952011092093,1.5,1,3,1784929567.4354498,world,workspace,0.47418051624239393,-0.07498176989329002,0.0,0.0,0.18733963242682541,0.9822952011092093,1,1784929567.435601,54.40007019042969,workspace,1,321,,1,1784929621.8344595,0.0012116432189941406,world,pelvis,0.45594870442136926,0.02037459027668806,0.7801329700735387,-0.037839762988858994,0.004546117469480554,0.9976386687106713,-0.05713643186356829,capsules,0.05,0.5,0.1,0.5,0.5
508,1784929621.935584,50.90622705221176,1,1784929621.9344618,0.0011222362518310547,17,-0.17422358691692352,1,0.36297541856765747,1,0.1279018223285675,1,1.009915828704834,1,1.815742015838623,1,0.8712588548660278,1,0.15670771896839142,1,0.4338234066963196,1,-0.23891136050224304,1,-0.21758073568344116,1,-0.5326321721076965,1,-0.17766131460666656,1,0.05938662588596344,1,-0.014371226541697979,1,-0.20154589414596558,1,-0.09165346622467041,1,0.07474515587091446,1,0,,,,,,,,,,,,,,,,,,,,,,,,,,,,,,,,,,,,,,,,,,,,,,,,,,,,,,,,,,,,,,,,,,,,,,,,,,,,,,,,,,,,,,,,,,,,,,,,,,,,,,,,,,,,,,,,,,,,,1,1784929621.9344554,0.0011286735534667969,world,base_footprint,0.5287947991727955,0.019478151336963886,1,0,1,1784929567.4354498,54.500134229660034,world,workspace,1,0,3,0.47418051624239393,-0.07498176989329002,0.0,0.0,0.0,0.18733963242682541,0.9822952011092093,1.5,1,3,1784929567.4354498,world,workspace,0.47418051624239393,-0.07498176989329002,0.0,0.0,0.18733963242682541,0.9822952011092093,1,1784929567.435601,54.499983072280884,workspace,1,321,,1,1784929621.9344554,0.0011286735534667969,world,pelvis,0.4577150469544228,0.031707527198826864,0.7831918695919897,-0.04481718627441988,0.010516333232077539,0.997136513193727,-0.05999667162145109,capsules,0.05,0.5,0.1,0.5,0.5
509,1784929622.0355818,51.00622293353081,1,1784929622.0344167,0.001165151596069336,17,-0.15928791463375092,1,0.33308738470077515,1,0.1792861372232437,1,0.9687514901161194,1,1.663470983505249,1,0.6252886056900024,1,0.012001114897429943,1,0.304655522108078,1,-0.35585787892341614,1,-0.10810389369726181,1,-0.5877476930618286,1,-0.20099003612995148,1,0.07216419279575348,1,-0.01765592396259308,1,-0.2138744741678238,1,-0.08011496067047119,1,0.05939161032438278,1,0,,,,,,,,,,,,,,,,,,,,,,,,,,,,,,,,,,,,,,,,,,,,,,,,,,,,,,,,,,,,,,,,,,,,,,,,,,,,,,,,,,,,,,,,,,,,,,,,,,,,,,,,,,,,,,,,,,,,,1,1784929622.0344577,0.0011241436004638672,world,base_footprint,0.543791582181139,0.03259565132392856,1,0,1,1784929567.4354498,54.60013198852539,world,workspace,1,0,3,0.47418051624239393,-0.07498176989329002,0.0,0.0,0.0,0.18733963242682541,0.9822952011092093,1.5,1,3,1784929567.4354498,world,workspace,0.47418051624239393,-0.07498176989329002,0.0,0.0,0.18733963242682541,0.9822952011092093,1,1784929567.435601,54.59998083114624,workspace,1,321,,1,1784929622.0344577,0.0011241436004638672,world,pelvis,0.4610128252861249,0.038120235441346816,0.7839587165410787,-0.0525125929322439,0.006951865252486051,0.9964886311329223,-0.06484217127671317,capsules,0.05,0.5,0.1,0.5,0.5
510,1784929622.1355805,51.106221680529416,1,1784929622.1344764,0.001104116439819336,17,-0.09965617209672928,1,0.2982132136821747,1,0.22282055020332336,1,0.7742752432823181,1,1.4270349740982056,1,0.4452853500843048,1,0.09426729381084442,1,0.14987307786941528,1,-0.39047160744667053,1,0.01712285913527012,1,-0.6264038681983948,1,-0.21113801002502441,1,0.08024051040410995,1,-0.031897611916065216,1,-0.20771165192127228,1,-0.07075885683298111,1,0.04601890221238136,1,0,,,,,,,,,,,,,,,,,,,,,,,,,,,,,,,,,,,,,,,,,,,,,,,,,,,,,,,,,,,,,,,,,,,,,,,,,,,,,,,,,,,,,,,,,,,,,,,,,,,,,,,,,,,,,,,,,,,,,1,1784929622.1344554,0.0011250972747802734,world,base_footprint,0.5464083311696643,0.0426316513083676,1,0,1,1784929567.4354498,54.70013070106506,world,workspace,1,0,3,0.47418051624239393,-0.07498176989329002,0.0,0.0,0.0,0.18733963242682541,0.9822952011092093,1.5,1,3,1784929567.4354498,world,workspace,0.47418051624239393,-0.07498176989329002,0.0,0.0,0.18733963242682541,0.9822952011092093,1,1784929567.435601,54.69997954368591,workspace,1,321,,1,1784929622.1344554,0.0011250972747802734,world,pelvis,0.4651334735461722,0.04162153560497894,0.7844734576133587,-0.05180790009038955,0.0029885782223632246,0.9962034276711229,-0.06989807282564227,capsules,0.05,0.5,0.1,0.5,0.5
511,1784929622.2355921,51.20623588562012,1,1784929622.2347333,0.0008587837219238281,17,-0.02368292026221752,1,0.2773980498313904,1,0.22241392731666565,1,0.6339953541755676,1,1.2131742238998413,1,0.2919042110443115,1,0.2840462327003479,1,-0.05825016647577286,1,-0.39574700593948364,1,0.08819016814231873,1,-0.6588190197944641,1,-0.21407592296600342,1,0.07727042585611343,1,-0.032620709389448166,1,-0.20072798430919647,1,-0.07690322399139404,1,0.02510291337966919,1,0,,,,,,,,,,,,,,,,,,,,,,,,,,,,,,,,,,,,,,,,,,,,,,,,,,,,,,,,,,,,,,,,,,,,,,,,,,,,,,,,,,,,,,,,,,,,,,,,,,,,,,,,,,,,,,,,,,,,,1,1784929622.2344582,0.0011339187622070312,world,base_footprint,0.5460745960968347,0.04488221497442506,1,0,1,1784929567.4354498,54.80014228820801,world,workspace,1,0,3,0.47418051624239393,-0.07498176989329002,0.0,0.0,0.0,0.18733963242682541,0.9822952011092093,1.5,1,3,1784929567.4354498,world,workspace,0.47418051624239393,-0.07498176989329002,0.0,0.0,0.18733963242682541,0.9822952011092093,1,1784929567.435601,54.79999113082886,workspace,1,321,,1,1784929622.2344582,0.0011339187622070312,world,pelvis,0.4691086350629022,0.0345451618107302,0.7832597625268154,-0.04950897265851442,-0.0025454006928175,0.9954029710980319,-0.08194698097442182,capsules,0.05,0.5,0.1,0.5,0.5
512,1784929622.3357124,51.30635651946068,1,1784929622.3346887,0.0010237693786621094,17,0.07470191270112991,1,0.2149019092321396,1,0.2585916817188263,1,0.6477692723274231,1,1.040784478187561,1,0.11235525459051132,1,0.3977092206478119,1,-0.2949611246585846,1,-0.49647700786590576,1,0.07384958118200302,1,-0.6794841885566711,1,-0.19507017731666565,1,0.0721714198589325,1,-0.03640798106789589,1,-0.1899874359369278,1,-0.0787319466471672,1,0.04307978227734566,1,0,,,,,,,,,,,,,,,,,,,,,,,,,,,,,,,,,,,,,,,,,,,,,,,,,,,,,,,,,,,,,,,,,,,,,,,,,,,,,,,,,,,,,,,,,,,,,,,,,,,,,,,,,,,,,,,,,,,,,1,1784929622.3344603,0.0012521743774414062,world,base_footprint,0.533134584534992,0.03812615754073865,1,0,1,1784929567.4354498,54.90026259422302,world,workspace,1,0,3,0.47418051624239393,-0.07498176989329002,0.0,0.0,0.0,0.18733963242682541,0.9822952011092093,1.5,1,3,1784929567.4354498,world,workspace,0.47418051624239393,-0.07498176989329002,0.0,0.0,0.18733963242682541,0.9822952011092093,1,1784929567.435601,54.90011143684387,workspace,1,321,,1,1784929622.3344605,0.0012519359588623047,world,pelvis,0.4786522198169583,0.028290226240419776,0.7820006617898257,-0.03514330881756178,-0.0035389730150467073,0.9963181527868801,-0.07811889619478299,capsules,0.05,0.5,0.1,0.5,0.5
513,1784929622.435869,51.40651789866388,1,1784929622.4347227,0.0011463165283203125,17,0.1576223522424698,1,0.11843976378440857,1,0.2643737196922302,1,0.7753708362579346,1,0.8399190306663513,1,-0.060479965060949326,1,0.39555588364601135,1,-0.4832936227321625,1,-0.6930258274078369,1,0.021215353161096573,1,-0.6696447730064392,1,-0.19190174341201782,1,0.07395711541175842,1,-0.024701518937945366,1,-0.18228048086166382,1,-0.07480427622795105,1,0.058280833065509796,1,0,,,,,,,,,,,,,,,,,,,,,,,,,,,,,,,,,,,,,,,,,,,,,,,,,,,,,,,,,,,,,,,,,,,,,,,,,,,,,,,,,,,,,,,,,,,,,,,,,,,,,,,,,,,,,,,,,,,,,1,1784929622.4344566,0.0014123916625976562,world,base_footprint,0.530431933986679,0.03529484400670759,1,0,1,1784929567.4354498,55.00041913986206,world,workspace,1,0,3,0.47418051624239393,-0.07498176989329002,0.0,0.0,0.0,0.18733963242682541,0.9822952011092093,1.5,1,3,1784929567.4354498,world,workspace,0.47418051624239393,-0.07498176989329002,0.0,0.0,0.18733963242682541,0.9822952011092093,1,1784929567.435601,55.00026798248291,workspace,1,321,,1,1784929622.4344566,0.0014123916625976562,world,pelvis,0.4860429297300972,0.022609967492190745,0.7824706759645037,-0.028820310974329744,-0.006046318903359898,0.9970086026864924,-0.07146102344768002,capsules,0.05,0.5,0.1,0.5,0.5
514,1784929622.535648,51.506290503777564,1,1784929622.534875,0.0007731914520263672,17,0.22445321083068848,1,-0.018038330599665642,1,0.25932201743125916,1,0.9793252348899841,1,0.7064193487167358,1,-0.19577346742153168,1,0.31421175599098206,1,-0.6635133028030396,1,-0.8969228863716125,1,0.00957884918898344,1,-0.5892837047576904,1,-0.17568708956241608,1,0.08929242193698883,1,-0.019008295610547066,1,-0.15635201334953308,1,-0.06073737144470215,1,0.06357524544000626,1,0,,,,,,,,,,,,,,,,,,,,,,,,,,,,,,,,,,,,,,,,,,,,,,,,,,,,,,,,,,,,,,,,,,,,,,,,,,,,,,,,,,,,,,,,,,,,,,,,,,,,,,,,,,,,,,,,,,,,,1,1784929622.534454,0.001194000244140625,world,base_footprint,0.5113978005667178,0.04014143231093538,1,0,1,1784929567.4354498,55.10019826889038,world,workspace,1,0,3,0.47418051624239393,-0.07498176989329002,0.0,0.0,0.0,0.18733963242682541,0.9822952011092093,1.5,1,3,1784929567.4354498,world,workspace,0.47418051624239393,-0.07498176989329002,0.0,0.0,0.18733963242682541,0.9822952011092093,1,1784929567.435601,55.10004711151123,workspace,1,321,,1,1784929622.534454,0.001194000244140625,world,pelvis,0.488117704778388,0.026357538746048077,0.7814132527619269,-0.015391444655910804,-0.007794185966508969,0.9976854697561193,-0.06577277198077712,capsules,0.05,0.5,0.1,0.5,0.5
515,1784929622.6355917,51.606234609149396,1,1784929622.6349225,0.0006692409515380859,17,0.2707325518131256,1,-0.14048264920711517,1,0.17911426723003387,1,1.1644246578216553,1,0.6202026009559631,1,-0.2899320721626282,1,0.2255617380142212,1,-0.8669680953025818,1,-1.0955479145050049,1,0.06363920867443085,1,-0.42395320534706116,1,-0.16453786194324493,1,0.09422022849321365,1,-0.03080080822110176,1,-0.1398513913154602,1,-0.05470160394906998,1,0.05376046523451805,1,0,,,,,,,,,,,,,,,,,,,,,,,,,,,,,,,,,,,,,,,,,,,,,,,,,,,,,,,,,,,,,,,,,,,,,,,,,,,,,,,,,,,,,,,,,,,,,,,,,,,,,,,,,,,,,,,,,,,,,1,1784929622.6334584,0.0021333694458007812,world,base_footprint,0.5029847607753627,0.044861574886306384,1,0,1,1784929567.4354498,55.20014190673828,world,workspace,1,0,3,0.47418051624239393,-0.07498176989329002,0.0,0.0,0.0,0.18733963242682541,0.9822952011092093,1.5,1,3,1784929567.4354498,world,workspace,0.47418051624239393,-0.07498176989329002,0.0,0.0,0.18733963242682541,0.9822952011092093,1,1784929567.435601,55.19999074935913,workspace,1,321,,1,1784929622.6334586,0.0021331310272216797,world,pelvis,0.48131295225217907,0.02814998688820939,0.7816408041042252,-0.014540555452223351,-0.009650256206414137,0.9973321274258488,-0.07088069135189075,capsules,0.05,0.5,0.1,0.5,0.5
516,1784929622.7356021,51.70624977629632,1,1784929622.7349546,0.0006475448608398438,17,0.29565417766571045,1,-0.2387397587299347,1,0.1111166775226593,1,1.2886028289794922,1,0.5742934346199036,1,-0.3301701843738556,1,0.1531907469034195,1,-1.099531650543213,1,-1.1412756443023682,1,0.07873949408531189,1,-0.2316821813583374,1,-0.13907426595687866,1,0.10264109075069427,1,-0.038692206144332886,1,-0.11463145166635513,1,-0.046898502856492996,1,0.04208347201347351,1,0,,,,,,,,,,,,,,,,,,,,,,,,,,,,,,,,,,,,,,,,,,,,,,,,,,,,,,,,,,,,,,,,,,,,,,,,,,,,,,,,,,,,,,,,,,,,,,,,,,,,,,,,,,,,,,,,,,,,,1,1784929622.7334583,0.00214385986328125,world,base_footprint,0.4861903168973769,0.049187262917171626,1,0,1,1784929567.4354498,55.30015230178833,world,workspace,1,0,3,0.47418051624239393,-0.07498176989329002,0.0,0.0,0.0,0.18733963242682541,0.9822952011092093,1.5,1,3,1784929567.4354498,world,workspace,0.47418051624239393,-0.07498176989329002,0.0,0.0,0.18733963242682541,0.9822952011092093,1,1784929567.435601,55.30000114440918,workspace,1,321,,1,1784929622.7344575,0.0011446475982666016,world,pelvis,0.47444485089436705,0.03147993673390642,0.7817844133062335,-0.008316857539969568,-0.010696283300590883,0.997080539802702,-0.07514530292018215,capsules,0.05,0.5,0.1,0.5,0.5
517,1784929622.7787874,51.74943318963051,1,1784929622.7778578,0.0009295940399169922,17,0.29703983664512634,1,-0.2740481495857239,1,0.07783008366823196,1,1.3145511150360107,1,0.5589255094528198,1,-0.33327972888946533,1,0.1316482424736023,1,-1.1969351768493652,1,-1.09074866771698,1,0.044625815004110336,1,-0.14854691922664642,1,-0.13449591398239136,1,0.10753851383924484,1,-0.03766583651304245,1,-0.11591982841491699,1,-0.04204846918582916,1,0.04104316979646683,1,0,,,,,,,,,,,,,,,,,,,,,,,,,,,,,,,,,,,,,,,,,,,,,,,,,,,,,,,,,,,,,,,,,,,,,,,,,,,,,,,,,,,,,,,,,,,,,,,,,,,,,,,,,,,,,,,,,,,,,1,1784929622.776461,0.002326488494873047,world,base_footprint,0.48409813285533315,0.05138142426914165,1,0,1,1784929567.4354498,55.343337535858154,world,workspace,1,0,3,0.47418051624239393,-0.07498176989329002,0.0,0.0,0.0,0.18733963242682541,0.9822952011092093,1.5,1,3,1784929567.4354498,world,workspace,0.47418051624239393,-0.07498176989329002,0.0,0.0,0.18733963242682541,0.9822952011092093,1,1784929567.435601,55.343186378479004,workspace,1,321,,1,1784929622.776461,0.002326488494873047,world,pelvis,0.4731448926401108,0.033626634263532566,0.7817101419941647,-0.007808656705661046,-0.010769264047108042,0.9971305224410701,-0.07452361403431307,capsules,0.05,0.5,0.1,0.5,0.5
